==============================================================
Vitis HLS - High-Level Synthesis from C, C++ and OpenCL v2023.2 (64-bit)
Tool Version Limit: 2023.10
Copyright 1986-2022 Xilinx, Inc. All Rights Reserved.
Copyright 2022-2023 Advanced Micro Devices, Inc. All Rights Reserved.

==============================================================
INFO: [HLS 200-1505] Using flow_target 'vitis'
INFO: [HLS 200-435] Setting 'open_solution -flow_target vitis' configuration: config_interface -m_axi_latency=64
INFO: [HLS 200-435] Setting 'open_solution -flow_target vitis' configuration: config_interface -m_axi_alignment_byte_size=64
INFO: [HLS 200-435] Setting 'open_solution -flow_target vitis' configuration: config_interface -m_axi_max_widen_bitwidth=512
INFO: [HLS 200-435] Setting 'open_solution -flow_target vitis' configuration: config_rtl -register_reset_num=3
INFO: [HLS 200-1510] Running: set_part xcvc1902-vsva2197-2MP-e-S 
INFO: [HLS 200-1611] Setting target device to 'xcvc1902-vsva2197-2MP-e-S'
INFO: [HLS 200-1510] Running: create_clock -period 300MHz -name default 
INFO: [SYN 201-201] Setting up clock 'default' with a period of 3.333ns.
INFO: [HLS 200-1510] Running: config_compile -pipeline_loops 0 
INFO: [HLS 200-1510] Running: config_interface -m_axi_conservative_mode=0 
INFO: [HLS 200-1510] Running: config_compile -enable_auto_rewind 
INFO: [HLS 200-1510] Running: config_rtl -add_register_in_block_condition=false 
INFO: [HLS 200-1510] Running: config_storage fifo -impl auto -auto_srl_max_bits 0 -auto_srl_max_depth 0 
INFO: [HLS 200-1510] Running: config_compile -unsafe_math_optimizations 
INFO: [XFORM 203-1172] Optimizing floating point zeros and discarding its signedness.
INFO: [XFORM 203-1176] Optimizing floating point comparison without checking NaN.
INFO: [XFORM 203-1173] Reordering floating point operations aggressively.
INFO: [HLS 200-1510] Running: config_array_partition -throughput_driven off 
INFO: [HLS 200-1510] Running: config_array_partition -complete_threshold 1 
INFO: [XFORM 203-102] Size-based automatic array partition enabled: cut-off elements per dimension is 1.
INFO: [HLS 200-1510] Running: csim_design 
INFO: [SIM 211-2] *************** CSIM start ***************
INFO: [SIM 211-4] CSIM will launch GCC as the compiler.
INFO: [HLS 200-2036] Building debug C Simulation binaries
INFO: [SIM 211-1] CSim done with 0 errors.
INFO: [SIM 211-3] *************** CSIM finish ***************
INFO: [HLS 200-111] Finished Command csim_design CPU user time: 3.08 seconds. CPU system time: 0.45 seconds. Elapsed time: 3.53 seconds; current allocated memory: 0.559 MB.
INFO: [HLS 200-1510] Running: csynth_design 
INFO: [HLS 200-111] Finished File checks and directory preparation: CPU user time: 0.07 seconds. CPU system time: 0.01 seconds. Elapsed time: 0.08 seconds; current allocated memory: 242.324 MB.
INFO: [HLS 200-10] Analyzing design file 'source/gemm.cpp' ... 
WARNING: [HLS 214-114] Since the only kind of statements allowed in a canonical dataflow region are variable declarations and function calls, the compiler may not be able to correctly handle the region (source/load_tiles.hpp:31:9)
WARNING: [HLS 214-114] Since the only kind of statements allowed in a canonical dataflow region are variable declarations and function calls, the compiler may not be able to correctly handle the region (source/load_tiles.hpp:40:9)
WARNING: [HLS 214-114] Since the only kind of statements allowed in a canonical dataflow region are variable declarations and function calls, the compiler may not be able to correctly handle the region (source/load_tiles.hpp:53:9)
WARNING: [HLS 214-114] Since the only kind of statements allowed in a canonical dataflow region are variable declarations and function calls, the compiler may not be able to correctly handle the region (source/usefulFunctions.hpp:54:9)
WARNING: [HLS 214-114] Since the only kind of statements allowed in a canonical dataflow region are variable declarations and function calls, the compiler may not be able to correctly handle the region (source/loader.hpp:49:9)
WARNING: [HLS 214-114] Since the only kind of statements allowed in a canonical dataflow region are variable declarations and function calls, the compiler may not be able to correctly handle the region (source/loader.hpp:58:9)
WARNING: [HLS 214-113] Either use an argument of the function or declare the variable inside the dataflow loop body (source/gemm.cpp:58:28)
WARNING: [HLS 214-113] Either use an argument of the function or declare the variable inside the dataflow loop body (source/gemm.cpp:59:18)
WARNING: [HLS 214-113] Either use an argument of the function or declare the variable inside the dataflow loop body (source/gemm.cpp:60:22)
WARNING: [HLS 214-113] Either use an argument of the function or declare the variable inside the dataflow loop body (source/gemm.cpp:60:29)
WARNING: [HLS 214-113] Either use an argument of the function or declare the variable inside the dataflow loop body (source/gemm.cpp:61:18)
WARNING: [HLS 214-113] Either use an argument of the function or declare the variable inside the dataflow loop body (source/gemm.cpp:64:29)
WARNING: [HLS 200-471] Dataflow form checks found 12 issue(s) in file source/gemm.cpp
INFO: [HLS 200-111] Finished Source Code Analysis and Preprocessing: CPU user time: 3.71 seconds. CPU system time: 0.58 seconds. Elapsed time: 4.3 seconds; current allocated memory: 246.621 MB.
INFO: [HLS 200-777] Using interface defaults for 'Vitis' flow target.
INFO: [HLS 200-1995] There were 1,214 instructions in the design after the 'Compile/Link' phase of compilation. See the Design Size Report for more details: /home/jonivar/Documents/Uni/DIPLOMA_THESIS/HLSProjects/outputStationary/hls_project/gemm2/syn/report/csynth_design_size.rpt
INFO: [HLS 200-1995] There were 5,278 instructions in the design after the 'Unroll/Inline (step 1)' phase of compilation. See the Design Size Report for more details: /home/jonivar/Documents/Uni/DIPLOMA_THESIS/HLSProjects/outputStationary/hls_project/gemm2/syn/report/csynth_design_size.rpt
INFO: [HLS 200-1995] There were 3,182 instructions in the design after the 'Unroll/Inline (step 2)' phase of compilation. See the Design Size Report for more details: /home/jonivar/Documents/Uni/DIPLOMA_THESIS/HLSProjects/outputStationary/hls_project/gemm2/syn/report/csynth_design_size.rpt
INFO: [HLS 200-1995] There were 2,768 instructions in the design after the 'Unroll/Inline (step 3)' phase of compilation. See the Design Size Report for more details: /home/jonivar/Documents/Uni/DIPLOMA_THESIS/HLSProjects/outputStationary/hls_project/gemm2/syn/report/csynth_design_size.rpt
INFO: [HLS 200-1995] There were 2,477 instructions in the design after the 'Unroll/Inline (step 4)' phase of compilation. See the Design Size Report for more details: /home/jonivar/Documents/Uni/DIPLOMA_THESIS/HLSProjects/outputStationary/hls_project/gemm2/syn/report/csynth_design_size.rpt
INFO: [HLS 200-1995] There were 25,453 instructions in the design after the 'Array/Struct (step 1)' phase of compilation. See the Design Size Report for more details: /home/jonivar/Documents/Uni/DIPLOMA_THESIS/HLSProjects/outputStationary/hls_project/gemm2/syn/report/csynth_design_size.rpt
INFO: [HLS 200-1995] There were 13,381 instructions in the design after the 'Array/Struct (step 2)' phase of compilation. See the Design Size Report for more details: /home/jonivar/Documents/Uni/DIPLOMA_THESIS/HLSProjects/outputStationary/hls_project/gemm2/syn/report/csynth_design_size.rpt
INFO: [HLS 200-1995] There were 11,319 instructions in the design after the 'Array/Struct (step 3)' phase of compilation. See the Design Size Report for more details: /home/jonivar/Documents/Uni/DIPLOMA_THESIS/HLSProjects/outputStationary/hls_project/gemm2/syn/report/csynth_design_size.rpt
INFO: [HLS 200-1995] There were 11,511 instructions in the design after the 'Array/Struct (step 4)' phase of compilation. See the Design Size Report for more details: /home/jonivar/Documents/Uni/DIPLOMA_THESIS/HLSProjects/outputStationary/hls_project/gemm2/syn/report/csynth_design_size.rpt
INFO: [HLS 200-1995] There were 12,061 instructions in the design after the 'Array/Struct (step 5)' phase of compilation. See the Design Size Report for more details: /home/jonivar/Documents/Uni/DIPLOMA_THESIS/HLSProjects/outputStationary/hls_project/gemm2/syn/report/csynth_design_size.rpt
INFO: [HLS 200-1995] There were 11,595 instructions in the design after the 'Performance (step 1)' phase of compilation. See the Design Size Report for more details: /home/jonivar/Documents/Uni/DIPLOMA_THESIS/HLSProjects/outputStationary/hls_project/gemm2/syn/report/csynth_design_size.rpt
INFO: [HLS 200-1995] There were 11,533 instructions in the design after the 'Performance (step 2)' phase of compilation. See the Design Size Report for more details: /home/jonivar/Documents/Uni/DIPLOMA_THESIS/HLSProjects/outputStationary/hls_project/gemm2/syn/report/csynth_design_size.rpt
INFO: [HLS 200-1995] There were 11,533 instructions in the design after the 'Performance (step 3)' phase of compilation. See the Design Size Report for more details: /home/jonivar/Documents/Uni/DIPLOMA_THESIS/HLSProjects/outputStationary/hls_project/gemm2/syn/report/csynth_design_size.rpt
INFO: [HLS 200-1995] There were 14,758 instructions in the design after the 'HW Transforms (step 1)' phase of compilation. See the Design Size Report for more details: /home/jonivar/Documents/Uni/DIPLOMA_THESIS/HLSProjects/outputStationary/hls_project/gemm2/syn/report/csynth_design_size.rpt
INFO: [HLS 200-1995] There were 11,516 instructions in the design after the 'HW Transforms (step 2)' phase of compilation. See the Design Size Report for more details: /home/jonivar/Documents/Uni/DIPLOMA_THESIS/HLSProjects/outputStationary/hls_project/gemm2/syn/report/csynth_design_size.rpt
INFO: [HLS 214-291] Loop 'VITIS_LOOP_42_1' is marked as complete unroll implied by the pipeline pragma (source/dram.hpp:42:23)
INFO: [HLS 214-291] Loop 'VITIS_LOOP_44_1' is marked as complete unroll implied by the pipeline pragma (source/load_tiles.hpp:44:19)
INFO: [HLS 214-291] Loop 'mat_mul_j' is marked as complete unroll implied by the pipeline pragma (source/usefulFunctions.hpp:14:3)
INFO: [HLS 214-291] Loop 'VITIS_LOOP_28_3' is marked as complete unroll implied by the pipeline pragma (source/loader.hpp:28:19)
INFO: [HLS 214-291] Loop 'VITIS_LOOP_14_3' is marked as complete unroll implied by the pipeline pragma (source/loader.hpp:14:30)
INFO: [HLS 214-291] Loop 'VITIS_LOOP_10_2' is marked as complete unroll implied by the pipeline pragma (source/load_tiles.hpp:10:21)
INFO: [HLS 214-291] Loop 'VITIS_LOOP_61_3' is marked as complete unroll implied by the pipeline pragma (source/dram.hpp:61:22)
INFO: [HLS 214-186] Unrolling loop 'VITIS_LOOP_42_1' (source/dram.hpp:42:23) in function 'storeOutputToDRAM' completely with a factor of 16 (source/dram.hpp:30:0)
INFO: [HLS 214-186] Unrolling loop 'VITIS_LOOP_54_1' (source/load_tiles.hpp:54:19) in function 'storeTilesToDRAM' completely with a factor of 2 (source/load_tiles.hpp:51:0)
INFO: [HLS 214-186] Unrolling loop 'VITIS_LOOP_44_1' (source/load_tiles.hpp:44:19) in function 'storeTileToDRAM' completely with a factor of 32 (source/load_tiles.hpp:38:0)
INFO: [HLS 214-186] Unrolling loop 'VITIS_LOOP_59_1' (source/loader.hpp:59:19) in function 'loader_C_tiles' completely with a factor of 2 (source/loader.hpp:56:0)
INFO: [HLS 214-186] Unrolling loop 'VITIS_LOOP_55_1' (source/usefulFunctions.hpp:55:19) in function 'matMulTiles' completely with a factor of 2 (source/usefulFunctions.hpp:52:0)
INFO: [HLS 214-186] Unrolling loop 'VITIS_LOOP_23_1' (source/usefulFunctions.hpp:23:19) in function 'psumToStream' completely with a factor of 32 (source/usefulFunctions.hpp:21:0)
INFO: [HLS 214-186] Unrolling loop 'mat_mul_j' (source/usefulFunctions.hpp:14:3) in function 'calculatepsum' completely with a factor of 32 (source/usefulFunctions.hpp:8:0)
INFO: [HLS 214-186] Unrolling loop 'VITIS_LOOP_50_1' (source/loader.hpp:50:19) in function 'loader_B_tiles' completely with a factor of 2 (source/loader.hpp:47:0)
INFO: [HLS 214-186] Unrolling loop 'VITIS_LOOP_28_3' (source/loader.hpp:28:19) in function 'loader_B_tile' completely with a factor of 32 (source/loader.hpp:22:0)
INFO: [HLS 214-186] Unrolling loop 'VITIS_LOOP_32_1' (source/load_tiles.hpp:32:19) in function 'loadTilesBFromDRAM' completely with a factor of 2 (source/load_tiles.hpp:29:0)
INFO: [HLS 214-186] Unrolling loop 'VITIS_LOOP_22_1' (source/load_tiles.hpp:22:20) in function 'loadTileBFromDRAM' completely with a factor of 32 (source/load_tiles.hpp:18:0)
INFO: [HLS 214-186] Unrolling loop 'VITIS_LOOP_14_3' (source/loader.hpp:14:30) in function 'loader_A_tiles' completely with a factor of 2 (source/loader.hpp:7:0)
INFO: [HLS 214-186] Unrolling loop 'VITIS_LOOP_10_2' (source/load_tiles.hpp:10:21) in function 'loadTileAFromDRAM' completely with a factor of 16 (source/load_tiles.hpp:3:0)
INFO: [HLS 214-186] Unrolling loop 'VITIS_LOOP_61_3' (source/dram.hpp:61:22) in function 'loadBFromDRAM' completely with a factor of 16 (source/dram.hpp:53:0)
INFO: [HLS 214-178] Inlining function 'std::__array_traits<ap_fixed<32, 8, (ap_q_mode)5, (ap_o_mode)3, 0>, 16ul>::_S_ref(ap_fixed<32, 8, (ap_q_mode)5, (ap_o_mode)3, 0> const (&) [16], unsigned long)' into 'std::array<ap_fixed<32, 8, (ap_q_mode)5, (ap_o_mode)3, 0>, 16ul>::operator[](unsigned long) const' (/home/jonivar/Documents/Xilinx/Vitis_HLS/2023.2/tps/lnx64/gcc-8.3.0/lib/gcc/x86_64-pc-linux-gnu/8.3.0/../../../../include/c++/8.3.0/array:190:0)
INFO: [HLS 214-178] Inlining function 'std::array<ap_fixed<32, 8, (ap_q_mode)5, (ap_o_mode)3, 0>, 16ul>::operator[](unsigned long) const' into 'loadBFromDRAM(hls::vector<ap_fixed<32, 8, (ap_q_mode)5, (ap_o_mode)3, 0>, 16ul> const (*) [64], ap_fixed<32, 8, (ap_q_mode)5, (ap_o_mode)3, 0> (*) [16][32])' (source/dram.hpp:53:0)
INFO: [HLS 214-178] Inlining function 'std::array<ap_fixed<32, 8, (ap_q_mode)5, (ap_o_mode)3, 0>, 16ul>::operator[](unsigned long) const' into 'loadTileAFromDRAM(hls::vector<ap_fixed<32, 8, (ap_q_mode)5, (ap_o_mode)3, 0>, 16ul> const (*) [1], ap_fixed<32, 8, (ap_q_mode)5, (ap_o_mode)3, 0> (*) [16], int)' (source/load_tiles.hpp:3:0)
INFO: [HLS 214-178] Inlining function 'std::__array_traits<ap_fixed<32, 8, (ap_q_mode)5, (ap_o_mode)3, 0>, 16ul>::_S_ref(ap_fixed<32, 8, (ap_q_mode)5, (ap_o_mode)3, 0> const (&) [16], unsigned long)' into 'std::array<ap_fixed<32, 8, (ap_q_mode)5, (ap_o_mode)3, 0>, 16ul>::operator[](unsigned long)' (/home/jonivar/Documents/Xilinx/Vitis_HLS/2023.2/tps/lnx64/gcc-8.3.0/lib/gcc/x86_64-pc-linux-gnu/8.3.0/../../../../include/c++/8.3.0/array:186:0)
INFO: [HLS 214-178] Inlining function 'std::array<ap_fixed<32, 8, (ap_q_mode)5, (ap_o_mode)3, 0>, 16ul>::operator[](unsigned long)' into 'storeOutputToDRAM(ap_fixed<32, 8, (ap_q_mode)5, (ap_o_mode)3, 0> const (*) [2][16][32], hls::vector<ap_fixed<32, 8, (ap_q_mode)5, (ap_o_mode)3, 0>, 16ul> (*) [4])' (source/dram.hpp:30:0)
INFO: [HLS 214-248] Applying array_partition to 'psum': Complete partitioning on dimension 1. (source/usefulFunctions.hpp:35:7)
INFO: [HLS 214-248] Applying array_partition to 'B_BUF': Complete partitioning on dimension 1. Complete partitioning on dimension 2. (source/gemm.cpp:16:7)
INFO: [HLS 214-248] Applying array_partition to 'C_BUF': Complete partitioning on dimension 1. Complete partitioning on dimension 2. Complete partitioning on dimension 4. (source/gemm.cpp:20:7)
INFO: [HLS 214-248] Applying array_partition to 'A_TILE': Cyclic partitioning with factor 2 on dimension 2. (source/gemm.cpp:25:7)
INFO: [HLS 214-248] Applying array_partition to 'B_TILES': Complete partitioning on dimension 1. Complete partitioning on dimension 2. Complete partitioning on dimension 3. (source/gemm.cpp:29:7)
INFO: [HLS 214-248] Applying array_partition to 'A_streams': Complete partitioning on dimension 1. (source/gemm.cpp:42:20)
INFO: [HLS 214-248] Applying array_partition to 'B_streams': Complete partitioning on dimension 1. Complete partitioning on dimension 2. (source/gemm.cpp:45:20)
INFO: [HLS 214-248] Applying array_partition to 'C_streams': Complete partitioning on dimension 1. Complete partitioning on dimension 2. (source/gemm.cpp:49:20)
INFO: [HLS 214-248] Applying array_partition to 'C_TILES': Complete partitioning on dimension 1. Complete partitioning on dimension 3. (source/gemm.cpp:53:7)
WARNING: [HLS 214-322] Unsuported scalar variable on pragma 'Resource/Bind_Storage', ignore it. (source/gemm.cpp:33:9)
WARNING: [HLS 214-322] Unsuported scalar variable on pragma 'Stream', ignore it. (source/gemm.cpp:34:9)
WARNING: [HLS 214-322] Unsuported scalar variable on pragma 'Stream', ignore it. (source/usefulFunctions.hpp:36:9)
INFO: [HLS 214-241] Aggregating maxi variable 'C_DRAM' with compact=none mode in 512-bits
INFO: [HLS 214-241] Aggregating maxi variable 'B_DRAM' with compact=none mode in 512-bits
INFO: [HLS 214-241] Aggregating maxi variable 'A_DRAM' with compact=none mode in 512-bits (source/gemm.cpp:9:0)
WARNING: [HLS 214-397] Localizing array 'A_TILE_0' into loop 'loop_for_tile_a' (source/gemm.cpp:40:2) by ignoring loop-carried dependences. (source/gemm.cpp:9:0)
WARNING: [HLS 214-397] Localizing array 'A_TILE_1' into loop 'loop_for_tile_a' (source/gemm.cpp:40:2) by ignoring loop-carried dependences. (source/gemm.cpp:9:0)
WARNING: [HLS 214-414] Cannot apply interface mode 'ap_none' on function argument 'C_DRAM' since this interface mode only supports scalar types (source/gemm.cpp:9:0)
INFO: [HLS 214-115] Multiple burst reads of length 64 and bit width 512 in loop 'VITIS_LOOP_57_1'(source/dram.hpp:57:20) has been inferred on bundle 'gmem1'. These burst requests might be further partitioned into multiple requests during RTL generation, based on max_read_burst_length or max_write_burst_length settings. (source/dram.hpp:57:20)
INFO: [HLS 214-115] Multiple burst reads of length 16 and bit width 512 in loop 'load_tile_A'(source/load_tiles.hpp:6:2) has been inferred on bundle 'gmem0'. These burst requests might be further partitioned into multiple requests during RTL generation, based on max_read_burst_length or max_write_burst_length settings. (source/load_tiles.hpp:6:2)
INFO: [HLS 214-115] Multiple burst writes of length 128 and bit width 512 in loop 'store_C_ti'(source/dram.hpp:33:2) has been inferred on bundle 'gmem'. These burst requests might be further partitioned into multiple requests during RTL generation, based on max_read_burst_length or max_write_burst_length settings. (source/dram.hpp:33:2)
INFO: [HLS 200-111] Finished Compiling Optimization and Transform: CPU user time: 13.96 seconds. CPU system time: 0.72 seconds. Elapsed time: 16.96 seconds; current allocated memory: 264.238 MB.
INFO: [HLS 200-111] Finished Checking Pragmas: CPU user time: 0 seconds. CPU system time: 0 seconds. Elapsed time: 0 seconds; current allocated memory: 264.238 MB.
INFO: [HLS 200-10] Starting code transformations ...
INFO: [HLS 200-111] Finished Standard Transforms: CPU user time: 2.61 seconds. CPU system time: 0.01 seconds. Elapsed time: 2.61 seconds; current allocated memory: 277.918 MB.
INFO: [HLS 200-10] Checking synthesizability ...
INFO: [HLS 200-111] Finished Checking Synthesizability: CPU user time: 3.04 seconds. CPU system time: 0.01 seconds. Elapsed time: 3.06 seconds; current allocated memory: 307.680 MB.
INFO: [XFORM 203-721] Changing loop 'Loop_store_C_tile_proc' (source/load_tiles.hpp:42) to a process function for dataflow in function 'storeTileToDRAM'.
INFO: [XFORM 203-721] Changing loop 'Loop_store_C_tile_proc' (source/load_tiles.hpp:42) to a process function for dataflow in function 'storeTileToDRAM.7'.
INFO: [HLS 200-988] Store statement on variable  'psum.16' (source/usefulFunctions.hpp:35) in a dataflow region ( 'dataflow_in_loop_mat_mul_i.174' (source/usefulFunctions.hpp:35:3)) will infer a separate dataflow process. Consider placing this store inside a function.
INFO: [HLS 200-988] Store statement on variable  'psum.1' (source/usefulFunctions.hpp:35) in a dataflow region ( 'dataflow_in_loop_mat_mul_i.174' (source/usefulFunctions.hpp:35:3)) will infer a separate dataflow process. Consider placing this store inside a function.
INFO: [HLS 200-988] Store statement on variable  'psum.2' (source/usefulFunctions.hpp:35) in a dataflow region ( 'dataflow_in_loop_mat_mul_i.174' (source/usefulFunctions.hpp:35:3)) will infer a separate dataflow process. Consider placing this store inside a function.
INFO: [HLS 200-988] Store statement on variable  'psum.3' (source/usefulFunctions.hpp:35) in a dataflow region ( 'dataflow_in_loop_mat_mul_i.174' (source/usefulFunctions.hpp:35:3)) will infer a separate dataflow process. Consider placing this store inside a function.
INFO: [HLS 200-988] Store statement on variable  'psum.4' (source/usefulFunctions.hpp:35) in a dataflow region ( 'dataflow_in_loop_mat_mul_i.174' (source/usefulFunctions.hpp:35:3)) will infer a separate dataflow process. Consider placing this store inside a function.
INFO: [HLS 200-988] Store statement on variable  'psum.5' (source/usefulFunctions.hpp:35) in a dataflow region ( 'dataflow_in_loop_mat_mul_i.174' (source/usefulFunctions.hpp:35:3)) will infer a separate dataflow process. Consider placing this store inside a function.
INFO: [HLS 200-988] Store statement on variable  'psum.6' (source/usefulFunctions.hpp:35) in a dataflow region ( 'dataflow_in_loop_mat_mul_i.174' (source/usefulFunctions.hpp:35:3)) will infer a separate dataflow process. Consider placing this store inside a function.
INFO: [HLS 200-988] Store statement on variable  'psum.7' (source/usefulFunctions.hpp:35) in a dataflow region ( 'dataflow_in_loop_mat_mul_i.174' (source/usefulFunctions.hpp:35:3)) will infer a separate dataflow process. Consider placing this store inside a function.
INFO: [HLS 200-988] Store statement on variable  'psum.8' (source/usefulFunctions.hpp:35) in a dataflow region ( 'dataflow_in_loop_mat_mul_i.174' (source/usefulFunctions.hpp:35:3)) will infer a separate dataflow process. Consider placing this store inside a function.
INFO: [HLS 200-988] Store statement on variable  'psum.9' (source/usefulFunctions.hpp:35) in a dataflow region ( 'dataflow_in_loop_mat_mul_i.174' (source/usefulFunctions.hpp:35:3)) will infer a separate dataflow process. Consider placing this store inside a function.
INFO: [HLS 200-988] Store statement on variable  'psum.10' (source/usefulFunctions.hpp:35) in a dataflow region ( 'dataflow_in_loop_mat_mul_i.174' (source/usefulFunctions.hpp:35:3)) will infer a separate dataflow process. Consider placing this store inside a function.
INFO: [HLS 200-988] Store statement on variable  'psum.11' (source/usefulFunctions.hpp:35) in a dataflow region ( 'dataflow_in_loop_mat_mul_i.174' (source/usefulFunctions.hpp:35:3)) will infer a separate dataflow process. Consider placing this store inside a function.
INFO: [HLS 200-988] Store statement on variable  'psum.12' (source/usefulFunctions.hpp:35) in a dataflow region ( 'dataflow_in_loop_mat_mul_i.174' (source/usefulFunctions.hpp:35:3)) will infer a separate dataflow process. Consider placing this store inside a function.
INFO: [HLS 200-988] Store statement on variable  'psum.13' (source/usefulFunctions.hpp:35) in a dataflow region ( 'dataflow_in_loop_mat_mul_i.174' (source/usefulFunctions.hpp:35:3)) will infer a separate dataflow process. Consider placing this store inside a function.
INFO: [HLS 200-988] Store statement on variable  'psum.14' (source/usefulFunctions.hpp:35) in a dataflow region ( 'dataflow_in_loop_mat_mul_i.174' (source/usefulFunctions.hpp:35:3)) will infer a separate dataflow process. Consider placing this store inside a function.
INFO: [HLS 200-988] Store statement on variable  'psum.15' (source/usefulFunctions.hpp:35) in a dataflow region ( 'dataflow_in_loop_mat_mul_i.174' (source/usefulFunctions.hpp:35:3)) will infer a separate dataflow process. Consider placing this store inside a function.
INFO: [HLS 200-988] Store statement on variable  'psum_15' (source/usefulFunctions.hpp:35) in a dataflow region ( 'dataflow_in_loop_mat_mul_i.174' (source/usefulFunctions.hpp:35:3)) will infer a separate dataflow process. Consider placing this store inside a function.
INFO: [HLS 200-988] Store statement on variable  'psum_14' (source/usefulFunctions.hpp:35) in a dataflow region ( 'dataflow_in_loop_mat_mul_i.174' (source/usefulFunctions.hpp:35:3)) will infer a separate dataflow process. Consider placing this store inside a function.
INFO: [HLS 200-988] Store statement on variable  'psum_13' (source/usefulFunctions.hpp:35) in a dataflow region ( 'dataflow_in_loop_mat_mul_i.174' (source/usefulFunctions.hpp:35:3)) will infer a separate dataflow process. Consider placing this store inside a function.
INFO: [HLS 200-988] Store statement on variable  'psum_12' (source/usefulFunctions.hpp:35) in a dataflow region ( 'dataflow_in_loop_mat_mul_i.174' (source/usefulFunctions.hpp:35:3)) will infer a separate dataflow process. Consider placing this store inside a function.
INFO: [HLS 200-988] Store statement on variable  'psum_11' (source/usefulFunctions.hpp:35) in a dataflow region ( 'dataflow_in_loop_mat_mul_i.174' (source/usefulFunctions.hpp:35:3)) will infer a separate dataflow process. Consider placing this store inside a function.
INFO: [HLS 200-988] Store statement on variable  'psum_10' (source/usefulFunctions.hpp:35) in a dataflow region ( 'dataflow_in_loop_mat_mul_i.174' (source/usefulFunctions.hpp:35:3)) will infer a separate dataflow process. Consider placing this store inside a function.
INFO: [HLS 200-988] Store statement on variable  'psum_9' (source/usefulFunctions.hpp:35) in a dataflow region ( 'dataflow_in_loop_mat_mul_i.174' (source/usefulFunctions.hpp:35:3)) will infer a separate dataflow process. Consider placing this store inside a function.
INFO: [HLS 200-988] Store statement on variable  'psum_8' (source/usefulFunctions.hpp:35) in a dataflow region ( 'dataflow_in_loop_mat_mul_i.174' (source/usefulFunctions.hpp:35:3)) will infer a separate dataflow process. Consider placing this store inside a function.
INFO: [HLS 200-988] Store statement on variable  'psum_7' (source/usefulFunctions.hpp:35) in a dataflow region ( 'dataflow_in_loop_mat_mul_i.174' (source/usefulFunctions.hpp:35:3)) will infer a separate dataflow process. Consider placing this store inside a function.
INFO: [HLS 200-988] Store statement on variable  'psum_6' (source/usefulFunctions.hpp:35) in a dataflow region ( 'dataflow_in_loop_mat_mul_i.174' (source/usefulFunctions.hpp:35:3)) will infer a separate dataflow process. Consider placing this store inside a function.
INFO: [HLS 200-988] Store statement on variable  'psum_5' (source/usefulFunctions.hpp:35) in a dataflow region ( 'dataflow_in_loop_mat_mul_i.174' (source/usefulFunctions.hpp:35:3)) will infer a separate dataflow process. Consider placing this store inside a function.
INFO: [HLS 200-988] Store statement on variable  'psum_4' (source/usefulFunctions.hpp:35) in a dataflow region ( 'dataflow_in_loop_mat_mul_i.174' (source/usefulFunctions.hpp:35:3)) will infer a separate dataflow process. Consider placing this store inside a function.
INFO: [HLS 200-988] Store statement on variable  'psum_3' (source/usefulFunctions.hpp:35) in a dataflow region ( 'dataflow_in_loop_mat_mul_i.174' (source/usefulFunctions.hpp:35:3)) will infer a separate dataflow process. Consider placing this store inside a function.
INFO: [HLS 200-988] Store statement on variable  'psum_2' (source/usefulFunctions.hpp:35) in a dataflow region ( 'dataflow_in_loop_mat_mul_i.174' (source/usefulFunctions.hpp:35:3)) will infer a separate dataflow process. Consider placing this store inside a function.
INFO: [HLS 200-988] Store statement on variable  'psum_1' (source/usefulFunctions.hpp:35) in a dataflow region ( 'dataflow_in_loop_mat_mul_i.174' (source/usefulFunctions.hpp:35:3)) will infer a separate dataflow process. Consider placing this store inside a function.
INFO: [HLS 200-988] Store statement on variable  'psum' (source/usefulFunctions.hpp:35) in a dataflow region ( 'dataflow_in_loop_mat_mul_i.174' (source/usefulFunctions.hpp:35:3)) will infer a separate dataflow process. Consider placing this store inside a function.
INFO: [HLS 200-988] Store statement on variable  'psum.24' (source/usefulFunctions.hpp:35) in a dataflow region ( 'dataflow_in_loop_mat_mul_i' (source/usefulFunctions.hpp:35:3)) will infer a separate dataflow process. Consider placing this store inside a function.
INFO: [HLS 200-988] Store statement on variable  'psum.17' (source/usefulFunctions.hpp:35) in a dataflow region ( 'dataflow_in_loop_mat_mul_i' (source/usefulFunctions.hpp:35:3)) will infer a separate dataflow process. Consider placing this store inside a function.
INFO: [HLS 200-988] Store statement on variable  'psum.18' (source/usefulFunctions.hpp:35) in a dataflow region ( 'dataflow_in_loop_mat_mul_i' (source/usefulFunctions.hpp:35:3)) will infer a separate dataflow process. Consider placing this store inside a function.
INFO: [HLS 200-988] Store statement on variable  'psum.19' (source/usefulFunctions.hpp:35) in a dataflow region ( 'dataflow_in_loop_mat_mul_i' (source/usefulFunctions.hpp:35:3)) will infer a separate dataflow process. Consider placing this store inside a function.
INFO: [HLS 200-988] Store statement on variable  'psum.20' (source/usefulFunctions.hpp:35) in a dataflow region ( 'dataflow_in_loop_mat_mul_i' (source/usefulFunctions.hpp:35:3)) will infer a separate dataflow process. Consider placing this store inside a function.
INFO: [HLS 200-988] Store statement on variable  'psum.21' (source/usefulFunctions.hpp:35) in a dataflow region ( 'dataflow_in_loop_mat_mul_i' (source/usefulFunctions.hpp:35:3)) will infer a separate dataflow process. Consider placing this store inside a function.
INFO: [HLS 200-988] Store statement on variable  'psum.22' (source/usefulFunctions.hpp:35) in a dataflow region ( 'dataflow_in_loop_mat_mul_i' (source/usefulFunctions.hpp:35:3)) will infer a separate dataflow process. Consider placing this store inside a function.
INFO: [HLS 200-988] Store statement on variable  'psum.23' (source/usefulFunctions.hpp:35) in a dataflow region ( 'dataflow_in_loop_mat_mul_i' (source/usefulFunctions.hpp:35:3)) will infer a separate dataflow process. Consider placing this store inside a function.
INFO: [HLS 200-988] Store statement on variable  'psum_23' (source/usefulFunctions.hpp:35) in a dataflow region ( 'dataflow_in_loop_mat_mul_i' (source/usefulFunctions.hpp:35:3)) will infer a separate dataflow process. Consider placing this store inside a function.
INFO: [HLS 200-988] Store statement on variable  'psum_22' (source/usefulFunctions.hpp:35) in a dataflow region ( 'dataflow_in_loop_mat_mul_i' (source/usefulFunctions.hpp:35:3)) will infer a separate dataflow process. Consider placing this store inside a function.
INFO: [HLS 200-988] Store statement on variable  'psum_21' (source/usefulFunctions.hpp:35) in a dataflow region ( 'dataflow_in_loop_mat_mul_i' (source/usefulFunctions.hpp:35:3)) will infer a separate dataflow process. Consider placing this store inside a function.
INFO: [HLS 200-988] Store statement on variable  'psum_20' (source/usefulFunctions.hpp:35) in a dataflow region ( 'dataflow_in_loop_mat_mul_i' (source/usefulFunctions.hpp:35:3)) will infer a separate dataflow process. Consider placing this store inside a function.
INFO: [HLS 200-988] Store statement on variable  'psum_19' (source/usefulFunctions.hpp:35) in a dataflow region ( 'dataflow_in_loop_mat_mul_i' (source/usefulFunctions.hpp:35:3)) will infer a separate dataflow process. Consider placing this store inside a function.
INFO: [HLS 200-988] Store statement on variable  'psum_18' (source/usefulFunctions.hpp:35) in a dataflow region ( 'dataflow_in_loop_mat_mul_i' (source/usefulFunctions.hpp:35:3)) will infer a separate dataflow process. Consider placing this store inside a function.
INFO: [HLS 200-988] Store statement on variable  'psum_17' (source/usefulFunctions.hpp:35) in a dataflow region ( 'dataflow_in_loop_mat_mul_i' (source/usefulFunctions.hpp:35:3)) will infer a separate dataflow process. Consider placing this store inside a function.
INFO: [HLS 200-988] Store statement on variable  'psum_16' (source/usefulFunctions.hpp:35) in a dataflow region ( 'dataflow_in_loop_mat_mul_i' (source/usefulFunctions.hpp:35:3)) will infer a separate dataflow process. Consider placing this store inside a function.
INFO: [HLS 200-988] Store statement on variable  'psum_15' (source/usefulFunctions.hpp:35) in a dataflow region ( 'dataflow_in_loop_mat_mul_i' (source/usefulFunctions.hpp:35:3)) will infer a separate dataflow process. Consider placing this store inside a function.
INFO: [HLS 200-988] Store statement on variable  'psum_14' (source/usefulFunctions.hpp:35) in a dataflow region ( 'dataflow_in_loop_mat_mul_i' (source/usefulFunctions.hpp:35:3)) will infer a separate dataflow process. Consider placing this store inside a function.
INFO: [HLS 200-988] Store statement on variable  'psum_13' (source/usefulFunctions.hpp:35) in a dataflow region ( 'dataflow_in_loop_mat_mul_i' (source/usefulFunctions.hpp:35:3)) will infer a separate dataflow process. Consider placing this store inside a function.
INFO: [HLS 200-988] Store statement on variable  'psum_12' (source/usefulFunctions.hpp:35) in a dataflow region ( 'dataflow_in_loop_mat_mul_i' (source/usefulFunctions.hpp:35:3)) will infer a separate dataflow process. Consider placing this store inside a function.
INFO: [HLS 200-988] Store statement on variable  'psum_11' (source/usefulFunctions.hpp:35) in a dataflow region ( 'dataflow_in_loop_mat_mul_i' (source/usefulFunctions.hpp:35:3)) will infer a separate dataflow process. Consider placing this store inside a function.
INFO: [HLS 200-988] Store statement on variable  'psum_10' (source/usefulFunctions.hpp:35) in a dataflow region ( 'dataflow_in_loop_mat_mul_i' (source/usefulFunctions.hpp:35:3)) will infer a separate dataflow process. Consider placing this store inside a function.
INFO: [HLS 200-988] Store statement on variable  'psum_9' (source/usefulFunctions.hpp:35) in a dataflow region ( 'dataflow_in_loop_mat_mul_i' (source/usefulFunctions.hpp:35:3)) will infer a separate dataflow process. Consider placing this store inside a function.
INFO: [HLS 200-988] Store statement on variable  'psum_8' (source/usefulFunctions.hpp:35) in a dataflow region ( 'dataflow_in_loop_mat_mul_i' (source/usefulFunctions.hpp:35:3)) will infer a separate dataflow process. Consider placing this store inside a function.
INFO: [HLS 200-988] Store statement on variable  'psum_7' (source/usefulFunctions.hpp:35) in a dataflow region ( 'dataflow_in_loop_mat_mul_i' (source/usefulFunctions.hpp:35:3)) will infer a separate dataflow process. Consider placing this store inside a function.
INFO: [HLS 200-988] Store statement on variable  'psum_6' (source/usefulFunctions.hpp:35) in a dataflow region ( 'dataflow_in_loop_mat_mul_i' (source/usefulFunctions.hpp:35:3)) will infer a separate dataflow process. Consider placing this store inside a function.
INFO: [HLS 200-988] Store statement on variable  'psum_5' (source/usefulFunctions.hpp:35) in a dataflow region ( 'dataflow_in_loop_mat_mul_i' (source/usefulFunctions.hpp:35:3)) will infer a separate dataflow process. Consider placing this store inside a function.
INFO: [HLS 200-988] Store statement on variable  'psum_4' (source/usefulFunctions.hpp:35) in a dataflow region ( 'dataflow_in_loop_mat_mul_i' (source/usefulFunctions.hpp:35:3)) will infer a separate dataflow process. Consider placing this store inside a function.
INFO: [HLS 200-988] Store statement on variable  'psum_3' (source/usefulFunctions.hpp:35) in a dataflow region ( 'dataflow_in_loop_mat_mul_i' (source/usefulFunctions.hpp:35:3)) will infer a separate dataflow process. Consider placing this store inside a function.
INFO: [HLS 200-988] Store statement on variable  'psum_2' (source/usefulFunctions.hpp:35) in a dataflow region ( 'dataflow_in_loop_mat_mul_i' (source/usefulFunctions.hpp:35:3)) will infer a separate dataflow process. Consider placing this store inside a function.
INFO: [HLS 200-988] Store statement on variable  'psum_1' (source/usefulFunctions.hpp:35) in a dataflow region ( 'dataflow_in_loop_mat_mul_i' (source/usefulFunctions.hpp:35:3)) will infer a separate dataflow process. Consider placing this store inside a function.
INFO: [HLS 200-988] Store statement on variable  'psum' (source/usefulFunctions.hpp:35) in a dataflow region ( 'dataflow_in_loop_mat_mul_i' (source/usefulFunctions.hpp:35:3)) will infer a separate dataflow process. Consider placing this store inside a function.
INFO: [HLS 200-988] Store statement on variable  'psum.24' (source/usefulFunctions.hpp:35) in a dataflow region ( 'dataflow_in_loop_mat_mul_i17' (source/usefulFunctions.hpp:35:3)) will infer a separate dataflow process. Consider placing this store inside a function.
INFO: [HLS 200-988] Store statement on variable  'psum.17' (source/usefulFunctions.hpp:35) in a dataflow region ( 'dataflow_in_loop_mat_mul_i17' (source/usefulFunctions.hpp:35:3)) will infer a separate dataflow process. Consider placing this store inside a function.
INFO: [HLS 200-988] Store statement on variable  'psum.18' (source/usefulFunctions.hpp:35) in a dataflow region ( 'dataflow_in_loop_mat_mul_i17' (source/usefulFunctions.hpp:35:3)) will infer a separate dataflow process. Consider placing this store inside a function.
INFO: [HLS 200-988] Store statement on variable  'psum.19' (source/usefulFunctions.hpp:35) in a dataflow region ( 'dataflow_in_loop_mat_mul_i17' (source/usefulFunctions.hpp:35:3)) will infer a separate dataflow process. Consider placing this store inside a function.
INFO: [HLS 200-988] Store statement on variable  'psum.20' (source/usefulFunctions.hpp:35) in a dataflow region ( 'dataflow_in_loop_mat_mul_i17' (source/usefulFunctions.hpp:35:3)) will infer a separate dataflow process. Consider placing this store inside a function.
INFO: [HLS 200-988] Store statement on variable  'psum.21' (source/usefulFunctions.hpp:35) in a dataflow region ( 'dataflow_in_loop_mat_mul_i17' (source/usefulFunctions.hpp:35:3)) will infer a separate dataflow process. Consider placing this store inside a function.
INFO: [HLS 200-988] Store statement on variable  'psum.22' (source/usefulFunctions.hpp:35) in a dataflow region ( 'dataflow_in_loop_mat_mul_i17' (source/usefulFunctions.hpp:35:3)) will infer a separate dataflow process. Consider placing this store inside a function.
INFO: [HLS 200-988] Store statement on variable  'psum.23' (source/usefulFunctions.hpp:35) in a dataflow region ( 'dataflow_in_loop_mat_mul_i17' (source/usefulFunctions.hpp:35:3)) will infer a separate dataflow process. Consider placing this store inside a function.
INFO: [HLS 200-988] Store statement on variable  'psum_23' (source/usefulFunctions.hpp:35) in a dataflow region ( 'dataflow_in_loop_mat_mul_i17' (source/usefulFunctions.hpp:35:3)) will infer a separate dataflow process. Consider placing this store inside a function.
INFO: [HLS 200-988] Store statement on variable  'psum_22' (source/usefulFunctions.hpp:35) in a dataflow region ( 'dataflow_in_loop_mat_mul_i17' (source/usefulFunctions.hpp:35:3)) will infer a separate dataflow process. Consider placing this store inside a function.
INFO: [HLS 200-988] Store statement on variable  'psum_21' (source/usefulFunctions.hpp:35) in a dataflow region ( 'dataflow_in_loop_mat_mul_i17' (source/usefulFunctions.hpp:35:3)) will infer a separate dataflow process. Consider placing this store inside a function.
INFO: [HLS 200-988] Store statement on variable  'psum_20' (source/usefulFunctions.hpp:35) in a dataflow region ( 'dataflow_in_loop_mat_mul_i17' (source/usefulFunctions.hpp:35:3)) will infer a separate dataflow process. Consider placing this store inside a function.
INFO: [HLS 200-988] Store statement on variable  'psum_19' (source/usefulFunctions.hpp:35) in a dataflow region ( 'dataflow_in_loop_mat_mul_i17' (source/usefulFunctions.hpp:35:3)) will infer a separate dataflow process. Consider placing this store inside a function.
INFO: [HLS 200-988] Store statement on variable  'psum_18' (source/usefulFunctions.hpp:35) in a dataflow region ( 'dataflow_in_loop_mat_mul_i17' (source/usefulFunctions.hpp:35:3)) will infer a separate dataflow process. Consider placing this store inside a function.
INFO: [HLS 200-988] Store statement on variable  'psum_17' (source/usefulFunctions.hpp:35) in a dataflow region ( 'dataflow_in_loop_mat_mul_i17' (source/usefulFunctions.hpp:35:3)) will infer a separate dataflow process. Consider placing this store inside a function.
INFO: [HLS 200-988] Store statement on variable  'psum_16' (source/usefulFunctions.hpp:35) in a dataflow region ( 'dataflow_in_loop_mat_mul_i17' (source/usefulFunctions.hpp:35:3)) will infer a separate dataflow process. Consider placing this store inside a function.
INFO: [HLS 200-988] Store statement on variable  'psum_15' (source/usefulFunctions.hpp:35) in a dataflow region ( 'dataflow_in_loop_mat_mul_i17' (source/usefulFunctions.hpp:35:3)) will infer a separate dataflow process. Consider placing this store inside a function.
INFO: [HLS 200-988] Store statement on variable  'psum_14' (source/usefulFunctions.hpp:35) in a dataflow region ( 'dataflow_in_loop_mat_mul_i17' (source/usefulFunctions.hpp:35:3)) will infer a separate dataflow process. Consider placing this store inside a function.
INFO: [HLS 200-988] Store statement on variable  'psum_13' (source/usefulFunctions.hpp:35) in a dataflow region ( 'dataflow_in_loop_mat_mul_i17' (source/usefulFunctions.hpp:35:3)) will infer a separate dataflow process. Consider placing this store inside a function.
INFO: [HLS 200-988] Store statement on variable  'psum_12' (source/usefulFunctions.hpp:35) in a dataflow region ( 'dataflow_in_loop_mat_mul_i17' (source/usefulFunctions.hpp:35:3)) will infer a separate dataflow process. Consider placing this store inside a function.
INFO: [HLS 200-988] Store statement on variable  'psum_11' (source/usefulFunctions.hpp:35) in a dataflow region ( 'dataflow_in_loop_mat_mul_i17' (source/usefulFunctions.hpp:35:3)) will infer a separate dataflow process. Consider placing this store inside a function.
INFO: [HLS 200-988] Store statement on variable  'psum_10' (source/usefulFunctions.hpp:35) in a dataflow region ( 'dataflow_in_loop_mat_mul_i17' (source/usefulFunctions.hpp:35:3)) will infer a separate dataflow process. Consider placing this store inside a function.
INFO: [HLS 200-988] Store statement on variable  'psum_9' (source/usefulFunctions.hpp:35) in a dataflow region ( 'dataflow_in_loop_mat_mul_i17' (source/usefulFunctions.hpp:35:3)) will infer a separate dataflow process. Consider placing this store inside a function.
INFO: [HLS 200-988] Store statement on variable  'psum_8' (source/usefulFunctions.hpp:35) in a dataflow region ( 'dataflow_in_loop_mat_mul_i17' (source/usefulFunctions.hpp:35:3)) will infer a separate dataflow process. Consider placing this store inside a function.
INFO: [HLS 200-988] Store statement on variable  'psum_7' (source/usefulFunctions.hpp:35) in a dataflow region ( 'dataflow_in_loop_mat_mul_i17' (source/usefulFunctions.hpp:35:3)) will infer a separate dataflow process. Consider placing this store inside a function.
INFO: [HLS 200-988] Store statement on variable  'psum_6' (source/usefulFunctions.hpp:35) in a dataflow region ( 'dataflow_in_loop_mat_mul_i17' (source/usefulFunctions.hpp:35:3)) will infer a separate dataflow process. Consider placing this store inside a function.
INFO: [HLS 200-988] Store statement on variable  'psum_5' (source/usefulFunctions.hpp:35) in a dataflow region ( 'dataflow_in_loop_mat_mul_i17' (source/usefulFunctions.hpp:35:3)) will infer a separate dataflow process. Consider placing this store inside a function.
INFO: [HLS 200-988] Store statement on variable  'psum_4' (source/usefulFunctions.hpp:35) in a dataflow region ( 'dataflow_in_loop_mat_mul_i17' (source/usefulFunctions.hpp:35:3)) will infer a separate dataflow process. Consider placing this store inside a function.
INFO: [HLS 200-988] Store statement on variable  'psum_3' (source/usefulFunctions.hpp:35) in a dataflow region ( 'dataflow_in_loop_mat_mul_i17' (source/usefulFunctions.hpp:35:3)) will infer a separate dataflow process. Consider placing this store inside a function.
INFO: [HLS 200-988] Store statement on variable  'psum_2' (source/usefulFunctions.hpp:35) in a dataflow region ( 'dataflow_in_loop_mat_mul_i17' (source/usefulFunctions.hpp:35:3)) will infer a separate dataflow process. Consider placing this store inside a function.
INFO: [HLS 200-988] Store statement on variable  'psum_1' (source/usefulFunctions.hpp:35) in a dataflow region ( 'dataflow_in_loop_mat_mul_i17' (source/usefulFunctions.hpp:35:3)) will infer a separate dataflow process. Consider placing this store inside a function.
INFO: [HLS 200-988] Store statement on variable  'psum' (source/usefulFunctions.hpp:35) in a dataflow region ( 'dataflow_in_loop_mat_mul_i17' (source/usefulFunctions.hpp:35:3)) will infer a separate dataflow process. Consider placing this store inside a function.
INFO: [HLS 200-988] Store statement on variable  'psum.16' (source/usefulFunctions.hpp:35) in a dataflow region ( 'dataflow_in_loop_mat_mul_i.17418' (source/usefulFunctions.hpp:35:3)) will infer a separate dataflow process. Consider placing this store inside a function.
INFO: [HLS 200-988] Store statement on variable  'psum.1' (source/usefulFunctions.hpp:35) in a dataflow region ( 'dataflow_in_loop_mat_mul_i.17418' (source/usefulFunctions.hpp:35:3)) will infer a separate dataflow process. Consider placing this store inside a function.
INFO: [HLS 200-988] Store statement on variable  'psum.2' (source/usefulFunctions.hpp:35) in a dataflow region ( 'dataflow_in_loop_mat_mul_i.17418' (source/usefulFunctions.hpp:35:3)) will infer a separate dataflow process. Consider placing this store inside a function.
INFO: [HLS 200-988] Store statement on variable  'psum.3' (source/usefulFunctions.hpp:35) in a dataflow region ( 'dataflow_in_loop_mat_mul_i.17418' (source/usefulFunctions.hpp:35:3)) will infer a separate dataflow process. Consider placing this store inside a function.
INFO: [HLS 200-988] Store statement on variable  'psum.4' (source/usefulFunctions.hpp:35) in a dataflow region ( 'dataflow_in_loop_mat_mul_i.17418' (source/usefulFunctions.hpp:35:3)) will infer a separate dataflow process. Consider placing this store inside a function.
INFO: [HLS 200-988] Store statement on variable  'psum.5' (source/usefulFunctions.hpp:35) in a dataflow region ( 'dataflow_in_loop_mat_mul_i.17418' (source/usefulFunctions.hpp:35:3)) will infer a separate dataflow process. Consider placing this store inside a function.
INFO: [HLS 200-988] Store statement on variable  'psum.6' (source/usefulFunctions.hpp:35) in a dataflow region ( 'dataflow_in_loop_mat_mul_i.17418' (source/usefulFunctions.hpp:35:3)) will infer a separate dataflow process. Consider placing this store inside a function.
INFO: [HLS 200-988] Store statement on variable  'psum.7' (source/usefulFunctions.hpp:35) in a dataflow region ( 'dataflow_in_loop_mat_mul_i.17418' (source/usefulFunctions.hpp:35:3)) will infer a separate dataflow process. Consider placing this store inside a function.
INFO: [HLS 200-988] Store statement on variable  'psum.8' (source/usefulFunctions.hpp:35) in a dataflow region ( 'dataflow_in_loop_mat_mul_i.17418' (source/usefulFunctions.hpp:35:3)) will infer a separate dataflow process. Consider placing this store inside a function.
INFO: [HLS 200-988] Store statement on variable  'psum.9' (source/usefulFunctions.hpp:35) in a dataflow region ( 'dataflow_in_loop_mat_mul_i.17418' (source/usefulFunctions.hpp:35:3)) will infer a separate dataflow process. Consider placing this store inside a function.
INFO: [HLS 200-988] Store statement on variable  'psum.10' (source/usefulFunctions.hpp:35) in a dataflow region ( 'dataflow_in_loop_mat_mul_i.17418' (source/usefulFunctions.hpp:35:3)) will infer a separate dataflow process. Consider placing this store inside a function.
INFO: [HLS 200-988] Store statement on variable  'psum.11' (source/usefulFunctions.hpp:35) in a dataflow region ( 'dataflow_in_loop_mat_mul_i.17418' (source/usefulFunctions.hpp:35:3)) will infer a separate dataflow process. Consider placing this store inside a function.
INFO: [HLS 200-988] Store statement on variable  'psum.12' (source/usefulFunctions.hpp:35) in a dataflow region ( 'dataflow_in_loop_mat_mul_i.17418' (source/usefulFunctions.hpp:35:3)) will infer a separate dataflow process. Consider placing this store inside a function.
INFO: [HLS 200-988] Store statement on variable  'psum.13' (source/usefulFunctions.hpp:35) in a dataflow region ( 'dataflow_in_loop_mat_mul_i.17418' (source/usefulFunctions.hpp:35:3)) will infer a separate dataflow process. Consider placing this store inside a function.
INFO: [HLS 200-988] Store statement on variable  'psum.14' (source/usefulFunctions.hpp:35) in a dataflow region ( 'dataflow_in_loop_mat_mul_i.17418' (source/usefulFunctions.hpp:35:3)) will infer a separate dataflow process. Consider placing this store inside a function.
INFO: [HLS 200-988] Store statement on variable  'psum.15' (source/usefulFunctions.hpp:35) in a dataflow region ( 'dataflow_in_loop_mat_mul_i.17418' (source/usefulFunctions.hpp:35:3)) will infer a separate dataflow process. Consider placing this store inside a function.
INFO: [HLS 200-988] Store statement on variable  'psum_15' (source/usefulFunctions.hpp:35) in a dataflow region ( 'dataflow_in_loop_mat_mul_i.17418' (source/usefulFunctions.hpp:35:3)) will infer a separate dataflow process. Consider placing this store inside a function.
INFO: [HLS 200-988] Store statement on variable  'psum_14' (source/usefulFunctions.hpp:35) in a dataflow region ( 'dataflow_in_loop_mat_mul_i.17418' (source/usefulFunctions.hpp:35:3)) will infer a separate dataflow process. Consider placing this store inside a function.
INFO: [HLS 200-988] Store statement on variable  'psum_13' (source/usefulFunctions.hpp:35) in a dataflow region ( 'dataflow_in_loop_mat_mul_i.17418' (source/usefulFunctions.hpp:35:3)) will infer a separate dataflow process. Consider placing this store inside a function.
INFO: [HLS 200-988] Store statement on variable  'psum_12' (source/usefulFunctions.hpp:35) in a dataflow region ( 'dataflow_in_loop_mat_mul_i.17418' (source/usefulFunctions.hpp:35:3)) will infer a separate dataflow process. Consider placing this store inside a function.
INFO: [HLS 200-988] Store statement on variable  'psum_11' (source/usefulFunctions.hpp:35) in a dataflow region ( 'dataflow_in_loop_mat_mul_i.17418' (source/usefulFunctions.hpp:35:3)) will infer a separate dataflow process. Consider placing this store inside a function.
INFO: [HLS 200-988] Store statement on variable  'psum_10' (source/usefulFunctions.hpp:35) in a dataflow region ( 'dataflow_in_loop_mat_mul_i.17418' (source/usefulFunctions.hpp:35:3)) will infer a separate dataflow process. Consider placing this store inside a function.
INFO: [HLS 200-988] Store statement on variable  'psum_9' (source/usefulFunctions.hpp:35) in a dataflow region ( 'dataflow_in_loop_mat_mul_i.17418' (source/usefulFunctions.hpp:35:3)) will infer a separate dataflow process. Consider placing this store inside a function.
INFO: [HLS 200-988] Store statement on variable  'psum_8' (source/usefulFunctions.hpp:35) in a dataflow region ( 'dataflow_in_loop_mat_mul_i.17418' (source/usefulFunctions.hpp:35:3)) will infer a separate dataflow process. Consider placing this store inside a function.
INFO: [HLS 200-988] Store statement on variable  'psum_7' (source/usefulFunctions.hpp:35) in a dataflow region ( 'dataflow_in_loop_mat_mul_i.17418' (source/usefulFunctions.hpp:35:3)) will infer a separate dataflow process. Consider placing this store inside a function.
INFO: [HLS 200-988] Store statement on variable  'psum_6' (source/usefulFunctions.hpp:35) in a dataflow region ( 'dataflow_in_loop_mat_mul_i.17418' (source/usefulFunctions.hpp:35:3)) will infer a separate dataflow process. Consider placing this store inside a function.
INFO: [HLS 200-988] Store statement on variable  'psum_5' (source/usefulFunctions.hpp:35) in a dataflow region ( 'dataflow_in_loop_mat_mul_i.17418' (source/usefulFunctions.hpp:35:3)) will infer a separate dataflow process. Consider placing this store inside a function.
INFO: [HLS 200-988] Store statement on variable  'psum_4' (source/usefulFunctions.hpp:35) in a dataflow region ( 'dataflow_in_loop_mat_mul_i.17418' (source/usefulFunctions.hpp:35:3)) will infer a separate dataflow process. Consider placing this store inside a function.
INFO: [HLS 200-988] Store statement on variable  'psum_3' (source/usefulFunctions.hpp:35) in a dataflow region ( 'dataflow_in_loop_mat_mul_i.17418' (source/usefulFunctions.hpp:35:3)) will infer a separate dataflow process. Consider placing this store inside a function.
INFO: [HLS 200-988] Store statement on variable  'psum_2' (source/usefulFunctions.hpp:35) in a dataflow region ( 'dataflow_in_loop_mat_mul_i.17418' (source/usefulFunctions.hpp:35:3)) will infer a separate dataflow process. Consider placing this store inside a function.
INFO: [HLS 200-988] Store statement on variable  'psum_1' (source/usefulFunctions.hpp:35) in a dataflow region ( 'dataflow_in_loop_mat_mul_i.17418' (source/usefulFunctions.hpp:35:3)) will infer a separate dataflow process. Consider placing this store inside a function.
INFO: [HLS 200-988] Store statement on variable  'psum' (source/usefulFunctions.hpp:35) in a dataflow region ( 'dataflow_in_loop_mat_mul_i.17418' (source/usefulFunctions.hpp:35:3)) will infer a separate dataflow process. Consider placing this store inside a function.
INFO: [XFORM 203-712] Applying dataflow to function 'loadTilesBFromDRAM4' (source/load_tiles.hpp:30:1), detected/extracted 2 process function(s): 
	 'loadTileBFromDRAM9'
	 'loadTileBFromDRAM.110'.
INFO: [XFORM 203-712] Applying dataflow to function 'loader_B_tiles5' (source/loader.hpp:48:1), detected/extracted 2 process function(s): 
	 'loader_B_tile11'
	 'loader_B_tile.212'.
INFO: [XFORM 203-712] Applying dataflow to function 'dataflow_in_loop_mat_mul_i17' (source/usefulFunctions.hpp:35:3), detected/extracted 34 process function(s): 
	 'Block_newFuncRoot_proc_proc'
	 'Block_newFuncRoot_proc_proc23'
	 'Block_newFuncRoot_proc_proc24'
	 'Block_newFuncRoot_proc_proc25'
	 'Block_newFuncRoot_proc_proc26'
	 'Block_newFuncRoot_proc_proc27'
	 'Block_newFuncRoot_proc_proc28'
	 'Block_newFuncRoot_proc_proc29'
	 'Block_newFuncRoot_proc_proc30'
	 'Block_newFuncRoot_proc_proc31'
	 'Block_newFuncRoot_proc_proc32'
	 'Block_newFuncRoot_proc_proc33'
	 'Block_newFuncRoot_proc_proc34'
	 'Block_newFuncRoot_proc_proc35'
	 'Block_newFuncRoot_proc_proc36'
	 'Block_newFuncRoot_proc_proc37'
	 'Block_newFuncRoot_proc_proc38'
	 'Block_newFuncRoot_proc_proc39'
	 'Block_newFuncRoot_proc_proc40'
	 'Block_newFuncRoot_proc_proc41'
	 'Block_newFuncRoot_proc_proc42'
	 'Block_newFuncRoot_proc_proc43'
	 'Block_newFuncRoot_proc_proc44'
	 'Block_newFuncRoot_proc_proc45'
	 'Block_newFuncRoot_proc_proc46'
	 'Block_newFuncRoot_proc_proc47'
	 'Block_newFuncRoot_proc_proc48'
	 'Block_newFuncRoot_proc_proc49'
	 'Block_newFuncRoot_proc_proc50'
	 'Block_newFuncRoot_proc_proc51'
	 'Block_newFuncRoot_proc_proc52'
	 'Block_newFuncRoot_proc_proc53'
	 'calculatepsum19'
	 'psumToStream20'.
INFO: [XFORM 203-712] Applying dataflow to function 'dataflow_in_loop_mat_mul_i.17418' (source/usefulFunctions.hpp:35:3), detected/extracted 34 process function(s): 
	 'Block_newFuncRoot_proc_proc54'
	 'Block_newFuncRoot_proc_proc55'
	 'Block_newFuncRoot_proc_proc56'
	 'Block_newFuncRoot_proc_proc57'
	 'Block_newFuncRoot_proc_proc58'
	 'Block_newFuncRoot_proc_proc59'
	 'Block_newFuncRoot_proc_proc60'
	 'Block_newFuncRoot_proc_proc61'
	 'Block_newFuncRoot_proc_proc62'
	 'Block_newFuncRoot_proc_proc63'
	 'Block_newFuncRoot_proc_proc64'
	 'Block_newFuncRoot_proc_proc65'
	 'Block_newFuncRoot_proc_proc66'
	 'Block_newFuncRoot_proc_proc67'
	 'Block_newFuncRoot_proc_proc68'
	 'Block_newFuncRoot_proc_proc69'
	 'Block_newFuncRoot_proc_proc70'
	 'Block_newFuncRoot_proc_proc71'
	 'Block_newFuncRoot_proc_proc72'
	 'Block_newFuncRoot_proc_proc73'
	 'Block_newFuncRoot_proc_proc74'
	 'Block_newFuncRoot_proc_proc75'
	 'Block_newFuncRoot_proc_proc76'
	 'Block_newFuncRoot_proc_proc77'
	 'Block_newFuncRoot_proc_proc78'
	 'Block_newFuncRoot_proc_proc79'
	 'Block_newFuncRoot_proc_proc80'
	 'Block_newFuncRoot_proc_proc81'
	 'Block_newFuncRoot_proc_proc82'
	 'Block_newFuncRoot_proc_proc83'
	 'Block_newFuncRoot_proc_proc84'
	 'Block_newFuncRoot_proc_proc85'
	 'calculatepsum.321'
	 'psumToStream.422'.
INFO: [XFORM 203-712] Applying dataflow to function 'matMulTiles6' (source/usefulFunctions.hpp:53:1), detected/extracted 2 process function(s): 
	 'matMulTile13'
	 'matMulTile.514'.
INFO: [XFORM 203-712] Applying dataflow to function 'loader_C_tiles7' (source/loader.hpp:57:1), detected/extracted 2 process function(s): 
	 'loader_C_tile15'
	 'loader_C_tile.616'.
INFO: [XFORM 203-712] Applying dataflow to function 'storeTileToDRAM' (source/load_tiles.hpp:39:1), detected/extracted 1 process function(s): 
	 'storeTileToDRAM_Loop_store_C_tile_proc'.
INFO: [XFORM 203-712] Applying dataflow to function 'storeTileToDRAM.7' (source/load_tiles.hpp:39:1), detected/extracted 1 process function(s): 
	 'storeTileToDRAM.7_Loop_store_C_tile_proc'.
INFO: [XFORM 203-712] Applying dataflow to function 'storeTilesToDRAM' (source/load_tiles.hpp:52:1), detected/extracted 2 process function(s): 
	 'storeTileToDRAM'
	 'storeTileToDRAM.7'.
INFO: [XFORM 203-712] Applying dataflow to function 'dataflow_in_loop_loop_for_tile_a.1' (source/gemm.cpp:29), detected/extracted 7 process function(s): 
	 'loadTileAFromDRAM2'
	 'loader_A_tiles3'
	 'loadTilesBFromDRAM4'
	 'loader_B_tiles5'
	 'matMulTiles6'
	 'loader_C_tiles7'
	 'dataflow_in_loop_loop_for_tile_a.1_Block_newFuncRoot112_proc8'.
INFO: [HLS 200-111] Finished Loop, function and other optimizations: CPU user time: 13.17 seconds. CPU system time: 0.02 seconds. Elapsed time: 13.22 seconds; current allocated memory: 351.949 MB.
INFO: [XFORM 203-603] Evaluating the output(s) of a call to function 'Block_newFuncRoot_proc_proc54' (source/usefulFunctions.hpp:35:21) in function 'dataflow_in_loop_mat_mul_i.17418' and propagating its result(s) since all actual argument(s) to the function are constants.
INFO: [XFORM 203-603] Evaluating the output(s) of a call to function 'Block_newFuncRoot_proc_proc55' in function 'dataflow_in_loop_mat_mul_i.17418' and propagating its result(s) since all actual argument(s) to the function are constants.
INFO: [XFORM 203-603] Evaluating the output(s) of a call to function 'Block_newFuncRoot_proc_proc56' in function 'dataflow_in_loop_mat_mul_i.17418' and propagating its result(s) since all actual argument(s) to the function are constants.
INFO: [XFORM 203-603] Evaluating the output(s) of a call to function 'Block_newFuncRoot_proc_proc57' in function 'dataflow_in_loop_mat_mul_i.17418' and propagating its result(s) since all actual argument(s) to the function are constants.
INFO: [XFORM 203-603] Evaluating the output(s) of a call to function 'Block_newFuncRoot_proc_proc58' in function 'dataflow_in_loop_mat_mul_i.17418' and propagating its result(s) since all actual argument(s) to the function are constants.
INFO: [XFORM 203-603] Evaluating the output(s) of a call to function 'Block_newFuncRoot_proc_proc59' in function 'dataflow_in_loop_mat_mul_i.17418' and propagating its result(s) since all actual argument(s) to the function are constants.
INFO: [XFORM 203-603] Evaluating the output(s) of a call to function 'Block_newFuncRoot_proc_proc60' in function 'dataflow_in_loop_mat_mul_i.17418' and propagating its result(s) since all actual argument(s) to the function are constants.
INFO: [XFORM 203-603] Evaluating the output(s) of a call to function 'Block_newFuncRoot_proc_proc61' in function 'dataflow_in_loop_mat_mul_i.17418' and propagating its result(s) since all actual argument(s) to the function are constants.
INFO: [XFORM 203-603] Evaluating the output(s) of a call to function 'Block_newFuncRoot_proc_proc62' in function 'dataflow_in_loop_mat_mul_i.17418' and propagating its result(s) since all actual argument(s) to the function are constants.
INFO: [XFORM 203-603] Evaluating the output(s) of a call to function 'Block_newFuncRoot_proc_proc63' in function 'dataflow_in_loop_mat_mul_i.17418' and propagating its result(s) since all actual argument(s) to the function are constants.
INFO: [XFORM 203-603] Evaluating the output(s) of a call to function 'Block_newFuncRoot_proc_proc64' in function 'dataflow_in_loop_mat_mul_i.17418' and propagating its result(s) since all actual argument(s) to the function are constants.
INFO: [XFORM 203-603] Evaluating the output(s) of a call to function 'Block_newFuncRoot_proc_proc65' in function 'dataflow_in_loop_mat_mul_i.17418' and propagating its result(s) since all actual argument(s) to the function are constants.
INFO: [XFORM 203-603] Evaluating the output(s) of a call to function 'Block_newFuncRoot_proc_proc66' in function 'dataflow_in_loop_mat_mul_i.17418' and propagating its result(s) since all actual argument(s) to the function are constants.
INFO: [XFORM 203-603] Evaluating the output(s) of a call to function 'Block_newFuncRoot_proc_proc67' in function 'dataflow_in_loop_mat_mul_i.17418' and propagating its result(s) since all actual argument(s) to the function are constants.
INFO: [XFORM 203-603] Evaluating the output(s) of a call to function 'Block_newFuncRoot_proc_proc68' in function 'dataflow_in_loop_mat_mul_i.17418' and propagating its result(s) since all actual argument(s) to the function are constants.
INFO: [XFORM 203-603] Evaluating the output(s) of a call to function 'Block_newFuncRoot_proc_proc69' in function 'dataflow_in_loop_mat_mul_i.17418' and propagating its result(s) since all actual argument(s) to the function are constants.
INFO: [XFORM 203-603] Evaluating the output(s) of a call to function 'Block_newFuncRoot_proc_proc70' in function 'dataflow_in_loop_mat_mul_i.17418' and propagating its result(s) since all actual argument(s) to the function are constants.
INFO: [XFORM 203-603] Evaluating the output(s) of a call to function 'Block_newFuncRoot_proc_proc71' in function 'dataflow_in_loop_mat_mul_i.17418' and propagating its result(s) since all actual argument(s) to the function are constants.
INFO: [XFORM 203-603] Evaluating the output(s) of a call to function 'Block_newFuncRoot_proc_proc72' in function 'dataflow_in_loop_mat_mul_i.17418' and propagating its result(s) since all actual argument(s) to the function are constants.
INFO: [XFORM 203-603] Evaluating the output(s) of a call to function 'Block_newFuncRoot_proc_proc73' in function 'dataflow_in_loop_mat_mul_i.17418' and propagating its result(s) since all actual argument(s) to the function are constants.
INFO: [XFORM 203-603] Evaluating the output(s) of a call to function 'Block_newFuncRoot_proc_proc74' in function 'dataflow_in_loop_mat_mul_i.17418' and propagating its result(s) since all actual argument(s) to the function are constants.
INFO: [XFORM 203-603] Evaluating the output(s) of a call to function 'Block_newFuncRoot_proc_proc75' in function 'dataflow_in_loop_mat_mul_i.17418' and propagating its result(s) since all actual argument(s) to the function are constants.
INFO: [XFORM 203-603] Evaluating the output(s) of a call to function 'Block_newFuncRoot_proc_proc76' in function 'dataflow_in_loop_mat_mul_i.17418' and propagating its result(s) since all actual argument(s) to the function are constants.
INFO: [XFORM 203-603] Evaluating the output(s) of a call to function 'Block_newFuncRoot_proc_proc77' in function 'dataflow_in_loop_mat_mul_i.17418' and propagating its result(s) since all actual argument(s) to the function are constants.
INFO: [XFORM 203-603] Evaluating the output(s) of a call to function 'Block_newFuncRoot_proc_proc78' in function 'dataflow_in_loop_mat_mul_i.17418' and propagating its result(s) since all actual argument(s) to the function are constants.
INFO: [XFORM 203-603] Evaluating the output(s) of a call to function 'Block_newFuncRoot_proc_proc79' in function 'dataflow_in_loop_mat_mul_i.17418' and propagating its result(s) since all actual argument(s) to the function are constants.
INFO: [XFORM 203-603] Evaluating the output(s) of a call to function 'Block_newFuncRoot_proc_proc80' in function 'dataflow_in_loop_mat_mul_i.17418' and propagating its result(s) since all actual argument(s) to the function are constants.
INFO: [XFORM 203-603] Evaluating the output(s) of a call to function 'Block_newFuncRoot_proc_proc81' in function 'dataflow_in_loop_mat_mul_i.17418' and propagating its result(s) since all actual argument(s) to the function are constants.
INFO: [XFORM 203-603] Evaluating the output(s) of a call to function 'Block_newFuncRoot_proc_proc82' in function 'dataflow_in_loop_mat_mul_i.17418' and propagating its result(s) since all actual argument(s) to the function are constants.
INFO: [XFORM 203-603] Evaluating the output(s) of a call to function 'Block_newFuncRoot_proc_proc83' in function 'dataflow_in_loop_mat_mul_i.17418' and propagating its result(s) since all actual argument(s) to the function are constants.
INFO: [XFORM 203-603] Evaluating the output(s) of a call to function 'Block_newFuncRoot_proc_proc84' in function 'dataflow_in_loop_mat_mul_i.17418' and propagating its result(s) since all actual argument(s) to the function are constants.
INFO: [XFORM 203-603] Evaluating the output(s) of a call to function 'Block_newFuncRoot_proc_proc85' in function 'dataflow_in_loop_mat_mul_i.17418' and propagating its result(s) since all actual argument(s) to the function are constants.
INFO: [XFORM 203-603] Evaluating the output(s) of a call to function 'Block_newFuncRoot_proc_proc' (source/usefulFunctions.hpp:35:21) in function 'dataflow_in_loop_mat_mul_i17' and propagating its result(s) since all actual argument(s) to the function are constants.
INFO: [XFORM 203-603] Evaluating the output(s) of a call to function 'Block_newFuncRoot_proc_proc23' in function 'dataflow_in_loop_mat_mul_i17' and propagating its result(s) since all actual argument(s) to the function are constants.
INFO: [XFORM 203-603] Evaluating the output(s) of a call to function 'Block_newFuncRoot_proc_proc24' in function 'dataflow_in_loop_mat_mul_i17' and propagating its result(s) since all actual argument(s) to the function are constants.
INFO: [XFORM 203-603] Evaluating the output(s) of a call to function 'Block_newFuncRoot_proc_proc25' in function 'dataflow_in_loop_mat_mul_i17' and propagating its result(s) since all actual argument(s) to the function are constants.
INFO: [XFORM 203-603] Evaluating the output(s) of a call to function 'Block_newFuncRoot_proc_proc26' in function 'dataflow_in_loop_mat_mul_i17' and propagating its result(s) since all actual argument(s) to the function are constants.
INFO: [XFORM 203-603] Evaluating the output(s) of a call to function 'Block_newFuncRoot_proc_proc27' in function 'dataflow_in_loop_mat_mul_i17' and propagating its result(s) since all actual argument(s) to the function are constants.
INFO: [XFORM 203-603] Evaluating the output(s) of a call to function 'Block_newFuncRoot_proc_proc28' in function 'dataflow_in_loop_mat_mul_i17' and propagating its result(s) since all actual argument(s) to the function are constants.
INFO: [XFORM 203-603] Evaluating the output(s) of a call to function 'Block_newFuncRoot_proc_proc29' in function 'dataflow_in_loop_mat_mul_i17' and propagating its result(s) since all actual argument(s) to the function are constants.
INFO: [XFORM 203-603] Evaluating the output(s) of a call to function 'Block_newFuncRoot_proc_proc30' in function 'dataflow_in_loop_mat_mul_i17' and propagating its result(s) since all actual argument(s) to the function are constants.
INFO: [XFORM 203-603] Evaluating the output(s) of a call to function 'Block_newFuncRoot_proc_proc31' in function 'dataflow_in_loop_mat_mul_i17' and propagating its result(s) since all actual argument(s) to the function are constants.
INFO: [XFORM 203-603] Evaluating the output(s) of a call to function 'Block_newFuncRoot_proc_proc32' in function 'dataflow_in_loop_mat_mul_i17' and propagating its result(s) since all actual argument(s) to the function are constants.
INFO: [XFORM 203-603] Evaluating the output(s) of a call to function 'Block_newFuncRoot_proc_proc33' in function 'dataflow_in_loop_mat_mul_i17' and propagating its result(s) since all actual argument(s) to the function are constants.
INFO: [XFORM 203-603] Evaluating the output(s) of a call to function 'Block_newFuncRoot_proc_proc34' in function 'dataflow_in_loop_mat_mul_i17' and propagating its result(s) since all actual argument(s) to the function are constants.
INFO: [XFORM 203-603] Evaluating the output(s) of a call to function 'Block_newFuncRoot_proc_proc35' in function 'dataflow_in_loop_mat_mul_i17' and propagating its result(s) since all actual argument(s) to the function are constants.
INFO: [XFORM 203-603] Evaluating the output(s) of a call to function 'Block_newFuncRoot_proc_proc36' in function 'dataflow_in_loop_mat_mul_i17' and propagating its result(s) since all actual argument(s) to the function are constants.
INFO: [XFORM 203-603] Evaluating the output(s) of a call to function 'Block_newFuncRoot_proc_proc37' in function 'dataflow_in_loop_mat_mul_i17' and propagating its result(s) since all actual argument(s) to the function are constants.
INFO: [XFORM 203-603] Evaluating the output(s) of a call to function 'Block_newFuncRoot_proc_proc38' in function 'dataflow_in_loop_mat_mul_i17' and propagating its result(s) since all actual argument(s) to the function are constants.
INFO: [XFORM 203-603] Evaluating the output(s) of a call to function 'Block_newFuncRoot_proc_proc39' in function 'dataflow_in_loop_mat_mul_i17' and propagating its result(s) since all actual argument(s) to the function are constants.
INFO: [XFORM 203-603] Evaluating the output(s) of a call to function 'Block_newFuncRoot_proc_proc40' in function 'dataflow_in_loop_mat_mul_i17' and propagating its result(s) since all actual argument(s) to the function are constants.
INFO: [XFORM 203-603] Evaluating the output(s) of a call to function 'Block_newFuncRoot_proc_proc41' in function 'dataflow_in_loop_mat_mul_i17' and propagating its result(s) since all actual argument(s) to the function are constants.
INFO: [XFORM 203-603] Evaluating the output(s) of a call to function 'Block_newFuncRoot_proc_proc42' in function 'dataflow_in_loop_mat_mul_i17' and propagating its result(s) since all actual argument(s) to the function are constants.
INFO: [XFORM 203-603] Evaluating the output(s) of a call to function 'Block_newFuncRoot_proc_proc43' in function 'dataflow_in_loop_mat_mul_i17' and propagating its result(s) since all actual argument(s) to the function are constants.
INFO: [XFORM 203-603] Evaluating the output(s) of a call to function 'Block_newFuncRoot_proc_proc44' in function 'dataflow_in_loop_mat_mul_i17' and propagating its result(s) since all actual argument(s) to the function are constants.
INFO: [XFORM 203-603] Evaluating the output(s) of a call to function 'Block_newFuncRoot_proc_proc45' in function 'dataflow_in_loop_mat_mul_i17' and propagating its result(s) since all actual argument(s) to the function are constants.
INFO: [XFORM 203-603] Evaluating the output(s) of a call to function 'Block_newFuncRoot_proc_proc46' in function 'dataflow_in_loop_mat_mul_i17' and propagating its result(s) since all actual argument(s) to the function are constants.
INFO: [XFORM 203-603] Evaluating the output(s) of a call to function 'Block_newFuncRoot_proc_proc47' in function 'dataflow_in_loop_mat_mul_i17' and propagating its result(s) since all actual argument(s) to the function are constants.
INFO: [XFORM 203-603] Evaluating the output(s) of a call to function 'Block_newFuncRoot_proc_proc48' in function 'dataflow_in_loop_mat_mul_i17' and propagating its result(s) since all actual argument(s) to the function are constants.
INFO: [XFORM 203-603] Evaluating the output(s) of a call to function 'Block_newFuncRoot_proc_proc49' in function 'dataflow_in_loop_mat_mul_i17' and propagating its result(s) since all actual argument(s) to the function are constants.
INFO: [XFORM 203-603] Evaluating the output(s) of a call to function 'Block_newFuncRoot_proc_proc50' in function 'dataflow_in_loop_mat_mul_i17' and propagating its result(s) since all actual argument(s) to the function are constants.
INFO: [XFORM 203-603] Evaluating the output(s) of a call to function 'Block_newFuncRoot_proc_proc51' in function 'dataflow_in_loop_mat_mul_i17' and propagating its result(s) since all actual argument(s) to the function are constants.
INFO: [XFORM 203-603] Evaluating the output(s) of a call to function 'Block_newFuncRoot_proc_proc52' in function 'dataflow_in_loop_mat_mul_i17' and propagating its result(s) since all actual argument(s) to the function are constants.
INFO: [XFORM 203-603] Evaluating the output(s) of a call to function 'Block_newFuncRoot_proc_proc53' in function 'dataflow_in_loop_mat_mul_i17' and propagating its result(s) since all actual argument(s) to the function are constants.
INFO: [HLS 200-2061] Successfully converted nested loops 'store_C_tj'(source/dram.hpp:37:4) and 'store_C_jv'(source/dram.hpp:39:5) in function 'storeOutputToDRAM' into perfectly nested loops.
INFO: [HLS 200-2061] Successfully converted nested loops 'store_C_ik'(source/dram.hpp:35:3) and 'store_C_tj'(source/dram.hpp:37:4) in function 'storeOutputToDRAM' into perfectly nested loops.
INFO: [HLS 200-2061] Successfully converted nested loops 'store_C_ti'(source/dram.hpp:33:2) and 'store_C_ik'(source/dram.hpp:35:3) in function 'storeOutputToDRAM' into perfectly nested loops.
INFO: [HLS 200-2061] Successfully converted nested loops 'VITIS_LOOP_38_1'(source/loader.hpp:38:19) and 'VITIS_LOOP_39_2'(source/loader.hpp:39:20) in function 'loader_C_tile15' into perfectly nested loops.
INFO: [HLS 200-2061] Successfully converted nested loops 'VITIS_LOOP_38_1'(source/loader.hpp:38:19) and 'VITIS_LOOP_39_2'(source/loader.hpp:39:20) in function 'loader_C_tile.616' into perfectly nested loops.
INFO: [HLS 200-2061] Successfully converted nested loops 'VITIS_LOOP_9_1'(source/loader.hpp:9:18) and 'VITIS_LOOP_10_2'(source/loader.hpp:10:20) in function 'loader_A_tiles3' into perfectly nested loops.
INFO: [HLS 200-2061] Successfully converted nested loops 'VITIS_LOOP_57_1'(source/dram.hpp:57:20) and 'VITIS_LOOP_58_2'(source/dram.hpp:58:21) in function 'loadBFromDRAM' into perfectly nested loops.
INFO: [XFORM 203-541] Flattening a loop nest 'store_C_tj' (source/dram.hpp:37:4) in function 'storeOutputToDRAM'.
INFO: [XFORM 203-541] Flattening a loop nest 'store_C_ik' (source/dram.hpp:35:3) in function 'storeOutputToDRAM'.
INFO: [XFORM 203-541] Flattening a loop nest 'store_C_ti' (source/dram.hpp:33:2) in function 'storeOutputToDRAM'.
INFO: [XFORM 203-541] Flattening a loop nest 'VITIS_LOOP_38_1' (source/loader.hpp:38:19) in function 'loader_C_tile15'.
INFO: [XFORM 203-541] Flattening a loop nest 'VITIS_LOOP_38_1' (source/loader.hpp:38:19) in function 'loader_C_tile.616'.
INFO: [XFORM 203-541] Flattening a loop nest 'VITIS_LOOP_24_1' (source/loader.hpp:24:19) in function 'loader_B_tile11'.
INFO: [XFORM 203-541] Flattening a loop nest 'VITIS_LOOP_24_1' (source/loader.hpp:24:19) in function 'loader_B_tile.212'.
INFO: [XFORM 203-541] Flattening a loop nest 'VITIS_LOOP_9_1' (source/loader.hpp:9:18) in function 'loader_A_tiles3'.
INFO: [XFORM 203-541] Flattening a loop nest 'VITIS_LOOP_57_1' (source/dram.hpp:57:20) in function 'loadBFromDRAM'.
INFO: [HLS 200-2039] Inferred 'occurrence' pragma with cycle 2 in function dataflow_in_loop_loop_for_tile_a.1_Block_newFuncRoot112_proc8'.
INFO: [HLS 200-2039] Inferred 'occurrence' pragma with cycle 2 in function dataflow_in_loop_loop_for_tile_a.1_Block_newFuncRoot112_proc8'.
WARNING: [HLS 200-1449] Process dataflow_in_loop_loop_for_tile_a.1 has both a predecessor and reads an input from its caller (see the GUI dataflow viewer). This may lead to lower throughput. Consider copying this input via a predecessor process.
INFO: [HLS 200-111] Finished Architecture Synthesis: CPU user time: 15.88 seconds. CPU system time: 0.14 seconds. Elapsed time: 16.03 seconds; current allocated memory: 747.434 MB.
INFO: [HLS 200-10] Starting hardware synthesis ...
INFO: [HLS 200-10] Synthesizing 'gemm2' ...
WARNING: [SYN 201-103] Legalizing function name 'loadTileBFromDRAM.110' to 'loadTileBFromDRAM_110'.
WARNING: [SYN 201-103] Legalizing function name 'loader_B_tile.212' to 'loader_B_tile_212'.
WARNING: [SYN 201-103] Legalizing function name 'calculatepsum.321' to 'calculatepsum_321'.
WARNING: [SYN 201-103] Legalizing function name 'psumToStream.422' to 'psumToStream_422'.
WARNING: [SYN 201-103] Legalizing function name 'dataflow_in_loop_mat_mul_i.17418' to 'dataflow_in_loop_mat_mul_i_17418'.
WARNING: [SYN 201-103] Legalizing function name 'matMulTile.514' to 'matMulTile_514'.
WARNING: [SYN 201-103] Legalizing function name 'loader_C_tile.616' to 'loader_C_tile_616'.
WARNING: [SYN 201-103] Legalizing function name 'storeTileToDRAM.7_Loop_store_C_tile_proc' to 'storeTileToDRAM_7_Loop_store_C_tile_proc'.
WARNING: [SYN 201-103] Legalizing function name 'storeTileToDRAM.7' to 'storeTileToDRAM_7'.
WARNING: [SYN 201-103] Legalizing function name 'dataflow_in_loop_loop_for_tile_a.1_Block_newFuncRoot112_proc8' to 'dataflow_in_loop_loop_for_tile_a_1_Block_newFuncRoot112_proc8'.
WARNING: [SYN 201-103] Legalizing function name 'dataflow_in_loop_loop_for_tile_a.1' to 'dataflow_in_loop_loop_for_tile_a_1'.
INFO: [HLS 200-10] ----------------------------------------------------------------
INFO: [HLS 200-42] -- Implementing module 'loadBFromDRAM_Pipeline_VITIS_LOOP_57_1_VITIS_LOOP_58_2' 
INFO: [HLS 200-10] ----------------------------------------------------------------
INFO: [SCHED 204-11] Starting scheduling ...
INFO: [SCHED 204-61] Pipelining loop 'VITIS_LOOP_57_1_VITIS_LOOP_58_2'.
INFO: [HLS 200-1470] Pipelining result : Target II = 1, Final II = 1, Depth = 2, loop 'VITIS_LOOP_57_1_VITIS_LOOP_58_2'
INFO: [SCHED 204-11] Finished scheduling.
INFO: [HLS 200-111] Finished Scheduling: CPU user time: 3.59 seconds. CPU system time: 0.07 seconds. Elapsed time: 3.68 seconds; current allocated memory: 759.074 MB.
INFO: [BIND 205-100] Starting micro-architecture generation ...
INFO: [BIND 205-101] Performing variable lifetime analysis.
INFO: [BIND 205-101] Exploring resource sharing.
INFO: [BIND 205-101] Binding ...
INFO: [BIND 205-100] Finished micro-architecture generation.
INFO: [HLS 200-111] Finished Binding: CPU user time: 0.02 seconds. CPU system time: 0 seconds. Elapsed time: 0.02 seconds; current allocated memory: 759.074 MB.
INFO: [HLS 200-10] ----------------------------------------------------------------
INFO: [HLS 200-42] -- Implementing module 'loadBFromDRAM' 
INFO: [HLS 200-10] ----------------------------------------------------------------
INFO: [SCHED 204-11] Starting scheduling ...
INFO: [SCHED 204-11] Finished scheduling.
INFO: [HLS 200-111] Finished Scheduling: CPU user time: 0.05 seconds. CPU system time: 0 seconds. Elapsed time: 0.05 seconds; current allocated memory: 759.375 MB.
INFO: [BIND 205-100] Starting micro-architecture generation ...
INFO: [BIND 205-101] Performing variable lifetime analysis.
INFO: [BIND 205-101] Exploring resource sharing.
INFO: [BIND 205-101] Binding ...
INFO: [BIND 205-100] Finished micro-architecture generation.
INFO: [HLS 200-111] Finished Binding: CPU user time: 0.02 seconds. CPU system time: 0 seconds. Elapsed time: 0.02 seconds; current allocated memory: 759.375 MB.
INFO: [HLS 200-10] ----------------------------------------------------------------
INFO: [HLS 200-42] -- Implementing module 'loadTileAFromDRAM2' 
INFO: [HLS 200-10] ----------------------------------------------------------------
INFO: [SCHED 204-11] Starting scheduling ...
INFO: [SCHED 204-11] Finished scheduling.
INFO: [HLS 200-111] Finished Scheduling: CPU user time: 0.2 seconds. CPU system time: 0.01 seconds. Elapsed time: 0.2 seconds; current allocated memory: 760.586 MB.
INFO: [BIND 205-100] Starting micro-architecture generation ...
INFO: [BIND 205-101] Performing variable lifetime analysis.
INFO: [BIND 205-101] Exploring resource sharing.
INFO: [BIND 205-101] Binding ...
INFO: [BIND 205-100] Finished micro-architecture generation.
INFO: [HLS 200-111] Finished Binding: CPU user time: 0.03 seconds. CPU system time: 0 seconds. Elapsed time: 0.03 seconds; current allocated memory: 760.586 MB.
INFO: [HLS 200-10] ----------------------------------------------------------------
INFO: [HLS 200-42] -- Implementing module 'loader_A_tiles3' 
INFO: [HLS 200-10] ----------------------------------------------------------------
INFO: [SCHED 204-11] Starting scheduling ...
INFO: [SCHED 204-61] Pipelining loop 'VITIS_LOOP_9_1_VITIS_LOOP_10_2'.
INFO: [HLS 200-1470] Pipelining result : Target II = 1, Final II = 1, Depth = 2, loop 'VITIS_LOOP_9_1_VITIS_LOOP_10_2'
WARNING: [HLS 200-871] Estimated clock period (2.504 ns) exceeds the target (target clock period: 3.333 ns, clock uncertainty: 0.900 ns, effective delay budget: 2.433 ns).
WARNING: [HLS 200-1016] The critical path in module 'loader_A_tiles3' consists of the following:
	'store' operation 0 bit ('k_write_ln10', source/loader.hpp:10) of constant 0 on local variable 'k', source/loader.hpp:10 [20]  (0.392 ns)
	'load' operation 5 bit ('k_load', source/loader.hpp:10) on local variable 'k', source/loader.hpp:10 [30]  (0.000 ns)
	'icmp' operation 1 bit ('icmp_ln10', source/loader.hpp:10) [36]  (0.655 ns)
	'select' operation 5 bit ('select_ln9', source/loader.hpp:9) [37]  (0.410 ns)
	'add' operation 5 bit ('add_ln10', source/loader.hpp:10) [56]  (0.655 ns)
	'muxlogic' operation 0 bit ('muxLogicData_to_store_ln10') [63]  (0.000 ns)
	'store' operation 0 bit ('k_write_ln10', source/loader.hpp:10) of variable 'add_ln10', source/loader.hpp:10 on local variable 'k', source/loader.hpp:10 [65]  (0.392 ns)

INFO: [SCHED 204-11] Finished scheduling.
INFO: [HLS 200-111] Finished Scheduling: CPU user time: 0.09 seconds. CPU system time: 0 seconds. Elapsed time: 0.09 seconds; current allocated memory: 761.383 MB.
INFO: [BIND 205-100] Starting micro-architecture generation ...
INFO: [BIND 205-101] Performing variable lifetime analysis.
INFO: [BIND 205-101] Exploring resource sharing.
INFO: [BIND 205-101] Binding ...
INFO: [BIND 205-100] Finished micro-architecture generation.
INFO: [HLS 200-111] Finished Binding: CPU user time: 0.02 seconds. CPU system time: 0 seconds. Elapsed time: 0.03 seconds; current allocated memory: 761.383 MB.
INFO: [HLS 200-10] ----------------------------------------------------------------
INFO: [HLS 200-42] -- Implementing module 'loadTileBFromDRAM9' 
INFO: [HLS 200-10] ----------------------------------------------------------------
INFO: [SCHED 204-11] Starting scheduling ...
INFO: [SCHED 204-11] Finished scheduling.
INFO: [HLS 200-111] Finished Scheduling: CPU user time: 2.29 seconds. CPU system time: 0.02 seconds. Elapsed time: 2.32 seconds; current allocated memory: 816.879 MB.
INFO: [BIND 205-100] Starting micro-architecture generation ...
INFO: [BIND 205-101] Performing variable lifetime analysis.
INFO: [BIND 205-101] Exploring resource sharing.
INFO: [BIND 205-101] Binding ...
INFO: [BIND 205-100] Finished micro-architecture generation.
INFO: [HLS 200-111] Finished Binding: CPU user time: 3.89 seconds. CPU system time: 0.01 seconds. Elapsed time: 3.9 seconds; current allocated memory: 816.879 MB.
INFO: [HLS 200-10] ----------------------------------------------------------------
INFO: [HLS 200-42] -- Implementing module 'loadTileBFromDRAM_110' 
INFO: [HLS 200-10] ----------------------------------------------------------------
INFO: [SCHED 204-11] Starting scheduling ...
INFO: [SCHED 204-11] Finished scheduling.
INFO: [HLS 200-111] Finished Scheduling: CPU user time: 2.99 seconds. CPU system time: 0.02 seconds. Elapsed time: 3.02 seconds; current allocated memory: 848.969 MB.
INFO: [BIND 205-100] Starting micro-architecture generation ...
INFO: [BIND 205-101] Performing variable lifetime analysis.
INFO: [BIND 205-101] Exploring resource sharing.
INFO: [BIND 205-101] Binding ...
INFO: [BIND 205-100] Finished micro-architecture generation.
INFO: [HLS 200-111] Finished Binding: CPU user time: 3.92 seconds. CPU system time: 0.01 seconds. Elapsed time: 3.92 seconds; current allocated memory: 848.969 MB.
INFO: [HLS 200-10] ----------------------------------------------------------------
INFO: [HLS 200-42] -- Implementing module 'loadTilesBFromDRAM4' 
INFO: [HLS 200-10] ----------------------------------------------------------------
INFO: [SCHED 204-11] Starting scheduling ...
INFO: [SCHED 204-11] Finished scheduling.
INFO: [HLS 200-111] Finished Scheduling: CPU user time: 1.1 seconds. CPU system time: 0.01 seconds. Elapsed time: 1.12 seconds; current allocated memory: 848.969 MB.
INFO: [BIND 205-100] Starting micro-architecture generation ...
INFO: [BIND 205-101] Performing variable lifetime analysis.
INFO: [BIND 205-101] Exploring resource sharing.
INFO: [BIND 205-101] Binding ...
INFO: [BIND 205-100] Finished micro-architecture generation.
INFO: [HLS 200-111] Finished Binding: CPU user time: 0.61 seconds. CPU system time: 0 seconds. Elapsed time: 0.61 seconds; current allocated memory: 848.969 MB.
INFO: [HLS 200-10] ----------------------------------------------------------------
INFO: [HLS 200-42] -- Implementing module 'loader_B_tile11' 
INFO: [HLS 200-10] ----------------------------------------------------------------
INFO: [SCHED 204-11] Starting scheduling ...
INFO: [SCHED 204-61] Pipelining loop 'VITIS_LOOP_24_1_VITIS_LOOP_25_2'.
INFO: [HLS 200-1470] Pipelining result : Target II = 1, Final II = 1, Depth = 2, loop 'VITIS_LOOP_24_1_VITIS_LOOP_25_2'
WARNING: [HLS 200-871] Estimated clock period (2.559 ns) exceeds the target (target clock period: 3.333 ns, clock uncertainty: 0.900 ns, effective delay budget: 2.433 ns).
WARNING: [HLS 200-1016] The critical path in module 'loader_B_tile11' consists of the following:
	'store' operation 0 bit ('k_write_ln25', source/loader.hpp:25->source/loader.hpp:52) of constant 0 on local variable 'k', source/loader.hpp:25->source/loader.hpp:52 [1608]  (0.392 ns)
	'load' operation 5 bit ('k_load', source/loader.hpp:24->source/loader.hpp:52) on local variable 'k', source/loader.hpp:25->source/loader.hpp:52 [1618]  (0.000 ns)
	'icmp' operation 1 bit ('icmp_ln25', source/loader.hpp:25->source/loader.hpp:52) [1621]  (0.655 ns)
	'select' operation 5 bit ('select_ln24', source/loader.hpp:24->source/loader.hpp:52) [1622]  (0.410 ns)
	'sparsemux' operation 32 bit ('tmp_i', source/loader.hpp:30->source/loader.hpp:52) [1625]  (1.102 ns)

INFO: [SCHED 204-11] Finished scheduling.
INFO: [HLS 200-111] Finished Scheduling: CPU user time: 2.99 seconds. CPU system time: 0.01 seconds. Elapsed time: 3.01 seconds; current allocated memory: 848.969 MB.
INFO: [BIND 205-100] Starting micro-architecture generation ...
INFO: [BIND 205-101] Performing variable lifetime analysis.
INFO: [BIND 205-101] Exploring resource sharing.
INFO: [BIND 205-101] Binding ...
INFO: [BIND 205-100] Finished micro-architecture generation.
INFO: [HLS 200-111] Finished Binding: CPU user time: 0.22 seconds. CPU system time: 0 seconds. Elapsed time: 0.23 seconds; current allocated memory: 848.969 MB.
INFO: [HLS 200-10] ----------------------------------------------------------------
INFO: [HLS 200-42] -- Implementing module 'loader_B_tile_212' 
INFO: [HLS 200-10] ----------------------------------------------------------------
INFO: [SCHED 204-11] Starting scheduling ...
INFO: [SCHED 204-61] Pipelining loop 'VITIS_LOOP_24_1_VITIS_LOOP_25_2'.
INFO: [HLS 200-1470] Pipelining result : Target II = 1, Final II = 1, Depth = 2, loop 'VITIS_LOOP_24_1_VITIS_LOOP_25_2'
WARNING: [HLS 200-871] Estimated clock period (2.559 ns) exceeds the target (target clock period: 3.333 ns, clock uncertainty: 0.900 ns, effective delay budget: 2.433 ns).
WARNING: [HLS 200-1016] The critical path in module 'loader_B_tile_212' consists of the following:
	'store' operation 0 bit ('k_write_ln25', source/loader.hpp:25->source/loader.hpp:52) of constant 0 on local variable 'k', source/loader.hpp:25->source/loader.hpp:52 [1608]  (0.392 ns)
	'load' operation 5 bit ('k_load', source/loader.hpp:24->source/loader.hpp:52) on local variable 'k', source/loader.hpp:25->source/loader.hpp:52 [1618]  (0.000 ns)
	'icmp' operation 1 bit ('icmp_ln25', source/loader.hpp:25->source/loader.hpp:52) [1621]  (0.655 ns)
	'select' operation 5 bit ('select_ln24', source/loader.hpp:24->source/loader.hpp:52) [1622]  (0.410 ns)
	'sparsemux' operation 32 bit ('tmp_i', source/loader.hpp:30->source/loader.hpp:52) [1625]  (1.102 ns)

INFO: [SCHED 204-11] Finished scheduling.
INFO: [HLS 200-111] Finished Scheduling: CPU user time: 1.4 seconds. CPU system time: 0.02 seconds. Elapsed time: 1.42 seconds; current allocated memory: 851.230 MB.
INFO: [BIND 205-100] Starting micro-architecture generation ...
INFO: [BIND 205-101] Performing variable lifetime analysis.
INFO: [BIND 205-101] Exploring resource sharing.
INFO: [BIND 205-101] Binding ...
INFO: [BIND 205-100] Finished micro-architecture generation.
INFO: [HLS 200-111] Finished Binding: CPU user time: 0.13 seconds. CPU system time: 0 seconds. Elapsed time: 0.13 seconds; current allocated memory: 851.230 MB.
INFO: [HLS 200-10] ----------------------------------------------------------------
INFO: [HLS 200-42] -- Implementing module 'loader_B_tiles5' 
INFO: [HLS 200-10] ----------------------------------------------------------------
INFO: [SCHED 204-11] Starting scheduling ...
INFO: [SCHED 204-11] Finished scheduling.
INFO: [HLS 200-111] Finished Scheduling: CPU user time: 0.12 seconds. CPU system time: 0.01 seconds. Elapsed time: 0.14 seconds; current allocated memory: 852.852 MB.
INFO: [BIND 205-100] Starting micro-architecture generation ...
INFO: [BIND 205-101] Performing variable lifetime analysis.
INFO: [BIND 205-101] Exploring resource sharing.
INFO: [BIND 205-101] Binding ...
INFO: [BIND 205-100] Finished micro-architecture generation.
INFO: [HLS 200-111] Finished Binding: CPU user time: 0.04 seconds. CPU system time: 0.01 seconds. Elapsed time: 0.04 seconds; current allocated memory: 852.852 MB.
INFO: [HLS 200-10] ----------------------------------------------------------------
INFO: [HLS 200-42] -- Implementing module 'calculatepsum19' 
INFO: [HLS 200-10] ----------------------------------------------------------------
INFO: [SCHED 204-11] Starting scheduling ...
INFO: [SCHED 204-61] Pipelining loop 'VITIS_LOOP_10_1'.
INFO: [HLS 200-1470] Pipelining result : Target II = 1, Final II = 1, Depth = 5, loop 'VITIS_LOOP_10_1'
INFO: [SCHED 204-11] Finished scheduling.
INFO: [HLS 200-111] Finished Scheduling: CPU user time: 0.49 seconds. CPU system time: 0 seconds. Elapsed time: 0.5 seconds; current allocated memory: 856.754 MB.
INFO: [BIND 205-100] Starting micro-architecture generation ...
INFO: [BIND 205-101] Performing variable lifetime analysis.
INFO: [BIND 205-101] Exploring resource sharing.
INFO: [BIND 205-101] Binding ...
INFO: [BIND 205-100] Finished micro-architecture generation.
INFO: [HLS 200-111] Finished Binding: CPU user time: 0.06 seconds. CPU system time: 0.01 seconds. Elapsed time: 0.06 seconds; current allocated memory: 856.754 MB.
INFO: [HLS 200-10] ----------------------------------------------------------------
INFO: [HLS 200-42] -- Implementing module 'psumToStream20' 
INFO: [HLS 200-10] ----------------------------------------------------------------
INFO: [SCHED 204-11] Starting scheduling ...
INFO: [SCHED 204-11] Finished scheduling.
INFO: [HLS 200-111] Finished Scheduling: CPU user time: 0.08 seconds. CPU system time: 0 seconds. Elapsed time: 0.07 seconds; current allocated memory: 856.754 MB.
INFO: [BIND 205-100] Starting micro-architecture generation ...
INFO: [BIND 205-101] Performing variable lifetime analysis.
INFO: [BIND 205-101] Exploring resource sharing.
INFO: [BIND 205-101] Binding ...
INFO: [BIND 205-100] Finished micro-architecture generation.
INFO: [HLS 200-111] Finished Binding: CPU user time: 0.02 seconds. CPU system time: 0 seconds. Elapsed time: 0.03 seconds; current allocated memory: 856.754 MB.
INFO: [HLS 200-10] ----------------------------------------------------------------
INFO: [HLS 200-42] -- Implementing module 'dataflow_in_loop_mat_mul_i17' 
INFO: [HLS 200-10] ----------------------------------------------------------------
INFO: [SCHED 204-11] Starting scheduling ...
WARNING: [HLS 200-871] Estimated clock period (3.229 ns) exceeds the target (target clock period: 3.333 ns, clock uncertainty: 0.900 ns, effective delay budget: 2.433 ns).
WARNING: [HLS 200-1016] The critical path in module 'dataflow_in_loop_mat_mul_i17' consists of the following:
	'call' operation 1024 bit ('call_ret', source/usefulFunctions.hpp:38) to 'calculatepsum19' [132]  (0.468 ns)
	'call' operation 0 bit ('_ln39', source/usefulFunctions.hpp:39) to 'psumToStream20' [165]  (1.799 ns)
	blocking operation 0.962 ns on control path)

INFO: [SCHED 204-11] Finished scheduling.
INFO: [HLS 200-111] Finished Scheduling: CPU user time: 0.04 seconds. CPU system time: 0 seconds. Elapsed time: 0.04 seconds; current allocated memory: 856.754 MB.
INFO: [BIND 205-100] Starting micro-architecture generation ...
INFO: [BIND 205-101] Performing variable lifetime analysis.
INFO: [BIND 205-101] Exploring resource sharing.
INFO: [BIND 205-101] Binding ...
INFO: [BIND 205-100] Finished micro-architecture generation.
INFO: [HLS 200-111] Finished Binding: CPU user time: 0.02 seconds. CPU system time: 0.01 seconds. Elapsed time: 0.02 seconds; current allocated memory: 856.754 MB.
INFO: [HLS 200-10] ----------------------------------------------------------------
INFO: [HLS 200-42] -- Implementing module 'matMulTile13' 
INFO: [HLS 200-10] ----------------------------------------------------------------
INFO: [SCHED 204-11] Starting scheduling ...
INFO: [SCHED 204-11] Finished scheduling.
INFO: [HLS 200-111] Finished Scheduling: CPU user time: 0.03 seconds. CPU system time: 0 seconds. Elapsed time: 0.04 seconds; current allocated memory: 857.203 MB.
INFO: [BIND 205-100] Starting micro-architecture generation ...
INFO: [BIND 205-101] Performing variable lifetime analysis.
INFO: [BIND 205-101] Exploring resource sharing.
INFO: [BIND 205-101] Binding ...
INFO: [BIND 205-100] Finished micro-architecture generation.
INFO: [HLS 200-111] Finished Binding: CPU user time: 0.03 seconds. CPU system time: 0 seconds. Elapsed time: 0.03 seconds; current allocated memory: 857.352 MB.
INFO: [HLS 200-10] ----------------------------------------------------------------
INFO: [HLS 200-42] -- Implementing module 'calculatepsum_321' 
INFO: [HLS 200-10] ----------------------------------------------------------------
INFO: [SCHED 204-11] Starting scheduling ...
INFO: [SCHED 204-61] Pipelining loop 'VITIS_LOOP_10_1'.
INFO: [HLS 200-1470] Pipelining result : Target II = 1, Final II = 1, Depth = 5, loop 'VITIS_LOOP_10_1'
INFO: [SCHED 204-11] Finished scheduling.
INFO: [HLS 200-111] Finished Scheduling: CPU user time: 0.45 seconds. CPU system time: 0 seconds. Elapsed time: 0.45 seconds; current allocated memory: 864.234 MB.
INFO: [BIND 205-100] Starting micro-architecture generation ...
INFO: [BIND 205-101] Performing variable lifetime analysis.
INFO: [BIND 205-101] Exploring resource sharing.
INFO: [BIND 205-101] Binding ...
INFO: [BIND 205-100] Finished micro-architecture generation.
INFO: [HLS 200-111] Finished Binding: CPU user time: 0.07 seconds. CPU system time: 0 seconds. Elapsed time: 0.08 seconds; current allocated memory: 864.234 MB.
INFO: [HLS 200-10] ----------------------------------------------------------------
INFO: [HLS 200-42] -- Implementing module 'psumToStream_422' 
INFO: [HLS 200-10] ----------------------------------------------------------------
INFO: [SCHED 204-11] Starting scheduling ...
INFO: [SCHED 204-11] Finished scheduling.
INFO: [HLS 200-111] Finished Scheduling: CPU user time: 0.08 seconds. CPU system time: 0 seconds. Elapsed time: 0.08 seconds; current allocated memory: 864.234 MB.
INFO: [BIND 205-100] Starting micro-architecture generation ...
INFO: [BIND 205-101] Performing variable lifetime analysis.
INFO: [BIND 205-101] Exploring resource sharing.
INFO: [BIND 205-101] Binding ...
INFO: [BIND 205-100] Finished micro-architecture generation.
INFO: [HLS 200-111] Finished Binding: CPU user time: 0.02 seconds. CPU system time: 0 seconds. Elapsed time: 0.03 seconds; current allocated memory: 864.234 MB.
INFO: [HLS 200-10] ----------------------------------------------------------------
INFO: [HLS 200-42] -- Implementing module 'dataflow_in_loop_mat_mul_i_17418' 
INFO: [HLS 200-10] ----------------------------------------------------------------
INFO: [SCHED 204-11] Starting scheduling ...
WARNING: [HLS 200-871] Estimated clock period (3.229 ns) exceeds the target (target clock period: 3.333 ns, clock uncertainty: 0.900 ns, effective delay budget: 2.433 ns).
WARNING: [HLS 200-1016] The critical path in module 'dataflow_in_loop_mat_mul_i_17418' consists of the following:
	'call' operation 1024 bit ('call_ret', source/usefulFunctions.hpp:38) to 'calculatepsum.321' [132]  (0.468 ns)
	'call' operation 0 bit ('_ln39', source/usefulFunctions.hpp:39) to 'psumToStream.422' [165]  (1.799 ns)
	blocking operation 0.962 ns on control path)

INFO: [SCHED 204-11] Finished scheduling.
INFO: [HLS 200-111] Finished Scheduling: CPU user time: 0.05 seconds. CPU system time: 0.01 seconds. Elapsed time: 0.04 seconds; current allocated memory: 864.234 MB.
INFO: [BIND 205-100] Starting micro-architecture generation ...
INFO: [BIND 205-101] Performing variable lifetime analysis.
INFO: [BIND 205-101] Exploring resource sharing.
INFO: [BIND 205-101] Binding ...
INFO: [BIND 205-100] Finished micro-architecture generation.
INFO: [HLS 200-111] Finished Binding: CPU user time: 0.02 seconds. CPU system time: 0 seconds. Elapsed time: 0.02 seconds; current allocated memory: 864.234 MB.
INFO: [HLS 200-10] ----------------------------------------------------------------
INFO: [HLS 200-42] -- Implementing module 'matMulTile_514' 
INFO: [HLS 200-10] ----------------------------------------------------------------
INFO: [SCHED 204-11] Starting scheduling ...
INFO: [SCHED 204-11] Finished scheduling.
INFO: [HLS 200-111] Finished Scheduling: CPU user time: 0.03 seconds. CPU system time: 0 seconds. Elapsed time: 0.04 seconds; current allocated memory: 864.699 MB.
INFO: [BIND 205-100] Starting micro-architecture generation ...
INFO: [BIND 205-101] Performing variable lifetime analysis.
INFO: [BIND 205-101] Exploring resource sharing.
INFO: [BIND 205-101] Binding ...
INFO: [BIND 205-100] Finished micro-architecture generation.
INFO: [HLS 200-111] Finished Binding: CPU user time: 0.03 seconds. CPU system time: 0 seconds. Elapsed time: 0.03 seconds; current allocated memory: 865.125 MB.
INFO: [HLS 200-10] ----------------------------------------------------------------
INFO: [HLS 200-42] -- Implementing module 'matMulTiles6' 
INFO: [HLS 200-10] ----------------------------------------------------------------
INFO: [SCHED 204-11] Starting scheduling ...
INFO: [SCHED 204-11] Finished scheduling.
INFO: [HLS 200-111] Finished Scheduling: CPU user time: 0.05 seconds. CPU system time: 0 seconds. Elapsed time: 0.05 seconds; current allocated memory: 865.625 MB.
INFO: [BIND 205-100] Starting micro-architecture generation ...
INFO: [BIND 205-101] Performing variable lifetime analysis.
INFO: [BIND 205-101] Exploring resource sharing.
INFO: [BIND 205-101] Binding ...
INFO: [BIND 205-100] Finished micro-architecture generation.
INFO: [HLS 200-111] Finished Binding: CPU user time: 0.03 seconds. CPU system time: 0 seconds. Elapsed time: 0.03 seconds; current allocated memory: 866.668 MB.
INFO: [HLS 200-10] ----------------------------------------------------------------
INFO: [HLS 200-42] -- Implementing module 'loader_C_tile15' 
INFO: [HLS 200-10] ----------------------------------------------------------------
INFO: [SCHED 204-11] Starting scheduling ...
INFO: [SCHED 204-61] Pipelining loop 'VITIS_LOOP_38_1_VITIS_LOOP_39_2'.
INFO: [HLS 200-1470] Pipelining result : Target II = 1, Final II = 1, Depth = 2, loop 'VITIS_LOOP_38_1_VITIS_LOOP_39_2'
WARNING: [HLS 200-871] Estimated clock period (2.991 ns) exceeds the target (target clock period: 3.333 ns, clock uncertainty: 0.900 ns, effective delay budget: 2.433 ns).
WARNING: [HLS 200-1016] The critical path in module 'loader_C_tile15' consists of the following:
	'store' operation 0 bit ('j_write_ln39', source/loader.hpp:39) of constant 0 on local variable 'j', source/loader.hpp:39 [140]  (0.397 ns)
	'load' operation 6 bit ('j_load', source/loader.hpp:39) on local variable 'j', source/loader.hpp:39 [150]  (0.000 ns)
	'icmp' operation 1 bit ('icmp_ln39', source/loader.hpp:39) [156]  (0.711 ns)
	'select' operation 6 bit ('select_ln38', source/loader.hpp:38) [157]  (0.396 ns)
	fifo read operation ('C_streams_0_15_read', source/loader.hpp:42) on port 'C_streams_0_15' (source/loader.hpp:42) [302]  (0.962 ns)
	blocking operation 0.525 ns on control path)

INFO: [SCHED 204-11] Finished scheduling.
INFO: [HLS 200-111] Finished Scheduling: CPU user time: 0.23 seconds. CPU system time: 0.01 seconds. Elapsed time: 0.24 seconds; current allocated memory: 869.680 MB.
INFO: [BIND 205-100] Starting micro-architecture generation ...
INFO: [BIND 205-101] Performing variable lifetime analysis.
INFO: [BIND 205-101] Exploring resource sharing.
INFO: [BIND 205-101] Binding ...
INFO: [BIND 205-100] Finished micro-architecture generation.
INFO: [HLS 200-111] Finished Binding: CPU user time: 0.07 seconds. CPU system time: 0 seconds. Elapsed time: 0.07 seconds; current allocated memory: 869.680 MB.
INFO: [HLS 200-10] ----------------------------------------------------------------
INFO: [HLS 200-42] -- Implementing module 'loader_C_tile_616' 
INFO: [HLS 200-10] ----------------------------------------------------------------
INFO: [SCHED 204-11] Starting scheduling ...
INFO: [SCHED 204-61] Pipelining loop 'VITIS_LOOP_38_1_VITIS_LOOP_39_2'.
INFO: [HLS 200-1470] Pipelining result : Target II = 1, Final II = 1, Depth = 2, loop 'VITIS_LOOP_38_1_VITIS_LOOP_39_2'
WARNING: [HLS 200-871] Estimated clock period (2.991 ns) exceeds the target (target clock period: 3.333 ns, clock uncertainty: 0.900 ns, effective delay budget: 2.433 ns).
WARNING: [HLS 200-1016] The critical path in module 'loader_C_tile_616' consists of the following:
	'store' operation 0 bit ('j_write_ln39', source/loader.hpp:39) of constant 0 on local variable 'j', source/loader.hpp:39 [140]  (0.397 ns)
	'load' operation 6 bit ('j_load', source/loader.hpp:39) on local variable 'j', source/loader.hpp:39 [150]  (0.000 ns)
	'icmp' operation 1 bit ('icmp_ln39', source/loader.hpp:39) [156]  (0.711 ns)
	'select' operation 6 bit ('select_ln38', source/loader.hpp:38) [157]  (0.396 ns)
	fifo read operation ('C_streams_1_11_read', source/loader.hpp:42) on port 'C_streams_1_11' (source/loader.hpp:42) [330]  (0.962 ns)
	blocking operation 0.525 ns on control path)

INFO: [SCHED 204-11] Finished scheduling.
INFO: [HLS 200-111] Finished Scheduling: CPU user time: 0.22 seconds. CPU system time: 0.01 seconds. Elapsed time: 0.22 seconds; current allocated memory: 871.992 MB.
INFO: [BIND 205-100] Starting micro-architecture generation ...
INFO: [BIND 205-101] Performing variable lifetime analysis.
INFO: [BIND 205-101] Exploring resource sharing.
INFO: [BIND 205-101] Binding ...
INFO: [BIND 205-100] Finished micro-architecture generation.
INFO: [HLS 200-111] Finished Binding: CPU user time: 0.07 seconds. CPU system time: 0 seconds. Elapsed time: 0.07 seconds; current allocated memory: 871.992 MB.
INFO: [HLS 200-10] ----------------------------------------------------------------
INFO: [HLS 200-42] -- Implementing module 'loader_C_tiles7' 
INFO: [HLS 200-10] ----------------------------------------------------------------
INFO: [SCHED 204-11] Starting scheduling ...
INFO: [SCHED 204-11] Finished scheduling.
INFO: [HLS 200-111] Finished Scheduling: CPU user time: 0.13 seconds. CPU system time: 0 seconds. Elapsed time: 0.13 seconds; current allocated memory: 872.082 MB.
INFO: [BIND 205-100] Starting micro-architecture generation ...
INFO: [BIND 205-101] Performing variable lifetime analysis.
INFO: [BIND 205-101] Exploring resource sharing.
INFO: [BIND 205-101] Binding ...
INFO: [BIND 205-100] Finished micro-architecture generation.
INFO: [HLS 200-111] Finished Binding: CPU user time: 0.04 seconds. CPU system time: 0.01 seconds. Elapsed time: 0.04 seconds; current allocated memory: 872.879 MB.
INFO: [HLS 200-10] ----------------------------------------------------------------
INFO: [HLS 200-42] -- Implementing module 'storeTileToDRAM_Loop_store_C_tile_proc' 
INFO: [HLS 200-10] ----------------------------------------------------------------
INFO: [SCHED 204-11] Starting scheduling ...
INFO: [SCHED 204-61] Pipelining loop 'store_C_tile'.
INFO: [HLS 200-1470] Pipelining result : Target II = 1, Final II = 1, Depth = 2, loop 'store_C_tile'
INFO: [SCHED 204-11] Finished scheduling.
INFO: [HLS 200-111] Finished Scheduling: CPU user time: 0.31 seconds. CPU system time: 0 seconds. Elapsed time: 0.32 seconds; current allocated memory: 874.645 MB.
INFO: [BIND 205-100] Starting micro-architecture generation ...
INFO: [BIND 205-101] Performing variable lifetime analysis.
INFO: [BIND 205-101] Exploring resource sharing.
INFO: [BIND 205-101] Binding ...
INFO: [BIND 205-100] Finished micro-architecture generation.
INFO: [HLS 200-111] Finished Binding: CPU user time: 0.05 seconds. CPU system time: 0.01 seconds. Elapsed time: 0.06 seconds; current allocated memory: 874.645 MB.
INFO: [HLS 200-10] ----------------------------------------------------------------
INFO: [HLS 200-42] -- Implementing module 'storeTileToDRAM' 
INFO: [HLS 200-10] ----------------------------------------------------------------
INFO: [SCHED 204-11] Starting scheduling ...
INFO: [SCHED 204-11] Finished scheduling.
INFO: [HLS 200-111] Finished Scheduling: CPU user time: 0.1 seconds. CPU system time: 0 seconds. Elapsed time: 0.1 seconds; current allocated memory: 875.047 MB.
INFO: [BIND 205-100] Starting micro-architecture generation ...
INFO: [BIND 205-101] Performing variable lifetime analysis.
INFO: [BIND 205-101] Exploring resource sharing.
INFO: [BIND 205-101] Binding ...
INFO: [BIND 205-100] Finished micro-architecture generation.
INFO: [HLS 200-111] Finished Binding: CPU user time: 0.02 seconds. CPU system time: 0 seconds. Elapsed time: 0.02 seconds; current allocated memory: 875.223 MB.
INFO: [HLS 200-10] ----------------------------------------------------------------
INFO: [HLS 200-42] -- Implementing module 'storeTileToDRAM_7_Loop_store_C_tile_proc' 
INFO: [HLS 200-10] ----------------------------------------------------------------
INFO: [SCHED 204-11] Starting scheduling ...
INFO: [SCHED 204-61] Pipelining loop 'store_C_tile'.
INFO: [HLS 200-1470] Pipelining result : Target II = 1, Final II = 1, Depth = 2, loop 'store_C_tile'
INFO: [SCHED 204-11] Finished scheduling.
INFO: [HLS 200-111] Finished Scheduling: CPU user time: 0.19 seconds. CPU system time: 0.01 seconds. Elapsed time: 0.19 seconds; current allocated memory: 877.168 MB.
INFO: [BIND 205-100] Starting micro-architecture generation ...
INFO: [BIND 205-101] Performing variable lifetime analysis.
INFO: [BIND 205-101] Exploring resource sharing.
INFO: [BIND 205-101] Binding ...
INFO: [BIND 205-100] Finished micro-architecture generation.
INFO: [HLS 200-111] Finished Binding: CPU user time: 0.03 seconds. CPU system time: 0 seconds. Elapsed time: 0.04 seconds; current allocated memory: 877.168 MB.
INFO: [HLS 200-10] ----------------------------------------------------------------
INFO: [HLS 200-42] -- Implementing module 'storeTileToDRAM_7' 
INFO: [HLS 200-10] ----------------------------------------------------------------
INFO: [SCHED 204-11] Starting scheduling ...
INFO: [SCHED 204-11] Finished scheduling.
INFO: [HLS 200-111] Finished Scheduling: CPU user time: 0.07 seconds. CPU system time: 0.01 seconds. Elapsed time: 0.08 seconds; current allocated memory: 877.539 MB.
INFO: [BIND 205-100] Starting micro-architecture generation ...
INFO: [BIND 205-101] Performing variable lifetime analysis.
INFO: [BIND 205-101] Exploring resource sharing.
INFO: [BIND 205-101] Binding ...
INFO: [BIND 205-100] Finished micro-architecture generation.
INFO: [HLS 200-111] Finished Binding: CPU user time: 0.03 seconds. CPU system time: 0 seconds. Elapsed time: 0.03 seconds; current allocated memory: 877.898 MB.
INFO: [HLS 200-10] ----------------------------------------------------------------
INFO: [HLS 200-42] -- Implementing module 'storeTilesToDRAM' 
INFO: [HLS 200-10] ----------------------------------------------------------------
INFO: [SCHED 204-11] Starting scheduling ...
INFO: [SCHED 204-11] Finished scheduling.
INFO: [HLS 200-111] Finished Scheduling: CPU user time: 0.12 seconds. CPU system time: 0 seconds. Elapsed time: 0.12 seconds; current allocated memory: 878.387 MB.
INFO: [BIND 205-100] Starting micro-architecture generation ...
INFO: [BIND 205-101] Performing variable lifetime analysis.
INFO: [BIND 205-101] Exploring resource sharing.
INFO: [BIND 205-101] Binding ...
INFO: [BIND 205-100] Finished micro-architecture generation.
INFO: [HLS 200-111] Finished Binding: CPU user time: 0.03 seconds. CPU system time: 0 seconds. Elapsed time: 0.03 seconds; current allocated memory: 878.746 MB.
INFO: [HLS 200-10] ----------------------------------------------------------------
INFO: [HLS 200-42] -- Implementing module 'dataflow_in_loop_loop_for_tile_a_1_Block_newFuncRoot112_proc8' 
INFO: [HLS 200-10] ----------------------------------------------------------------
INFO: [SCHED 204-11] Starting scheduling ...
INFO: [SCHED 204-11] Finished scheduling.
INFO: [HLS 200-111] Finished Scheduling: CPU user time: 0.17 seconds. CPU system time: 0 seconds. Elapsed time: 0.18 seconds; current allocated memory: 879.754 MB.
INFO: [BIND 205-100] Starting micro-architecture generation ...
INFO: [BIND 205-101] Performing variable lifetime analysis.
INFO: [BIND 205-101] Exploring resource sharing.
INFO: [BIND 205-101] Binding ...
INFO: [BIND 205-100] Finished micro-architecture generation.
INFO: [HLS 200-111] Finished Binding: CPU user time: 0.03 seconds. CPU system time: 0 seconds. Elapsed time: 0.03 seconds; current allocated memory: 880.316 MB.
INFO: [HLS 200-10] ----------------------------------------------------------------
INFO: [HLS 200-42] -- Implementing module 'dataflow_in_loop_loop_for_tile_a_1' 
INFO: [HLS 200-10] ----------------------------------------------------------------
INFO: [SCHED 204-11] Starting scheduling ...
WARNING: [HLS 200-871] Estimated clock period (2.891 ns) exceeds the target (target clock period: 3.333 ns, clock uncertainty: 0.900 ns, effective delay budget: 2.433 ns).
WARNING: [HLS 200-1016] The critical path in module 'dataflow_in_loop_loop_for_tile_a_1' consists of the following:
	'alloca' operation 1 bit ('tileA_c') [1193]  (0.836 ns)
	'call' operation 0 bit ('_ln58', source/gemm.cpp:58->source/gemm.cpp:53) to 'loadTileAFromDRAM2' [1880]  (2.055 ns)

INFO: [SCHED 204-11] Finished scheduling.
INFO: [HLS 200-111] Finished Scheduling: CPU user time: 0.72 seconds. CPU system time: 0.01 seconds. Elapsed time: 0.73 seconds; current allocated memory: 898.156 MB.
INFO: [BIND 205-100] Starting micro-architecture generation ...
INFO: [BIND 205-101] Performing variable lifetime analysis.
INFO: [BIND 205-101] Exploring resource sharing.
INFO: [BIND 205-101] Binding ...
INFO: [BIND 205-100] Finished micro-architecture generation.
INFO: [HLS 200-111] Finished Binding: CPU user time: 0.9 seconds. CPU system time: 0.01 seconds. Elapsed time: 0.9 seconds; current allocated memory: 898.156 MB.
INFO: [HLS 200-10] ----------------------------------------------------------------
INFO: [HLS 200-42] -- Implementing module 'dataflow_parent_loop_proc' 
INFO: [HLS 200-10] ----------------------------------------------------------------
INFO: [SCHED 204-11] Starting scheduling ...
INFO: [SCHED 204-11] Finished scheduling.
INFO: [HLS 200-111] Finished Scheduling: CPU user time: 2.04 seconds. CPU system time: 0.01 seconds. Elapsed time: 2.06 seconds; current allocated memory: 898.266 MB.
INFO: [BIND 205-100] Starting micro-architecture generation ...
INFO: [BIND 205-101] Performing variable lifetime analysis.
INFO: [BIND 205-101] Exploring resource sharing.
INFO: [BIND 205-101] Binding ...
INFO: [BIND 205-100] Finished micro-architecture generation.
INFO: [HLS 200-111] Finished Binding: CPU user time: 0.98 seconds. CPU system time: 0 seconds. Elapsed time: 0.98 seconds; current allocated memory: 898.711 MB.
INFO: [HLS 200-10] ----------------------------------------------------------------
INFO: [HLS 200-42] -- Implementing module 'storeOutputToDRAM_Pipeline_store_C_ti_store_C_ik_store_C_tj_store_C_jv' 
INFO: [HLS 200-10] ----------------------------------------------------------------
INFO: [SCHED 204-11] Starting scheduling ...
INFO: [SCHED 204-61] Pipelining loop 'store_C_ti_store_C_ik_store_C_tj_store_C_jv'.
INFO: [HLS 200-1470] Pipelining result : Target II = 1, Final II = 1, Depth = 4, loop 'store_C_ti_store_C_ik_store_C_tj_store_C_jv'
INFO: [SCHED 204-11] Finished scheduling.
INFO: [HLS 200-111] Finished Scheduling: CPU user time: 2.69 seconds. CPU system time: 0.01 seconds. Elapsed time: 2.71 seconds; current allocated memory: 915.789 MB.
INFO: [BIND 205-100] Starting micro-architecture generation ...
INFO: [BIND 205-101] Performing variable lifetime analysis.
INFO: [BIND 205-101] Exploring resource sharing.
INFO: [BIND 205-101] Binding ...
INFO: [BIND 205-100] Finished micro-architecture generation.
INFO: [HLS 200-111] Finished Binding: CPU user time: 0.22 seconds. CPU system time: 0.01 seconds. Elapsed time: 0.21 seconds; current allocated memory: 915.789 MB.
INFO: [HLS 200-10] ----------------------------------------------------------------
INFO: [HLS 200-42] -- Implementing module 'storeOutputToDRAM' 
INFO: [HLS 200-10] ----------------------------------------------------------------
INFO: [SCHED 204-11] Starting scheduling ...
INFO: [SCHED 204-11] Finished scheduling.
INFO: [HLS 200-111] Finished Scheduling: CPU user time: 0.18 seconds. CPU system time: 0 seconds. Elapsed time: 0.18 seconds; current allocated memory: 915.789 MB.
INFO: [BIND 205-100] Starting micro-architecture generation ...
INFO: [BIND 205-101] Performing variable lifetime analysis.
INFO: [BIND 205-101] Exploring resource sharing.
INFO: [BIND 205-101] Binding ...
INFO: [BIND 205-100] Finished micro-architecture generation.
INFO: [HLS 200-111] Finished Binding: CPU user time: 0.05 seconds. CPU system time: 0 seconds. Elapsed time: 0.06 seconds; current allocated memory: 915.789 MB.
INFO: [HLS 200-10] ----------------------------------------------------------------
INFO: [HLS 200-42] -- Implementing module 'gemm2' 
INFO: [HLS 200-10] ----------------------------------------------------------------
INFO: [SCHED 204-11] Starting scheduling ...
INFO: [SCHED 204-11] Finished scheduling.
INFO: [HLS 200-111] Finished Scheduling: CPU user time: 0.36 seconds. CPU system time: 0.01 seconds. Elapsed time: 0.36 seconds; current allocated memory: 915.789 MB.
INFO: [BIND 205-100] Starting micro-architecture generation ...
INFO: [BIND 205-101] Performing variable lifetime analysis.
INFO: [BIND 205-101] Exploring resource sharing.
INFO: [BIND 205-101] Binding ...
INFO: [BIND 205-100] Finished micro-architecture generation.
INFO: [HLS 200-111] Finished Binding: CPU user time: 0.97 seconds. CPU system time: 0 seconds. Elapsed time: 0.97 seconds; current allocated memory: 915.789 MB.
INFO: [HLS 200-10] ----------------------------------------------------------------
INFO: [HLS 200-10] -- Generating RTL for module 'loadBFromDRAM_Pipeline_VITIS_LOOP_57_1_VITIS_LOOP_58_2' 
INFO: [HLS 200-10] ----------------------------------------------------------------
INFO: [HLS 200-1030] Apply Unified Pipeline Control on module 'loadBFromDRAM_Pipeline_VITIS_LOOP_57_1_VITIS_LOOP_58_2' pipeline 'VITIS_LOOP_57_1_VITIS_LOOP_58_2' pipeline type 'loop pipeline'
WARNING: [RTGEN 206-101] Setting dangling out port 'loadBFromDRAM_Pipeline_VITIS_LOOP_57_1_VITIS_LOOP_58_2/m_axi_gmem1_ARVALID' to 0.
WARNING: [RTGEN 206-101] Setting dangling out port 'loadBFromDRAM_Pipeline_VITIS_LOOP_57_1_VITIS_LOOP_58_2/m_axi_gmem1_ARADDR' to 0.
WARNING: [RTGEN 206-101] Setting dangling out port 'loadBFromDRAM_Pipeline_VITIS_LOOP_57_1_VITIS_LOOP_58_2/m_axi_gmem1_ARID' to 0.
WARNING: [RTGEN 206-101] Setting dangling out port 'loadBFromDRAM_Pipeline_VITIS_LOOP_57_1_VITIS_LOOP_58_2/m_axi_gmem1_ARLEN' to 0.
WARNING: [RTGEN 206-101] Setting dangling out port 'loadBFromDRAM_Pipeline_VITIS_LOOP_57_1_VITIS_LOOP_58_2/m_axi_gmem1_ARSIZE' to 0.
WARNING: [RTGEN 206-101] Setting dangling out port 'loadBFromDRAM_Pipeline_VITIS_LOOP_57_1_VITIS_LOOP_58_2/m_axi_gmem1_ARBURST' to 0.
WARNING: [RTGEN 206-101] Setting dangling out port 'loadBFromDRAM_Pipeline_VITIS_LOOP_57_1_VITIS_LOOP_58_2/m_axi_gmem1_ARLOCK' to 0.
WARNING: [RTGEN 206-101] Setting dangling out port 'loadBFromDRAM_Pipeline_VITIS_LOOP_57_1_VITIS_LOOP_58_2/m_axi_gmem1_ARCACHE' to 0.
WARNING: [RTGEN 206-101] Setting dangling out port 'loadBFromDRAM_Pipeline_VITIS_LOOP_57_1_VITIS_LOOP_58_2/m_axi_gmem1_ARPROT' to 0.
WARNING: [RTGEN 206-101] Setting dangling out port 'loadBFromDRAM_Pipeline_VITIS_LOOP_57_1_VITIS_LOOP_58_2/m_axi_gmem1_ARQOS' to 0.
WARNING: [RTGEN 206-101] Setting dangling out port 'loadBFromDRAM_Pipeline_VITIS_LOOP_57_1_VITIS_LOOP_58_2/m_axi_gmem1_ARREGION' to 0.
WARNING: [RTGEN 206-101] Setting dangling out port 'loadBFromDRAM_Pipeline_VITIS_LOOP_57_1_VITIS_LOOP_58_2/m_axi_gmem1_ARUSER' to 0.
INFO: [RTGEN 206-100] Finished creating RTL model for 'loadBFromDRAM_Pipeline_VITIS_LOOP_57_1_VITIS_LOOP_58_2'.
INFO: [HLS 200-111] Finished Creating RTL model: CPU user time: 2.26 seconds. CPU system time: 0 seconds. Elapsed time: 2.27 seconds; current allocated memory: 915.789 MB.
INFO: [HLS 200-10] ----------------------------------------------------------------
INFO: [HLS 200-10] -- Generating RTL for module 'loadBFromDRAM' 
INFO: [HLS 200-10] ----------------------------------------------------------------
INFO: [RTGEN 206-100] Finished creating RTL model for 'loadBFromDRAM'.
INFO: [HLS 200-111] Finished Creating RTL model: CPU user time: 0.1 seconds. CPU system time: 0.01 seconds. Elapsed time: 0.11 seconds; current allocated memory: 917.434 MB.
INFO: [HLS 200-10] ----------------------------------------------------------------
INFO: [HLS 200-10] -- Generating RTL for module 'loadTileAFromDRAM2' 
INFO: [HLS 200-10] ----------------------------------------------------------------
INFO: [RTGEN 206-100] Finished creating RTL model for 'loadTileAFromDRAM2'.
INFO: [HLS 200-111] Finished Creating RTL model: CPU user time: 0.13 seconds. CPU system time: 0 seconds. Elapsed time: 0.13 seconds; current allocated memory: 919.668 MB.
INFO: [HLS 200-10] ----------------------------------------------------------------
INFO: [HLS 200-10] -- Generating RTL for module 'loader_A_tiles3' 
INFO: [HLS 200-10] ----------------------------------------------------------------
INFO: [HLS 200-1030] Apply Unified Pipeline Control on module 'loader_A_tiles3' pipeline 'VITIS_LOOP_9_1_VITIS_LOOP_10_2' pipeline type 'loop pipeline'
INFO: [RTGEN 206-100] Finished creating RTL model for 'loader_A_tiles3'.
INFO: [HLS 200-111] Finished Creating RTL model: CPU user time: 0.15 seconds. CPU system time: 0.01 seconds. Elapsed time: 0.16 seconds; current allocated memory: 922.254 MB.
INFO: [HLS 200-10] ----------------------------------------------------------------
INFO: [HLS 200-10] -- Generating RTL for module 'loadTileBFromDRAM9' 
INFO: [HLS 200-10] ----------------------------------------------------------------
INFO: [RTGEN 206-104] Estimated max fanout for 'loadTileBFromDRAM9' is 32771 from HDL expression: ((icmp_ln21_fu_16232_p2 == 1'd1) & (1'b1 == ap_CS_fsm_state4))
INFO: [RTGEN 206-100] Generating core module 'sparsemux_33_4_32_1_1': 32 instance(s).
INFO: [RTGEN 206-100] Finished creating RTL model for 'loadTileBFromDRAM9'.
INFO: [HLS 200-111] Finished Creating RTL model: CPU user time: 0.49 seconds. CPU system time: 0.01 seconds. Elapsed time: 0.51 seconds; current allocated memory: 939.316 MB.
INFO: [HLS 200-10] ----------------------------------------------------------------
INFO: [HLS 200-10] -- Generating RTL for module 'loadTileBFromDRAM_110' 
INFO: [HLS 200-10] ----------------------------------------------------------------
INFO: [RTGEN 206-104] Estimated max fanout for 'loadTileBFromDRAM_110' is 32771 from HDL expression: ((icmp_ln21_fu_16232_p2 == 1'd1) & (1'b1 == ap_CS_fsm_state4))
INFO: [RTGEN 206-100] Generating core module 'sparsemux_33_4_32_1_1': 32 instance(s).
INFO: [RTGEN 206-100] Finished creating RTL model for 'loadTileBFromDRAM_110'.
INFO: [HLS 200-111] Finished Creating RTL model: CPU user time: 2.69 seconds. CPU system time: 0.11 seconds. Elapsed time: 2.82 seconds; current allocated memory: 1.011 GB.
INFO: [HLS 200-10] ----------------------------------------------------------------
INFO: [HLS 200-10] -- Generating RTL for module 'loadTilesBFromDRAM4' 
INFO: [HLS 200-10] ----------------------------------------------------------------
INFO: [RTGEN 206-100] Finished creating RTL model for 'loadTilesBFromDRAM4'.
INFO: [HLS 200-111] Finished Creating RTL model: CPU user time: 1.98 seconds. CPU system time: 0.07 seconds. Elapsed time: 2.06 seconds; current allocated memory: 1.097 GB.
INFO: [HLS 200-10] ----------------------------------------------------------------
INFO: [HLS 200-10] -- Generating RTL for module 'loader_B_tile11' 
INFO: [HLS 200-10] ----------------------------------------------------------------
INFO: [HLS 200-1030] Apply Unified Pipeline Control on module 'loader_B_tile11' pipeline 'VITIS_LOOP_24_1_VITIS_LOOP_25_2' pipeline type 'loop pipeline'
INFO: [HLS 200-1553] Disabling free running pipeline (frp) architecture on pipeline 'VITIS_LOOP_24_1_VITIS_LOOP_25_2' in module 'loader_B_tile11', because the estimated Stream Port Number is 120, which is bigger than the frp_stream_port_number threshold of 20.
INFO: [RTGEN 206-100] Generating core module 'sparsemux_33_4_32_1_1': 32 instance(s).
INFO: [RTGEN 206-100] Finished creating RTL model for 'loader_B_tile11'.
INFO: [HLS 200-111] Finished Creating RTL model: CPU user time: 2.48 seconds. CPU system time: 0.02 seconds. Elapsed time: 2.49 seconds; current allocated memory: 1.117 GB.
INFO: [HLS 200-10] ----------------------------------------------------------------
INFO: [HLS 200-10] -- Generating RTL for module 'loader_B_tile_212' 
INFO: [HLS 200-10] ----------------------------------------------------------------
INFO: [HLS 200-1030] Apply Unified Pipeline Control on module 'loader_B_tile_212' pipeline 'VITIS_LOOP_24_1_VITIS_LOOP_25_2' pipeline type 'loop pipeline'
INFO: [HLS 200-1553] Disabling free running pipeline (frp) architecture on pipeline 'VITIS_LOOP_24_1_VITIS_LOOP_25_2' in module 'loader_B_tile_212', because the estimated Stream Port Number is 120, which is bigger than the frp_stream_port_number threshold of 20.
INFO: [RTGEN 206-100] Generating core module 'sparsemux_33_4_32_1_1': 32 instance(s).
INFO: [RTGEN 206-100] Finished creating RTL model for 'loader_B_tile_212'.
INFO: [HLS 200-111] Finished Creating RTL model: CPU user time: 0.72 seconds. CPU system time: 0.02 seconds. Elapsed time: 0.75 seconds; current allocated memory: 1.141 GB.
INFO: [HLS 200-10] ----------------------------------------------------------------
INFO: [HLS 200-10] -- Generating RTL for module 'loader_B_tiles5' 
INFO: [HLS 200-10] ----------------------------------------------------------------
WARNING: [HLS 200-656] Deadlocks can occur since process loader_B_tile11 is instantiated in a dataflow region with ap_ctrl_none or without start propagation and contains an auto-rewind pipeline.
WARNING: [HLS 200-656] Deadlocks can occur since process loader_B_tile.212 is instantiated in a dataflow region with ap_ctrl_none or without start propagation and contains an auto-rewind pipeline.
INFO: [RTGEN 206-100] Finished creating RTL model for 'loader_B_tiles5'.
INFO: [HLS 200-111] Finished Creating RTL model: CPU user time: 0.28 seconds. CPU system time: 0.02 seconds. Elapsed time: 0.3 seconds; current allocated memory: 1.167 GB.
INFO: [HLS 200-10] ----------------------------------------------------------------
INFO: [HLS 200-10] -- Generating RTL for module 'calculatepsum19' 
INFO: [HLS 200-10] ----------------------------------------------------------------
INFO: [HLS 200-1030] Apply Unified Pipeline Control on module 'calculatepsum19' pipeline 'VITIS_LOOP_10_1' pipeline type 'loop pipeline'
INFO: [HLS 200-1553] Disabling free running pipeline (frp) architecture on pipeline 'VITIS_LOOP_10_1' in module 'calculatepsum19', because the estimated Stream Port Number is 41, which is bigger than the frp_stream_port_number threshold of 20.
INFO: [RTGEN 206-100] Generating core module 'mul_32s_32s_56_3_1': 32 instance(s).
INFO: [RTGEN 206-100] Finished creating RTL model for 'calculatepsum19'.
INFO: [HLS 200-111] Finished Creating RTL model: CPU user time: 0.29 seconds. CPU system time: 0.02 seconds. Elapsed time: 0.31 seconds; current allocated memory: 1.184 GB.
INFO: [HLS 200-10] ----------------------------------------------------------------
INFO: [HLS 200-10] -- Generating RTL for module 'psumToStream20' 
INFO: [HLS 200-10] ----------------------------------------------------------------
INFO: [RTGEN 206-100] Finished creating RTL model for 'psumToStream20'.
INFO: [HLS 200-111] Finished Creating RTL model: CPU user time: 0.19 seconds. CPU system time: 0.01 seconds. Elapsed time: 0.2 seconds; current allocated memory: 1.194 GB.
INFO: [HLS 200-10] ----------------------------------------------------------------
INFO: [HLS 200-10] -- Generating RTL for module 'dataflow_in_loop_mat_mul_i17' 
INFO: [HLS 200-10] ----------------------------------------------------------------
WARNING: [HLS 200-656] Deadlocks can occur since process calculatepsum19 is instantiated in a dataflow region with ap_ctrl_none or without start propagation and contains an auto-rewind pipeline.
INFO: [RTGEN 206-100] Finished creating RTL model for 'dataflow_in_loop_mat_mul_i17'.
INFO: [RTMG 210-285] Implementing FIFO 'psum_U(gemm2_fifo_w32_d2_A)' using Vivado Default RAMs.
INFO: [RTMG 210-285] Implementing FIFO 'psum_1_U(gemm2_fifo_w32_d2_A)' using Vivado Default RAMs.
INFO: [RTMG 210-285] Implementing FIFO 'psum_2_U(gemm2_fifo_w32_d2_A)' using Vivado Default RAMs.
INFO: [RTMG 210-285] Implementing FIFO 'psum_3_U(gemm2_fifo_w32_d2_A)' using Vivado Default RAMs.
INFO: [RTMG 210-285] Implementing FIFO 'psum_4_U(gemm2_fifo_w32_d2_A)' using Vivado Default RAMs.
INFO: [RTMG 210-285] Implementing FIFO 'psum_5_U(gemm2_fifo_w32_d2_A)' using Vivado Default RAMs.
INFO: [RTMG 210-285] Implementing FIFO 'psum_6_U(gemm2_fifo_w32_d2_A)' using Vivado Default RAMs.
INFO: [RTMG 210-285] Implementing FIFO 'psum_7_U(gemm2_fifo_w32_d2_A)' using Vivado Default RAMs.
INFO: [RTMG 210-285] Implementing FIFO 'psum_8_U(gemm2_fifo_w32_d2_A)' using Vivado Default RAMs.
INFO: [RTMG 210-285] Implementing FIFO 'psum_9_U(gemm2_fifo_w32_d2_A)' using Vivado Default RAMs.
INFO: [RTMG 210-285] Implementing FIFO 'psum_10_U(gemm2_fifo_w32_d2_A)' using Vivado Default RAMs.
INFO: [RTMG 210-285] Implementing FIFO 'psum_11_U(gemm2_fifo_w32_d2_A)' using Vivado Default RAMs.
INFO: [RTMG 210-285] Implementing FIFO 'psum_12_U(gemm2_fifo_w32_d2_A)' using Vivado Default RAMs.
INFO: [RTMG 210-285] Implementing FIFO 'psum_13_U(gemm2_fifo_w32_d2_A)' using Vivado Default RAMs.
INFO: [RTMG 210-285] Implementing FIFO 'psum_14_U(gemm2_fifo_w32_d2_A)' using Vivado Default RAMs.
INFO: [RTMG 210-285] Implementing FIFO 'psum_15_U(gemm2_fifo_w32_d2_A)' using Vivado Default RAMs.
INFO: [RTMG 210-285] Implementing FIFO 'psum_16_U(gemm2_fifo_w32_d2_A)' using Vivado Default RAMs.
INFO: [RTMG 210-285] Implementing FIFO 'psum_17_U(gemm2_fifo_w32_d2_A)' using Vivado Default RAMs.
INFO: [RTMG 210-285] Implementing FIFO 'psum_18_U(gemm2_fifo_w32_d2_A)' using Vivado Default RAMs.
INFO: [RTMG 210-285] Implementing FIFO 'psum_19_U(gemm2_fifo_w32_d2_A)' using Vivado Default RAMs.
INFO: [RTMG 210-285] Implementing FIFO 'psum_20_U(gemm2_fifo_w32_d2_A)' using Vivado Default RAMs.
INFO: [RTMG 210-285] Implementing FIFO 'psum_21_U(gemm2_fifo_w32_d2_A)' using Vivado Default RAMs.
INFO: [RTMG 210-285] Implementing FIFO 'psum_22_U(gemm2_fifo_w32_d2_A)' using Vivado Default RAMs.
INFO: [RTMG 210-285] Implementing FIFO 'psum_23_U(gemm2_fifo_w32_d2_A)' using Vivado Default RAMs.
INFO: [RTMG 210-285] Implementing FIFO 'psum_24_U(gemm2_fifo_w32_d2_A)' using Vivado Default RAMs.
INFO: [RTMG 210-285] Implementing FIFO 'psum_25_U(gemm2_fifo_w32_d2_A)' using Vivado Default RAMs.
INFO: [RTMG 210-285] Implementing FIFO 'psum_26_U(gemm2_fifo_w32_d2_A)' using Vivado Default RAMs.
INFO: [RTMG 210-285] Implementing FIFO 'psum_27_U(gemm2_fifo_w32_d2_A)' using Vivado Default RAMs.
INFO: [RTMG 210-285] Implementing FIFO 'psum_28_U(gemm2_fifo_w32_d2_A)' using Vivado Default RAMs.
INFO: [RTMG 210-285] Implementing FIFO 'psum_29_U(gemm2_fifo_w32_d2_A)' using Vivado Default RAMs.
INFO: [RTMG 210-285] Implementing FIFO 'psum_30_U(gemm2_fifo_w32_d2_A)' using Vivado Default RAMs.
INFO: [RTMG 210-285] Implementing FIFO 'psum31_U(gemm2_fifo_w32_d2_A)' using Vivado Default RAMs.
INFO: [HLS 200-111] Finished Creating RTL model: CPU user time: 0.18 seconds. CPU system time: 0.01 seconds. Elapsed time: 0.2 seconds; current allocated memory: 1.199 GB.
INFO: [HLS 200-10] ----------------------------------------------------------------
INFO: [HLS 200-10] -- Generating RTL for module 'matMulTile13' 
INFO: [HLS 200-10] ----------------------------------------------------------------
WARNING: [HLS 200-656] Deadlocks can occur since process calculatepsum19 is instantiated in a dataflow region with ap_ctrl_none or without start propagation and contains an auto-rewind pipeline.
INFO: [RTGEN 206-100] Finished creating RTL model for 'matMulTile13'.
INFO: [HLS 200-111] Finished Creating RTL model: CPU user time: 0.08 seconds. CPU system time: 0.01 seconds. Elapsed time: 0.08 seconds; current allocated memory: 1.202 GB.
INFO: [HLS 200-10] ----------------------------------------------------------------
INFO: [HLS 200-10] -- Generating RTL for module 'calculatepsum_321' 
INFO: [HLS 200-10] ----------------------------------------------------------------
INFO: [HLS 200-1030] Apply Unified Pipeline Control on module 'calculatepsum_321' pipeline 'VITIS_LOOP_10_1' pipeline type 'loop pipeline'
INFO: [HLS 200-1553] Disabling free running pipeline (frp) architecture on pipeline 'VITIS_LOOP_10_1' in module 'calculatepsum_321', because the estimated Stream Port Number is 41, which is bigger than the frp_stream_port_number threshold of 20.
INFO: [RTGEN 206-100] Generating core module 'mul_32s_32s_56_3_1': 32 instance(s).
INFO: [RTGEN 206-100] Finished creating RTL model for 'calculatepsum_321'.
INFO: [HLS 200-111] Finished Creating RTL model: CPU user time: 0.14 seconds. CPU system time: 0 seconds. Elapsed time: 0.14 seconds; current allocated memory: 1.209 GB.
INFO: [HLS 200-10] ----------------------------------------------------------------
INFO: [HLS 200-10] -- Generating RTL for module 'psumToStream_422' 
INFO: [HLS 200-10] ----------------------------------------------------------------
INFO: [RTGEN 206-100] Finished creating RTL model for 'psumToStream_422'.
INFO: [HLS 200-111] Finished Creating RTL model: CPU user time: 0.18 seconds. CPU system time: 0.02 seconds. Elapsed time: 0.2 seconds; current allocated memory: 1.219 GB.
INFO: [HLS 200-10] ----------------------------------------------------------------
INFO: [HLS 200-10] -- Generating RTL for module 'dataflow_in_loop_mat_mul_i_17418' 
INFO: [HLS 200-10] ----------------------------------------------------------------
WARNING: [HLS 200-656] Deadlocks can occur since process calculatepsum.321 is instantiated in a dataflow region with ap_ctrl_none or without start propagation and contains an auto-rewind pipeline.
WARNING: [RTGEN 206-101] RTL name 'fifo_w32_d2_A' is changed to 'fifo_w32_d2_A_x' due to conflict.
INFO: [RTGEN 206-100] Finished creating RTL model for 'dataflow_in_loop_mat_mul_i_17418'.
INFO: [RTMG 210-285] Implementing FIFO 'psum_U(gemm2_fifo_w32_d2_A_x)' using Vivado Default RAMs.
INFO: [RTMG 210-285] Implementing FIFO 'psum_32_U(gemm2_fifo_w32_d2_A_x)' using Vivado Default RAMs.
INFO: [RTMG 210-285] Implementing FIFO 'psum_33_U(gemm2_fifo_w32_d2_A_x)' using Vivado Default RAMs.
INFO: [RTMG 210-285] Implementing FIFO 'psum_34_U(gemm2_fifo_w32_d2_A_x)' using Vivado Default RAMs.
INFO: [RTMG 210-285] Implementing FIFO 'psum_35_U(gemm2_fifo_w32_d2_A_x)' using Vivado Default RAMs.
INFO: [RTMG 210-285] Implementing FIFO 'psum_36_U(gemm2_fifo_w32_d2_A_x)' using Vivado Default RAMs.
INFO: [RTMG 210-285] Implementing FIFO 'psum_37_U(gemm2_fifo_w32_d2_A_x)' using Vivado Default RAMs.
INFO: [RTMG 210-285] Implementing FIFO 'psum_38_U(gemm2_fifo_w32_d2_A_x)' using Vivado Default RAMs.
INFO: [RTMG 210-285] Implementing FIFO 'psum_39_U(gemm2_fifo_w32_d2_A_x)' using Vivado Default RAMs.
INFO: [RTMG 210-285] Implementing FIFO 'psum_40_U(gemm2_fifo_w32_d2_A_x)' using Vivado Default RAMs.
INFO: [RTMG 210-285] Implementing FIFO 'psum_41_U(gemm2_fifo_w32_d2_A_x)' using Vivado Default RAMs.
INFO: [RTMG 210-285] Implementing FIFO 'psum_42_U(gemm2_fifo_w32_d2_A_x)' using Vivado Default RAMs.
INFO: [RTMG 210-285] Implementing FIFO 'psum_43_U(gemm2_fifo_w32_d2_A_x)' using Vivado Default RAMs.
INFO: [RTMG 210-285] Implementing FIFO 'psum_44_U(gemm2_fifo_w32_d2_A_x)' using Vivado Default RAMs.
INFO: [RTMG 210-285] Implementing FIFO 'psum_45_U(gemm2_fifo_w32_d2_A_x)' using Vivado Default RAMs.
INFO: [RTMG 210-285] Implementing FIFO 'psum_46_U(gemm2_fifo_w32_d2_A_x)' using Vivado Default RAMs.
INFO: [RTMG 210-285] Implementing FIFO 'psum_47_U(gemm2_fifo_w32_d2_A_x)' using Vivado Default RAMs.
INFO: [RTMG 210-285] Implementing FIFO 'psum_48_U(gemm2_fifo_w32_d2_A_x)' using Vivado Default RAMs.
INFO: [RTMG 210-285] Implementing FIFO 'psum_49_U(gemm2_fifo_w32_d2_A_x)' using Vivado Default RAMs.
INFO: [RTMG 210-285] Implementing FIFO 'psum_50_U(gemm2_fifo_w32_d2_A_x)' using Vivado Default RAMs.
INFO: [RTMG 210-285] Implementing FIFO 'psum_51_U(gemm2_fifo_w32_d2_A_x)' using Vivado Default RAMs.
INFO: [RTMG 210-285] Implementing FIFO 'psum_52_U(gemm2_fifo_w32_d2_A_x)' using Vivado Default RAMs.
INFO: [RTMG 210-285] Implementing FIFO 'psum_53_U(gemm2_fifo_w32_d2_A_x)' using Vivado Default RAMs.
INFO: [RTMG 210-285] Implementing FIFO 'psum_54_U(gemm2_fifo_w32_d2_A_x)' using Vivado Default RAMs.
INFO: [RTMG 210-285] Implementing FIFO 'psum_55_U(gemm2_fifo_w32_d2_A_x)' using Vivado Default RAMs.
INFO: [RTMG 210-285] Implementing FIFO 'psum_56_U(gemm2_fifo_w32_d2_A_x)' using Vivado Default RAMs.
INFO: [RTMG 210-285] Implementing FIFO 'psum_57_U(gemm2_fifo_w32_d2_A_x)' using Vivado Default RAMs.
INFO: [RTMG 210-285] Implementing FIFO 'psum_58_U(gemm2_fifo_w32_d2_A_x)' using Vivado Default RAMs.
INFO: [RTMG 210-285] Implementing FIFO 'psum_59_U(gemm2_fifo_w32_d2_A_x)' using Vivado Default RAMs.
INFO: [RTMG 210-285] Implementing FIFO 'psum_60_U(gemm2_fifo_w32_d2_A_x)' using Vivado Default RAMs.
INFO: [RTMG 210-285] Implementing FIFO 'psum_61_U(gemm2_fifo_w32_d2_A_x)' using Vivado Default RAMs.
INFO: [RTMG 210-285] Implementing FIFO 'psum62_U(gemm2_fifo_w32_d2_A_x)' using Vivado Default RAMs.
INFO: [HLS 200-111] Finished Creating RTL model: CPU user time: 0.2 seconds. CPU system time: 0.02 seconds. Elapsed time: 0.22 seconds; current allocated memory: 1.224 GB.
INFO: [HLS 200-10] ----------------------------------------------------------------
INFO: [HLS 200-10] -- Generating RTL for module 'matMulTile_514' 
INFO: [HLS 200-10] ----------------------------------------------------------------
WARNING: [HLS 200-656] Deadlocks can occur since process calculatepsum.321 is instantiated in a dataflow region with ap_ctrl_none or without start propagation and contains an auto-rewind pipeline.
INFO: [RTGEN 206-100] Finished creating RTL model for 'matMulTile_514'.
INFO: [HLS 200-111] Finished Creating RTL model: CPU user time: 0.08 seconds. CPU system time: 0 seconds. Elapsed time: 0.09 seconds; current allocated memory: 1.228 GB.
INFO: [HLS 200-10] ----------------------------------------------------------------
INFO: [HLS 200-10] -- Generating RTL for module 'matMulTiles6' 
INFO: [HLS 200-10] ----------------------------------------------------------------
WARNING: [HLS 200-656] Deadlocks can occur since process calculatepsum19 is instantiated in a dataflow region with ap_ctrl_none or without start propagation and contains an auto-rewind pipeline.
WARNING: [HLS 200-656] Deadlocks can occur since process calculatepsum.321 is instantiated in a dataflow region with ap_ctrl_none or without start propagation and contains an auto-rewind pipeline.
INFO: [RTGEN 206-100] Finished creating RTL model for 'matMulTiles6'.
INFO: [HLS 200-111] Finished Creating RTL model: CPU user time: 0.08 seconds. CPU system time: 0.01 seconds. Elapsed time: 0.08 seconds; current allocated memory: 1.231 GB.
INFO: [HLS 200-10] ----------------------------------------------------------------
INFO: [HLS 200-10] -- Generating RTL for module 'loader_C_tile15' 
INFO: [HLS 200-10] ----------------------------------------------------------------
INFO: [HLS 200-1030] Apply Unified Pipeline Control on module 'loader_C_tile15' pipeline 'VITIS_LOOP_38_1_VITIS_LOOP_39_2' pipeline type 'loop pipeline'
INFO: [RTGEN 206-100] Finished creating RTL model for 'loader_C_tile15'.
INFO: [HLS 200-111] Finished Creating RTL model: CPU user time: 0.11 seconds. CPU system time: 0 seconds. Elapsed time: 0.11 seconds; current allocated memory: 1.235 GB.
INFO: [HLS 200-10] ----------------------------------------------------------------
INFO: [HLS 200-10] -- Generating RTL for module 'loader_C_tile_616' 
INFO: [HLS 200-10] ----------------------------------------------------------------
INFO: [HLS 200-1030] Apply Unified Pipeline Control on module 'loader_C_tile_616' pipeline 'VITIS_LOOP_38_1_VITIS_LOOP_39_2' pipeline type 'loop pipeline'
INFO: [RTGEN 206-100] Finished creating RTL model for 'loader_C_tile_616'.
INFO: [HLS 200-111] Finished Creating RTL model: CPU user time: 0.18 seconds. CPU system time: 0.02 seconds. Elapsed time: 0.19 seconds; current allocated memory: 1.241 GB.
INFO: [HLS 200-10] ----------------------------------------------------------------
INFO: [HLS 200-10] -- Generating RTL for module 'loader_C_tiles7' 
INFO: [HLS 200-10] ----------------------------------------------------------------
WARNING: [HLS 200-656] Deadlocks can occur since process loader_C_tile15 is instantiated in a dataflow region with ap_ctrl_none or without start propagation and contains an auto-rewind pipeline.
WARNING: [HLS 200-656] Deadlocks can occur since process loader_C_tile.616 is instantiated in a dataflow region with ap_ctrl_none or without start propagation and contains an auto-rewind pipeline.
INFO: [RTGEN 206-100] Finished creating RTL model for 'loader_C_tiles7'.
INFO: [HLS 200-111] Finished Creating RTL model: CPU user time: 0.28 seconds. CPU system time: 0.02 seconds. Elapsed time: 0.31 seconds; current allocated memory: 1.258 GB.
INFO: [HLS 200-10] ----------------------------------------------------------------
INFO: [HLS 200-10] -- Generating RTL for module 'storeTileToDRAM_Loop_store_C_tile_proc' 
INFO: [HLS 200-10] ----------------------------------------------------------------
INFO: [HLS 200-1030] Apply Unified Pipeline Control on module 'storeTileToDRAM_Loop_store_C_tile_proc' pipeline 'store_C_tile' pipeline type 'loop pipeline'
INFO: [RTGEN 206-100] Finished creating RTL model for 'storeTileToDRAM_Loop_store_C_tile_proc'.
INFO: [HLS 200-111] Finished Creating RTL model: CPU user time: 0.33 seconds. CPU system time: 0.01 seconds. Elapsed time: 0.35 seconds; current allocated memory: 1.269 GB.
INFO: [HLS 200-10] ----------------------------------------------------------------
INFO: [HLS 200-10] -- Generating RTL for module 'storeTileToDRAM' 
INFO: [HLS 200-10] ----------------------------------------------------------------
WARNING: [HLS 200-656] Deadlocks can occur since process storeTileToDRAM_Loop_store_C_tile_proc is instantiated in a dataflow region with ap_ctrl_none or without start propagation and contains an auto-rewind pipeline.
INFO: [RTGEN 206-100] Finished creating RTL model for 'storeTileToDRAM'.
INFO: [HLS 200-111] Finished Creating RTL model: CPU user time: 0.16 seconds. CPU system time: 0.01 seconds. Elapsed time: 0.17 seconds; current allocated memory: 1.278 GB.
INFO: [HLS 200-10] ----------------------------------------------------------------
INFO: [HLS 200-10] -- Generating RTL for module 'storeTileToDRAM_7_Loop_store_C_tile_proc' 
INFO: [HLS 200-10] ----------------------------------------------------------------
INFO: [HLS 200-1030] Apply Unified Pipeline Control on module 'storeTileToDRAM_7_Loop_store_C_tile_proc' pipeline 'store_C_tile' pipeline type 'loop pipeline'
INFO: [RTGEN 206-100] Finished creating RTL model for 'storeTileToDRAM_7_Loop_store_C_tile_proc'.
INFO: [HLS 200-111] Finished Creating RTL model: CPU user time: 0.19 seconds. CPU system time: 0.01 seconds. Elapsed time: 0.2 seconds; current allocated memory: 1.289 GB.
INFO: [HLS 200-10] ----------------------------------------------------------------
INFO: [HLS 200-10] -- Generating RTL for module 'storeTileToDRAM_7' 
INFO: [HLS 200-10] ----------------------------------------------------------------
WARNING: [HLS 200-656] Deadlocks can occur since process storeTileToDRAM.7_Loop_store_C_tile_proc is instantiated in a dataflow region with ap_ctrl_none or without start propagation and contains an auto-rewind pipeline.
INFO: [RTGEN 206-100] Finished creating RTL model for 'storeTileToDRAM_7'.
INFO: [HLS 200-111] Finished Creating RTL model: CPU user time: 0.11 seconds. CPU system time: 0.02 seconds. Elapsed time: 0.13 seconds; current allocated memory: 1.298 GB.
INFO: [HLS 200-10] ----------------------------------------------------------------
INFO: [HLS 200-10] -- Generating RTL for module 'storeTilesToDRAM' 
INFO: [HLS 200-10] ----------------------------------------------------------------
WARNING: [HLS 200-656] Deadlocks can occur since process storeTileToDRAM_Loop_store_C_tile_proc is instantiated in a dataflow region with ap_ctrl_none or without start propagation and contains an auto-rewind pipeline.
WARNING: [HLS 200-656] Deadlocks can occur since process storeTileToDRAM.7_Loop_store_C_tile_proc is instantiated in a dataflow region with ap_ctrl_none or without start propagation and contains an auto-rewind pipeline.
INFO: [RTGEN 206-100] Finished creating RTL model for 'storeTilesToDRAM'.
INFO: [HLS 200-111] Finished Creating RTL model: CPU user time: 0.31 seconds. CPU system time: 0.03 seconds. Elapsed time: 0.35 seconds; current allocated memory: 1.354 GB.
INFO: [HLS 200-10] ----------------------------------------------------------------
INFO: [HLS 200-10] -- Generating RTL for module 'dataflow_in_loop_loop_for_tile_a_1_Block_newFuncRoot112_proc8' 
INFO: [HLS 200-10] ----------------------------------------------------------------
INFO: [RTGEN 206-100] Finished creating RTL model for 'dataflow_in_loop_loop_for_tile_a_1_Block_newFuncRoot112_proc8'.
INFO: [HLS 200-111] Finished Creating RTL model: CPU user time: 0.5 seconds. CPU system time: 0.03 seconds. Elapsed time: 0.55 seconds; current allocated memory: 1.420 GB.
INFO: [HLS 200-10] ----------------------------------------------------------------
INFO: [HLS 200-10] -- Generating RTL for module 'dataflow_in_loop_loop_for_tile_a_1' 
INFO: [HLS 200-10] ----------------------------------------------------------------
WARNING: [RTGEN 206-101] RTL name 'fifo_w32_d2_A' is changed to 'fifo_w32_d2_A_x0' due to conflict.
WARNING: [RTGEN 206-101] Setting dangling out port 'dataflow_in_loop_loop_for_tile_a_1/m_axi_gmem0_AWVALID' to 0.
WARNING: [RTGEN 206-101] Setting dangling out port 'dataflow_in_loop_loop_for_tile_a_1/m_axi_gmem0_AWADDR' to 0.
WARNING: [RTGEN 206-101] Setting dangling out port 'dataflow_in_loop_loop_for_tile_a_1/m_axi_gmem0_AWID' to 0.
WARNING: [RTGEN 206-101] Setting dangling out port 'dataflow_in_loop_loop_for_tile_a_1/m_axi_gmem0_AWLEN' to 0.
WARNING: [RTGEN 206-101] Setting dangling out port 'dataflow_in_loop_loop_for_tile_a_1/m_axi_gmem0_AWSIZE' to 0.
WARNING: [RTGEN 206-101] Setting dangling out port 'dataflow_in_loop_loop_for_tile_a_1/m_axi_gmem0_AWBURST' to 0.
WARNING: [RTGEN 206-101] Setting dangling out port 'dataflow_in_loop_loop_for_tile_a_1/m_axi_gmem0_AWLOCK' to 0.
WARNING: [RTGEN 206-101] Setting dangling out port 'dataflow_in_loop_loop_for_tile_a_1/m_axi_gmem0_AWCACHE' to 0.
WARNING: [RTGEN 206-101] Setting dangling out port 'dataflow_in_loop_loop_for_tile_a_1/m_axi_gmem0_AWPROT' to 0.
WARNING: [RTGEN 206-101] Setting dangling out port 'dataflow_in_loop_loop_for_tile_a_1/m_axi_gmem0_AWQOS' to 0.
WARNING: [RTGEN 206-101] Setting dangling out port 'dataflow_in_loop_loop_for_tile_a_1/m_axi_gmem0_AWREGION' to 0.
WARNING: [RTGEN 206-101] Setting dangling out port 'dataflow_in_loop_loop_for_tile_a_1/m_axi_gmem0_AWUSER' to 0.
WARNING: [RTGEN 206-101] Setting dangling out port 'dataflow_in_loop_loop_for_tile_a_1/m_axi_gmem0_WVALID' to 0.
WARNING: [RTGEN 206-101] Setting dangling out port 'dataflow_in_loop_loop_for_tile_a_1/m_axi_gmem0_WDATA' to 0.
WARNING: [RTGEN 206-101] Setting dangling out port 'dataflow_in_loop_loop_for_tile_a_1/m_axi_gmem0_WSTRB' to 0.
WARNING: [RTGEN 206-101] Setting dangling out port 'dataflow_in_loop_loop_for_tile_a_1/m_axi_gmem0_WLAST' to 0.
WARNING: [RTGEN 206-101] Setting dangling out port 'dataflow_in_loop_loop_for_tile_a_1/m_axi_gmem0_WID' to 0.
WARNING: [RTGEN 206-101] Setting dangling out port 'dataflow_in_loop_loop_for_tile_a_1/m_axi_gmem0_WUSER' to 0.
WARNING: [RTGEN 206-101] Setting dangling out port 'dataflow_in_loop_loop_for_tile_a_1/m_axi_gmem0_BREADY' to 0.
INFO: [RTGEN 206-100] Finished creating RTL model for 'dataflow_in_loop_loop_for_tile_a_1'.
INFO: [HLS 200-741] Implementing PIPO gemm2_dataflow_in_loop_loop_for_tile_a_1_C_TILES_RAM_1WNR_BRAM_1R1W using a single memory for all blocks
INFO: [RTMG 210-278] Implementing memory 'gemm2_dataflow_in_loop_loop_for_tile_a_1_C_TILES_RAM_1WNR_BRAM_1R1W_memcore' using block RAMs.
INFO: [HLS 200-741] Implementing PIPO gemm2_dataflow_in_loop_loop_for_tile_a_1_A_TILE_RAM_1WNR_BRAM_1R1W using a single memory for all blocks
INFO: [RTMG 210-278] Implementing memory 'gemm2_dataflow_in_loop_loop_for_tile_a_1_A_TILE_RAM_1WNR_BRAM_1R1W_memcore' using block RAMs.
INFO: [RTMG 210-285] Implementing FIFO 'tileA_c_U(gemm2_fifo_w1_d5_A)' using Vivado Default RAMs.
INFO: [RTMG 210-285] Implementing FIFO 'A_streams_1_U(gemm2_fifo_w32_d2_A_x0)' using Vivado Default RAMs.
INFO: [RTMG 210-285] Implementing FIFO 'A_streams_U(gemm2_fifo_w32_d2_A_x0)' using Vivado Default RAMs.
INFO: [RTMG 210-285] Implementing FIFO 'B_TILES_1023_U(gemm2_fifo_w32_d2_A_x0)' using Vivado Default RAMs.
INFO: [RTMG 210-285] Implementing FIFO 'B_TILES_1022_U(gemm2_fifo_w32_d2_A_x0)' using Vivado Default RAMs.
INFO: [RTMG 210-285] Implementing FIFO 'B_TILES_1021_U(gemm2_fifo_w32_d2_A_x0)' using Vivado Default RAMs.
INFO: [RTMG 210-285] Implementing FIFO 'B_TILES_1020_U(gemm2_fifo_w32_d2_A_x0)' using Vivado Default RAMs.
INFO: [RTMG 210-285] Implementing FIFO 'B_TILES_1019_U(gemm2_fifo_w32_d2_A_x0)' using Vivado Default RAMs.
INFO: [RTMG 210-285] Implementing FIFO 'B_TILES_1018_U(gemm2_fifo_w32_d2_A_x0)' using Vivado Default RAMs.
INFO: [RTMG 210-285] Implementing FIFO 'B_TILES_1017_U(gemm2_fifo_w32_d2_A_x0)' using Vivado Default RAMs.
INFO: [RTMG 210-285] Implementing FIFO 'B_TILES_1016_U(gemm2_fifo_w32_d2_A_x0)' using Vivado Default RAMs.
INFO: [RTMG 210-285] Implementing FIFO 'B_TILES_1015_U(gemm2_fifo_w32_d2_A_x0)' using Vivado Default RAMs.
INFO: [RTMG 210-285] Implementing FIFO 'B_TILES_1014_U(gemm2_fifo_w32_d2_A_x0)' using Vivado Default RAMs.
INFO: [RTMG 210-285] Implementing FIFO 'B_TILES_1013_U(gemm2_fifo_w32_d2_A_x0)' using Vivado Default RAMs.
INFO: [RTMG 210-285] Implementing FIFO 'B_TILES_1012_U(gemm2_fifo_w32_d2_A_x0)' using Vivado Default RAMs.
INFO: [RTMG 210-285] Implementing FIFO 'B_TILES_1011_U(gemm2_fifo_w32_d2_A_x0)' using Vivado Default RAMs.
INFO: [RTMG 210-285] Implementing FIFO 'B_TILES_1010_U(gemm2_fifo_w32_d2_A_x0)' using Vivado Default RAMs.
INFO: [RTMG 210-285] Implementing FIFO 'B_TILES_1009_U(gemm2_fifo_w32_d2_A_x0)' using Vivado Default RAMs.
INFO: [RTMG 210-285] Implementing FIFO 'B_TILES_1008_U(gemm2_fifo_w32_d2_A_x0)' using Vivado Default RAMs.
INFO: [RTMG 210-285] Implementing FIFO 'B_TILES_1007_U(gemm2_fifo_w32_d2_A_x0)' using Vivado Default RAMs.
INFO: [RTMG 210-285] Implementing FIFO 'B_TILES_1006_U(gemm2_fifo_w32_d2_A_x0)' using Vivado Default RAMs.
INFO: [RTMG 210-285] Implementing FIFO 'B_TILES_1005_U(gemm2_fifo_w32_d2_A_x0)' using Vivado Default RAMs.
INFO: [RTMG 210-285] Implementing FIFO 'B_TILES_1004_U(gemm2_fifo_w32_d2_A_x0)' using Vivado Default RAMs.
INFO: [RTMG 210-285] Implementing FIFO 'B_TILES_1003_U(gemm2_fifo_w32_d2_A_x0)' using Vivado Default RAMs.
INFO: [RTMG 210-285] Implementing FIFO 'B_TILES_1002_U(gemm2_fifo_w32_d2_A_x0)' using Vivado Default RAMs.
INFO: [RTMG 210-285] Implementing FIFO 'B_TILES_1001_U(gemm2_fifo_w32_d2_A_x0)' using Vivado Default RAMs.
INFO: [RTMG 210-285] Implementing FIFO 'B_TILES_1000_U(gemm2_fifo_w32_d2_A_x0)' using Vivado Default RAMs.
INFO: [RTMG 210-285] Implementing FIFO 'B_TILES_999_U(gemm2_fifo_w32_d2_A_x0)' using Vivado Default RAMs.
INFO: [RTMG 210-285] Implementing FIFO 'B_TILES_998_U(gemm2_fifo_w32_d2_A_x0)' using Vivado Default RAMs.
INFO: [RTMG 210-285] Implementing FIFO 'B_TILES_997_U(gemm2_fifo_w32_d2_A_x0)' using Vivado Default RAMs.
INFO: [RTMG 210-285] Implementing FIFO 'B_TILES_996_U(gemm2_fifo_w32_d2_A_x0)' using Vivado Default RAMs.
INFO: [RTMG 210-285] Implementing FIFO 'B_TILES_995_U(gemm2_fifo_w32_d2_A_x0)' using Vivado Default RAMs.
INFO: [RTMG 210-285] Implementing FIFO 'B_TILES_994_U(gemm2_fifo_w32_d2_A_x0)' using Vivado Default RAMs.
INFO: [RTMG 210-285] Implementing FIFO 'B_TILES_993_U(gemm2_fifo_w32_d2_A_x0)' using Vivado Default RAMs.
INFO: [RTMG 210-285] Implementing FIFO 'B_TILES_992_U(gemm2_fifo_w32_d2_A_x0)' using Vivado Default RAMs.
INFO: [RTMG 210-285] Implementing FIFO 'B_TILES_991_U(gemm2_fifo_w32_d2_A_x0)' using Vivado Default RAMs.
INFO: [RTMG 210-285] Implementing FIFO 'B_TILES_990_U(gemm2_fifo_w32_d2_A_x0)' using Vivado Default RAMs.
INFO: [RTMG 210-285] Implementing FIFO 'B_TILES_989_U(gemm2_fifo_w32_d2_A_x0)' using Vivado Default RAMs.
INFO: [RTMG 210-285] Implementing FIFO 'B_TILES_988_U(gemm2_fifo_w32_d2_A_x0)' using Vivado Default RAMs.
INFO: [RTMG 210-285] Implementing FIFO 'B_TILES_987_U(gemm2_fifo_w32_d2_A_x0)' using Vivado Default RAMs.
INFO: [RTMG 210-285] Implementing FIFO 'B_TILES_986_U(gemm2_fifo_w32_d2_A_x0)' using Vivado Default RAMs.
INFO: [RTMG 210-285] Implementing FIFO 'B_TILES_985_U(gemm2_fifo_w32_d2_A_x0)' using Vivado Default RAMs.
INFO: [RTMG 210-285] Implementing FIFO 'B_TILES_984_U(gemm2_fifo_w32_d2_A_x0)' using Vivado Default RAMs.
INFO: [RTMG 210-285] Implementing FIFO 'B_TILES_983_U(gemm2_fifo_w32_d2_A_x0)' using Vivado Default RAMs.
INFO: [RTMG 210-285] Implementing FIFO 'B_TILES_982_U(gemm2_fifo_w32_d2_A_x0)' using Vivado Default RAMs.
INFO: [RTMG 210-285] Implementing FIFO 'B_TILES_981_U(gemm2_fifo_w32_d2_A_x0)' using Vivado Default RAMs.
INFO: [RTMG 210-285] Implementing FIFO 'B_TILES_980_U(gemm2_fifo_w32_d2_A_x0)' using Vivado Default RAMs.
INFO: [RTMG 210-285] Implementing FIFO 'B_TILES_979_U(gemm2_fifo_w32_d2_A_x0)' using Vivado Default RAMs.
INFO: [RTMG 210-285] Implementing FIFO 'B_TILES_978_U(gemm2_fifo_w32_d2_A_x0)' using Vivado Default RAMs.
INFO: [RTMG 210-285] Implementing FIFO 'B_TILES_977_U(gemm2_fifo_w32_d2_A_x0)' using Vivado Default RAMs.
INFO: [RTMG 210-285] Implementing FIFO 'B_TILES_976_U(gemm2_fifo_w32_d2_A_x0)' using Vivado Default RAMs.
INFO: [RTMG 210-285] Implementing FIFO 'B_TILES_975_U(gemm2_fifo_w32_d2_A_x0)' using Vivado Default RAMs.
INFO: [RTMG 210-285] Implementing FIFO 'B_TILES_974_U(gemm2_fifo_w32_d2_A_x0)' using Vivado Default RAMs.
INFO: [RTMG 210-285] Implementing FIFO 'B_TILES_973_U(gemm2_fifo_w32_d2_A_x0)' using Vivado Default RAMs.
INFO: [RTMG 210-285] Implementing FIFO 'B_TILES_972_U(gemm2_fifo_w32_d2_A_x0)' using Vivado Default RAMs.
INFO: [RTMG 210-285] Implementing FIFO 'B_TILES_971_U(gemm2_fifo_w32_d2_A_x0)' using Vivado Default RAMs.
INFO: [RTMG 210-285] Implementing FIFO 'B_TILES_970_U(gemm2_fifo_w32_d2_A_x0)' using Vivado Default RAMs.
INFO: [RTMG 210-285] Implementing FIFO 'B_TILES_969_U(gemm2_fifo_w32_d2_A_x0)' using Vivado Default RAMs.
INFO: [RTMG 210-285] Implementing FIFO 'B_TILES_968_U(gemm2_fifo_w32_d2_A_x0)' using Vivado Default RAMs.
INFO: [RTMG 210-285] Implementing FIFO 'B_TILES_967_U(gemm2_fifo_w32_d2_A_x0)' using Vivado Default RAMs.
INFO: [RTMG 210-285] Implementing FIFO 'B_TILES_966_U(gemm2_fifo_w32_d2_A_x0)' using Vivado Default RAMs.
INFO: [RTMG 210-285] Implementing FIFO 'B_TILES_965_U(gemm2_fifo_w32_d2_A_x0)' using Vivado Default RAMs.
INFO: [RTMG 210-285] Implementing FIFO 'B_TILES_964_U(gemm2_fifo_w32_d2_A_x0)' using Vivado Default RAMs.
INFO: [RTMG 210-285] Implementing FIFO 'B_TILES_963_U(gemm2_fifo_w32_d2_A_x0)' using Vivado Default RAMs.
INFO: [RTMG 210-285] Implementing FIFO 'B_TILES_962_U(gemm2_fifo_w32_d2_A_x0)' using Vivado Default RAMs.
INFO: [RTMG 210-285] Implementing FIFO 'B_TILES_961_U(gemm2_fifo_w32_d2_A_x0)' using Vivado Default RAMs.
INFO: [RTMG 210-285] Implementing FIFO 'B_TILES_960_U(gemm2_fifo_w32_d2_A_x0)' using Vivado Default RAMs.
INFO: [RTMG 210-285] Implementing FIFO 'B_TILES_959_U(gemm2_fifo_w32_d2_A_x0)' using Vivado Default RAMs.
INFO: [RTMG 210-285] Implementing FIFO 'B_TILES_958_U(gemm2_fifo_w32_d2_A_x0)' using Vivado Default RAMs.
INFO: [RTMG 210-285] Implementing FIFO 'B_TILES_957_U(gemm2_fifo_w32_d2_A_x0)' using Vivado Default RAMs.
INFO: [RTMG 210-285] Implementing FIFO 'B_TILES_956_U(gemm2_fifo_w32_d2_A_x0)' using Vivado Default RAMs.
INFO: [RTMG 210-285] Implementing FIFO 'B_TILES_955_U(gemm2_fifo_w32_d2_A_x0)' using Vivado Default RAMs.
INFO: [RTMG 210-285] Implementing FIFO 'B_TILES_954_U(gemm2_fifo_w32_d2_A_x0)' using Vivado Default RAMs.
INFO: [RTMG 210-285] Implementing FIFO 'B_TILES_953_U(gemm2_fifo_w32_d2_A_x0)' using Vivado Default RAMs.
INFO: [RTMG 210-285] Implementing FIFO 'B_TILES_952_U(gemm2_fifo_w32_d2_A_x0)' using Vivado Default RAMs.
INFO: [RTMG 210-285] Implementing FIFO 'B_TILES_951_U(gemm2_fifo_w32_d2_A_x0)' using Vivado Default RAMs.
INFO: [RTMG 210-285] Implementing FIFO 'B_TILES_950_U(gemm2_fifo_w32_d2_A_x0)' using Vivado Default RAMs.
INFO: [RTMG 210-285] Implementing FIFO 'B_TILES_949_U(gemm2_fifo_w32_d2_A_x0)' using Vivado Default RAMs.
INFO: [RTMG 210-285] Implementing FIFO 'B_TILES_948_U(gemm2_fifo_w32_d2_A_x0)' using Vivado Default RAMs.
INFO: [RTMG 210-285] Implementing FIFO 'B_TILES_947_U(gemm2_fifo_w32_d2_A_x0)' using Vivado Default RAMs.
INFO: [RTMG 210-285] Implementing FIFO 'B_TILES_946_U(gemm2_fifo_w32_d2_A_x0)' using Vivado Default RAMs.
INFO: [RTMG 210-285] Implementing FIFO 'B_TILES_945_U(gemm2_fifo_w32_d2_A_x0)' using Vivado Default RAMs.
INFO: [RTMG 210-285] Implementing FIFO 'B_TILES_944_U(gemm2_fifo_w32_d2_A_x0)' using Vivado Default RAMs.
INFO: [RTMG 210-285] Implementing FIFO 'B_TILES_943_U(gemm2_fifo_w32_d2_A_x0)' using Vivado Default RAMs.
INFO: [RTMG 210-285] Implementing FIFO 'B_TILES_942_U(gemm2_fifo_w32_d2_A_x0)' using Vivado Default RAMs.
INFO: [RTMG 210-285] Implementing FIFO 'B_TILES_941_U(gemm2_fifo_w32_d2_A_x0)' using Vivado Default RAMs.
INFO: [RTMG 210-285] Implementing FIFO 'B_TILES_940_U(gemm2_fifo_w32_d2_A_x0)' using Vivado Default RAMs.
INFO: [RTMG 210-285] Implementing FIFO 'B_TILES_939_U(gemm2_fifo_w32_d2_A_x0)' using Vivado Default RAMs.
INFO: [RTMG 210-285] Implementing FIFO 'B_TILES_938_U(gemm2_fifo_w32_d2_A_x0)' using Vivado Default RAMs.
INFO: [RTMG 210-285] Implementing FIFO 'B_TILES_937_U(gemm2_fifo_w32_d2_A_x0)' using Vivado Default RAMs.
INFO: [RTMG 210-285] Implementing FIFO 'B_TILES_936_U(gemm2_fifo_w32_d2_A_x0)' using Vivado Default RAMs.
INFO: [RTMG 210-285] Implementing FIFO 'B_TILES_935_U(gemm2_fifo_w32_d2_A_x0)' using Vivado Default RAMs.
INFO: [RTMG 210-285] Implementing FIFO 'B_TILES_934_U(gemm2_fifo_w32_d2_A_x0)' using Vivado Default RAMs.
INFO: [RTMG 210-285] Implementing FIFO 'B_TILES_933_U(gemm2_fifo_w32_d2_A_x0)' using Vivado Default RAMs.
INFO: [RTMG 210-285] Implementing FIFO 'B_TILES_932_U(gemm2_fifo_w32_d2_A_x0)' using Vivado Default RAMs.
INFO: [RTMG 210-285] Implementing FIFO 'B_TILES_931_U(gemm2_fifo_w32_d2_A_x0)' using Vivado Default RAMs.
INFO: [RTMG 210-285] Implementing FIFO 'B_TILES_930_U(gemm2_fifo_w32_d2_A_x0)' using Vivado Default RAMs.
INFO: [RTMG 210-285] Implementing FIFO 'B_TILES_929_U(gemm2_fifo_w32_d2_A_x0)' using Vivado Default RAMs.
INFO: [RTMG 210-285] Implementing FIFO 'B_TILES_928_U(gemm2_fifo_w32_d2_A_x0)' using Vivado Default RAMs.
INFO: [RTMG 210-285] Implementing FIFO 'B_TILES_927_U(gemm2_fifo_w32_d2_A_x0)' using Vivado Default RAMs.
INFO: [RTMG 210-285] Implementing FIFO 'B_TILES_926_U(gemm2_fifo_w32_d2_A_x0)' using Vivado Default RAMs.
INFO: [RTMG 210-285] Implementing FIFO 'B_TILES_925_U(gemm2_fifo_w32_d2_A_x0)' using Vivado Default RAMs.
INFO: [RTMG 210-285] Implementing FIFO 'B_TILES_924_U(gemm2_fifo_w32_d2_A_x0)' using Vivado Default RAMs.
INFO: [RTMG 210-285] Implementing FIFO 'B_TILES_923_U(gemm2_fifo_w32_d2_A_x0)' using Vivado Default RAMs.
INFO: [RTMG 210-285] Implementing FIFO 'B_TILES_922_U(gemm2_fifo_w32_d2_A_x0)' using Vivado Default RAMs.
INFO: [RTMG 210-285] Implementing FIFO 'B_TILES_921_U(gemm2_fifo_w32_d2_A_x0)' using Vivado Default RAMs.
INFO: [RTMG 210-285] Implementing FIFO 'B_TILES_920_U(gemm2_fifo_w32_d2_A_x0)' using Vivado Default RAMs.
INFO: [RTMG 210-285] Implementing FIFO 'B_TILES_919_U(gemm2_fifo_w32_d2_A_x0)' using Vivado Default RAMs.
INFO: [RTMG 210-285] Implementing FIFO 'B_TILES_918_U(gemm2_fifo_w32_d2_A_x0)' using Vivado Default RAMs.
INFO: [RTMG 210-285] Implementing FIFO 'B_TILES_917_U(gemm2_fifo_w32_d2_A_x0)' using Vivado Default RAMs.
INFO: [RTMG 210-285] Implementing FIFO 'B_TILES_916_U(gemm2_fifo_w32_d2_A_x0)' using Vivado Default RAMs.
INFO: [RTMG 210-285] Implementing FIFO 'B_TILES_915_U(gemm2_fifo_w32_d2_A_x0)' using Vivado Default RAMs.
INFO: [RTMG 210-285] Implementing FIFO 'B_TILES_914_U(gemm2_fifo_w32_d2_A_x0)' using Vivado Default RAMs.
INFO: [RTMG 210-285] Implementing FIFO 'B_TILES_913_U(gemm2_fifo_w32_d2_A_x0)' using Vivado Default RAMs.
INFO: [RTMG 210-285] Implementing FIFO 'B_TILES_912_U(gemm2_fifo_w32_d2_A_x0)' using Vivado Default RAMs.
INFO: [RTMG 210-285] Implementing FIFO 'B_TILES_911_U(gemm2_fifo_w32_d2_A_x0)' using Vivado Default RAMs.
INFO: [RTMG 210-285] Implementing FIFO 'B_TILES_910_U(gemm2_fifo_w32_d2_A_x0)' using Vivado Default RAMs.
INFO: [RTMG 210-285] Implementing FIFO 'B_TILES_909_U(gemm2_fifo_w32_d2_A_x0)' using Vivado Default RAMs.
INFO: [RTMG 210-285] Implementing FIFO 'B_TILES_908_U(gemm2_fifo_w32_d2_A_x0)' using Vivado Default RAMs.
INFO: [RTMG 210-285] Implementing FIFO 'B_TILES_907_U(gemm2_fifo_w32_d2_A_x0)' using Vivado Default RAMs.
INFO: [RTMG 210-285] Implementing FIFO 'B_TILES_906_U(gemm2_fifo_w32_d2_A_x0)' using Vivado Default RAMs.
INFO: [RTMG 210-285] Implementing FIFO 'B_TILES_905_U(gemm2_fifo_w32_d2_A_x0)' using Vivado Default RAMs.
INFO: [RTMG 210-285] Implementing FIFO 'B_TILES_904_U(gemm2_fifo_w32_d2_A_x0)' using Vivado Default RAMs.
INFO: [RTMG 210-285] Implementing FIFO 'B_TILES_903_U(gemm2_fifo_w32_d2_A_x0)' using Vivado Default RAMs.
INFO: [RTMG 210-285] Implementing FIFO 'B_TILES_902_U(gemm2_fifo_w32_d2_A_x0)' using Vivado Default RAMs.
INFO: [RTMG 210-285] Implementing FIFO 'B_TILES_901_U(gemm2_fifo_w32_d2_A_x0)' using Vivado Default RAMs.
INFO: [RTMG 210-285] Implementing FIFO 'B_TILES_900_U(gemm2_fifo_w32_d2_A_x0)' using Vivado Default RAMs.
INFO: [RTMG 210-285] Implementing FIFO 'B_TILES_899_U(gemm2_fifo_w32_d2_A_x0)' using Vivado Default RAMs.
INFO: [RTMG 210-285] Implementing FIFO 'B_TILES_898_U(gemm2_fifo_w32_d2_A_x0)' using Vivado Default RAMs.
INFO: [RTMG 210-285] Implementing FIFO 'B_TILES_897_U(gemm2_fifo_w32_d2_A_x0)' using Vivado Default RAMs.
INFO: [RTMG 210-285] Implementing FIFO 'B_TILES_896_U(gemm2_fifo_w32_d2_A_x0)' using Vivado Default RAMs.
INFO: [RTMG 210-285] Implementing FIFO 'B_TILES_895_U(gemm2_fifo_w32_d2_A_x0)' using Vivado Default RAMs.
INFO: [RTMG 210-285] Implementing FIFO 'B_TILES_894_U(gemm2_fifo_w32_d2_A_x0)' using Vivado Default RAMs.
INFO: [RTMG 210-285] Implementing FIFO 'B_TILES_893_U(gemm2_fifo_w32_d2_A_x0)' using Vivado Default RAMs.
INFO: [RTMG 210-285] Implementing FIFO 'B_TILES_892_U(gemm2_fifo_w32_d2_A_x0)' using Vivado Default RAMs.
INFO: [RTMG 210-285] Implementing FIFO 'B_TILES_891_U(gemm2_fifo_w32_d2_A_x0)' using Vivado Default RAMs.
INFO: [RTMG 210-285] Implementing FIFO 'B_TILES_890_U(gemm2_fifo_w32_d2_A_x0)' using Vivado Default RAMs.
INFO: [RTMG 210-285] Implementing FIFO 'B_TILES_889_U(gemm2_fifo_w32_d2_A_x0)' using Vivado Default RAMs.
INFO: [RTMG 210-285] Implementing FIFO 'B_TILES_888_U(gemm2_fifo_w32_d2_A_x0)' using Vivado Default RAMs.
INFO: [RTMG 210-285] Implementing FIFO 'B_TILES_887_U(gemm2_fifo_w32_d2_A_x0)' using Vivado Default RAMs.
INFO: [RTMG 210-285] Implementing FIFO 'B_TILES_886_U(gemm2_fifo_w32_d2_A_x0)' using Vivado Default RAMs.
INFO: [RTMG 210-285] Implementing FIFO 'B_TILES_885_U(gemm2_fifo_w32_d2_A_x0)' using Vivado Default RAMs.
INFO: [RTMG 210-285] Implementing FIFO 'B_TILES_884_U(gemm2_fifo_w32_d2_A_x0)' using Vivado Default RAMs.
INFO: [RTMG 210-285] Implementing FIFO 'B_TILES_883_U(gemm2_fifo_w32_d2_A_x0)' using Vivado Default RAMs.
INFO: [RTMG 210-285] Implementing FIFO 'B_TILES_882_U(gemm2_fifo_w32_d2_A_x0)' using Vivado Default RAMs.
INFO: [RTMG 210-285] Implementing FIFO 'B_TILES_881_U(gemm2_fifo_w32_d2_A_x0)' using Vivado Default RAMs.
INFO: [RTMG 210-285] Implementing FIFO 'B_TILES_880_U(gemm2_fifo_w32_d2_A_x0)' using Vivado Default RAMs.
INFO: [RTMG 210-285] Implementing FIFO 'B_TILES_879_U(gemm2_fifo_w32_d2_A_x0)' using Vivado Default RAMs.
INFO: [RTMG 210-285] Implementing FIFO 'B_TILES_878_U(gemm2_fifo_w32_d2_A_x0)' using Vivado Default RAMs.
INFO: [RTMG 210-285] Implementing FIFO 'B_TILES_877_U(gemm2_fifo_w32_d2_A_x0)' using Vivado Default RAMs.
INFO: [RTMG 210-285] Implementing FIFO 'B_TILES_876_U(gemm2_fifo_w32_d2_A_x0)' using Vivado Default RAMs.
INFO: [RTMG 210-285] Implementing FIFO 'B_TILES_875_U(gemm2_fifo_w32_d2_A_x0)' using Vivado Default RAMs.
INFO: [RTMG 210-285] Implementing FIFO 'B_TILES_874_U(gemm2_fifo_w32_d2_A_x0)' using Vivado Default RAMs.
INFO: [RTMG 210-285] Implementing FIFO 'B_TILES_873_U(gemm2_fifo_w32_d2_A_x0)' using Vivado Default RAMs.
INFO: [RTMG 210-285] Implementing FIFO 'B_TILES_872_U(gemm2_fifo_w32_d2_A_x0)' using Vivado Default RAMs.
INFO: [RTMG 210-285] Implementing FIFO 'B_TILES_871_U(gemm2_fifo_w32_d2_A_x0)' using Vivado Default RAMs.
INFO: [RTMG 210-285] Implementing FIFO 'B_TILES_870_U(gemm2_fifo_w32_d2_A_x0)' using Vivado Default RAMs.
INFO: [RTMG 210-285] Implementing FIFO 'B_TILES_869_U(gemm2_fifo_w32_d2_A_x0)' using Vivado Default RAMs.
INFO: [RTMG 210-285] Implementing FIFO 'B_TILES_868_U(gemm2_fifo_w32_d2_A_x0)' using Vivado Default RAMs.
INFO: [RTMG 210-285] Implementing FIFO 'B_TILES_867_U(gemm2_fifo_w32_d2_A_x0)' using Vivado Default RAMs.
INFO: [RTMG 210-285] Implementing FIFO 'B_TILES_866_U(gemm2_fifo_w32_d2_A_x0)' using Vivado Default RAMs.
INFO: [RTMG 210-285] Implementing FIFO 'B_TILES_865_U(gemm2_fifo_w32_d2_A_x0)' using Vivado Default RAMs.
INFO: [RTMG 210-285] Implementing FIFO 'B_TILES_864_U(gemm2_fifo_w32_d2_A_x0)' using Vivado Default RAMs.
INFO: [RTMG 210-285] Implementing FIFO 'B_TILES_863_U(gemm2_fifo_w32_d2_A_x0)' using Vivado Default RAMs.
INFO: [RTMG 210-285] Implementing FIFO 'B_TILES_862_U(gemm2_fifo_w32_d2_A_x0)' using Vivado Default RAMs.
INFO: [RTMG 210-285] Implementing FIFO 'B_TILES_861_U(gemm2_fifo_w32_d2_A_x0)' using Vivado Default RAMs.
INFO: [RTMG 210-285] Implementing FIFO 'B_TILES_860_U(gemm2_fifo_w32_d2_A_x0)' using Vivado Default RAMs.
INFO: [RTMG 210-285] Implementing FIFO 'B_TILES_859_U(gemm2_fifo_w32_d2_A_x0)' using Vivado Default RAMs.
INFO: [RTMG 210-285] Implementing FIFO 'B_TILES_858_U(gemm2_fifo_w32_d2_A_x0)' using Vivado Default RAMs.
INFO: [RTMG 210-285] Implementing FIFO 'B_TILES_857_U(gemm2_fifo_w32_d2_A_x0)' using Vivado Default RAMs.
INFO: [RTMG 210-285] Implementing FIFO 'B_TILES_856_U(gemm2_fifo_w32_d2_A_x0)' using Vivado Default RAMs.
INFO: [RTMG 210-285] Implementing FIFO 'B_TILES_855_U(gemm2_fifo_w32_d2_A_x0)' using Vivado Default RAMs.
INFO: [RTMG 210-285] Implementing FIFO 'B_TILES_854_U(gemm2_fifo_w32_d2_A_x0)' using Vivado Default RAMs.
INFO: [RTMG 210-285] Implementing FIFO 'B_TILES_853_U(gemm2_fifo_w32_d2_A_x0)' using Vivado Default RAMs.
INFO: [RTMG 210-285] Implementing FIFO 'B_TILES_852_U(gemm2_fifo_w32_d2_A_x0)' using Vivado Default RAMs.
INFO: [RTMG 210-285] Implementing FIFO 'B_TILES_851_U(gemm2_fifo_w32_d2_A_x0)' using Vivado Default RAMs.
INFO: [RTMG 210-285] Implementing FIFO 'B_TILES_850_U(gemm2_fifo_w32_d2_A_x0)' using Vivado Default RAMs.
INFO: [RTMG 210-285] Implementing FIFO 'B_TILES_849_U(gemm2_fifo_w32_d2_A_x0)' using Vivado Default RAMs.
INFO: [RTMG 210-285] Implementing FIFO 'B_TILES_848_U(gemm2_fifo_w32_d2_A_x0)' using Vivado Default RAMs.
INFO: [RTMG 210-285] Implementing FIFO 'B_TILES_847_U(gemm2_fifo_w32_d2_A_x0)' using Vivado Default RAMs.
INFO: [RTMG 210-285] Implementing FIFO 'B_TILES_846_U(gemm2_fifo_w32_d2_A_x0)' using Vivado Default RAMs.
INFO: [RTMG 210-285] Implementing FIFO 'B_TILES_845_U(gemm2_fifo_w32_d2_A_x0)' using Vivado Default RAMs.
INFO: [RTMG 210-285] Implementing FIFO 'B_TILES_844_U(gemm2_fifo_w32_d2_A_x0)' using Vivado Default RAMs.
INFO: [RTMG 210-285] Implementing FIFO 'B_TILES_843_U(gemm2_fifo_w32_d2_A_x0)' using Vivado Default RAMs.
INFO: [RTMG 210-285] Implementing FIFO 'B_TILES_842_U(gemm2_fifo_w32_d2_A_x0)' using Vivado Default RAMs.
INFO: [RTMG 210-285] Implementing FIFO 'B_TILES_841_U(gemm2_fifo_w32_d2_A_x0)' using Vivado Default RAMs.
INFO: [RTMG 210-285] Implementing FIFO 'B_TILES_840_U(gemm2_fifo_w32_d2_A_x0)' using Vivado Default RAMs.
INFO: [RTMG 210-285] Implementing FIFO 'B_TILES_839_U(gemm2_fifo_w32_d2_A_x0)' using Vivado Default RAMs.
INFO: [RTMG 210-285] Implementing FIFO 'B_TILES_838_U(gemm2_fifo_w32_d2_A_x0)' using Vivado Default RAMs.
INFO: [RTMG 210-285] Implementing FIFO 'B_TILES_837_U(gemm2_fifo_w32_d2_A_x0)' using Vivado Default RAMs.
INFO: [RTMG 210-285] Implementing FIFO 'B_TILES_836_U(gemm2_fifo_w32_d2_A_x0)' using Vivado Default RAMs.
INFO: [RTMG 210-285] Implementing FIFO 'B_TILES_835_U(gemm2_fifo_w32_d2_A_x0)' using Vivado Default RAMs.
INFO: [RTMG 210-285] Implementing FIFO 'B_TILES_834_U(gemm2_fifo_w32_d2_A_x0)' using Vivado Default RAMs.
INFO: [RTMG 210-285] Implementing FIFO 'B_TILES_833_U(gemm2_fifo_w32_d2_A_x0)' using Vivado Default RAMs.
INFO: [RTMG 210-285] Implementing FIFO 'B_TILES_832_U(gemm2_fifo_w32_d2_A_x0)' using Vivado Default RAMs.
INFO: [RTMG 210-285] Implementing FIFO 'B_TILES_831_U(gemm2_fifo_w32_d2_A_x0)' using Vivado Default RAMs.
INFO: [RTMG 210-285] Implementing FIFO 'B_TILES_830_U(gemm2_fifo_w32_d2_A_x0)' using Vivado Default RAMs.
INFO: [RTMG 210-285] Implementing FIFO 'B_TILES_829_U(gemm2_fifo_w32_d2_A_x0)' using Vivado Default RAMs.
INFO: [RTMG 210-285] Implementing FIFO 'B_TILES_828_U(gemm2_fifo_w32_d2_A_x0)' using Vivado Default RAMs.
INFO: [RTMG 210-285] Implementing FIFO 'B_TILES_827_U(gemm2_fifo_w32_d2_A_x0)' using Vivado Default RAMs.
INFO: [RTMG 210-285] Implementing FIFO 'B_TILES_826_U(gemm2_fifo_w32_d2_A_x0)' using Vivado Default RAMs.
INFO: [RTMG 210-285] Implementing FIFO 'B_TILES_825_U(gemm2_fifo_w32_d2_A_x0)' using Vivado Default RAMs.
INFO: [RTMG 210-285] Implementing FIFO 'B_TILES_824_U(gemm2_fifo_w32_d2_A_x0)' using Vivado Default RAMs.
INFO: [RTMG 210-285] Implementing FIFO 'B_TILES_823_U(gemm2_fifo_w32_d2_A_x0)' using Vivado Default RAMs.
INFO: [RTMG 210-285] Implementing FIFO 'B_TILES_822_U(gemm2_fifo_w32_d2_A_x0)' using Vivado Default RAMs.
INFO: [RTMG 210-285] Implementing FIFO 'B_TILES_821_U(gemm2_fifo_w32_d2_A_x0)' using Vivado Default RAMs.
INFO: [RTMG 210-285] Implementing FIFO 'B_TILES_820_U(gemm2_fifo_w32_d2_A_x0)' using Vivado Default RAMs.
INFO: [RTMG 210-285] Implementing FIFO 'B_TILES_819_U(gemm2_fifo_w32_d2_A_x0)' using Vivado Default RAMs.
INFO: [RTMG 210-285] Implementing FIFO 'B_TILES_818_U(gemm2_fifo_w32_d2_A_x0)' using Vivado Default RAMs.
INFO: [RTMG 210-285] Implementing FIFO 'B_TILES_817_U(gemm2_fifo_w32_d2_A_x0)' using Vivado Default RAMs.
INFO: [RTMG 210-285] Implementing FIFO 'B_TILES_816_U(gemm2_fifo_w32_d2_A_x0)' using Vivado Default RAMs.
INFO: [RTMG 210-285] Implementing FIFO 'B_TILES_815_U(gemm2_fifo_w32_d2_A_x0)' using Vivado Default RAMs.
INFO: [RTMG 210-285] Implementing FIFO 'B_TILES_814_U(gemm2_fifo_w32_d2_A_x0)' using Vivado Default RAMs.
INFO: [RTMG 210-285] Implementing FIFO 'B_TILES_813_U(gemm2_fifo_w32_d2_A_x0)' using Vivado Default RAMs.
INFO: [RTMG 210-285] Implementing FIFO 'B_TILES_812_U(gemm2_fifo_w32_d2_A_x0)' using Vivado Default RAMs.
INFO: [RTMG 210-285] Implementing FIFO 'B_TILES_811_U(gemm2_fifo_w32_d2_A_x0)' using Vivado Default RAMs.
INFO: [RTMG 210-285] Implementing FIFO 'B_TILES_810_U(gemm2_fifo_w32_d2_A_x0)' using Vivado Default RAMs.
INFO: [RTMG 210-285] Implementing FIFO 'B_TILES_809_U(gemm2_fifo_w32_d2_A_x0)' using Vivado Default RAMs.
INFO: [RTMG 210-285] Implementing FIFO 'B_TILES_808_U(gemm2_fifo_w32_d2_A_x0)' using Vivado Default RAMs.
INFO: [RTMG 210-285] Implementing FIFO 'B_TILES_807_U(gemm2_fifo_w32_d2_A_x0)' using Vivado Default RAMs.
INFO: [RTMG 210-285] Implementing FIFO 'B_TILES_806_U(gemm2_fifo_w32_d2_A_x0)' using Vivado Default RAMs.
INFO: [RTMG 210-285] Implementing FIFO 'B_TILES_805_U(gemm2_fifo_w32_d2_A_x0)' using Vivado Default RAMs.
INFO: [RTMG 210-285] Implementing FIFO 'B_TILES_804_U(gemm2_fifo_w32_d2_A_x0)' using Vivado Default RAMs.
INFO: [RTMG 210-285] Implementing FIFO 'B_TILES_803_U(gemm2_fifo_w32_d2_A_x0)' using Vivado Default RAMs.
INFO: [RTMG 210-285] Implementing FIFO 'B_TILES_802_U(gemm2_fifo_w32_d2_A_x0)' using Vivado Default RAMs.
INFO: [RTMG 210-285] Implementing FIFO 'B_TILES_801_U(gemm2_fifo_w32_d2_A_x0)' using Vivado Default RAMs.
INFO: [RTMG 210-285] Implementing FIFO 'B_TILES_800_U(gemm2_fifo_w32_d2_A_x0)' using Vivado Default RAMs.
INFO: [RTMG 210-285] Implementing FIFO 'B_TILES_799_U(gemm2_fifo_w32_d2_A_x0)' using Vivado Default RAMs.
INFO: [RTMG 210-285] Implementing FIFO 'B_TILES_798_U(gemm2_fifo_w32_d2_A_x0)' using Vivado Default RAMs.
INFO: [RTMG 210-285] Implementing FIFO 'B_TILES_797_U(gemm2_fifo_w32_d2_A_x0)' using Vivado Default RAMs.
INFO: [RTMG 210-285] Implementing FIFO 'B_TILES_796_U(gemm2_fifo_w32_d2_A_x0)' using Vivado Default RAMs.
INFO: [RTMG 210-285] Implementing FIFO 'B_TILES_795_U(gemm2_fifo_w32_d2_A_x0)' using Vivado Default RAMs.
INFO: [RTMG 210-285] Implementing FIFO 'B_TILES_794_U(gemm2_fifo_w32_d2_A_x0)' using Vivado Default RAMs.
INFO: [RTMG 210-285] Implementing FIFO 'B_TILES_793_U(gemm2_fifo_w32_d2_A_x0)' using Vivado Default RAMs.
INFO: [RTMG 210-285] Implementing FIFO 'B_TILES_792_U(gemm2_fifo_w32_d2_A_x0)' using Vivado Default RAMs.
INFO: [RTMG 210-285] Implementing FIFO 'B_TILES_791_U(gemm2_fifo_w32_d2_A_x0)' using Vivado Default RAMs.
INFO: [RTMG 210-285] Implementing FIFO 'B_TILES_790_U(gemm2_fifo_w32_d2_A_x0)' using Vivado Default RAMs.
INFO: [RTMG 210-285] Implementing FIFO 'B_TILES_789_U(gemm2_fifo_w32_d2_A_x0)' using Vivado Default RAMs.
INFO: [RTMG 210-285] Implementing FIFO 'B_TILES_788_U(gemm2_fifo_w32_d2_A_x0)' using Vivado Default RAMs.
INFO: [RTMG 210-285] Implementing FIFO 'B_TILES_787_U(gemm2_fifo_w32_d2_A_x0)' using Vivado Default RAMs.
INFO: [RTMG 210-285] Implementing FIFO 'B_TILES_786_U(gemm2_fifo_w32_d2_A_x0)' using Vivado Default RAMs.
INFO: [RTMG 210-285] Implementing FIFO 'B_TILES_785_U(gemm2_fifo_w32_d2_A_x0)' using Vivado Default RAMs.
INFO: [RTMG 210-285] Implementing FIFO 'B_TILES_784_U(gemm2_fifo_w32_d2_A_x0)' using Vivado Default RAMs.
INFO: [RTMG 210-285] Implementing FIFO 'B_TILES_783_U(gemm2_fifo_w32_d2_A_x0)' using Vivado Default RAMs.
INFO: [RTMG 210-285] Implementing FIFO 'B_TILES_782_U(gemm2_fifo_w32_d2_A_x0)' using Vivado Default RAMs.
INFO: [RTMG 210-285] Implementing FIFO 'B_TILES_781_U(gemm2_fifo_w32_d2_A_x0)' using Vivado Default RAMs.
INFO: [RTMG 210-285] Implementing FIFO 'B_TILES_780_U(gemm2_fifo_w32_d2_A_x0)' using Vivado Default RAMs.
INFO: [RTMG 210-285] Implementing FIFO 'B_TILES_779_U(gemm2_fifo_w32_d2_A_x0)' using Vivado Default RAMs.
INFO: [RTMG 210-285] Implementing FIFO 'B_TILES_778_U(gemm2_fifo_w32_d2_A_x0)' using Vivado Default RAMs.
INFO: [RTMG 210-285] Implementing FIFO 'B_TILES_777_U(gemm2_fifo_w32_d2_A_x0)' using Vivado Default RAMs.
INFO: [RTMG 210-285] Implementing FIFO 'B_TILES_776_U(gemm2_fifo_w32_d2_A_x0)' using Vivado Default RAMs.
INFO: [RTMG 210-285] Implementing FIFO 'B_TILES_775_U(gemm2_fifo_w32_d2_A_x0)' using Vivado Default RAMs.
INFO: [RTMG 210-285] Implementing FIFO 'B_TILES_774_U(gemm2_fifo_w32_d2_A_x0)' using Vivado Default RAMs.
INFO: [RTMG 210-285] Implementing FIFO 'B_TILES_773_U(gemm2_fifo_w32_d2_A_x0)' using Vivado Default RAMs.
INFO: [RTMG 210-285] Implementing FIFO 'B_TILES_772_U(gemm2_fifo_w32_d2_A_x0)' using Vivado Default RAMs.
INFO: [RTMG 210-285] Implementing FIFO 'B_TILES_771_U(gemm2_fifo_w32_d2_A_x0)' using Vivado Default RAMs.
INFO: [RTMG 210-285] Implementing FIFO 'B_TILES_770_U(gemm2_fifo_w32_d2_A_x0)' using Vivado Default RAMs.
INFO: [RTMG 210-285] Implementing FIFO 'B_TILES_769_U(gemm2_fifo_w32_d2_A_x0)' using Vivado Default RAMs.
INFO: [RTMG 210-285] Implementing FIFO 'B_TILES_768_U(gemm2_fifo_w32_d2_A_x0)' using Vivado Default RAMs.
INFO: [RTMG 210-285] Implementing FIFO 'B_TILES_767_U(gemm2_fifo_w32_d2_A_x0)' using Vivado Default RAMs.
INFO: [RTMG 210-285] Implementing FIFO 'B_TILES_766_U(gemm2_fifo_w32_d2_A_x0)' using Vivado Default RAMs.
INFO: [RTMG 210-285] Implementing FIFO 'B_TILES_765_U(gemm2_fifo_w32_d2_A_x0)' using Vivado Default RAMs.
INFO: [RTMG 210-285] Implementing FIFO 'B_TILES_764_U(gemm2_fifo_w32_d2_A_x0)' using Vivado Default RAMs.
INFO: [RTMG 210-285] Implementing FIFO 'B_TILES_763_U(gemm2_fifo_w32_d2_A_x0)' using Vivado Default RAMs.
INFO: [RTMG 210-285] Implementing FIFO 'B_TILES_762_U(gemm2_fifo_w32_d2_A_x0)' using Vivado Default RAMs.
INFO: [RTMG 210-285] Implementing FIFO 'B_TILES_761_U(gemm2_fifo_w32_d2_A_x0)' using Vivado Default RAMs.
INFO: [RTMG 210-285] Implementing FIFO 'B_TILES_760_U(gemm2_fifo_w32_d2_A_x0)' using Vivado Default RAMs.
INFO: [RTMG 210-285] Implementing FIFO 'B_TILES_759_U(gemm2_fifo_w32_d2_A_x0)' using Vivado Default RAMs.
INFO: [RTMG 210-285] Implementing FIFO 'B_TILES_758_U(gemm2_fifo_w32_d2_A_x0)' using Vivado Default RAMs.
INFO: [RTMG 210-285] Implementing FIFO 'B_TILES_757_U(gemm2_fifo_w32_d2_A_x0)' using Vivado Default RAMs.
INFO: [RTMG 210-285] Implementing FIFO 'B_TILES_756_U(gemm2_fifo_w32_d2_A_x0)' using Vivado Default RAMs.
INFO: [RTMG 210-285] Implementing FIFO 'B_TILES_755_U(gemm2_fifo_w32_d2_A_x0)' using Vivado Default RAMs.
INFO: [RTMG 210-285] Implementing FIFO 'B_TILES_754_U(gemm2_fifo_w32_d2_A_x0)' using Vivado Default RAMs.
INFO: [RTMG 210-285] Implementing FIFO 'B_TILES_753_U(gemm2_fifo_w32_d2_A_x0)' using Vivado Default RAMs.
INFO: [RTMG 210-285] Implementing FIFO 'B_TILES_752_U(gemm2_fifo_w32_d2_A_x0)' using Vivado Default RAMs.
INFO: [RTMG 210-285] Implementing FIFO 'B_TILES_751_U(gemm2_fifo_w32_d2_A_x0)' using Vivado Default RAMs.
INFO: [RTMG 210-285] Implementing FIFO 'B_TILES_750_U(gemm2_fifo_w32_d2_A_x0)' using Vivado Default RAMs.
INFO: [RTMG 210-285] Implementing FIFO 'B_TILES_749_U(gemm2_fifo_w32_d2_A_x0)' using Vivado Default RAMs.
INFO: [RTMG 210-285] Implementing FIFO 'B_TILES_748_U(gemm2_fifo_w32_d2_A_x0)' using Vivado Default RAMs.
INFO: [RTMG 210-285] Implementing FIFO 'B_TILES_747_U(gemm2_fifo_w32_d2_A_x0)' using Vivado Default RAMs.
INFO: [RTMG 210-285] Implementing FIFO 'B_TILES_746_U(gemm2_fifo_w32_d2_A_x0)' using Vivado Default RAMs.
INFO: [RTMG 210-285] Implementing FIFO 'B_TILES_745_U(gemm2_fifo_w32_d2_A_x0)' using Vivado Default RAMs.
INFO: [RTMG 210-285] Implementing FIFO 'B_TILES_744_U(gemm2_fifo_w32_d2_A_x0)' using Vivado Default RAMs.
INFO: [RTMG 210-285] Implementing FIFO 'B_TILES_743_U(gemm2_fifo_w32_d2_A_x0)' using Vivado Default RAMs.
INFO: [RTMG 210-285] Implementing FIFO 'B_TILES_742_U(gemm2_fifo_w32_d2_A_x0)' using Vivado Default RAMs.
INFO: [RTMG 210-285] Implementing FIFO 'B_TILES_741_U(gemm2_fifo_w32_d2_A_x0)' using Vivado Default RAMs.
INFO: [RTMG 210-285] Implementing FIFO 'B_TILES_740_U(gemm2_fifo_w32_d2_A_x0)' using Vivado Default RAMs.
INFO: [RTMG 210-285] Implementing FIFO 'B_TILES_739_U(gemm2_fifo_w32_d2_A_x0)' using Vivado Default RAMs.
INFO: [RTMG 210-285] Implementing FIFO 'B_TILES_738_U(gemm2_fifo_w32_d2_A_x0)' using Vivado Default RAMs.
INFO: [RTMG 210-285] Implementing FIFO 'B_TILES_737_U(gemm2_fifo_w32_d2_A_x0)' using Vivado Default RAMs.
INFO: [RTMG 210-285] Implementing FIFO 'B_TILES_736_U(gemm2_fifo_w32_d2_A_x0)' using Vivado Default RAMs.
INFO: [RTMG 210-285] Implementing FIFO 'B_TILES_735_U(gemm2_fifo_w32_d2_A_x0)' using Vivado Default RAMs.
INFO: [RTMG 210-285] Implementing FIFO 'B_TILES_734_U(gemm2_fifo_w32_d2_A_x0)' using Vivado Default RAMs.
INFO: [RTMG 210-285] Implementing FIFO 'B_TILES_733_U(gemm2_fifo_w32_d2_A_x0)' using Vivado Default RAMs.
INFO: [RTMG 210-285] Implementing FIFO 'B_TILES_732_U(gemm2_fifo_w32_d2_A_x0)' using Vivado Default RAMs.
INFO: [RTMG 210-285] Implementing FIFO 'B_TILES_731_U(gemm2_fifo_w32_d2_A_x0)' using Vivado Default RAMs.
INFO: [RTMG 210-285] Implementing FIFO 'B_TILES_730_U(gemm2_fifo_w32_d2_A_x0)' using Vivado Default RAMs.
INFO: [RTMG 210-285] Implementing FIFO 'B_TILES_729_U(gemm2_fifo_w32_d2_A_x0)' using Vivado Default RAMs.
INFO: [RTMG 210-285] Implementing FIFO 'B_TILES_728_U(gemm2_fifo_w32_d2_A_x0)' using Vivado Default RAMs.
INFO: [RTMG 210-285] Implementing FIFO 'B_TILES_727_U(gemm2_fifo_w32_d2_A_x0)' using Vivado Default RAMs.
INFO: [RTMG 210-285] Implementing FIFO 'B_TILES_726_U(gemm2_fifo_w32_d2_A_x0)' using Vivado Default RAMs.
INFO: [RTMG 210-285] Implementing FIFO 'B_TILES_725_U(gemm2_fifo_w32_d2_A_x0)' using Vivado Default RAMs.
INFO: [RTMG 210-285] Implementing FIFO 'B_TILES_724_U(gemm2_fifo_w32_d2_A_x0)' using Vivado Default RAMs.
INFO: [RTMG 210-285] Implementing FIFO 'B_TILES_723_U(gemm2_fifo_w32_d2_A_x0)' using Vivado Default RAMs.
INFO: [RTMG 210-285] Implementing FIFO 'B_TILES_722_U(gemm2_fifo_w32_d2_A_x0)' using Vivado Default RAMs.
INFO: [RTMG 210-285] Implementing FIFO 'B_TILES_721_U(gemm2_fifo_w32_d2_A_x0)' using Vivado Default RAMs.
INFO: [RTMG 210-285] Implementing FIFO 'B_TILES_720_U(gemm2_fifo_w32_d2_A_x0)' using Vivado Default RAMs.
INFO: [RTMG 210-285] Implementing FIFO 'B_TILES_719_U(gemm2_fifo_w32_d2_A_x0)' using Vivado Default RAMs.
INFO: [RTMG 210-285] Implementing FIFO 'B_TILES_718_U(gemm2_fifo_w32_d2_A_x0)' using Vivado Default RAMs.
INFO: [RTMG 210-285] Implementing FIFO 'B_TILES_717_U(gemm2_fifo_w32_d2_A_x0)' using Vivado Default RAMs.
INFO: [RTMG 210-285] Implementing FIFO 'B_TILES_716_U(gemm2_fifo_w32_d2_A_x0)' using Vivado Default RAMs.
INFO: [RTMG 210-285] Implementing FIFO 'B_TILES_715_U(gemm2_fifo_w32_d2_A_x0)' using Vivado Default RAMs.
INFO: [RTMG 210-285] Implementing FIFO 'B_TILES_714_U(gemm2_fifo_w32_d2_A_x0)' using Vivado Default RAMs.
INFO: [RTMG 210-285] Implementing FIFO 'B_TILES_713_U(gemm2_fifo_w32_d2_A_x0)' using Vivado Default RAMs.
INFO: [RTMG 210-285] Implementing FIFO 'B_TILES_712_U(gemm2_fifo_w32_d2_A_x0)' using Vivado Default RAMs.
INFO: [RTMG 210-285] Implementing FIFO 'B_TILES_711_U(gemm2_fifo_w32_d2_A_x0)' using Vivado Default RAMs.
INFO: [RTMG 210-285] Implementing FIFO 'B_TILES_710_U(gemm2_fifo_w32_d2_A_x0)' using Vivado Default RAMs.
INFO: [RTMG 210-285] Implementing FIFO 'B_TILES_709_U(gemm2_fifo_w32_d2_A_x0)' using Vivado Default RAMs.
INFO: [RTMG 210-285] Implementing FIFO 'B_TILES_708_U(gemm2_fifo_w32_d2_A_x0)' using Vivado Default RAMs.
INFO: [RTMG 210-285] Implementing FIFO 'B_TILES_707_U(gemm2_fifo_w32_d2_A_x0)' using Vivado Default RAMs.
INFO: [RTMG 210-285] Implementing FIFO 'B_TILES_706_U(gemm2_fifo_w32_d2_A_x0)' using Vivado Default RAMs.
INFO: [RTMG 210-285] Implementing FIFO 'B_TILES_705_U(gemm2_fifo_w32_d2_A_x0)' using Vivado Default RAMs.
INFO: [RTMG 210-285] Implementing FIFO 'B_TILES_704_U(gemm2_fifo_w32_d2_A_x0)' using Vivado Default RAMs.
INFO: [RTMG 210-285] Implementing FIFO 'B_TILES_703_U(gemm2_fifo_w32_d2_A_x0)' using Vivado Default RAMs.
INFO: [RTMG 210-285] Implementing FIFO 'B_TILES_702_U(gemm2_fifo_w32_d2_A_x0)' using Vivado Default RAMs.
INFO: [RTMG 210-285] Implementing FIFO 'B_TILES_701_U(gemm2_fifo_w32_d2_A_x0)' using Vivado Default RAMs.
INFO: [RTMG 210-285] Implementing FIFO 'B_TILES_700_U(gemm2_fifo_w32_d2_A_x0)' using Vivado Default RAMs.
INFO: [RTMG 210-285] Implementing FIFO 'B_TILES_699_U(gemm2_fifo_w32_d2_A_x0)' using Vivado Default RAMs.
INFO: [RTMG 210-285] Implementing FIFO 'B_TILES_698_U(gemm2_fifo_w32_d2_A_x0)' using Vivado Default RAMs.
INFO: [RTMG 210-285] Implementing FIFO 'B_TILES_697_U(gemm2_fifo_w32_d2_A_x0)' using Vivado Default RAMs.
INFO: [RTMG 210-285] Implementing FIFO 'B_TILES_696_U(gemm2_fifo_w32_d2_A_x0)' using Vivado Default RAMs.
INFO: [RTMG 210-285] Implementing FIFO 'B_TILES_695_U(gemm2_fifo_w32_d2_A_x0)' using Vivado Default RAMs.
INFO: [RTMG 210-285] Implementing FIFO 'B_TILES_694_U(gemm2_fifo_w32_d2_A_x0)' using Vivado Default RAMs.
INFO: [RTMG 210-285] Implementing FIFO 'B_TILES_693_U(gemm2_fifo_w32_d2_A_x0)' using Vivado Default RAMs.
INFO: [RTMG 210-285] Implementing FIFO 'B_TILES_692_U(gemm2_fifo_w32_d2_A_x0)' using Vivado Default RAMs.
INFO: [RTMG 210-285] Implementing FIFO 'B_TILES_691_U(gemm2_fifo_w32_d2_A_x0)' using Vivado Default RAMs.
INFO: [RTMG 210-285] Implementing FIFO 'B_TILES_690_U(gemm2_fifo_w32_d2_A_x0)' using Vivado Default RAMs.
INFO: [RTMG 210-285] Implementing FIFO 'B_TILES_689_U(gemm2_fifo_w32_d2_A_x0)' using Vivado Default RAMs.
INFO: [RTMG 210-285] Implementing FIFO 'B_TILES_688_U(gemm2_fifo_w32_d2_A_x0)' using Vivado Default RAMs.
INFO: [RTMG 210-285] Implementing FIFO 'B_TILES_687_U(gemm2_fifo_w32_d2_A_x0)' using Vivado Default RAMs.
INFO: [RTMG 210-285] Implementing FIFO 'B_TILES_686_U(gemm2_fifo_w32_d2_A_x0)' using Vivado Default RAMs.
INFO: [RTMG 210-285] Implementing FIFO 'B_TILES_685_U(gemm2_fifo_w32_d2_A_x0)' using Vivado Default RAMs.
INFO: [RTMG 210-285] Implementing FIFO 'B_TILES_684_U(gemm2_fifo_w32_d2_A_x0)' using Vivado Default RAMs.
INFO: [RTMG 210-285] Implementing FIFO 'B_TILES_683_U(gemm2_fifo_w32_d2_A_x0)' using Vivado Default RAMs.
INFO: [RTMG 210-285] Implementing FIFO 'B_TILES_682_U(gemm2_fifo_w32_d2_A_x0)' using Vivado Default RAMs.
INFO: [RTMG 210-285] Implementing FIFO 'B_TILES_681_U(gemm2_fifo_w32_d2_A_x0)' using Vivado Default RAMs.
INFO: [RTMG 210-285] Implementing FIFO 'B_TILES_680_U(gemm2_fifo_w32_d2_A_x0)' using Vivado Default RAMs.
INFO: [RTMG 210-285] Implementing FIFO 'B_TILES_679_U(gemm2_fifo_w32_d2_A_x0)' using Vivado Default RAMs.
INFO: [RTMG 210-285] Implementing FIFO 'B_TILES_678_U(gemm2_fifo_w32_d2_A_x0)' using Vivado Default RAMs.
INFO: [RTMG 210-285] Implementing FIFO 'B_TILES_677_U(gemm2_fifo_w32_d2_A_x0)' using Vivado Default RAMs.
INFO: [RTMG 210-285] Implementing FIFO 'B_TILES_676_U(gemm2_fifo_w32_d2_A_x0)' using Vivado Default RAMs.
INFO: [RTMG 210-285] Implementing FIFO 'B_TILES_675_U(gemm2_fifo_w32_d2_A_x0)' using Vivado Default RAMs.
INFO: [RTMG 210-285] Implementing FIFO 'B_TILES_674_U(gemm2_fifo_w32_d2_A_x0)' using Vivado Default RAMs.
INFO: [RTMG 210-285] Implementing FIFO 'B_TILES_673_U(gemm2_fifo_w32_d2_A_x0)' using Vivado Default RAMs.
INFO: [RTMG 210-285] Implementing FIFO 'B_TILES_672_U(gemm2_fifo_w32_d2_A_x0)' using Vivado Default RAMs.
INFO: [RTMG 210-285] Implementing FIFO 'B_TILES_671_U(gemm2_fifo_w32_d2_A_x0)' using Vivado Default RAMs.
INFO: [RTMG 210-285] Implementing FIFO 'B_TILES_670_U(gemm2_fifo_w32_d2_A_x0)' using Vivado Default RAMs.
INFO: [RTMG 210-285] Implementing FIFO 'B_TILES_669_U(gemm2_fifo_w32_d2_A_x0)' using Vivado Default RAMs.
INFO: [RTMG 210-285] Implementing FIFO 'B_TILES_668_U(gemm2_fifo_w32_d2_A_x0)' using Vivado Default RAMs.
INFO: [RTMG 210-285] Implementing FIFO 'B_TILES_667_U(gemm2_fifo_w32_d2_A_x0)' using Vivado Default RAMs.
INFO: [RTMG 210-285] Implementing FIFO 'B_TILES_666_U(gemm2_fifo_w32_d2_A_x0)' using Vivado Default RAMs.
INFO: [RTMG 210-285] Implementing FIFO 'B_TILES_665_U(gemm2_fifo_w32_d2_A_x0)' using Vivado Default RAMs.
INFO: [RTMG 210-285] Implementing FIFO 'B_TILES_664_U(gemm2_fifo_w32_d2_A_x0)' using Vivado Default RAMs.
INFO: [RTMG 210-285] Implementing FIFO 'B_TILES_663_U(gemm2_fifo_w32_d2_A_x0)' using Vivado Default RAMs.
INFO: [RTMG 210-285] Implementing FIFO 'B_TILES_662_U(gemm2_fifo_w32_d2_A_x0)' using Vivado Default RAMs.
INFO: [RTMG 210-285] Implementing FIFO 'B_TILES_661_U(gemm2_fifo_w32_d2_A_x0)' using Vivado Default RAMs.
INFO: [RTMG 210-285] Implementing FIFO 'B_TILES_660_U(gemm2_fifo_w32_d2_A_x0)' using Vivado Default RAMs.
INFO: [RTMG 210-285] Implementing FIFO 'B_TILES_659_U(gemm2_fifo_w32_d2_A_x0)' using Vivado Default RAMs.
INFO: [RTMG 210-285] Implementing FIFO 'B_TILES_658_U(gemm2_fifo_w32_d2_A_x0)' using Vivado Default RAMs.
INFO: [RTMG 210-285] Implementing FIFO 'B_TILES_657_U(gemm2_fifo_w32_d2_A_x0)' using Vivado Default RAMs.
INFO: [RTMG 210-285] Implementing FIFO 'B_TILES_656_U(gemm2_fifo_w32_d2_A_x0)' using Vivado Default RAMs.
INFO: [RTMG 210-285] Implementing FIFO 'B_TILES_655_U(gemm2_fifo_w32_d2_A_x0)' using Vivado Default RAMs.
INFO: [RTMG 210-285] Implementing FIFO 'B_TILES_654_U(gemm2_fifo_w32_d2_A_x0)' using Vivado Default RAMs.
INFO: [RTMG 210-285] Implementing FIFO 'B_TILES_653_U(gemm2_fifo_w32_d2_A_x0)' using Vivado Default RAMs.
INFO: [RTMG 210-285] Implementing FIFO 'B_TILES_652_U(gemm2_fifo_w32_d2_A_x0)' using Vivado Default RAMs.
INFO: [RTMG 210-285] Implementing FIFO 'B_TILES_651_U(gemm2_fifo_w32_d2_A_x0)' using Vivado Default RAMs.
INFO: [RTMG 210-285] Implementing FIFO 'B_TILES_650_U(gemm2_fifo_w32_d2_A_x0)' using Vivado Default RAMs.
INFO: [RTMG 210-285] Implementing FIFO 'B_TILES_649_U(gemm2_fifo_w32_d2_A_x0)' using Vivado Default RAMs.
INFO: [RTMG 210-285] Implementing FIFO 'B_TILES_648_U(gemm2_fifo_w32_d2_A_x0)' using Vivado Default RAMs.
INFO: [RTMG 210-285] Implementing FIFO 'B_TILES_647_U(gemm2_fifo_w32_d2_A_x0)' using Vivado Default RAMs.
INFO: [RTMG 210-285] Implementing FIFO 'B_TILES_646_U(gemm2_fifo_w32_d2_A_x0)' using Vivado Default RAMs.
INFO: [RTMG 210-285] Implementing FIFO 'B_TILES_645_U(gemm2_fifo_w32_d2_A_x0)' using Vivado Default RAMs.
INFO: [RTMG 210-285] Implementing FIFO 'B_TILES_644_U(gemm2_fifo_w32_d2_A_x0)' using Vivado Default RAMs.
INFO: [RTMG 210-285] Implementing FIFO 'B_TILES_643_U(gemm2_fifo_w32_d2_A_x0)' using Vivado Default RAMs.
INFO: [RTMG 210-285] Implementing FIFO 'B_TILES_642_U(gemm2_fifo_w32_d2_A_x0)' using Vivado Default RAMs.
INFO: [RTMG 210-285] Implementing FIFO 'B_TILES_641_U(gemm2_fifo_w32_d2_A_x0)' using Vivado Default RAMs.
INFO: [RTMG 210-285] Implementing FIFO 'B_TILES_640_U(gemm2_fifo_w32_d2_A_x0)' using Vivado Default RAMs.
INFO: [RTMG 210-285] Implementing FIFO 'B_TILES_639_U(gemm2_fifo_w32_d2_A_x0)' using Vivado Default RAMs.
INFO: [RTMG 210-285] Implementing FIFO 'B_TILES_638_U(gemm2_fifo_w32_d2_A_x0)' using Vivado Default RAMs.
INFO: [RTMG 210-285] Implementing FIFO 'B_TILES_637_U(gemm2_fifo_w32_d2_A_x0)' using Vivado Default RAMs.
INFO: [RTMG 210-285] Implementing FIFO 'B_TILES_636_U(gemm2_fifo_w32_d2_A_x0)' using Vivado Default RAMs.
INFO: [RTMG 210-285] Implementing FIFO 'B_TILES_635_U(gemm2_fifo_w32_d2_A_x0)' using Vivado Default RAMs.
INFO: [RTMG 210-285] Implementing FIFO 'B_TILES_634_U(gemm2_fifo_w32_d2_A_x0)' using Vivado Default RAMs.
INFO: [RTMG 210-285] Implementing FIFO 'B_TILES_633_U(gemm2_fifo_w32_d2_A_x0)' using Vivado Default RAMs.
INFO: [RTMG 210-285] Implementing FIFO 'B_TILES_632_U(gemm2_fifo_w32_d2_A_x0)' using Vivado Default RAMs.
INFO: [RTMG 210-285] Implementing FIFO 'B_TILES_631_U(gemm2_fifo_w32_d2_A_x0)' using Vivado Default RAMs.
INFO: [RTMG 210-285] Implementing FIFO 'B_TILES_630_U(gemm2_fifo_w32_d2_A_x0)' using Vivado Default RAMs.
INFO: [RTMG 210-285] Implementing FIFO 'B_TILES_629_U(gemm2_fifo_w32_d2_A_x0)' using Vivado Default RAMs.
INFO: [RTMG 210-285] Implementing FIFO 'B_TILES_628_U(gemm2_fifo_w32_d2_A_x0)' using Vivado Default RAMs.
INFO: [RTMG 210-285] Implementing FIFO 'B_TILES_627_U(gemm2_fifo_w32_d2_A_x0)' using Vivado Default RAMs.
INFO: [RTMG 210-285] Implementing FIFO 'B_TILES_626_U(gemm2_fifo_w32_d2_A_x0)' using Vivado Default RAMs.
INFO: [RTMG 210-285] Implementing FIFO 'B_TILES_625_U(gemm2_fifo_w32_d2_A_x0)' using Vivado Default RAMs.
INFO: [RTMG 210-285] Implementing FIFO 'B_TILES_624_U(gemm2_fifo_w32_d2_A_x0)' using Vivado Default RAMs.
INFO: [RTMG 210-285] Implementing FIFO 'B_TILES_623_U(gemm2_fifo_w32_d2_A_x0)' using Vivado Default RAMs.
INFO: [RTMG 210-285] Implementing FIFO 'B_TILES_622_U(gemm2_fifo_w32_d2_A_x0)' using Vivado Default RAMs.
INFO: [RTMG 210-285] Implementing FIFO 'B_TILES_621_U(gemm2_fifo_w32_d2_A_x0)' using Vivado Default RAMs.
INFO: [RTMG 210-285] Implementing FIFO 'B_TILES_620_U(gemm2_fifo_w32_d2_A_x0)' using Vivado Default RAMs.
INFO: [RTMG 210-285] Implementing FIFO 'B_TILES_619_U(gemm2_fifo_w32_d2_A_x0)' using Vivado Default RAMs.
INFO: [RTMG 210-285] Implementing FIFO 'B_TILES_618_U(gemm2_fifo_w32_d2_A_x0)' using Vivado Default RAMs.
INFO: [RTMG 210-285] Implementing FIFO 'B_TILES_617_U(gemm2_fifo_w32_d2_A_x0)' using Vivado Default RAMs.
INFO: [RTMG 210-285] Implementing FIFO 'B_TILES_616_U(gemm2_fifo_w32_d2_A_x0)' using Vivado Default RAMs.
INFO: [RTMG 210-285] Implementing FIFO 'B_TILES_615_U(gemm2_fifo_w32_d2_A_x0)' using Vivado Default RAMs.
INFO: [RTMG 210-285] Implementing FIFO 'B_TILES_614_U(gemm2_fifo_w32_d2_A_x0)' using Vivado Default RAMs.
INFO: [RTMG 210-285] Implementing FIFO 'B_TILES_613_U(gemm2_fifo_w32_d2_A_x0)' using Vivado Default RAMs.
INFO: [RTMG 210-285] Implementing FIFO 'B_TILES_612_U(gemm2_fifo_w32_d2_A_x0)' using Vivado Default RAMs.
INFO: [RTMG 210-285] Implementing FIFO 'B_TILES_611_U(gemm2_fifo_w32_d2_A_x0)' using Vivado Default RAMs.
INFO: [RTMG 210-285] Implementing FIFO 'B_TILES_610_U(gemm2_fifo_w32_d2_A_x0)' using Vivado Default RAMs.
INFO: [RTMG 210-285] Implementing FIFO 'B_TILES_609_U(gemm2_fifo_w32_d2_A_x0)' using Vivado Default RAMs.
INFO: [RTMG 210-285] Implementing FIFO 'B_TILES_608_U(gemm2_fifo_w32_d2_A_x0)' using Vivado Default RAMs.
INFO: [RTMG 210-285] Implementing FIFO 'B_TILES_607_U(gemm2_fifo_w32_d2_A_x0)' using Vivado Default RAMs.
INFO: [RTMG 210-285] Implementing FIFO 'B_TILES_606_U(gemm2_fifo_w32_d2_A_x0)' using Vivado Default RAMs.
INFO: [RTMG 210-285] Implementing FIFO 'B_TILES_605_U(gemm2_fifo_w32_d2_A_x0)' using Vivado Default RAMs.
INFO: [RTMG 210-285] Implementing FIFO 'B_TILES_604_U(gemm2_fifo_w32_d2_A_x0)' using Vivado Default RAMs.
INFO: [RTMG 210-285] Implementing FIFO 'B_TILES_603_U(gemm2_fifo_w32_d2_A_x0)' using Vivado Default RAMs.
INFO: [RTMG 210-285] Implementing FIFO 'B_TILES_602_U(gemm2_fifo_w32_d2_A_x0)' using Vivado Default RAMs.
INFO: [RTMG 210-285] Implementing FIFO 'B_TILES_601_U(gemm2_fifo_w32_d2_A_x0)' using Vivado Default RAMs.
INFO: [RTMG 210-285] Implementing FIFO 'B_TILES_600_U(gemm2_fifo_w32_d2_A_x0)' using Vivado Default RAMs.
INFO: [RTMG 210-285] Implementing FIFO 'B_TILES_599_U(gemm2_fifo_w32_d2_A_x0)' using Vivado Default RAMs.
INFO: [RTMG 210-285] Implementing FIFO 'B_TILES_598_U(gemm2_fifo_w32_d2_A_x0)' using Vivado Default RAMs.
INFO: [RTMG 210-285] Implementing FIFO 'B_TILES_597_U(gemm2_fifo_w32_d2_A_x0)' using Vivado Default RAMs.
INFO: [RTMG 210-285] Implementing FIFO 'B_TILES_596_U(gemm2_fifo_w32_d2_A_x0)' using Vivado Default RAMs.
INFO: [RTMG 210-285] Implementing FIFO 'B_TILES_595_U(gemm2_fifo_w32_d2_A_x0)' using Vivado Default RAMs.
INFO: [RTMG 210-285] Implementing FIFO 'B_TILES_594_U(gemm2_fifo_w32_d2_A_x0)' using Vivado Default RAMs.
INFO: [RTMG 210-285] Implementing FIFO 'B_TILES_593_U(gemm2_fifo_w32_d2_A_x0)' using Vivado Default RAMs.
INFO: [RTMG 210-285] Implementing FIFO 'B_TILES_592_U(gemm2_fifo_w32_d2_A_x0)' using Vivado Default RAMs.
INFO: [RTMG 210-285] Implementing FIFO 'B_TILES_591_U(gemm2_fifo_w32_d2_A_x0)' using Vivado Default RAMs.
INFO: [RTMG 210-285] Implementing FIFO 'B_TILES_590_U(gemm2_fifo_w32_d2_A_x0)' using Vivado Default RAMs.
INFO: [RTMG 210-285] Implementing FIFO 'B_TILES_589_U(gemm2_fifo_w32_d2_A_x0)' using Vivado Default RAMs.
INFO: [RTMG 210-285] Implementing FIFO 'B_TILES_588_U(gemm2_fifo_w32_d2_A_x0)' using Vivado Default RAMs.
INFO: [RTMG 210-285] Implementing FIFO 'B_TILES_587_U(gemm2_fifo_w32_d2_A_x0)' using Vivado Default RAMs.
INFO: [RTMG 210-285] Implementing FIFO 'B_TILES_586_U(gemm2_fifo_w32_d2_A_x0)' using Vivado Default RAMs.
INFO: [RTMG 210-285] Implementing FIFO 'B_TILES_585_U(gemm2_fifo_w32_d2_A_x0)' using Vivado Default RAMs.
INFO: [RTMG 210-285] Implementing FIFO 'B_TILES_584_U(gemm2_fifo_w32_d2_A_x0)' using Vivado Default RAMs.
INFO: [RTMG 210-285] Implementing FIFO 'B_TILES_583_U(gemm2_fifo_w32_d2_A_x0)' using Vivado Default RAMs.
INFO: [RTMG 210-285] Implementing FIFO 'B_TILES_582_U(gemm2_fifo_w32_d2_A_x0)' using Vivado Default RAMs.
INFO: [RTMG 210-285] Implementing FIFO 'B_TILES_581_U(gemm2_fifo_w32_d2_A_x0)' using Vivado Default RAMs.
INFO: [RTMG 210-285] Implementing FIFO 'B_TILES_580_U(gemm2_fifo_w32_d2_A_x0)' using Vivado Default RAMs.
INFO: [RTMG 210-285] Implementing FIFO 'B_TILES_579_U(gemm2_fifo_w32_d2_A_x0)' using Vivado Default RAMs.
INFO: [RTMG 210-285] Implementing FIFO 'B_TILES_578_U(gemm2_fifo_w32_d2_A_x0)' using Vivado Default RAMs.
INFO: [RTMG 210-285] Implementing FIFO 'B_TILES_577_U(gemm2_fifo_w32_d2_A_x0)' using Vivado Default RAMs.
INFO: [RTMG 210-285] Implementing FIFO 'B_TILES_576_U(gemm2_fifo_w32_d2_A_x0)' using Vivado Default RAMs.
INFO: [RTMG 210-285] Implementing FIFO 'B_TILES_575_U(gemm2_fifo_w32_d2_A_x0)' using Vivado Default RAMs.
INFO: [RTMG 210-285] Implementing FIFO 'B_TILES_574_U(gemm2_fifo_w32_d2_A_x0)' using Vivado Default RAMs.
INFO: [RTMG 210-285] Implementing FIFO 'B_TILES_573_U(gemm2_fifo_w32_d2_A_x0)' using Vivado Default RAMs.
INFO: [RTMG 210-285] Implementing FIFO 'B_TILES_572_U(gemm2_fifo_w32_d2_A_x0)' using Vivado Default RAMs.
INFO: [RTMG 210-285] Implementing FIFO 'B_TILES_571_U(gemm2_fifo_w32_d2_A_x0)' using Vivado Default RAMs.
INFO: [RTMG 210-285] Implementing FIFO 'B_TILES_570_U(gemm2_fifo_w32_d2_A_x0)' using Vivado Default RAMs.
INFO: [RTMG 210-285] Implementing FIFO 'B_TILES_569_U(gemm2_fifo_w32_d2_A_x0)' using Vivado Default RAMs.
INFO: [RTMG 210-285] Implementing FIFO 'B_TILES_568_U(gemm2_fifo_w32_d2_A_x0)' using Vivado Default RAMs.
INFO: [RTMG 210-285] Implementing FIFO 'B_TILES_567_U(gemm2_fifo_w32_d2_A_x0)' using Vivado Default RAMs.
INFO: [RTMG 210-285] Implementing FIFO 'B_TILES_566_U(gemm2_fifo_w32_d2_A_x0)' using Vivado Default RAMs.
INFO: [RTMG 210-285] Implementing FIFO 'B_TILES_565_U(gemm2_fifo_w32_d2_A_x0)' using Vivado Default RAMs.
INFO: [RTMG 210-285] Implementing FIFO 'B_TILES_564_U(gemm2_fifo_w32_d2_A_x0)' using Vivado Default RAMs.
INFO: [RTMG 210-285] Implementing FIFO 'B_TILES_563_U(gemm2_fifo_w32_d2_A_x0)' using Vivado Default RAMs.
INFO: [RTMG 210-285] Implementing FIFO 'B_TILES_562_U(gemm2_fifo_w32_d2_A_x0)' using Vivado Default RAMs.
INFO: [RTMG 210-285] Implementing FIFO 'B_TILES_561_U(gemm2_fifo_w32_d2_A_x0)' using Vivado Default RAMs.
INFO: [RTMG 210-285] Implementing FIFO 'B_TILES_560_U(gemm2_fifo_w32_d2_A_x0)' using Vivado Default RAMs.
INFO: [RTMG 210-285] Implementing FIFO 'B_TILES_559_U(gemm2_fifo_w32_d2_A_x0)' using Vivado Default RAMs.
INFO: [RTMG 210-285] Implementing FIFO 'B_TILES_558_U(gemm2_fifo_w32_d2_A_x0)' using Vivado Default RAMs.
INFO: [RTMG 210-285] Implementing FIFO 'B_TILES_557_U(gemm2_fifo_w32_d2_A_x0)' using Vivado Default RAMs.
INFO: [RTMG 210-285] Implementing FIFO 'B_TILES_556_U(gemm2_fifo_w32_d2_A_x0)' using Vivado Default RAMs.
INFO: [RTMG 210-285] Implementing FIFO 'B_TILES_555_U(gemm2_fifo_w32_d2_A_x0)' using Vivado Default RAMs.
INFO: [RTMG 210-285] Implementing FIFO 'B_TILES_554_U(gemm2_fifo_w32_d2_A_x0)' using Vivado Default RAMs.
INFO: [RTMG 210-285] Implementing FIFO 'B_TILES_553_U(gemm2_fifo_w32_d2_A_x0)' using Vivado Default RAMs.
INFO: [RTMG 210-285] Implementing FIFO 'B_TILES_552_U(gemm2_fifo_w32_d2_A_x0)' using Vivado Default RAMs.
INFO: [RTMG 210-285] Implementing FIFO 'B_TILES_551_U(gemm2_fifo_w32_d2_A_x0)' using Vivado Default RAMs.
INFO: [RTMG 210-285] Implementing FIFO 'B_TILES_550_U(gemm2_fifo_w32_d2_A_x0)' using Vivado Default RAMs.
INFO: [RTMG 210-285] Implementing FIFO 'B_TILES_549_U(gemm2_fifo_w32_d2_A_x0)' using Vivado Default RAMs.
INFO: [RTMG 210-285] Implementing FIFO 'B_TILES_548_U(gemm2_fifo_w32_d2_A_x0)' using Vivado Default RAMs.
INFO: [RTMG 210-285] Implementing FIFO 'B_TILES_547_U(gemm2_fifo_w32_d2_A_x0)' using Vivado Default RAMs.
INFO: [RTMG 210-285] Implementing FIFO 'B_TILES_546_U(gemm2_fifo_w32_d2_A_x0)' using Vivado Default RAMs.
INFO: [RTMG 210-285] Implementing FIFO 'B_TILES_545_U(gemm2_fifo_w32_d2_A_x0)' using Vivado Default RAMs.
INFO: [RTMG 210-285] Implementing FIFO 'B_TILES_544_U(gemm2_fifo_w32_d2_A_x0)' using Vivado Default RAMs.
INFO: [RTMG 210-285] Implementing FIFO 'B_TILES_543_U(gemm2_fifo_w32_d2_A_x0)' using Vivado Default RAMs.
INFO: [RTMG 210-285] Implementing FIFO 'B_TILES_542_U(gemm2_fifo_w32_d2_A_x0)' using Vivado Default RAMs.
INFO: [RTMG 210-285] Implementing FIFO 'B_TILES_541_U(gemm2_fifo_w32_d2_A_x0)' using Vivado Default RAMs.
INFO: [RTMG 210-285] Implementing FIFO 'B_TILES_540_U(gemm2_fifo_w32_d2_A_x0)' using Vivado Default RAMs.
INFO: [RTMG 210-285] Implementing FIFO 'B_TILES_539_U(gemm2_fifo_w32_d2_A_x0)' using Vivado Default RAMs.
INFO: [RTMG 210-285] Implementing FIFO 'B_TILES_538_U(gemm2_fifo_w32_d2_A_x0)' using Vivado Default RAMs.
INFO: [RTMG 210-285] Implementing FIFO 'B_TILES_537_U(gemm2_fifo_w32_d2_A_x0)' using Vivado Default RAMs.
INFO: [RTMG 210-285] Implementing FIFO 'B_TILES_536_U(gemm2_fifo_w32_d2_A_x0)' using Vivado Default RAMs.
INFO: [RTMG 210-285] Implementing FIFO 'B_TILES_535_U(gemm2_fifo_w32_d2_A_x0)' using Vivado Default RAMs.
INFO: [RTMG 210-285] Implementing FIFO 'B_TILES_534_U(gemm2_fifo_w32_d2_A_x0)' using Vivado Default RAMs.
INFO: [RTMG 210-285] Implementing FIFO 'B_TILES_533_U(gemm2_fifo_w32_d2_A_x0)' using Vivado Default RAMs.
INFO: [RTMG 210-285] Implementing FIFO 'B_TILES_532_U(gemm2_fifo_w32_d2_A_x0)' using Vivado Default RAMs.
INFO: [RTMG 210-285] Implementing FIFO 'B_TILES_531_U(gemm2_fifo_w32_d2_A_x0)' using Vivado Default RAMs.
INFO: [RTMG 210-285] Implementing FIFO 'B_TILES_530_U(gemm2_fifo_w32_d2_A_x0)' using Vivado Default RAMs.
INFO: [RTMG 210-285] Implementing FIFO 'B_TILES_529_U(gemm2_fifo_w32_d2_A_x0)' using Vivado Default RAMs.
INFO: [RTMG 210-285] Implementing FIFO 'B_TILES_528_U(gemm2_fifo_w32_d2_A_x0)' using Vivado Default RAMs.
INFO: [RTMG 210-285] Implementing FIFO 'B_TILES_527_U(gemm2_fifo_w32_d2_A_x0)' using Vivado Default RAMs.
INFO: [RTMG 210-285] Implementing FIFO 'B_TILES_526_U(gemm2_fifo_w32_d2_A_x0)' using Vivado Default RAMs.
INFO: [RTMG 210-285] Implementing FIFO 'B_TILES_525_U(gemm2_fifo_w32_d2_A_x0)' using Vivado Default RAMs.
INFO: [RTMG 210-285] Implementing FIFO 'B_TILES_524_U(gemm2_fifo_w32_d2_A_x0)' using Vivado Default RAMs.
INFO: [RTMG 210-285] Implementing FIFO 'B_TILES_523_U(gemm2_fifo_w32_d2_A_x0)' using Vivado Default RAMs.
INFO: [RTMG 210-285] Implementing FIFO 'B_TILES_522_U(gemm2_fifo_w32_d2_A_x0)' using Vivado Default RAMs.
INFO: [RTMG 210-285] Implementing FIFO 'B_TILES_521_U(gemm2_fifo_w32_d2_A_x0)' using Vivado Default RAMs.
INFO: [RTMG 210-285] Implementing FIFO 'B_TILES_520_U(gemm2_fifo_w32_d2_A_x0)' using Vivado Default RAMs.
INFO: [RTMG 210-285] Implementing FIFO 'B_TILES_519_U(gemm2_fifo_w32_d2_A_x0)' using Vivado Default RAMs.
INFO: [RTMG 210-285] Implementing FIFO 'B_TILES_518_U(gemm2_fifo_w32_d2_A_x0)' using Vivado Default RAMs.
INFO: [RTMG 210-285] Implementing FIFO 'B_TILES_517_U(gemm2_fifo_w32_d2_A_x0)' using Vivado Default RAMs.
INFO: [RTMG 210-285] Implementing FIFO 'B_TILES_516_U(gemm2_fifo_w32_d2_A_x0)' using Vivado Default RAMs.
INFO: [RTMG 210-285] Implementing FIFO 'B_TILES_515_U(gemm2_fifo_w32_d2_A_x0)' using Vivado Default RAMs.
INFO: [RTMG 210-285] Implementing FIFO 'B_TILES_514_U(gemm2_fifo_w32_d2_A_x0)' using Vivado Default RAMs.
INFO: [RTMG 210-285] Implementing FIFO 'B_TILES_513_U(gemm2_fifo_w32_d2_A_x0)' using Vivado Default RAMs.
INFO: [RTMG 210-285] Implementing FIFO 'B_TILES_512_U(gemm2_fifo_w32_d2_A_x0)' using Vivado Default RAMs.
INFO: [RTMG 210-285] Implementing FIFO 'B_TILES_511_U(gemm2_fifo_w32_d2_A_x0)' using Vivado Default RAMs.
INFO: [RTMG 210-285] Implementing FIFO 'B_TILES_510_U(gemm2_fifo_w32_d2_A_x0)' using Vivado Default RAMs.
INFO: [RTMG 210-285] Implementing FIFO 'B_TILES_509_U(gemm2_fifo_w32_d2_A_x0)' using Vivado Default RAMs.
INFO: [RTMG 210-285] Implementing FIFO 'B_TILES_508_U(gemm2_fifo_w32_d2_A_x0)' using Vivado Default RAMs.
INFO: [RTMG 210-285] Implementing FIFO 'B_TILES_507_U(gemm2_fifo_w32_d2_A_x0)' using Vivado Default RAMs.
INFO: [RTMG 210-285] Implementing FIFO 'B_TILES_506_U(gemm2_fifo_w32_d2_A_x0)' using Vivado Default RAMs.
INFO: [RTMG 210-285] Implementing FIFO 'B_TILES_505_U(gemm2_fifo_w32_d2_A_x0)' using Vivado Default RAMs.
INFO: [RTMG 210-285] Implementing FIFO 'B_TILES_504_U(gemm2_fifo_w32_d2_A_x0)' using Vivado Default RAMs.
INFO: [RTMG 210-285] Implementing FIFO 'B_TILES_503_U(gemm2_fifo_w32_d2_A_x0)' using Vivado Default RAMs.
INFO: [RTMG 210-285] Implementing FIFO 'B_TILES_502_U(gemm2_fifo_w32_d2_A_x0)' using Vivado Default RAMs.
INFO: [RTMG 210-285] Implementing FIFO 'B_TILES_501_U(gemm2_fifo_w32_d2_A_x0)' using Vivado Default RAMs.
INFO: [RTMG 210-285] Implementing FIFO 'B_TILES_500_U(gemm2_fifo_w32_d2_A_x0)' using Vivado Default RAMs.
INFO: [RTMG 210-285] Implementing FIFO 'B_TILES_499_U(gemm2_fifo_w32_d2_A_x0)' using Vivado Default RAMs.
INFO: [RTMG 210-285] Implementing FIFO 'B_TILES_498_U(gemm2_fifo_w32_d2_A_x0)' using Vivado Default RAMs.
INFO: [RTMG 210-285] Implementing FIFO 'B_TILES_497_U(gemm2_fifo_w32_d2_A_x0)' using Vivado Default RAMs.
INFO: [RTMG 210-285] Implementing FIFO 'B_TILES_496_U(gemm2_fifo_w32_d2_A_x0)' using Vivado Default RAMs.
INFO: [RTMG 210-285] Implementing FIFO 'B_TILES_495_U(gemm2_fifo_w32_d2_A_x0)' using Vivado Default RAMs.
INFO: [RTMG 210-285] Implementing FIFO 'B_TILES_494_U(gemm2_fifo_w32_d2_A_x0)' using Vivado Default RAMs.
INFO: [RTMG 210-285] Implementing FIFO 'B_TILES_493_U(gemm2_fifo_w32_d2_A_x0)' using Vivado Default RAMs.
INFO: [RTMG 210-285] Implementing FIFO 'B_TILES_492_U(gemm2_fifo_w32_d2_A_x0)' using Vivado Default RAMs.
INFO: [RTMG 210-285] Implementing FIFO 'B_TILES_491_U(gemm2_fifo_w32_d2_A_x0)' using Vivado Default RAMs.
INFO: [RTMG 210-285] Implementing FIFO 'B_TILES_490_U(gemm2_fifo_w32_d2_A_x0)' using Vivado Default RAMs.
INFO: [RTMG 210-285] Implementing FIFO 'B_TILES_489_U(gemm2_fifo_w32_d2_A_x0)' using Vivado Default RAMs.
INFO: [RTMG 210-285] Implementing FIFO 'B_TILES_488_U(gemm2_fifo_w32_d2_A_x0)' using Vivado Default RAMs.
INFO: [RTMG 210-285] Implementing FIFO 'B_TILES_487_U(gemm2_fifo_w32_d2_A_x0)' using Vivado Default RAMs.
INFO: [RTMG 210-285] Implementing FIFO 'B_TILES_486_U(gemm2_fifo_w32_d2_A_x0)' using Vivado Default RAMs.
INFO: [RTMG 210-285] Implementing FIFO 'B_TILES_485_U(gemm2_fifo_w32_d2_A_x0)' using Vivado Default RAMs.
INFO: [RTMG 210-285] Implementing FIFO 'B_TILES_484_U(gemm2_fifo_w32_d2_A_x0)' using Vivado Default RAMs.
INFO: [RTMG 210-285] Implementing FIFO 'B_TILES_483_U(gemm2_fifo_w32_d2_A_x0)' using Vivado Default RAMs.
INFO: [RTMG 210-285] Implementing FIFO 'B_TILES_482_U(gemm2_fifo_w32_d2_A_x0)' using Vivado Default RAMs.
INFO: [RTMG 210-285] Implementing FIFO 'B_TILES_481_U(gemm2_fifo_w32_d2_A_x0)' using Vivado Default RAMs.
INFO: [RTMG 210-285] Implementing FIFO 'B_TILES_480_U(gemm2_fifo_w32_d2_A_x0)' using Vivado Default RAMs.
INFO: [RTMG 210-285] Implementing FIFO 'B_TILES_479_U(gemm2_fifo_w32_d2_A_x0)' using Vivado Default RAMs.
INFO: [RTMG 210-285] Implementing FIFO 'B_TILES_478_U(gemm2_fifo_w32_d2_A_x0)' using Vivado Default RAMs.
INFO: [RTMG 210-285] Implementing FIFO 'B_TILES_477_U(gemm2_fifo_w32_d2_A_x0)' using Vivado Default RAMs.
INFO: [RTMG 210-285] Implementing FIFO 'B_TILES_476_U(gemm2_fifo_w32_d2_A_x0)' using Vivado Default RAMs.
INFO: [RTMG 210-285] Implementing FIFO 'B_TILES_475_U(gemm2_fifo_w32_d2_A_x0)' using Vivado Default RAMs.
INFO: [RTMG 210-285] Implementing FIFO 'B_TILES_474_U(gemm2_fifo_w32_d2_A_x0)' using Vivado Default RAMs.
INFO: [RTMG 210-285] Implementing FIFO 'B_TILES_473_U(gemm2_fifo_w32_d2_A_x0)' using Vivado Default RAMs.
INFO: [RTMG 210-285] Implementing FIFO 'B_TILES_472_U(gemm2_fifo_w32_d2_A_x0)' using Vivado Default RAMs.
INFO: [RTMG 210-285] Implementing FIFO 'B_TILES_471_U(gemm2_fifo_w32_d2_A_x0)' using Vivado Default RAMs.
INFO: [RTMG 210-285] Implementing FIFO 'B_TILES_470_U(gemm2_fifo_w32_d2_A_x0)' using Vivado Default RAMs.
INFO: [RTMG 210-285] Implementing FIFO 'B_TILES_469_U(gemm2_fifo_w32_d2_A_x0)' using Vivado Default RAMs.
INFO: [RTMG 210-285] Implementing FIFO 'B_TILES_468_U(gemm2_fifo_w32_d2_A_x0)' using Vivado Default RAMs.
INFO: [RTMG 210-285] Implementing FIFO 'B_TILES_467_U(gemm2_fifo_w32_d2_A_x0)' using Vivado Default RAMs.
INFO: [RTMG 210-285] Implementing FIFO 'B_TILES_466_U(gemm2_fifo_w32_d2_A_x0)' using Vivado Default RAMs.
INFO: [RTMG 210-285] Implementing FIFO 'B_TILES_465_U(gemm2_fifo_w32_d2_A_x0)' using Vivado Default RAMs.
INFO: [RTMG 210-285] Implementing FIFO 'B_TILES_464_U(gemm2_fifo_w32_d2_A_x0)' using Vivado Default RAMs.
INFO: [RTMG 210-285] Implementing FIFO 'B_TILES_463_U(gemm2_fifo_w32_d2_A_x0)' using Vivado Default RAMs.
INFO: [RTMG 210-285] Implementing FIFO 'B_TILES_462_U(gemm2_fifo_w32_d2_A_x0)' using Vivado Default RAMs.
INFO: [RTMG 210-285] Implementing FIFO 'B_TILES_461_U(gemm2_fifo_w32_d2_A_x0)' using Vivado Default RAMs.
INFO: [RTMG 210-285] Implementing FIFO 'B_TILES_460_U(gemm2_fifo_w32_d2_A_x0)' using Vivado Default RAMs.
INFO: [RTMG 210-285] Implementing FIFO 'B_TILES_459_U(gemm2_fifo_w32_d2_A_x0)' using Vivado Default RAMs.
INFO: [RTMG 210-285] Implementing FIFO 'B_TILES_458_U(gemm2_fifo_w32_d2_A_x0)' using Vivado Default RAMs.
INFO: [RTMG 210-285] Implementing FIFO 'B_TILES_457_U(gemm2_fifo_w32_d2_A_x0)' using Vivado Default RAMs.
INFO: [RTMG 210-285] Implementing FIFO 'B_TILES_456_U(gemm2_fifo_w32_d2_A_x0)' using Vivado Default RAMs.
INFO: [RTMG 210-285] Implementing FIFO 'B_TILES_455_U(gemm2_fifo_w32_d2_A_x0)' using Vivado Default RAMs.
INFO: [RTMG 210-285] Implementing FIFO 'B_TILES_454_U(gemm2_fifo_w32_d2_A_x0)' using Vivado Default RAMs.
INFO: [RTMG 210-285] Implementing FIFO 'B_TILES_453_U(gemm2_fifo_w32_d2_A_x0)' using Vivado Default RAMs.
INFO: [RTMG 210-285] Implementing FIFO 'B_TILES_452_U(gemm2_fifo_w32_d2_A_x0)' using Vivado Default RAMs.
INFO: [RTMG 210-285] Implementing FIFO 'B_TILES_451_U(gemm2_fifo_w32_d2_A_x0)' using Vivado Default RAMs.
INFO: [RTMG 210-285] Implementing FIFO 'B_TILES_450_U(gemm2_fifo_w32_d2_A_x0)' using Vivado Default RAMs.
INFO: [RTMG 210-285] Implementing FIFO 'B_TILES_449_U(gemm2_fifo_w32_d2_A_x0)' using Vivado Default RAMs.
INFO: [RTMG 210-285] Implementing FIFO 'B_TILES_448_U(gemm2_fifo_w32_d2_A_x0)' using Vivado Default RAMs.
INFO: [RTMG 210-285] Implementing FIFO 'B_TILES_447_U(gemm2_fifo_w32_d2_A_x0)' using Vivado Default RAMs.
INFO: [RTMG 210-285] Implementing FIFO 'B_TILES_446_U(gemm2_fifo_w32_d2_A_x0)' using Vivado Default RAMs.
INFO: [RTMG 210-285] Implementing FIFO 'B_TILES_445_U(gemm2_fifo_w32_d2_A_x0)' using Vivado Default RAMs.
INFO: [RTMG 210-285] Implementing FIFO 'B_TILES_444_U(gemm2_fifo_w32_d2_A_x0)' using Vivado Default RAMs.
INFO: [RTMG 210-285] Implementing FIFO 'B_TILES_443_U(gemm2_fifo_w32_d2_A_x0)' using Vivado Default RAMs.
INFO: [RTMG 210-285] Implementing FIFO 'B_TILES_442_U(gemm2_fifo_w32_d2_A_x0)' using Vivado Default RAMs.
INFO: [RTMG 210-285] Implementing FIFO 'B_TILES_441_U(gemm2_fifo_w32_d2_A_x0)' using Vivado Default RAMs.
INFO: [RTMG 210-285] Implementing FIFO 'B_TILES_440_U(gemm2_fifo_w32_d2_A_x0)' using Vivado Default RAMs.
INFO: [RTMG 210-285] Implementing FIFO 'B_TILES_439_U(gemm2_fifo_w32_d2_A_x0)' using Vivado Default RAMs.
INFO: [RTMG 210-285] Implementing FIFO 'B_TILES_438_U(gemm2_fifo_w32_d2_A_x0)' using Vivado Default RAMs.
INFO: [RTMG 210-285] Implementing FIFO 'B_TILES_437_U(gemm2_fifo_w32_d2_A_x0)' using Vivado Default RAMs.
INFO: [RTMG 210-285] Implementing FIFO 'B_TILES_436_U(gemm2_fifo_w32_d2_A_x0)' using Vivado Default RAMs.
INFO: [RTMG 210-285] Implementing FIFO 'B_TILES_435_U(gemm2_fifo_w32_d2_A_x0)' using Vivado Default RAMs.
INFO: [RTMG 210-285] Implementing FIFO 'B_TILES_434_U(gemm2_fifo_w32_d2_A_x0)' using Vivado Default RAMs.
INFO: [RTMG 210-285] Implementing FIFO 'B_TILES_433_U(gemm2_fifo_w32_d2_A_x0)' using Vivado Default RAMs.
INFO: [RTMG 210-285] Implementing FIFO 'B_TILES_432_U(gemm2_fifo_w32_d2_A_x0)' using Vivado Default RAMs.
INFO: [RTMG 210-285] Implementing FIFO 'B_TILES_431_U(gemm2_fifo_w32_d2_A_x0)' using Vivado Default RAMs.
INFO: [RTMG 210-285] Implementing FIFO 'B_TILES_430_U(gemm2_fifo_w32_d2_A_x0)' using Vivado Default RAMs.
INFO: [RTMG 210-285] Implementing FIFO 'B_TILES_429_U(gemm2_fifo_w32_d2_A_x0)' using Vivado Default RAMs.
INFO: [RTMG 210-285] Implementing FIFO 'B_TILES_428_U(gemm2_fifo_w32_d2_A_x0)' using Vivado Default RAMs.
INFO: [RTMG 210-285] Implementing FIFO 'B_TILES_427_U(gemm2_fifo_w32_d2_A_x0)' using Vivado Default RAMs.
INFO: [RTMG 210-285] Implementing FIFO 'B_TILES_426_U(gemm2_fifo_w32_d2_A_x0)' using Vivado Default RAMs.
INFO: [RTMG 210-285] Implementing FIFO 'B_TILES_425_U(gemm2_fifo_w32_d2_A_x0)' using Vivado Default RAMs.
INFO: [RTMG 210-285] Implementing FIFO 'B_TILES_424_U(gemm2_fifo_w32_d2_A_x0)' using Vivado Default RAMs.
INFO: [RTMG 210-285] Implementing FIFO 'B_TILES_423_U(gemm2_fifo_w32_d2_A_x0)' using Vivado Default RAMs.
INFO: [RTMG 210-285] Implementing FIFO 'B_TILES_422_U(gemm2_fifo_w32_d2_A_x0)' using Vivado Default RAMs.
INFO: [RTMG 210-285] Implementing FIFO 'B_TILES_421_U(gemm2_fifo_w32_d2_A_x0)' using Vivado Default RAMs.
INFO: [RTMG 210-285] Implementing FIFO 'B_TILES_420_U(gemm2_fifo_w32_d2_A_x0)' using Vivado Default RAMs.
INFO: [RTMG 210-285] Implementing FIFO 'B_TILES_419_U(gemm2_fifo_w32_d2_A_x0)' using Vivado Default RAMs.
INFO: [RTMG 210-285] Implementing FIFO 'B_TILES_418_U(gemm2_fifo_w32_d2_A_x0)' using Vivado Default RAMs.
INFO: [RTMG 210-285] Implementing FIFO 'B_TILES_417_U(gemm2_fifo_w32_d2_A_x0)' using Vivado Default RAMs.
INFO: [RTMG 210-285] Implementing FIFO 'B_TILES_416_U(gemm2_fifo_w32_d2_A_x0)' using Vivado Default RAMs.
INFO: [RTMG 210-285] Implementing FIFO 'B_TILES_415_U(gemm2_fifo_w32_d2_A_x0)' using Vivado Default RAMs.
INFO: [RTMG 210-285] Implementing FIFO 'B_TILES_414_U(gemm2_fifo_w32_d2_A_x0)' using Vivado Default RAMs.
INFO: [RTMG 210-285] Implementing FIFO 'B_TILES_413_U(gemm2_fifo_w32_d2_A_x0)' using Vivado Default RAMs.
INFO: [RTMG 210-285] Implementing FIFO 'B_TILES_412_U(gemm2_fifo_w32_d2_A_x0)' using Vivado Default RAMs.
INFO: [RTMG 210-285] Implementing FIFO 'B_TILES_411_U(gemm2_fifo_w32_d2_A_x0)' using Vivado Default RAMs.
INFO: [RTMG 210-285] Implementing FIFO 'B_TILES_410_U(gemm2_fifo_w32_d2_A_x0)' using Vivado Default RAMs.
INFO: [RTMG 210-285] Implementing FIFO 'B_TILES_409_U(gemm2_fifo_w32_d2_A_x0)' using Vivado Default RAMs.
INFO: [RTMG 210-285] Implementing FIFO 'B_TILES_408_U(gemm2_fifo_w32_d2_A_x0)' using Vivado Default RAMs.
INFO: [RTMG 210-285] Implementing FIFO 'B_TILES_407_U(gemm2_fifo_w32_d2_A_x0)' using Vivado Default RAMs.
INFO: [RTMG 210-285] Implementing FIFO 'B_TILES_406_U(gemm2_fifo_w32_d2_A_x0)' using Vivado Default RAMs.
INFO: [RTMG 210-285] Implementing FIFO 'B_TILES_405_U(gemm2_fifo_w32_d2_A_x0)' using Vivado Default RAMs.
INFO: [RTMG 210-285] Implementing FIFO 'B_TILES_404_U(gemm2_fifo_w32_d2_A_x0)' using Vivado Default RAMs.
INFO: [RTMG 210-285] Implementing FIFO 'B_TILES_403_U(gemm2_fifo_w32_d2_A_x0)' using Vivado Default RAMs.
INFO: [RTMG 210-285] Implementing FIFO 'B_TILES_402_U(gemm2_fifo_w32_d2_A_x0)' using Vivado Default RAMs.
INFO: [RTMG 210-285] Implementing FIFO 'B_TILES_401_U(gemm2_fifo_w32_d2_A_x0)' using Vivado Default RAMs.
INFO: [RTMG 210-285] Implementing FIFO 'B_TILES_400_U(gemm2_fifo_w32_d2_A_x0)' using Vivado Default RAMs.
INFO: [RTMG 210-285] Implementing FIFO 'B_TILES_399_U(gemm2_fifo_w32_d2_A_x0)' using Vivado Default RAMs.
INFO: [RTMG 210-285] Implementing FIFO 'B_TILES_398_U(gemm2_fifo_w32_d2_A_x0)' using Vivado Default RAMs.
INFO: [RTMG 210-285] Implementing FIFO 'B_TILES_397_U(gemm2_fifo_w32_d2_A_x0)' using Vivado Default RAMs.
INFO: [RTMG 210-285] Implementing FIFO 'B_TILES_396_U(gemm2_fifo_w32_d2_A_x0)' using Vivado Default RAMs.
INFO: [RTMG 210-285] Implementing FIFO 'B_TILES_395_U(gemm2_fifo_w32_d2_A_x0)' using Vivado Default RAMs.
INFO: [RTMG 210-285] Implementing FIFO 'B_TILES_394_U(gemm2_fifo_w32_d2_A_x0)' using Vivado Default RAMs.
INFO: [RTMG 210-285] Implementing FIFO 'B_TILES_393_U(gemm2_fifo_w32_d2_A_x0)' using Vivado Default RAMs.
INFO: [RTMG 210-285] Implementing FIFO 'B_TILES_392_U(gemm2_fifo_w32_d2_A_x0)' using Vivado Default RAMs.
INFO: [RTMG 210-285] Implementing FIFO 'B_TILES_391_U(gemm2_fifo_w32_d2_A_x0)' using Vivado Default RAMs.
INFO: [RTMG 210-285] Implementing FIFO 'B_TILES_390_U(gemm2_fifo_w32_d2_A_x0)' using Vivado Default RAMs.
INFO: [RTMG 210-285] Implementing FIFO 'B_TILES_389_U(gemm2_fifo_w32_d2_A_x0)' using Vivado Default RAMs.
INFO: [RTMG 210-285] Implementing FIFO 'B_TILES_388_U(gemm2_fifo_w32_d2_A_x0)' using Vivado Default RAMs.
INFO: [RTMG 210-285] Implementing FIFO 'B_TILES_387_U(gemm2_fifo_w32_d2_A_x0)' using Vivado Default RAMs.
INFO: [RTMG 210-285] Implementing FIFO 'B_TILES_386_U(gemm2_fifo_w32_d2_A_x0)' using Vivado Default RAMs.
INFO: [RTMG 210-285] Implementing FIFO 'B_TILES_385_U(gemm2_fifo_w32_d2_A_x0)' using Vivado Default RAMs.
INFO: [RTMG 210-285] Implementing FIFO 'B_TILES_384_U(gemm2_fifo_w32_d2_A_x0)' using Vivado Default RAMs.
INFO: [RTMG 210-285] Implementing FIFO 'B_TILES_383_U(gemm2_fifo_w32_d2_A_x0)' using Vivado Default RAMs.
INFO: [RTMG 210-285] Implementing FIFO 'B_TILES_382_U(gemm2_fifo_w32_d2_A_x0)' using Vivado Default RAMs.
INFO: [RTMG 210-285] Implementing FIFO 'B_TILES_381_U(gemm2_fifo_w32_d2_A_x0)' using Vivado Default RAMs.
INFO: [RTMG 210-285] Implementing FIFO 'B_TILES_380_U(gemm2_fifo_w32_d2_A_x0)' using Vivado Default RAMs.
INFO: [RTMG 210-285] Implementing FIFO 'B_TILES_379_U(gemm2_fifo_w32_d2_A_x0)' using Vivado Default RAMs.
INFO: [RTMG 210-285] Implementing FIFO 'B_TILES_378_U(gemm2_fifo_w32_d2_A_x0)' using Vivado Default RAMs.
INFO: [RTMG 210-285] Implementing FIFO 'B_TILES_377_U(gemm2_fifo_w32_d2_A_x0)' using Vivado Default RAMs.
INFO: [RTMG 210-285] Implementing FIFO 'B_TILES_376_U(gemm2_fifo_w32_d2_A_x0)' using Vivado Default RAMs.
INFO: [RTMG 210-285] Implementing FIFO 'B_TILES_375_U(gemm2_fifo_w32_d2_A_x0)' using Vivado Default RAMs.
INFO: [RTMG 210-285] Implementing FIFO 'B_TILES_374_U(gemm2_fifo_w32_d2_A_x0)' using Vivado Default RAMs.
INFO: [RTMG 210-285] Implementing FIFO 'B_TILES_373_U(gemm2_fifo_w32_d2_A_x0)' using Vivado Default RAMs.
INFO: [RTMG 210-285] Implementing FIFO 'B_TILES_372_U(gemm2_fifo_w32_d2_A_x0)' using Vivado Default RAMs.
INFO: [RTMG 210-285] Implementing FIFO 'B_TILES_371_U(gemm2_fifo_w32_d2_A_x0)' using Vivado Default RAMs.
INFO: [RTMG 210-285] Implementing FIFO 'B_TILES_370_U(gemm2_fifo_w32_d2_A_x0)' using Vivado Default RAMs.
INFO: [RTMG 210-285] Implementing FIFO 'B_TILES_369_U(gemm2_fifo_w32_d2_A_x0)' using Vivado Default RAMs.
INFO: [RTMG 210-285] Implementing FIFO 'B_TILES_368_U(gemm2_fifo_w32_d2_A_x0)' using Vivado Default RAMs.
INFO: [RTMG 210-285] Implementing FIFO 'B_TILES_367_U(gemm2_fifo_w32_d2_A_x0)' using Vivado Default RAMs.
INFO: [RTMG 210-285] Implementing FIFO 'B_TILES_366_U(gemm2_fifo_w32_d2_A_x0)' using Vivado Default RAMs.
INFO: [RTMG 210-285] Implementing FIFO 'B_TILES_365_U(gemm2_fifo_w32_d2_A_x0)' using Vivado Default RAMs.
INFO: [RTMG 210-285] Implementing FIFO 'B_TILES_364_U(gemm2_fifo_w32_d2_A_x0)' using Vivado Default RAMs.
INFO: [RTMG 210-285] Implementing FIFO 'B_TILES_363_U(gemm2_fifo_w32_d2_A_x0)' using Vivado Default RAMs.
INFO: [RTMG 210-285] Implementing FIFO 'B_TILES_362_U(gemm2_fifo_w32_d2_A_x0)' using Vivado Default RAMs.
INFO: [RTMG 210-285] Implementing FIFO 'B_TILES_361_U(gemm2_fifo_w32_d2_A_x0)' using Vivado Default RAMs.
INFO: [RTMG 210-285] Implementing FIFO 'B_TILES_360_U(gemm2_fifo_w32_d2_A_x0)' using Vivado Default RAMs.
INFO: [RTMG 210-285] Implementing FIFO 'B_TILES_359_U(gemm2_fifo_w32_d2_A_x0)' using Vivado Default RAMs.
INFO: [RTMG 210-285] Implementing FIFO 'B_TILES_358_U(gemm2_fifo_w32_d2_A_x0)' using Vivado Default RAMs.
INFO: [RTMG 210-285] Implementing FIFO 'B_TILES_357_U(gemm2_fifo_w32_d2_A_x0)' using Vivado Default RAMs.
INFO: [RTMG 210-285] Implementing FIFO 'B_TILES_356_U(gemm2_fifo_w32_d2_A_x0)' using Vivado Default RAMs.
INFO: [RTMG 210-285] Implementing FIFO 'B_TILES_355_U(gemm2_fifo_w32_d2_A_x0)' using Vivado Default RAMs.
INFO: [RTMG 210-285] Implementing FIFO 'B_TILES_354_U(gemm2_fifo_w32_d2_A_x0)' using Vivado Default RAMs.
INFO: [RTMG 210-285] Implementing FIFO 'B_TILES_353_U(gemm2_fifo_w32_d2_A_x0)' using Vivado Default RAMs.
INFO: [RTMG 210-285] Implementing FIFO 'B_TILES_352_U(gemm2_fifo_w32_d2_A_x0)' using Vivado Default RAMs.
INFO: [RTMG 210-285] Implementing FIFO 'B_TILES_351_U(gemm2_fifo_w32_d2_A_x0)' using Vivado Default RAMs.
INFO: [RTMG 210-285] Implementing FIFO 'B_TILES_350_U(gemm2_fifo_w32_d2_A_x0)' using Vivado Default RAMs.
INFO: [RTMG 210-285] Implementing FIFO 'B_TILES_349_U(gemm2_fifo_w32_d2_A_x0)' using Vivado Default RAMs.
INFO: [RTMG 210-285] Implementing FIFO 'B_TILES_348_U(gemm2_fifo_w32_d2_A_x0)' using Vivado Default RAMs.
INFO: [RTMG 210-285] Implementing FIFO 'B_TILES_347_U(gemm2_fifo_w32_d2_A_x0)' using Vivado Default RAMs.
INFO: [RTMG 210-285] Implementing FIFO 'B_TILES_346_U(gemm2_fifo_w32_d2_A_x0)' using Vivado Default RAMs.
INFO: [RTMG 210-285] Implementing FIFO 'B_TILES_345_U(gemm2_fifo_w32_d2_A_x0)' using Vivado Default RAMs.
INFO: [RTMG 210-285] Implementing FIFO 'B_TILES_344_U(gemm2_fifo_w32_d2_A_x0)' using Vivado Default RAMs.
INFO: [RTMG 210-285] Implementing FIFO 'B_TILES_343_U(gemm2_fifo_w32_d2_A_x0)' using Vivado Default RAMs.
INFO: [RTMG 210-285] Implementing FIFO 'B_TILES_342_U(gemm2_fifo_w32_d2_A_x0)' using Vivado Default RAMs.
INFO: [RTMG 210-285] Implementing FIFO 'B_TILES_341_U(gemm2_fifo_w32_d2_A_x0)' using Vivado Default RAMs.
INFO: [RTMG 210-285] Implementing FIFO 'B_TILES_340_U(gemm2_fifo_w32_d2_A_x0)' using Vivado Default RAMs.
INFO: [RTMG 210-285] Implementing FIFO 'B_TILES_339_U(gemm2_fifo_w32_d2_A_x0)' using Vivado Default RAMs.
INFO: [RTMG 210-285] Implementing FIFO 'B_TILES_338_U(gemm2_fifo_w32_d2_A_x0)' using Vivado Default RAMs.
INFO: [RTMG 210-285] Implementing FIFO 'B_TILES_337_U(gemm2_fifo_w32_d2_A_x0)' using Vivado Default RAMs.
INFO: [RTMG 210-285] Implementing FIFO 'B_TILES_336_U(gemm2_fifo_w32_d2_A_x0)' using Vivado Default RAMs.
INFO: [RTMG 210-285] Implementing FIFO 'B_TILES_335_U(gemm2_fifo_w32_d2_A_x0)' using Vivado Default RAMs.
INFO: [RTMG 210-285] Implementing FIFO 'B_TILES_334_U(gemm2_fifo_w32_d2_A_x0)' using Vivado Default RAMs.
INFO: [RTMG 210-285] Implementing FIFO 'B_TILES_333_U(gemm2_fifo_w32_d2_A_x0)' using Vivado Default RAMs.
INFO: [RTMG 210-285] Implementing FIFO 'B_TILES_332_U(gemm2_fifo_w32_d2_A_x0)' using Vivado Default RAMs.
INFO: [RTMG 210-285] Implementing FIFO 'B_TILES_331_U(gemm2_fifo_w32_d2_A_x0)' using Vivado Default RAMs.
INFO: [RTMG 210-285] Implementing FIFO 'B_TILES_330_U(gemm2_fifo_w32_d2_A_x0)' using Vivado Default RAMs.
INFO: [RTMG 210-285] Implementing FIFO 'B_TILES_329_U(gemm2_fifo_w32_d2_A_x0)' using Vivado Default RAMs.
INFO: [RTMG 210-285] Implementing FIFO 'B_TILES_328_U(gemm2_fifo_w32_d2_A_x0)' using Vivado Default RAMs.
INFO: [RTMG 210-285] Implementing FIFO 'B_TILES_327_U(gemm2_fifo_w32_d2_A_x0)' using Vivado Default RAMs.
INFO: [RTMG 210-285] Implementing FIFO 'B_TILES_326_U(gemm2_fifo_w32_d2_A_x0)' using Vivado Default RAMs.
INFO: [RTMG 210-285] Implementing FIFO 'B_TILES_325_U(gemm2_fifo_w32_d2_A_x0)' using Vivado Default RAMs.
INFO: [RTMG 210-285] Implementing FIFO 'B_TILES_324_U(gemm2_fifo_w32_d2_A_x0)' using Vivado Default RAMs.
INFO: [RTMG 210-285] Implementing FIFO 'B_TILES_323_U(gemm2_fifo_w32_d2_A_x0)' using Vivado Default RAMs.
INFO: [RTMG 210-285] Implementing FIFO 'B_TILES_322_U(gemm2_fifo_w32_d2_A_x0)' using Vivado Default RAMs.
INFO: [RTMG 210-285] Implementing FIFO 'B_TILES_321_U(gemm2_fifo_w32_d2_A_x0)' using Vivado Default RAMs.
INFO: [RTMG 210-285] Implementing FIFO 'B_TILES_320_U(gemm2_fifo_w32_d2_A_x0)' using Vivado Default RAMs.
INFO: [RTMG 210-285] Implementing FIFO 'B_TILES_319_U(gemm2_fifo_w32_d2_A_x0)' using Vivado Default RAMs.
INFO: [RTMG 210-285] Implementing FIFO 'B_TILES_318_U(gemm2_fifo_w32_d2_A_x0)' using Vivado Default RAMs.
INFO: [RTMG 210-285] Implementing FIFO 'B_TILES_317_U(gemm2_fifo_w32_d2_A_x0)' using Vivado Default RAMs.
INFO: [RTMG 210-285] Implementing FIFO 'B_TILES_316_U(gemm2_fifo_w32_d2_A_x0)' using Vivado Default RAMs.
INFO: [RTMG 210-285] Implementing FIFO 'B_TILES_315_U(gemm2_fifo_w32_d2_A_x0)' using Vivado Default RAMs.
INFO: [RTMG 210-285] Implementing FIFO 'B_TILES_314_U(gemm2_fifo_w32_d2_A_x0)' using Vivado Default RAMs.
INFO: [RTMG 210-285] Implementing FIFO 'B_TILES_313_U(gemm2_fifo_w32_d2_A_x0)' using Vivado Default RAMs.
INFO: [RTMG 210-285] Implementing FIFO 'B_TILES_312_U(gemm2_fifo_w32_d2_A_x0)' using Vivado Default RAMs.
INFO: [RTMG 210-285] Implementing FIFO 'B_TILES_311_U(gemm2_fifo_w32_d2_A_x0)' using Vivado Default RAMs.
INFO: [RTMG 210-285] Implementing FIFO 'B_TILES_310_U(gemm2_fifo_w32_d2_A_x0)' using Vivado Default RAMs.
INFO: [RTMG 210-285] Implementing FIFO 'B_TILES_309_U(gemm2_fifo_w32_d2_A_x0)' using Vivado Default RAMs.
INFO: [RTMG 210-285] Implementing FIFO 'B_TILES_308_U(gemm2_fifo_w32_d2_A_x0)' using Vivado Default RAMs.
INFO: [RTMG 210-285] Implementing FIFO 'B_TILES_307_U(gemm2_fifo_w32_d2_A_x0)' using Vivado Default RAMs.
INFO: [RTMG 210-285] Implementing FIFO 'B_TILES_306_U(gemm2_fifo_w32_d2_A_x0)' using Vivado Default RAMs.
INFO: [RTMG 210-285] Implementing FIFO 'B_TILES_305_U(gemm2_fifo_w32_d2_A_x0)' using Vivado Default RAMs.
INFO: [RTMG 210-285] Implementing FIFO 'B_TILES_304_U(gemm2_fifo_w32_d2_A_x0)' using Vivado Default RAMs.
INFO: [RTMG 210-285] Implementing FIFO 'B_TILES_303_U(gemm2_fifo_w32_d2_A_x0)' using Vivado Default RAMs.
INFO: [RTMG 210-285] Implementing FIFO 'B_TILES_302_U(gemm2_fifo_w32_d2_A_x0)' using Vivado Default RAMs.
INFO: [RTMG 210-285] Implementing FIFO 'B_TILES_301_U(gemm2_fifo_w32_d2_A_x0)' using Vivado Default RAMs.
INFO: [RTMG 210-285] Implementing FIFO 'B_TILES_300_U(gemm2_fifo_w32_d2_A_x0)' using Vivado Default RAMs.
INFO: [RTMG 210-285] Implementing FIFO 'B_TILES_299_U(gemm2_fifo_w32_d2_A_x0)' using Vivado Default RAMs.
INFO: [RTMG 210-285] Implementing FIFO 'B_TILES_298_U(gemm2_fifo_w32_d2_A_x0)' using Vivado Default RAMs.
INFO: [RTMG 210-285] Implementing FIFO 'B_TILES_297_U(gemm2_fifo_w32_d2_A_x0)' using Vivado Default RAMs.
INFO: [RTMG 210-285] Implementing FIFO 'B_TILES_296_U(gemm2_fifo_w32_d2_A_x0)' using Vivado Default RAMs.
INFO: [RTMG 210-285] Implementing FIFO 'B_TILES_295_U(gemm2_fifo_w32_d2_A_x0)' using Vivado Default RAMs.
INFO: [RTMG 210-285] Implementing FIFO 'B_TILES_294_U(gemm2_fifo_w32_d2_A_x0)' using Vivado Default RAMs.
INFO: [RTMG 210-285] Implementing FIFO 'B_TILES_293_U(gemm2_fifo_w32_d2_A_x0)' using Vivado Default RAMs.
INFO: [RTMG 210-285] Implementing FIFO 'B_TILES_292_U(gemm2_fifo_w32_d2_A_x0)' using Vivado Default RAMs.
INFO: [RTMG 210-285] Implementing FIFO 'B_TILES_291_U(gemm2_fifo_w32_d2_A_x0)' using Vivado Default RAMs.
INFO: [RTMG 210-285] Implementing FIFO 'B_TILES_290_U(gemm2_fifo_w32_d2_A_x0)' using Vivado Default RAMs.
INFO: [RTMG 210-285] Implementing FIFO 'B_TILES_289_U(gemm2_fifo_w32_d2_A_x0)' using Vivado Default RAMs.
INFO: [RTMG 210-285] Implementing FIFO 'B_TILES_288_U(gemm2_fifo_w32_d2_A_x0)' using Vivado Default RAMs.
INFO: [RTMG 210-285] Implementing FIFO 'B_TILES_287_U(gemm2_fifo_w32_d2_A_x0)' using Vivado Default RAMs.
INFO: [RTMG 210-285] Implementing FIFO 'B_TILES_286_U(gemm2_fifo_w32_d2_A_x0)' using Vivado Default RAMs.
INFO: [RTMG 210-285] Implementing FIFO 'B_TILES_285_U(gemm2_fifo_w32_d2_A_x0)' using Vivado Default RAMs.
INFO: [RTMG 210-285] Implementing FIFO 'B_TILES_284_U(gemm2_fifo_w32_d2_A_x0)' using Vivado Default RAMs.
INFO: [RTMG 210-285] Implementing FIFO 'B_TILES_283_U(gemm2_fifo_w32_d2_A_x0)' using Vivado Default RAMs.
INFO: [RTMG 210-285] Implementing FIFO 'B_TILES_282_U(gemm2_fifo_w32_d2_A_x0)' using Vivado Default RAMs.
INFO: [RTMG 210-285] Implementing FIFO 'B_TILES_281_U(gemm2_fifo_w32_d2_A_x0)' using Vivado Default RAMs.
INFO: [RTMG 210-285] Implementing FIFO 'B_TILES_280_U(gemm2_fifo_w32_d2_A_x0)' using Vivado Default RAMs.
INFO: [RTMG 210-285] Implementing FIFO 'B_TILES_279_U(gemm2_fifo_w32_d2_A_x0)' using Vivado Default RAMs.
INFO: [RTMG 210-285] Implementing FIFO 'B_TILES_278_U(gemm2_fifo_w32_d2_A_x0)' using Vivado Default RAMs.
INFO: [RTMG 210-285] Implementing FIFO 'B_TILES_277_U(gemm2_fifo_w32_d2_A_x0)' using Vivado Default RAMs.
INFO: [RTMG 210-285] Implementing FIFO 'B_TILES_276_U(gemm2_fifo_w32_d2_A_x0)' using Vivado Default RAMs.
INFO: [RTMG 210-285] Implementing FIFO 'B_TILES_275_U(gemm2_fifo_w32_d2_A_x0)' using Vivado Default RAMs.
INFO: [RTMG 210-285] Implementing FIFO 'B_TILES_274_U(gemm2_fifo_w32_d2_A_x0)' using Vivado Default RAMs.
INFO: [RTMG 210-285] Implementing FIFO 'B_TILES_273_U(gemm2_fifo_w32_d2_A_x0)' using Vivado Default RAMs.
INFO: [RTMG 210-285] Implementing FIFO 'B_TILES_272_U(gemm2_fifo_w32_d2_A_x0)' using Vivado Default RAMs.
INFO: [RTMG 210-285] Implementing FIFO 'B_TILES_271_U(gemm2_fifo_w32_d2_A_x0)' using Vivado Default RAMs.
INFO: [RTMG 210-285] Implementing FIFO 'B_TILES_270_U(gemm2_fifo_w32_d2_A_x0)' using Vivado Default RAMs.
INFO: [RTMG 210-285] Implementing FIFO 'B_TILES_269_U(gemm2_fifo_w32_d2_A_x0)' using Vivado Default RAMs.
INFO: [RTMG 210-285] Implementing FIFO 'B_TILES_268_U(gemm2_fifo_w32_d2_A_x0)' using Vivado Default RAMs.
INFO: [RTMG 210-285] Implementing FIFO 'B_TILES_267_U(gemm2_fifo_w32_d2_A_x0)' using Vivado Default RAMs.
INFO: [RTMG 210-285] Implementing FIFO 'B_TILES_266_U(gemm2_fifo_w32_d2_A_x0)' using Vivado Default RAMs.
INFO: [RTMG 210-285] Implementing FIFO 'B_TILES_265_U(gemm2_fifo_w32_d2_A_x0)' using Vivado Default RAMs.
INFO: [RTMG 210-285] Implementing FIFO 'B_TILES_264_U(gemm2_fifo_w32_d2_A_x0)' using Vivado Default RAMs.
INFO: [RTMG 210-285] Implementing FIFO 'B_TILES_263_U(gemm2_fifo_w32_d2_A_x0)' using Vivado Default RAMs.
INFO: [RTMG 210-285] Implementing FIFO 'B_TILES_262_U(gemm2_fifo_w32_d2_A_x0)' using Vivado Default RAMs.
INFO: [RTMG 210-285] Implementing FIFO 'B_TILES_261_U(gemm2_fifo_w32_d2_A_x0)' using Vivado Default RAMs.
INFO: [RTMG 210-285] Implementing FIFO 'B_TILES_260_U(gemm2_fifo_w32_d2_A_x0)' using Vivado Default RAMs.
INFO: [RTMG 210-285] Implementing FIFO 'B_TILES_259_U(gemm2_fifo_w32_d2_A_x0)' using Vivado Default RAMs.
INFO: [RTMG 210-285] Implementing FIFO 'B_TILES_258_U(gemm2_fifo_w32_d2_A_x0)' using Vivado Default RAMs.
INFO: [RTMG 210-285] Implementing FIFO 'B_TILES_257_U(gemm2_fifo_w32_d2_A_x0)' using Vivado Default RAMs.
INFO: [RTMG 210-285] Implementing FIFO 'B_TILES_256_U(gemm2_fifo_w32_d2_A_x0)' using Vivado Default RAMs.
INFO: [RTMG 210-285] Implementing FIFO 'B_TILES_255_U(gemm2_fifo_w32_d2_A_x0)' using Vivado Default RAMs.
INFO: [RTMG 210-285] Implementing FIFO 'B_TILES_254_U(gemm2_fifo_w32_d2_A_x0)' using Vivado Default RAMs.
INFO: [RTMG 210-285] Implementing FIFO 'B_TILES_253_U(gemm2_fifo_w32_d2_A_x0)' using Vivado Default RAMs.
INFO: [RTMG 210-285] Implementing FIFO 'B_TILES_252_U(gemm2_fifo_w32_d2_A_x0)' using Vivado Default RAMs.
INFO: [RTMG 210-285] Implementing FIFO 'B_TILES_251_U(gemm2_fifo_w32_d2_A_x0)' using Vivado Default RAMs.
INFO: [RTMG 210-285] Implementing FIFO 'B_TILES_250_U(gemm2_fifo_w32_d2_A_x0)' using Vivado Default RAMs.
INFO: [RTMG 210-285] Implementing FIFO 'B_TILES_249_U(gemm2_fifo_w32_d2_A_x0)' using Vivado Default RAMs.
INFO: [RTMG 210-285] Implementing FIFO 'B_TILES_248_U(gemm2_fifo_w32_d2_A_x0)' using Vivado Default RAMs.
INFO: [RTMG 210-285] Implementing FIFO 'B_TILES_247_U(gemm2_fifo_w32_d2_A_x0)' using Vivado Default RAMs.
INFO: [RTMG 210-285] Implementing FIFO 'B_TILES_246_U(gemm2_fifo_w32_d2_A_x0)' using Vivado Default RAMs.
INFO: [RTMG 210-285] Implementing FIFO 'B_TILES_245_U(gemm2_fifo_w32_d2_A_x0)' using Vivado Default RAMs.
INFO: [RTMG 210-285] Implementing FIFO 'B_TILES_244_U(gemm2_fifo_w32_d2_A_x0)' using Vivado Default RAMs.
INFO: [RTMG 210-285] Implementing FIFO 'B_TILES_243_U(gemm2_fifo_w32_d2_A_x0)' using Vivado Default RAMs.
INFO: [RTMG 210-285] Implementing FIFO 'B_TILES_242_U(gemm2_fifo_w32_d2_A_x0)' using Vivado Default RAMs.
INFO: [RTMG 210-285] Implementing FIFO 'B_TILES_241_U(gemm2_fifo_w32_d2_A_x0)' using Vivado Default RAMs.
INFO: [RTMG 210-285] Implementing FIFO 'B_TILES_240_U(gemm2_fifo_w32_d2_A_x0)' using Vivado Default RAMs.
INFO: [RTMG 210-285] Implementing FIFO 'B_TILES_239_U(gemm2_fifo_w32_d2_A_x0)' using Vivado Default RAMs.
INFO: [RTMG 210-285] Implementing FIFO 'B_TILES_238_U(gemm2_fifo_w32_d2_A_x0)' using Vivado Default RAMs.
INFO: [RTMG 210-285] Implementing FIFO 'B_TILES_237_U(gemm2_fifo_w32_d2_A_x0)' using Vivado Default RAMs.
INFO: [RTMG 210-285] Implementing FIFO 'B_TILES_236_U(gemm2_fifo_w32_d2_A_x0)' using Vivado Default RAMs.
INFO: [RTMG 210-285] Implementing FIFO 'B_TILES_235_U(gemm2_fifo_w32_d2_A_x0)' using Vivado Default RAMs.
INFO: [RTMG 210-285] Implementing FIFO 'B_TILES_234_U(gemm2_fifo_w32_d2_A_x0)' using Vivado Default RAMs.
INFO: [RTMG 210-285] Implementing FIFO 'B_TILES_233_U(gemm2_fifo_w32_d2_A_x0)' using Vivado Default RAMs.
INFO: [RTMG 210-285] Implementing FIFO 'B_TILES_232_U(gemm2_fifo_w32_d2_A_x0)' using Vivado Default RAMs.
INFO: [RTMG 210-285] Implementing FIFO 'B_TILES_231_U(gemm2_fifo_w32_d2_A_x0)' using Vivado Default RAMs.
INFO: [RTMG 210-285] Implementing FIFO 'B_TILES_230_U(gemm2_fifo_w32_d2_A_x0)' using Vivado Default RAMs.
INFO: [RTMG 210-285] Implementing FIFO 'B_TILES_229_U(gemm2_fifo_w32_d2_A_x0)' using Vivado Default RAMs.
INFO: [RTMG 210-285] Implementing FIFO 'B_TILES_228_U(gemm2_fifo_w32_d2_A_x0)' using Vivado Default RAMs.
INFO: [RTMG 210-285] Implementing FIFO 'B_TILES_227_U(gemm2_fifo_w32_d2_A_x0)' using Vivado Default RAMs.
INFO: [RTMG 210-285] Implementing FIFO 'B_TILES_226_U(gemm2_fifo_w32_d2_A_x0)' using Vivado Default RAMs.
INFO: [RTMG 210-285] Implementing FIFO 'B_TILES_225_U(gemm2_fifo_w32_d2_A_x0)' using Vivado Default RAMs.
INFO: [RTMG 210-285] Implementing FIFO 'B_TILES_224_U(gemm2_fifo_w32_d2_A_x0)' using Vivado Default RAMs.
INFO: [RTMG 210-285] Implementing FIFO 'B_TILES_223_U(gemm2_fifo_w32_d2_A_x0)' using Vivado Default RAMs.
INFO: [RTMG 210-285] Implementing FIFO 'B_TILES_222_U(gemm2_fifo_w32_d2_A_x0)' using Vivado Default RAMs.
INFO: [RTMG 210-285] Implementing FIFO 'B_TILES_221_U(gemm2_fifo_w32_d2_A_x0)' using Vivado Default RAMs.
INFO: [RTMG 210-285] Implementing FIFO 'B_TILES_220_U(gemm2_fifo_w32_d2_A_x0)' using Vivado Default RAMs.
INFO: [RTMG 210-285] Implementing FIFO 'B_TILES_219_U(gemm2_fifo_w32_d2_A_x0)' using Vivado Default RAMs.
INFO: [RTMG 210-285] Implementing FIFO 'B_TILES_218_U(gemm2_fifo_w32_d2_A_x0)' using Vivado Default RAMs.
INFO: [RTMG 210-285] Implementing FIFO 'B_TILES_217_U(gemm2_fifo_w32_d2_A_x0)' using Vivado Default RAMs.
INFO: [RTMG 210-285] Implementing FIFO 'B_TILES_216_U(gemm2_fifo_w32_d2_A_x0)' using Vivado Default RAMs.
INFO: [RTMG 210-285] Implementing FIFO 'B_TILES_215_U(gemm2_fifo_w32_d2_A_x0)' using Vivado Default RAMs.
INFO: [RTMG 210-285] Implementing FIFO 'B_TILES_214_U(gemm2_fifo_w32_d2_A_x0)' using Vivado Default RAMs.
INFO: [RTMG 210-285] Implementing FIFO 'B_TILES_213_U(gemm2_fifo_w32_d2_A_x0)' using Vivado Default RAMs.
INFO: [RTMG 210-285] Implementing FIFO 'B_TILES_212_U(gemm2_fifo_w32_d2_A_x0)' using Vivado Default RAMs.
INFO: [RTMG 210-285] Implementing FIFO 'B_TILES_211_U(gemm2_fifo_w32_d2_A_x0)' using Vivado Default RAMs.
INFO: [RTMG 210-285] Implementing FIFO 'B_TILES_210_U(gemm2_fifo_w32_d2_A_x0)' using Vivado Default RAMs.
INFO: [RTMG 210-285] Implementing FIFO 'B_TILES_209_U(gemm2_fifo_w32_d2_A_x0)' using Vivado Default RAMs.
INFO: [RTMG 210-285] Implementing FIFO 'B_TILES_208_U(gemm2_fifo_w32_d2_A_x0)' using Vivado Default RAMs.
INFO: [RTMG 210-285] Implementing FIFO 'B_TILES_207_U(gemm2_fifo_w32_d2_A_x0)' using Vivado Default RAMs.
INFO: [RTMG 210-285] Implementing FIFO 'B_TILES_206_U(gemm2_fifo_w32_d2_A_x0)' using Vivado Default RAMs.
INFO: [RTMG 210-285] Implementing FIFO 'B_TILES_205_U(gemm2_fifo_w32_d2_A_x0)' using Vivado Default RAMs.
INFO: [RTMG 210-285] Implementing FIFO 'B_TILES_204_U(gemm2_fifo_w32_d2_A_x0)' using Vivado Default RAMs.
INFO: [RTMG 210-285] Implementing FIFO 'B_TILES_203_U(gemm2_fifo_w32_d2_A_x0)' using Vivado Default RAMs.
INFO: [RTMG 210-285] Implementing FIFO 'B_TILES_202_U(gemm2_fifo_w32_d2_A_x0)' using Vivado Default RAMs.
INFO: [RTMG 210-285] Implementing FIFO 'B_TILES_201_U(gemm2_fifo_w32_d2_A_x0)' using Vivado Default RAMs.
INFO: [RTMG 210-285] Implementing FIFO 'B_TILES_200_U(gemm2_fifo_w32_d2_A_x0)' using Vivado Default RAMs.
INFO: [RTMG 210-285] Implementing FIFO 'B_TILES_199_U(gemm2_fifo_w32_d2_A_x0)' using Vivado Default RAMs.
INFO: [RTMG 210-285] Implementing FIFO 'B_TILES_198_U(gemm2_fifo_w32_d2_A_x0)' using Vivado Default RAMs.
INFO: [RTMG 210-285] Implementing FIFO 'B_TILES_197_U(gemm2_fifo_w32_d2_A_x0)' using Vivado Default RAMs.
INFO: [RTMG 210-285] Implementing FIFO 'B_TILES_196_U(gemm2_fifo_w32_d2_A_x0)' using Vivado Default RAMs.
INFO: [RTMG 210-285] Implementing FIFO 'B_TILES_195_U(gemm2_fifo_w32_d2_A_x0)' using Vivado Default RAMs.
INFO: [RTMG 210-285] Implementing FIFO 'B_TILES_194_U(gemm2_fifo_w32_d2_A_x0)' using Vivado Default RAMs.
INFO: [RTMG 210-285] Implementing FIFO 'B_TILES_193_U(gemm2_fifo_w32_d2_A_x0)' using Vivado Default RAMs.
INFO: [RTMG 210-285] Implementing FIFO 'B_TILES_192_U(gemm2_fifo_w32_d2_A_x0)' using Vivado Default RAMs.
INFO: [RTMG 210-285] Implementing FIFO 'B_TILES_191_U(gemm2_fifo_w32_d2_A_x0)' using Vivado Default RAMs.
INFO: [RTMG 210-285] Implementing FIFO 'B_TILES_190_U(gemm2_fifo_w32_d2_A_x0)' using Vivado Default RAMs.
INFO: [RTMG 210-285] Implementing FIFO 'B_TILES_189_U(gemm2_fifo_w32_d2_A_x0)' using Vivado Default RAMs.
INFO: [RTMG 210-285] Implementing FIFO 'B_TILES_188_U(gemm2_fifo_w32_d2_A_x0)' using Vivado Default RAMs.
INFO: [RTMG 210-285] Implementing FIFO 'B_TILES_187_U(gemm2_fifo_w32_d2_A_x0)' using Vivado Default RAMs.
INFO: [RTMG 210-285] Implementing FIFO 'B_TILES_186_U(gemm2_fifo_w32_d2_A_x0)' using Vivado Default RAMs.
INFO: [RTMG 210-285] Implementing FIFO 'B_TILES_185_U(gemm2_fifo_w32_d2_A_x0)' using Vivado Default RAMs.
INFO: [RTMG 210-285] Implementing FIFO 'B_TILES_184_U(gemm2_fifo_w32_d2_A_x0)' using Vivado Default RAMs.
INFO: [RTMG 210-285] Implementing FIFO 'B_TILES_183_U(gemm2_fifo_w32_d2_A_x0)' using Vivado Default RAMs.
INFO: [RTMG 210-285] Implementing FIFO 'B_TILES_182_U(gemm2_fifo_w32_d2_A_x0)' using Vivado Default RAMs.
INFO: [RTMG 210-285] Implementing FIFO 'B_TILES_181_U(gemm2_fifo_w32_d2_A_x0)' using Vivado Default RAMs.
INFO: [RTMG 210-285] Implementing FIFO 'B_TILES_180_U(gemm2_fifo_w32_d2_A_x0)' using Vivado Default RAMs.
INFO: [RTMG 210-285] Implementing FIFO 'B_TILES_179_U(gemm2_fifo_w32_d2_A_x0)' using Vivado Default RAMs.
INFO: [RTMG 210-285] Implementing FIFO 'B_TILES_178_U(gemm2_fifo_w32_d2_A_x0)' using Vivado Default RAMs.
INFO: [RTMG 210-285] Implementing FIFO 'B_TILES_177_U(gemm2_fifo_w32_d2_A_x0)' using Vivado Default RAMs.
INFO: [RTMG 210-285] Implementing FIFO 'B_TILES_176_U(gemm2_fifo_w32_d2_A_x0)' using Vivado Default RAMs.
INFO: [RTMG 210-285] Implementing FIFO 'B_TILES_175_U(gemm2_fifo_w32_d2_A_x0)' using Vivado Default RAMs.
INFO: [RTMG 210-285] Implementing FIFO 'B_TILES_174_U(gemm2_fifo_w32_d2_A_x0)' using Vivado Default RAMs.
INFO: [RTMG 210-285] Implementing FIFO 'B_TILES_173_U(gemm2_fifo_w32_d2_A_x0)' using Vivado Default RAMs.
INFO: [RTMG 210-285] Implementing FIFO 'B_TILES_172_U(gemm2_fifo_w32_d2_A_x0)' using Vivado Default RAMs.
INFO: [RTMG 210-285] Implementing FIFO 'B_TILES_171_U(gemm2_fifo_w32_d2_A_x0)' using Vivado Default RAMs.
INFO: [RTMG 210-285] Implementing FIFO 'B_TILES_170_U(gemm2_fifo_w32_d2_A_x0)' using Vivado Default RAMs.
INFO: [RTMG 210-285] Implementing FIFO 'B_TILES_169_U(gemm2_fifo_w32_d2_A_x0)' using Vivado Default RAMs.
INFO: [RTMG 210-285] Implementing FIFO 'B_TILES_168_U(gemm2_fifo_w32_d2_A_x0)' using Vivado Default RAMs.
INFO: [RTMG 210-285] Implementing FIFO 'B_TILES_167_U(gemm2_fifo_w32_d2_A_x0)' using Vivado Default RAMs.
INFO: [RTMG 210-285] Implementing FIFO 'B_TILES_166_U(gemm2_fifo_w32_d2_A_x0)' using Vivado Default RAMs.
INFO: [RTMG 210-285] Implementing FIFO 'B_TILES_165_U(gemm2_fifo_w32_d2_A_x0)' using Vivado Default RAMs.
INFO: [RTMG 210-285] Implementing FIFO 'B_TILES_164_U(gemm2_fifo_w32_d2_A_x0)' using Vivado Default RAMs.
INFO: [RTMG 210-285] Implementing FIFO 'B_TILES_163_U(gemm2_fifo_w32_d2_A_x0)' using Vivado Default RAMs.
INFO: [RTMG 210-285] Implementing FIFO 'B_TILES_162_U(gemm2_fifo_w32_d2_A_x0)' using Vivado Default RAMs.
INFO: [RTMG 210-285] Implementing FIFO 'B_TILES_161_U(gemm2_fifo_w32_d2_A_x0)' using Vivado Default RAMs.
INFO: [RTMG 210-285] Implementing FIFO 'B_TILES_160_U(gemm2_fifo_w32_d2_A_x0)' using Vivado Default RAMs.
INFO: [RTMG 210-285] Implementing FIFO 'B_TILES_159_U(gemm2_fifo_w32_d2_A_x0)' using Vivado Default RAMs.
INFO: [RTMG 210-285] Implementing FIFO 'B_TILES_158_U(gemm2_fifo_w32_d2_A_x0)' using Vivado Default RAMs.
INFO: [RTMG 210-285] Implementing FIFO 'B_TILES_157_U(gemm2_fifo_w32_d2_A_x0)' using Vivado Default RAMs.
INFO: [RTMG 210-285] Implementing FIFO 'B_TILES_156_U(gemm2_fifo_w32_d2_A_x0)' using Vivado Default RAMs.
INFO: [RTMG 210-285] Implementing FIFO 'B_TILES_155_U(gemm2_fifo_w32_d2_A_x0)' using Vivado Default RAMs.
INFO: [RTMG 210-285] Implementing FIFO 'B_TILES_154_U(gemm2_fifo_w32_d2_A_x0)' using Vivado Default RAMs.
INFO: [RTMG 210-285] Implementing FIFO 'B_TILES_153_U(gemm2_fifo_w32_d2_A_x0)' using Vivado Default RAMs.
INFO: [RTMG 210-285] Implementing FIFO 'B_TILES_152_U(gemm2_fifo_w32_d2_A_x0)' using Vivado Default RAMs.
INFO: [RTMG 210-285] Implementing FIFO 'B_TILES_151_U(gemm2_fifo_w32_d2_A_x0)' using Vivado Default RAMs.
INFO: [RTMG 210-285] Implementing FIFO 'B_TILES_150_U(gemm2_fifo_w32_d2_A_x0)' using Vivado Default RAMs.
INFO: [RTMG 210-285] Implementing FIFO 'B_TILES_149_U(gemm2_fifo_w32_d2_A_x0)' using Vivado Default RAMs.
INFO: [RTMG 210-285] Implementing FIFO 'B_TILES_148_U(gemm2_fifo_w32_d2_A_x0)' using Vivado Default RAMs.
INFO: [RTMG 210-285] Implementing FIFO 'B_TILES_147_U(gemm2_fifo_w32_d2_A_x0)' using Vivado Default RAMs.
INFO: [RTMG 210-285] Implementing FIFO 'B_TILES_146_U(gemm2_fifo_w32_d2_A_x0)' using Vivado Default RAMs.
INFO: [RTMG 210-285] Implementing FIFO 'B_TILES_145_U(gemm2_fifo_w32_d2_A_x0)' using Vivado Default RAMs.
INFO: [RTMG 210-285] Implementing FIFO 'B_TILES_144_U(gemm2_fifo_w32_d2_A_x0)' using Vivado Default RAMs.
INFO: [RTMG 210-285] Implementing FIFO 'B_TILES_143_U(gemm2_fifo_w32_d2_A_x0)' using Vivado Default RAMs.
INFO: [RTMG 210-285] Implementing FIFO 'B_TILES_142_U(gemm2_fifo_w32_d2_A_x0)' using Vivado Default RAMs.
INFO: [RTMG 210-285] Implementing FIFO 'B_TILES_141_U(gemm2_fifo_w32_d2_A_x0)' using Vivado Default RAMs.
INFO: [RTMG 210-285] Implementing FIFO 'B_TILES_140_U(gemm2_fifo_w32_d2_A_x0)' using Vivado Default RAMs.
INFO: [RTMG 210-285] Implementing FIFO 'B_TILES_139_U(gemm2_fifo_w32_d2_A_x0)' using Vivado Default RAMs.
INFO: [RTMG 210-285] Implementing FIFO 'B_TILES_138_U(gemm2_fifo_w32_d2_A_x0)' using Vivado Default RAMs.
INFO: [RTMG 210-285] Implementing FIFO 'B_TILES_137_U(gemm2_fifo_w32_d2_A_x0)' using Vivado Default RAMs.
INFO: [RTMG 210-285] Implementing FIFO 'B_TILES_136_U(gemm2_fifo_w32_d2_A_x0)' using Vivado Default RAMs.
INFO: [RTMG 210-285] Implementing FIFO 'B_TILES_135_U(gemm2_fifo_w32_d2_A_x0)' using Vivado Default RAMs.
INFO: [RTMG 210-285] Implementing FIFO 'B_TILES_134_U(gemm2_fifo_w32_d2_A_x0)' using Vivado Default RAMs.
INFO: [RTMG 210-285] Implementing FIFO 'B_TILES_133_U(gemm2_fifo_w32_d2_A_x0)' using Vivado Default RAMs.
INFO: [RTMG 210-285] Implementing FIFO 'B_TILES_132_U(gemm2_fifo_w32_d2_A_x0)' using Vivado Default RAMs.
INFO: [RTMG 210-285] Implementing FIFO 'B_TILES_131_U(gemm2_fifo_w32_d2_A_x0)' using Vivado Default RAMs.
INFO: [RTMG 210-285] Implementing FIFO 'B_TILES_130_U(gemm2_fifo_w32_d2_A_x0)' using Vivado Default RAMs.
INFO: [RTMG 210-285] Implementing FIFO 'B_TILES_129_U(gemm2_fifo_w32_d2_A_x0)' using Vivado Default RAMs.
INFO: [RTMG 210-285] Implementing FIFO 'B_TILES_128_U(gemm2_fifo_w32_d2_A_x0)' using Vivado Default RAMs.
INFO: [RTMG 210-285] Implementing FIFO 'B_TILES_127_U(gemm2_fifo_w32_d2_A_x0)' using Vivado Default RAMs.
INFO: [RTMG 210-285] Implementing FIFO 'B_TILES_126_U(gemm2_fifo_w32_d2_A_x0)' using Vivado Default RAMs.
INFO: [RTMG 210-285] Implementing FIFO 'B_TILES_125_U(gemm2_fifo_w32_d2_A_x0)' using Vivado Default RAMs.
INFO: [RTMG 210-285] Implementing FIFO 'B_TILES_124_U(gemm2_fifo_w32_d2_A_x0)' using Vivado Default RAMs.
INFO: [RTMG 210-285] Implementing FIFO 'B_TILES_123_U(gemm2_fifo_w32_d2_A_x0)' using Vivado Default RAMs.
INFO: [RTMG 210-285] Implementing FIFO 'B_TILES_122_U(gemm2_fifo_w32_d2_A_x0)' using Vivado Default RAMs.
INFO: [RTMG 210-285] Implementing FIFO 'B_TILES_121_U(gemm2_fifo_w32_d2_A_x0)' using Vivado Default RAMs.
INFO: [RTMG 210-285] Implementing FIFO 'B_TILES_120_U(gemm2_fifo_w32_d2_A_x0)' using Vivado Default RAMs.
INFO: [RTMG 210-285] Implementing FIFO 'B_TILES_119_U(gemm2_fifo_w32_d2_A_x0)' using Vivado Default RAMs.
INFO: [RTMG 210-285] Implementing FIFO 'B_TILES_118_U(gemm2_fifo_w32_d2_A_x0)' using Vivado Default RAMs.
INFO: [RTMG 210-285] Implementing FIFO 'B_TILES_117_U(gemm2_fifo_w32_d2_A_x0)' using Vivado Default RAMs.
INFO: [RTMG 210-285] Implementing FIFO 'B_TILES_116_U(gemm2_fifo_w32_d2_A_x0)' using Vivado Default RAMs.
INFO: [RTMG 210-285] Implementing FIFO 'B_TILES_115_U(gemm2_fifo_w32_d2_A_x0)' using Vivado Default RAMs.
INFO: [RTMG 210-285] Implementing FIFO 'B_TILES_114_U(gemm2_fifo_w32_d2_A_x0)' using Vivado Default RAMs.
INFO: [RTMG 210-285] Implementing FIFO 'B_TILES_113_U(gemm2_fifo_w32_d2_A_x0)' using Vivado Default RAMs.
INFO: [RTMG 210-285] Implementing FIFO 'B_TILES_112_U(gemm2_fifo_w32_d2_A_x0)' using Vivado Default RAMs.
INFO: [RTMG 210-285] Implementing FIFO 'B_TILES_111_U(gemm2_fifo_w32_d2_A_x0)' using Vivado Default RAMs.
INFO: [RTMG 210-285] Implementing FIFO 'B_TILES_110_U(gemm2_fifo_w32_d2_A_x0)' using Vivado Default RAMs.
INFO: [RTMG 210-285] Implementing FIFO 'B_TILES_109_U(gemm2_fifo_w32_d2_A_x0)' using Vivado Default RAMs.
INFO: [RTMG 210-285] Implementing FIFO 'B_TILES_108_U(gemm2_fifo_w32_d2_A_x0)' using Vivado Default RAMs.
INFO: [RTMG 210-285] Implementing FIFO 'B_TILES_107_U(gemm2_fifo_w32_d2_A_x0)' using Vivado Default RAMs.
INFO: [RTMG 210-285] Implementing FIFO 'B_TILES_106_U(gemm2_fifo_w32_d2_A_x0)' using Vivado Default RAMs.
INFO: [RTMG 210-285] Implementing FIFO 'B_TILES_105_U(gemm2_fifo_w32_d2_A_x0)' using Vivado Default RAMs.
INFO: [RTMG 210-285] Implementing FIFO 'B_TILES_104_U(gemm2_fifo_w32_d2_A_x0)' using Vivado Default RAMs.
INFO: [RTMG 210-285] Implementing FIFO 'B_TILES_103_U(gemm2_fifo_w32_d2_A_x0)' using Vivado Default RAMs.
INFO: [RTMG 210-285] Implementing FIFO 'B_TILES_102_U(gemm2_fifo_w32_d2_A_x0)' using Vivado Default RAMs.
INFO: [RTMG 210-285] Implementing FIFO 'B_TILES_101_U(gemm2_fifo_w32_d2_A_x0)' using Vivado Default RAMs.
INFO: [RTMG 210-285] Implementing FIFO 'B_TILES_100_U(gemm2_fifo_w32_d2_A_x0)' using Vivado Default RAMs.
INFO: [RTMG 210-285] Implementing FIFO 'B_TILES_99_U(gemm2_fifo_w32_d2_A_x0)' using Vivado Default RAMs.
INFO: [RTMG 210-285] Implementing FIFO 'B_TILES_98_U(gemm2_fifo_w32_d2_A_x0)' using Vivado Default RAMs.
INFO: [RTMG 210-285] Implementing FIFO 'B_TILES_97_U(gemm2_fifo_w32_d2_A_x0)' using Vivado Default RAMs.
INFO: [RTMG 210-285] Implementing FIFO 'B_TILES_96_U(gemm2_fifo_w32_d2_A_x0)' using Vivado Default RAMs.
INFO: [RTMG 210-285] Implementing FIFO 'B_TILES_95_U(gemm2_fifo_w32_d2_A_x0)' using Vivado Default RAMs.
INFO: [RTMG 210-285] Implementing FIFO 'B_TILES_94_U(gemm2_fifo_w32_d2_A_x0)' using Vivado Default RAMs.
INFO: [RTMG 210-285] Implementing FIFO 'B_TILES_93_U(gemm2_fifo_w32_d2_A_x0)' using Vivado Default RAMs.
INFO: [RTMG 210-285] Implementing FIFO 'B_TILES_92_U(gemm2_fifo_w32_d2_A_x0)' using Vivado Default RAMs.
INFO: [RTMG 210-285] Implementing FIFO 'B_TILES_91_U(gemm2_fifo_w32_d2_A_x0)' using Vivado Default RAMs.
INFO: [RTMG 210-285] Implementing FIFO 'B_TILES_90_U(gemm2_fifo_w32_d2_A_x0)' using Vivado Default RAMs.
INFO: [RTMG 210-285] Implementing FIFO 'B_TILES_89_U(gemm2_fifo_w32_d2_A_x0)' using Vivado Default RAMs.
INFO: [RTMG 210-285] Implementing FIFO 'B_TILES_88_U(gemm2_fifo_w32_d2_A_x0)' using Vivado Default RAMs.
INFO: [RTMG 210-285] Implementing FIFO 'B_TILES_87_U(gemm2_fifo_w32_d2_A_x0)' using Vivado Default RAMs.
INFO: [RTMG 210-285] Implementing FIFO 'B_TILES_86_U(gemm2_fifo_w32_d2_A_x0)' using Vivado Default RAMs.
INFO: [RTMG 210-285] Implementing FIFO 'B_TILES_85_U(gemm2_fifo_w32_d2_A_x0)' using Vivado Default RAMs.
INFO: [RTMG 210-285] Implementing FIFO 'B_TILES_84_U(gemm2_fifo_w32_d2_A_x0)' using Vivado Default RAMs.
INFO: [RTMG 210-285] Implementing FIFO 'B_TILES_83_U(gemm2_fifo_w32_d2_A_x0)' using Vivado Default RAMs.
INFO: [RTMG 210-285] Implementing FIFO 'B_TILES_82_U(gemm2_fifo_w32_d2_A_x0)' using Vivado Default RAMs.
INFO: [RTMG 210-285] Implementing FIFO 'B_TILES_81_U(gemm2_fifo_w32_d2_A_x0)' using Vivado Default RAMs.
INFO: [RTMG 210-285] Implementing FIFO 'B_TILES_80_U(gemm2_fifo_w32_d2_A_x0)' using Vivado Default RAMs.
INFO: [RTMG 210-285] Implementing FIFO 'B_TILES_79_U(gemm2_fifo_w32_d2_A_x0)' using Vivado Default RAMs.
INFO: [RTMG 210-285] Implementing FIFO 'B_TILES_78_U(gemm2_fifo_w32_d2_A_x0)' using Vivado Default RAMs.
INFO: [RTMG 210-285] Implementing FIFO 'B_TILES_77_U(gemm2_fifo_w32_d2_A_x0)' using Vivado Default RAMs.
INFO: [RTMG 210-285] Implementing FIFO 'B_TILES_76_U(gemm2_fifo_w32_d2_A_x0)' using Vivado Default RAMs.
INFO: [RTMG 210-285] Implementing FIFO 'B_TILES_75_U(gemm2_fifo_w32_d2_A_x0)' using Vivado Default RAMs.
INFO: [RTMG 210-285] Implementing FIFO 'B_TILES_74_U(gemm2_fifo_w32_d2_A_x0)' using Vivado Default RAMs.
INFO: [RTMG 210-285] Implementing FIFO 'B_TILES_73_U(gemm2_fifo_w32_d2_A_x0)' using Vivado Default RAMs.
INFO: [RTMG 210-285] Implementing FIFO 'B_TILES_72_U(gemm2_fifo_w32_d2_A_x0)' using Vivado Default RAMs.
INFO: [RTMG 210-285] Implementing FIFO 'B_TILES_71_U(gemm2_fifo_w32_d2_A_x0)' using Vivado Default RAMs.
INFO: [RTMG 210-285] Implementing FIFO 'B_TILES_70_U(gemm2_fifo_w32_d2_A_x0)' using Vivado Default RAMs.
INFO: [RTMG 210-285] Implementing FIFO 'B_TILES_69_U(gemm2_fifo_w32_d2_A_x0)' using Vivado Default RAMs.
INFO: [RTMG 210-285] Implementing FIFO 'B_TILES_68_U(gemm2_fifo_w32_d2_A_x0)' using Vivado Default RAMs.
INFO: [RTMG 210-285] Implementing FIFO 'B_TILES_67_U(gemm2_fifo_w32_d2_A_x0)' using Vivado Default RAMs.
INFO: [RTMG 210-285] Implementing FIFO 'B_TILES_66_U(gemm2_fifo_w32_d2_A_x0)' using Vivado Default RAMs.
INFO: [RTMG 210-285] Implementing FIFO 'B_TILES_65_U(gemm2_fifo_w32_d2_A_x0)' using Vivado Default RAMs.
INFO: [RTMG 210-285] Implementing FIFO 'B_TILES_64_U(gemm2_fifo_w32_d2_A_x0)' using Vivado Default RAMs.
INFO: [RTMG 210-285] Implementing FIFO 'B_TILES_63_U(gemm2_fifo_w32_d2_A_x0)' using Vivado Default RAMs.
INFO: [RTMG 210-285] Implementing FIFO 'B_TILES_62_U(gemm2_fifo_w32_d2_A_x0)' using Vivado Default RAMs.
INFO: [RTMG 210-285] Implementing FIFO 'B_TILES_61_U(gemm2_fifo_w32_d2_A_x0)' using Vivado Default RAMs.
INFO: [RTMG 210-285] Implementing FIFO 'B_TILES_60_U(gemm2_fifo_w32_d2_A_x0)' using Vivado Default RAMs.
INFO: [RTMG 210-285] Implementing FIFO 'B_TILES_59_U(gemm2_fifo_w32_d2_A_x0)' using Vivado Default RAMs.
INFO: [RTMG 210-285] Implementing FIFO 'B_TILES_58_U(gemm2_fifo_w32_d2_A_x0)' using Vivado Default RAMs.
INFO: [RTMG 210-285] Implementing FIFO 'B_TILES_57_U(gemm2_fifo_w32_d2_A_x0)' using Vivado Default RAMs.
INFO: [RTMG 210-285] Implementing FIFO 'B_TILES_56_U(gemm2_fifo_w32_d2_A_x0)' using Vivado Default RAMs.
INFO: [RTMG 210-285] Implementing FIFO 'B_TILES_55_U(gemm2_fifo_w32_d2_A_x0)' using Vivado Default RAMs.
INFO: [RTMG 210-285] Implementing FIFO 'B_TILES_54_U(gemm2_fifo_w32_d2_A_x0)' using Vivado Default RAMs.
INFO: [RTMG 210-285] Implementing FIFO 'B_TILES_53_U(gemm2_fifo_w32_d2_A_x0)' using Vivado Default RAMs.
INFO: [RTMG 210-285] Implementing FIFO 'B_TILES_52_U(gemm2_fifo_w32_d2_A_x0)' using Vivado Default RAMs.
INFO: [RTMG 210-285] Implementing FIFO 'B_TILES_51_U(gemm2_fifo_w32_d2_A_x0)' using Vivado Default RAMs.
INFO: [RTMG 210-285] Implementing FIFO 'B_TILES_50_U(gemm2_fifo_w32_d2_A_x0)' using Vivado Default RAMs.
INFO: [RTMG 210-285] Implementing FIFO 'B_TILES_49_U(gemm2_fifo_w32_d2_A_x0)' using Vivado Default RAMs.
INFO: [RTMG 210-285] Implementing FIFO 'B_TILES_48_U(gemm2_fifo_w32_d2_A_x0)' using Vivado Default RAMs.
INFO: [RTMG 210-285] Implementing FIFO 'B_TILES_47_U(gemm2_fifo_w32_d2_A_x0)' using Vivado Default RAMs.
INFO: [RTMG 210-285] Implementing FIFO 'B_TILES_46_U(gemm2_fifo_w32_d2_A_x0)' using Vivado Default RAMs.
INFO: [RTMG 210-285] Implementing FIFO 'B_TILES_45_U(gemm2_fifo_w32_d2_A_x0)' using Vivado Default RAMs.
INFO: [RTMG 210-285] Implementing FIFO 'B_TILES_44_U(gemm2_fifo_w32_d2_A_x0)' using Vivado Default RAMs.
INFO: [RTMG 210-285] Implementing FIFO 'B_TILES_43_U(gemm2_fifo_w32_d2_A_x0)' using Vivado Default RAMs.
INFO: [RTMG 210-285] Implementing FIFO 'B_TILES_42_U(gemm2_fifo_w32_d2_A_x0)' using Vivado Default RAMs.
INFO: [RTMG 210-285] Implementing FIFO 'B_TILES_41_U(gemm2_fifo_w32_d2_A_x0)' using Vivado Default RAMs.
INFO: [RTMG 210-285] Implementing FIFO 'B_TILES_40_U(gemm2_fifo_w32_d2_A_x0)' using Vivado Default RAMs.
INFO: [RTMG 210-285] Implementing FIFO 'B_TILES_39_U(gemm2_fifo_w32_d2_A_x0)' using Vivado Default RAMs.
INFO: [RTMG 210-285] Implementing FIFO 'B_TILES_38_U(gemm2_fifo_w32_d2_A_x0)' using Vivado Default RAMs.
INFO: [RTMG 210-285] Implementing FIFO 'B_TILES_37_U(gemm2_fifo_w32_d2_A_x0)' using Vivado Default RAMs.
INFO: [RTMG 210-285] Implementing FIFO 'B_TILES_36_U(gemm2_fifo_w32_d2_A_x0)' using Vivado Default RAMs.
INFO: [RTMG 210-285] Implementing FIFO 'B_TILES_35_U(gemm2_fifo_w32_d2_A_x0)' using Vivado Default RAMs.
INFO: [RTMG 210-285] Implementing FIFO 'B_TILES_34_U(gemm2_fifo_w32_d2_A_x0)' using Vivado Default RAMs.
INFO: [RTMG 210-285] Implementing FIFO 'B_TILES_33_U(gemm2_fifo_w32_d2_A_x0)' using Vivado Default RAMs.
INFO: [RTMG 210-285] Implementing FIFO 'B_TILES_32_U(gemm2_fifo_w32_d2_A_x0)' using Vivado Default RAMs.
INFO: [RTMG 210-285] Implementing FIFO 'B_TILES_31_U(gemm2_fifo_w32_d2_A_x0)' using Vivado Default RAMs.
INFO: [RTMG 210-285] Implementing FIFO 'B_TILES_30_U(gemm2_fifo_w32_d2_A_x0)' using Vivado Default RAMs.
INFO: [RTMG 210-285] Implementing FIFO 'B_TILES_29_U(gemm2_fifo_w32_d2_A_x0)' using Vivado Default RAMs.
INFO: [RTMG 210-285] Implementing FIFO 'B_TILES_28_U(gemm2_fifo_w32_d2_A_x0)' using Vivado Default RAMs.
INFO: [RTMG 210-285] Implementing FIFO 'B_TILES_27_U(gemm2_fifo_w32_d2_A_x0)' using Vivado Default RAMs.
INFO: [RTMG 210-285] Implementing FIFO 'B_TILES_26_U(gemm2_fifo_w32_d2_A_x0)' using Vivado Default RAMs.
INFO: [RTMG 210-285] Implementing FIFO 'B_TILES_25_U(gemm2_fifo_w32_d2_A_x0)' using Vivado Default RAMs.
INFO: [RTMG 210-285] Implementing FIFO 'B_TILES_24_U(gemm2_fifo_w32_d2_A_x0)' using Vivado Default RAMs.
INFO: [RTMG 210-285] Implementing FIFO 'B_TILES_23_U(gemm2_fifo_w32_d2_A_x0)' using Vivado Default RAMs.
INFO: [RTMG 210-285] Implementing FIFO 'B_TILES_22_U(gemm2_fifo_w32_d2_A_x0)' using Vivado Default RAMs.
INFO: [RTMG 210-285] Implementing FIFO 'B_TILES_21_U(gemm2_fifo_w32_d2_A_x0)' using Vivado Default RAMs.
INFO: [RTMG 210-285] Implementing FIFO 'B_TILES_20_U(gemm2_fifo_w32_d2_A_x0)' using Vivado Default RAMs.
INFO: [RTMG 210-285] Implementing FIFO 'B_TILES_19_U(gemm2_fifo_w32_d2_A_x0)' using Vivado Default RAMs.
INFO: [RTMG 210-285] Implementing FIFO 'B_TILES_18_U(gemm2_fifo_w32_d2_A_x0)' using Vivado Default RAMs.
INFO: [RTMG 210-285] Implementing FIFO 'B_TILES_17_U(gemm2_fifo_w32_d2_A_x0)' using Vivado Default RAMs.
INFO: [RTMG 210-285] Implementing FIFO 'B_TILES_16_U(gemm2_fifo_w32_d2_A_x0)' using Vivado Default RAMs.
INFO: [RTMG 210-285] Implementing FIFO 'B_TILES_15_U(gemm2_fifo_w32_d2_A_x0)' using Vivado Default RAMs.
INFO: [RTMG 210-285] Implementing FIFO 'B_TILES_14_U(gemm2_fifo_w32_d2_A_x0)' using Vivado Default RAMs.
INFO: [RTMG 210-285] Implementing FIFO 'B_TILES_13_U(gemm2_fifo_w32_d2_A_x0)' using Vivado Default RAMs.
INFO: [RTMG 210-285] Implementing FIFO 'B_TILES_12_U(gemm2_fifo_w32_d2_A_x0)' using Vivado Default RAMs.
INFO: [RTMG 210-285] Implementing FIFO 'B_TILES_11_U(gemm2_fifo_w32_d2_A_x0)' using Vivado Default RAMs.
INFO: [RTMG 210-285] Implementing FIFO 'B_TILES_10_U(gemm2_fifo_w32_d2_A_x0)' using Vivado Default RAMs.
INFO: [RTMG 210-285] Implementing FIFO 'B_TILES_9_U(gemm2_fifo_w32_d2_A_x0)' using Vivado Default RAMs.
INFO: [RTMG 210-285] Implementing FIFO 'B_TILES_8_U(gemm2_fifo_w32_d2_A_x0)' using Vivado Default RAMs.
INFO: [RTMG 210-285] Implementing FIFO 'B_TILES_7_U(gemm2_fifo_w32_d2_A_x0)' using Vivado Default RAMs.
INFO: [RTMG 210-285] Implementing FIFO 'B_TILES_6_U(gemm2_fifo_w32_d2_A_x0)' using Vivado Default RAMs.
INFO: [RTMG 210-285] Implementing FIFO 'B_TILES_5_U(gemm2_fifo_w32_d2_A_x0)' using Vivado Default RAMs.
INFO: [RTMG 210-285] Implementing FIFO 'B_TILES_4_U(gemm2_fifo_w32_d2_A_x0)' using Vivado Default RAMs.
INFO: [RTMG 210-285] Implementing FIFO 'B_TILES_3_U(gemm2_fifo_w32_d2_A_x0)' using Vivado Default RAMs.
INFO: [RTMG 210-285] Implementing FIFO 'B_TILES_2_U(gemm2_fifo_w32_d2_A_x0)' using Vivado Default RAMs.
INFO: [RTMG 210-285] Implementing FIFO 'B_TILES_1_U(gemm2_fifo_w32_d2_A_x0)' using Vivado Default RAMs.
INFO: [RTMG 210-285] Implementing FIFO 'B_TILES_U(gemm2_fifo_w32_d2_A_x0)' using Vivado Default RAMs.
INFO: [RTMG 210-285] Implementing FIFO 'B_streams_63_U(gemm2_fifo_w32_d2_A_x0)' using Vivado Default RAMs.
INFO: [RTMG 210-285] Implementing FIFO 'B_streams_62_U(gemm2_fifo_w32_d2_A_x0)' using Vivado Default RAMs.
INFO: [RTMG 210-285] Implementing FIFO 'B_streams_61_U(gemm2_fifo_w32_d2_A_x0)' using Vivado Default RAMs.
INFO: [RTMG 210-285] Implementing FIFO 'B_streams_60_U(gemm2_fifo_w32_d2_A_x0)' using Vivado Default RAMs.
INFO: [RTMG 210-285] Implementing FIFO 'B_streams_59_U(gemm2_fifo_w32_d2_A_x0)' using Vivado Default RAMs.
INFO: [RTMG 210-285] Implementing FIFO 'B_streams_58_U(gemm2_fifo_w32_d2_A_x0)' using Vivado Default RAMs.
INFO: [RTMG 210-285] Implementing FIFO 'B_streams_57_U(gemm2_fifo_w32_d2_A_x0)' using Vivado Default RAMs.
INFO: [RTMG 210-285] Implementing FIFO 'B_streams_56_U(gemm2_fifo_w32_d2_A_x0)' using Vivado Default RAMs.
INFO: [RTMG 210-285] Implementing FIFO 'B_streams_55_U(gemm2_fifo_w32_d2_A_x0)' using Vivado Default RAMs.
INFO: [RTMG 210-285] Implementing FIFO 'B_streams_54_U(gemm2_fifo_w32_d2_A_x0)' using Vivado Default RAMs.
INFO: [RTMG 210-285] Implementing FIFO 'B_streams_53_U(gemm2_fifo_w32_d2_A_x0)' using Vivado Default RAMs.
INFO: [RTMG 210-285] Implementing FIFO 'B_streams_52_U(gemm2_fifo_w32_d2_A_x0)' using Vivado Default RAMs.
INFO: [RTMG 210-285] Implementing FIFO 'B_streams_51_U(gemm2_fifo_w32_d2_A_x0)' using Vivado Default RAMs.
INFO: [RTMG 210-285] Implementing FIFO 'B_streams_50_U(gemm2_fifo_w32_d2_A_x0)' using Vivado Default RAMs.
INFO: [RTMG 210-285] Implementing FIFO 'B_streams_49_U(gemm2_fifo_w32_d2_A_x0)' using Vivado Default RAMs.
INFO: [RTMG 210-285] Implementing FIFO 'B_streams_48_U(gemm2_fifo_w32_d2_A_x0)' using Vivado Default RAMs.
INFO: [RTMG 210-285] Implementing FIFO 'B_streams_47_U(gemm2_fifo_w32_d2_A_x0)' using Vivado Default RAMs.
INFO: [RTMG 210-285] Implementing FIFO 'B_streams_46_U(gemm2_fifo_w32_d2_A_x0)' using Vivado Default RAMs.
INFO: [RTMG 210-285] Implementing FIFO 'B_streams_45_U(gemm2_fifo_w32_d2_A_x0)' using Vivado Default RAMs.
INFO: [RTMG 210-285] Implementing FIFO 'B_streams_44_U(gemm2_fifo_w32_d2_A_x0)' using Vivado Default RAMs.
INFO: [RTMG 210-285] Implementing FIFO 'B_streams_43_U(gemm2_fifo_w32_d2_A_x0)' using Vivado Default RAMs.
INFO: [RTMG 210-285] Implementing FIFO 'B_streams_42_U(gemm2_fifo_w32_d2_A_x0)' using Vivado Default RAMs.
INFO: [RTMG 210-285] Implementing FIFO 'B_streams_41_U(gemm2_fifo_w32_d2_A_x0)' using Vivado Default RAMs.
INFO: [RTMG 210-285] Implementing FIFO 'B_streams_40_U(gemm2_fifo_w32_d2_A_x0)' using Vivado Default RAMs.
INFO: [RTMG 210-285] Implementing FIFO 'B_streams_39_U(gemm2_fifo_w32_d2_A_x0)' using Vivado Default RAMs.
INFO: [RTMG 210-285] Implementing FIFO 'B_streams_38_U(gemm2_fifo_w32_d2_A_x0)' using Vivado Default RAMs.
INFO: [RTMG 210-285] Implementing FIFO 'B_streams_37_U(gemm2_fifo_w32_d2_A_x0)' using Vivado Default RAMs.
INFO: [RTMG 210-285] Implementing FIFO 'B_streams_36_U(gemm2_fifo_w32_d2_A_x0)' using Vivado Default RAMs.
INFO: [RTMG 210-285] Implementing FIFO 'B_streams_35_U(gemm2_fifo_w32_d2_A_x0)' using Vivado Default RAMs.
INFO: [RTMG 210-285] Implementing FIFO 'B_streams_34_U(gemm2_fifo_w32_d2_A_x0)' using Vivado Default RAMs.
INFO: [RTMG 210-285] Implementing FIFO 'B_streams_33_U(gemm2_fifo_w32_d2_A_x0)' using Vivado Default RAMs.
INFO: [RTMG 210-285] Implementing FIFO 'B_streams_32_U(gemm2_fifo_w32_d2_A_x0)' using Vivado Default RAMs.
INFO: [RTMG 210-285] Implementing FIFO 'B_streams_31_U(gemm2_fifo_w32_d2_A_x0)' using Vivado Default RAMs.
INFO: [RTMG 210-285] Implementing FIFO 'B_streams_30_U(gemm2_fifo_w32_d2_A_x0)' using Vivado Default RAMs.
INFO: [RTMG 210-285] Implementing FIFO 'B_streams_29_U(gemm2_fifo_w32_d2_A_x0)' using Vivado Default RAMs.
INFO: [RTMG 210-285] Implementing FIFO 'B_streams_28_U(gemm2_fifo_w32_d2_A_x0)' using Vivado Default RAMs.
INFO: [RTMG 210-285] Implementing FIFO 'B_streams_27_U(gemm2_fifo_w32_d2_A_x0)' using Vivado Default RAMs.
INFO: [RTMG 210-285] Implementing FIFO 'B_streams_26_U(gemm2_fifo_w32_d2_A_x0)' using Vivado Default RAMs.
INFO: [RTMG 210-285] Implementing FIFO 'B_streams_25_U(gemm2_fifo_w32_d2_A_x0)' using Vivado Default RAMs.
INFO: [RTMG 210-285] Implementing FIFO 'B_streams_24_U(gemm2_fifo_w32_d2_A_x0)' using Vivado Default RAMs.
INFO: [RTMG 210-285] Implementing FIFO 'B_streams_23_U(gemm2_fifo_w32_d2_A_x0)' using Vivado Default RAMs.
INFO: [RTMG 210-285] Implementing FIFO 'B_streams_22_U(gemm2_fifo_w32_d2_A_x0)' using Vivado Default RAMs.
INFO: [RTMG 210-285] Implementing FIFO 'B_streams_21_U(gemm2_fifo_w32_d2_A_x0)' using Vivado Default RAMs.
INFO: [RTMG 210-285] Implementing FIFO 'B_streams_20_U(gemm2_fifo_w32_d2_A_x0)' using Vivado Default RAMs.
INFO: [RTMG 210-285] Implementing FIFO 'B_streams_19_U(gemm2_fifo_w32_d2_A_x0)' using Vivado Default RAMs.
INFO: [RTMG 210-285] Implementing FIFO 'B_streams_18_U(gemm2_fifo_w32_d2_A_x0)' using Vivado Default RAMs.
INFO: [RTMG 210-285] Implementing FIFO 'B_streams_17_U(gemm2_fifo_w32_d2_A_x0)' using Vivado Default RAMs.
INFO: [RTMG 210-285] Implementing FIFO 'B_streams_16_U(gemm2_fifo_w32_d2_A_x0)' using Vivado Default RAMs.
INFO: [RTMG 210-285] Implementing FIFO 'B_streams_15_U(gemm2_fifo_w32_d2_A_x0)' using Vivado Default RAMs.
INFO: [RTMG 210-285] Implementing FIFO 'B_streams_14_U(gemm2_fifo_w32_d2_A_x0)' using Vivado Default RAMs.
INFO: [RTMG 210-285] Implementing FIFO 'B_streams_13_U(gemm2_fifo_w32_d2_A_x0)' using Vivado Default RAMs.
INFO: [RTMG 210-285] Implementing FIFO 'B_streams_12_U(gemm2_fifo_w32_d2_A_x0)' using Vivado Default RAMs.
INFO: [RTMG 210-285] Implementing FIFO 'B_streams_11_U(gemm2_fifo_w32_d2_A_x0)' using Vivado Default RAMs.
INFO: [RTMG 210-285] Implementing FIFO 'B_streams_10_U(gemm2_fifo_w32_d2_A_x0)' using Vivado Default RAMs.
INFO: [RTMG 210-285] Implementing FIFO 'B_streams_9_U(gemm2_fifo_w32_d2_A_x0)' using Vivado Default RAMs.
INFO: [RTMG 210-285] Implementing FIFO 'B_streams_8_U(gemm2_fifo_w32_d2_A_x0)' using Vivado Default RAMs.
INFO: [RTMG 210-285] Implementing FIFO 'B_streams_7_U(gemm2_fifo_w32_d2_A_x0)' using Vivado Default RAMs.
INFO: [RTMG 210-285] Implementing FIFO 'B_streams_6_U(gemm2_fifo_w32_d2_A_x0)' using Vivado Default RAMs.
INFO: [RTMG 210-285] Implementing FIFO 'B_streams_5_U(gemm2_fifo_w32_d2_A_x0)' using Vivado Default RAMs.
INFO: [RTMG 210-285] Implementing FIFO 'B_streams_4_U(gemm2_fifo_w32_d2_A_x0)' using Vivado Default RAMs.
INFO: [RTMG 210-285] Implementing FIFO 'B_streams_3_U(gemm2_fifo_w32_d2_A_x0)' using Vivado Default RAMs.
INFO: [RTMG 210-285] Implementing FIFO 'B_streams_2_U(gemm2_fifo_w32_d2_A_x0)' using Vivado Default RAMs.
INFO: [RTMG 210-285] Implementing FIFO 'B_streams_1_U(gemm2_fifo_w32_d2_A_x0)' using Vivado Default RAMs.
INFO: [RTMG 210-285] Implementing FIFO 'B_streams_U(gemm2_fifo_w32_d2_A_x0)' using Vivado Default RAMs.
INFO: [RTMG 210-285] Implementing FIFO 'C_streams_63_U(gemm2_fifo_w32_d2_A_x0)' using Vivado Default RAMs.
INFO: [RTMG 210-285] Implementing FIFO 'C_streams_62_U(gemm2_fifo_w32_d2_A_x0)' using Vivado Default RAMs.
INFO: [RTMG 210-285] Implementing FIFO 'C_streams_61_U(gemm2_fifo_w32_d2_A_x0)' using Vivado Default RAMs.
INFO: [RTMG 210-285] Implementing FIFO 'C_streams_60_U(gemm2_fifo_w32_d2_A_x0)' using Vivado Default RAMs.
INFO: [RTMG 210-285] Implementing FIFO 'C_streams_59_U(gemm2_fifo_w32_d2_A_x0)' using Vivado Default RAMs.
INFO: [RTMG 210-285] Implementing FIFO 'C_streams_58_U(gemm2_fifo_w32_d2_A_x0)' using Vivado Default RAMs.
INFO: [RTMG 210-285] Implementing FIFO 'C_streams_57_U(gemm2_fifo_w32_d2_A_x0)' using Vivado Default RAMs.
INFO: [RTMG 210-285] Implementing FIFO 'C_streams_56_U(gemm2_fifo_w32_d2_A_x0)' using Vivado Default RAMs.
INFO: [RTMG 210-285] Implementing FIFO 'C_streams_55_U(gemm2_fifo_w32_d2_A_x0)' using Vivado Default RAMs.
INFO: [RTMG 210-285] Implementing FIFO 'C_streams_54_U(gemm2_fifo_w32_d2_A_x0)' using Vivado Default RAMs.
INFO: [RTMG 210-285] Implementing FIFO 'C_streams_53_U(gemm2_fifo_w32_d2_A_x0)' using Vivado Default RAMs.
INFO: [RTMG 210-285] Implementing FIFO 'C_streams_52_U(gemm2_fifo_w32_d2_A_x0)' using Vivado Default RAMs.
INFO: [RTMG 210-285] Implementing FIFO 'C_streams_51_U(gemm2_fifo_w32_d2_A_x0)' using Vivado Default RAMs.
INFO: [RTMG 210-285] Implementing FIFO 'C_streams_50_U(gemm2_fifo_w32_d2_A_x0)' using Vivado Default RAMs.
INFO: [RTMG 210-285] Implementing FIFO 'C_streams_49_U(gemm2_fifo_w32_d2_A_x0)' using Vivado Default RAMs.
INFO: [RTMG 210-285] Implementing FIFO 'C_streams_48_U(gemm2_fifo_w32_d2_A_x0)' using Vivado Default RAMs.
INFO: [RTMG 210-285] Implementing FIFO 'C_streams_47_U(gemm2_fifo_w32_d2_A_x0)' using Vivado Default RAMs.
INFO: [RTMG 210-285] Implementing FIFO 'C_streams_46_U(gemm2_fifo_w32_d2_A_x0)' using Vivado Default RAMs.
INFO: [RTMG 210-285] Implementing FIFO 'C_streams_45_U(gemm2_fifo_w32_d2_A_x0)' using Vivado Default RAMs.
INFO: [RTMG 210-285] Implementing FIFO 'C_streams_44_U(gemm2_fifo_w32_d2_A_x0)' using Vivado Default RAMs.
INFO: [RTMG 210-285] Implementing FIFO 'C_streams_43_U(gemm2_fifo_w32_d2_A_x0)' using Vivado Default RAMs.
INFO: [RTMG 210-285] Implementing FIFO 'C_streams_42_U(gemm2_fifo_w32_d2_A_x0)' using Vivado Default RAMs.
INFO: [RTMG 210-285] Implementing FIFO 'C_streams_41_U(gemm2_fifo_w32_d2_A_x0)' using Vivado Default RAMs.
INFO: [RTMG 210-285] Implementing FIFO 'C_streams_40_U(gemm2_fifo_w32_d2_A_x0)' using Vivado Default RAMs.
INFO: [RTMG 210-285] Implementing FIFO 'C_streams_39_U(gemm2_fifo_w32_d2_A_x0)' using Vivado Default RAMs.
INFO: [RTMG 210-285] Implementing FIFO 'C_streams_38_U(gemm2_fifo_w32_d2_A_x0)' using Vivado Default RAMs.
INFO: [RTMG 210-285] Implementing FIFO 'C_streams_37_U(gemm2_fifo_w32_d2_A_x0)' using Vivado Default RAMs.
INFO: [RTMG 210-285] Implementing FIFO 'C_streams_36_U(gemm2_fifo_w32_d2_A_x0)' using Vivado Default RAMs.
INFO: [RTMG 210-285] Implementing FIFO 'C_streams_35_U(gemm2_fifo_w32_d2_A_x0)' using Vivado Default RAMs.
INFO: [RTMG 210-285] Implementing FIFO 'C_streams_34_U(gemm2_fifo_w32_d2_A_x0)' using Vivado Default RAMs.
INFO: [RTMG 210-285] Implementing FIFO 'C_streams_33_U(gemm2_fifo_w32_d2_A_x0)' using Vivado Default RAMs.
INFO: [RTMG 210-285] Implementing FIFO 'C_streams_32_U(gemm2_fifo_w32_d2_A_x0)' using Vivado Default RAMs.
INFO: [RTMG 210-285] Implementing FIFO 'C_streams_31_U(gemm2_fifo_w32_d2_A_x0)' using Vivado Default RAMs.
INFO: [RTMG 210-285] Implementing FIFO 'C_streams_30_U(gemm2_fifo_w32_d2_A_x0)' using Vivado Default RAMs.
INFO: [RTMG 210-285] Implementing FIFO 'C_streams_29_U(gemm2_fifo_w32_d2_A_x0)' using Vivado Default RAMs.
INFO: [RTMG 210-285] Implementing FIFO 'C_streams_28_U(gemm2_fifo_w32_d2_A_x0)' using Vivado Default RAMs.
INFO: [RTMG 210-285] Implementing FIFO 'C_streams_27_U(gemm2_fifo_w32_d2_A_x0)' using Vivado Default RAMs.
INFO: [RTMG 210-285] Implementing FIFO 'C_streams_26_U(gemm2_fifo_w32_d2_A_x0)' using Vivado Default RAMs.
INFO: [RTMG 210-285] Implementing FIFO 'C_streams_25_U(gemm2_fifo_w32_d2_A_x0)' using Vivado Default RAMs.
INFO: [RTMG 210-285] Implementing FIFO 'C_streams_24_U(gemm2_fifo_w32_d2_A_x0)' using Vivado Default RAMs.
INFO: [RTMG 210-285] Implementing FIFO 'C_streams_23_U(gemm2_fifo_w32_d2_A_x0)' using Vivado Default RAMs.
INFO: [RTMG 210-285] Implementing FIFO 'C_streams_22_U(gemm2_fifo_w32_d2_A_x0)' using Vivado Default RAMs.
INFO: [RTMG 210-285] Implementing FIFO 'C_streams_21_U(gemm2_fifo_w32_d2_A_x0)' using Vivado Default RAMs.
INFO: [RTMG 210-285] Implementing FIFO 'C_streams_20_U(gemm2_fifo_w32_d2_A_x0)' using Vivado Default RAMs.
INFO: [RTMG 210-285] Implementing FIFO 'C_streams_19_U(gemm2_fifo_w32_d2_A_x0)' using Vivado Default RAMs.
INFO: [RTMG 210-285] Implementing FIFO 'C_streams_18_U(gemm2_fifo_w32_d2_A_x0)' using Vivado Default RAMs.
INFO: [RTMG 210-285] Implementing FIFO 'C_streams_17_U(gemm2_fifo_w32_d2_A_x0)' using Vivado Default RAMs.
INFO: [RTMG 210-285] Implementing FIFO 'C_streams_16_U(gemm2_fifo_w32_d2_A_x0)' using Vivado Default RAMs.
INFO: [RTMG 210-285] Implementing FIFO 'C_streams_15_U(gemm2_fifo_w32_d2_A_x0)' using Vivado Default RAMs.
INFO: [RTMG 210-285] Implementing FIFO 'C_streams_14_U(gemm2_fifo_w32_d2_A_x0)' using Vivado Default RAMs.
INFO: [RTMG 210-285] Implementing FIFO 'C_streams_13_U(gemm2_fifo_w32_d2_A_x0)' using Vivado Default RAMs.
INFO: [RTMG 210-285] Implementing FIFO 'C_streams_12_U(gemm2_fifo_w32_d2_A_x0)' using Vivado Default RAMs.
INFO: [RTMG 210-285] Implementing FIFO 'C_streams_11_U(gemm2_fifo_w32_d2_A_x0)' using Vivado Default RAMs.
INFO: [RTMG 210-285] Implementing FIFO 'C_streams_10_U(gemm2_fifo_w32_d2_A_x0)' using Vivado Default RAMs.
INFO: [RTMG 210-285] Implementing FIFO 'C_streams_9_U(gemm2_fifo_w32_d2_A_x0)' using Vivado Default RAMs.
INFO: [RTMG 210-285] Implementing FIFO 'C_streams_8_U(gemm2_fifo_w32_d2_A_x0)' using Vivado Default RAMs.
INFO: [RTMG 210-285] Implementing FIFO 'C_streams_7_U(gemm2_fifo_w32_d2_A_x0)' using Vivado Default RAMs.
INFO: [RTMG 210-285] Implementing FIFO 'C_streams_6_U(gemm2_fifo_w32_d2_A_x0)' using Vivado Default RAMs.
INFO: [RTMG 210-285] Implementing FIFO 'C_streams_5_U(gemm2_fifo_w32_d2_A_x0)' using Vivado Default RAMs.
INFO: [RTMG 210-285] Implementing FIFO 'C_streams_4_U(gemm2_fifo_w32_d2_A_x0)' using Vivado Default RAMs.
INFO: [RTMG 210-285] Implementing FIFO 'C_streams_3_U(gemm2_fifo_w32_d2_A_x0)' using Vivado Default RAMs.
INFO: [RTMG 210-285] Implementing FIFO 'C_streams_2_U(gemm2_fifo_w32_d2_A_x0)' using Vivado Default RAMs.
INFO: [RTMG 210-285] Implementing FIFO 'C_streams_1_U(gemm2_fifo_w32_d2_A_x0)' using Vivado Default RAMs.
INFO: [RTMG 210-285] Implementing FIFO 'C_streams_U(gemm2_fifo_w32_d2_A_x0)' using Vivado Default RAMs.
INFO: [RTMG 210-285] Implementing FIFO 'start_for_matMulTiles6_U0_U(gemm2_start_for_matMulTiles6_U0)' using Vivado Default RAMs.
INFO: [RTMG 210-285] Implementing FIFO 'start_for_loader_C_tiles7_U0_U(gemm2_start_for_loader_C_tiles7_U0)' using Vivado Default RAMs.
INFO: [HLS 200-111] Finished Creating RTL model: CPU user time: 20.99 seconds. CPU system time: 1.1 seconds. Elapsed time: 22.09 seconds; current allocated memory: 1.627 GB.
INFO: [HLS 200-10] ----------------------------------------------------------------
INFO: [HLS 200-10] -- Generating RTL for module 'dataflow_parent_loop_proc' 
INFO: [HLS 200-10] ----------------------------------------------------------------
WARNING: [HLS 200-656] Deadlocks can occur since process loader_B_tile11 is instantiated in a dataflow region with ap_ctrl_none or without start propagation and contains an auto-rewind pipeline.
WARNING: [RTGEN 206-101] Setting dangling out port 'dataflow_parent_loop_proc/m_axi_gmem0_AWVALID' to 0.
WARNING: [RTGEN 206-101] Setting dangling out port 'dataflow_parent_loop_proc/m_axi_gmem0_AWADDR' to 0.
WARNING: [RTGEN 206-101] Setting dangling out port 'dataflow_parent_loop_proc/m_axi_gmem0_AWID' to 0.
WARNING: [RTGEN 206-101] Setting dangling out port 'dataflow_parent_loop_proc/m_axi_gmem0_AWLEN' to 0.
WARNING: [RTGEN 206-101] Setting dangling out port 'dataflow_parent_loop_proc/m_axi_gmem0_AWSIZE' to 0.
WARNING: [RTGEN 206-101] Setting dangling out port 'dataflow_parent_loop_proc/m_axi_gmem0_AWBURST' to 0.
WARNING: [RTGEN 206-101] Setting dangling out port 'dataflow_parent_loop_proc/m_axi_gmem0_AWLOCK' to 0.
WARNING: [RTGEN 206-101] Setting dangling out port 'dataflow_parent_loop_proc/m_axi_gmem0_AWCACHE' to 0.
WARNING: [RTGEN 206-101] Setting dangling out port 'dataflow_parent_loop_proc/m_axi_gmem0_AWPROT' to 0.
WARNING: [RTGEN 206-101] Setting dangling out port 'dataflow_parent_loop_proc/m_axi_gmem0_AWQOS' to 0.
WARNING: [RTGEN 206-101] Setting dangling out port 'dataflow_parent_loop_proc/m_axi_gmem0_AWREGION' to 0.
WARNING: [RTGEN 206-101] Setting dangling out port 'dataflow_parent_loop_proc/m_axi_gmem0_AWUSER' to 0.
WARNING: [RTGEN 206-101] Setting dangling out port 'dataflow_parent_loop_proc/m_axi_gmem0_WVALID' to 0.
WARNING: [RTGEN 206-101] Setting dangling out port 'dataflow_parent_loop_proc/m_axi_gmem0_WDATA' to 0.
WARNING: [RTGEN 206-101] Setting dangling out port 'dataflow_parent_loop_proc/m_axi_gmem0_WSTRB' to 0.
WARNING: [RTGEN 206-101] Setting dangling out port 'dataflow_parent_loop_proc/m_axi_gmem0_WLAST' to 0.
WARNING: [RTGEN 206-101] Setting dangling out port 'dataflow_parent_loop_proc/m_axi_gmem0_WID' to 0.
WARNING: [RTGEN 206-101] Setting dangling out port 'dataflow_parent_loop_proc/m_axi_gmem0_WUSER' to 0.
WARNING: [RTGEN 206-101] Setting dangling out port 'dataflow_parent_loop_proc/m_axi_gmem0_BREADY' to 0.
INFO: [RTGEN 206-100] Finished creating RTL model for 'dataflow_parent_loop_proc'.
INFO: [HLS 200-111] Finished Creating RTL model: CPU user time: 4.93 seconds. CPU system time: 0.11 seconds. Elapsed time: 5.05 seconds; current allocated memory: 1.747 GB.
INFO: [HLS 200-10] ----------------------------------------------------------------
INFO: [HLS 200-10] -- Generating RTL for module 'storeOutputToDRAM_Pipeline_store_C_ti_store_C_ik_store_C_tj_store_C_jv' 
INFO: [HLS 200-10] ----------------------------------------------------------------
INFO: [HLS 200-1030] Apply Unified Pipeline Control on module 'storeOutputToDRAM_Pipeline_store_C_ti_store_C_ik_store_C_tj_store_C_jv' pipeline 'store_C_ti_store_C_ik_store_C_tj_store_C_jv' pipeline type 'loop pipeline'
WARNING: [RTGEN 206-101] Setting dangling out port 'storeOutputToDRAM_Pipeline_store_C_ti_store_C_ik_store_C_tj_store_C_jv/m_axi_gmem_AWVALID' to 0.
WARNING: [RTGEN 206-101] Setting dangling out port 'storeOutputToDRAM_Pipeline_store_C_ti_store_C_ik_store_C_tj_store_C_jv/m_axi_gmem_AWADDR' to 0.
WARNING: [RTGEN 206-101] Setting dangling out port 'storeOutputToDRAM_Pipeline_store_C_ti_store_C_ik_store_C_tj_store_C_jv/m_axi_gmem_AWID' to 0.
WARNING: [RTGEN 206-101] Setting dangling out port 'storeOutputToDRAM_Pipeline_store_C_ti_store_C_ik_store_C_tj_store_C_jv/m_axi_gmem_AWLEN' to 0.
WARNING: [RTGEN 206-101] Setting dangling out port 'storeOutputToDRAM_Pipeline_store_C_ti_store_C_ik_store_C_tj_store_C_jv/m_axi_gmem_AWSIZE' to 0.
WARNING: [RTGEN 206-101] Setting dangling out port 'storeOutputToDRAM_Pipeline_store_C_ti_store_C_ik_store_C_tj_store_C_jv/m_axi_gmem_AWBURST' to 0.
WARNING: [RTGEN 206-101] Setting dangling out port 'storeOutputToDRAM_Pipeline_store_C_ti_store_C_ik_store_C_tj_store_C_jv/m_axi_gmem_AWLOCK' to 0.
WARNING: [RTGEN 206-101] Setting dangling out port 'storeOutputToDRAM_Pipeline_store_C_ti_store_C_ik_store_C_tj_store_C_jv/m_axi_gmem_AWCACHE' to 0.
WARNING: [RTGEN 206-101] Setting dangling out port 'storeOutputToDRAM_Pipeline_store_C_ti_store_C_ik_store_C_tj_store_C_jv/m_axi_gmem_AWPROT' to 0.
WARNING: [RTGEN 206-101] Setting dangling out port 'storeOutputToDRAM_Pipeline_store_C_ti_store_C_ik_store_C_tj_store_C_jv/m_axi_gmem_AWQOS' to 0.
WARNING: [RTGEN 206-101] Setting dangling out port 'storeOutputToDRAM_Pipeline_store_C_ti_store_C_ik_store_C_tj_store_C_jv/m_axi_gmem_AWREGION' to 0.
WARNING: [RTGEN 206-101] Setting dangling out port 'storeOutputToDRAM_Pipeline_store_C_ti_store_C_ik_store_C_tj_store_C_jv/m_axi_gmem_AWUSER' to 0.
WARNING: [RTGEN 206-101] Setting dangling out port 'storeOutputToDRAM_Pipeline_store_C_ti_store_C_ik_store_C_tj_store_C_jv/m_axi_gmem_BREADY' to 0.
INFO: [RTGEN 206-100] Finished creating RTL model for 'storeOutputToDRAM_Pipeline_store_C_ti_store_C_ik_store_C_tj_store_C_jv'.
INFO: [HLS 200-111] Finished Creating RTL model: CPU user time: 2.78 seconds. CPU system time: 0.03 seconds. Elapsed time: 2.81 seconds; current allocated memory: 1.773 GB.
INFO: [HLS 200-10] ----------------------------------------------------------------
INFO: [HLS 200-10] -- Generating RTL for module 'storeOutputToDRAM' 
INFO: [HLS 200-10] ----------------------------------------------------------------
INFO: [RTGEN 206-100] Finished creating RTL model for 'storeOutputToDRAM'.
INFO: [HLS 200-111] Finished Creating RTL model: CPU user time: 0.43 seconds. CPU system time: 0.02 seconds. Elapsed time: 0.46 seconds; current allocated memory: 1.784 GB.
INFO: [HLS 200-10] ----------------------------------------------------------------
INFO: [HLS 200-10] -- Generating RTL for module 'gemm2' 
INFO: [HLS 200-10] ----------------------------------------------------------------
WARNING: [RTGEN 206-101] Design contains AXI ports. Reset is fixed to synchronous and active low.
INFO: [RTGEN 206-500] Setting interface mode on port 'gemm2/gmem0' to 'm_axi'.
INFO: [RTGEN 206-500] Setting interface mode on port 'gemm2/gmem1' to 'm_axi'.
INFO: [RTGEN 206-500] Setting interface mode on port 'gemm2/gmem' to 'm_axi'.
INFO: [RTGEN 206-500] Setting interface mode on port 'gemm2/A_DRAM' to 's_axilite & ap_none'.
INFO: [RTGEN 206-500] Setting interface mode on port 'gemm2/B_DRAM' to 's_axilite & ap_none'.
INFO: [RTGEN 206-500] Setting interface mode on port 'gemm2/C_DRAM' to 's_axilite & ap_none'.
INFO: [RTGEN 206-500] Setting interface mode on function 'gemm2' to 's_axilite & ap_ctrl_chain'.
INFO: [RTGEN 206-100] Bundling port 'A_DRAM', 'B_DRAM', 'C_DRAM' and 'return' to AXI-Lite port control.
INFO: [RTGEN 206-100] Finished creating RTL model for 'gemm2'.
INFO: [RTMG 210-278] Implementing memory 'gemm2_B_BUF_RAM_1WNR_BRAM_1R1W' using block RAMs.
INFO: [RTMG 210-278] Implementing memory 'gemm2_C_BUF_RAM_1WNR_BRAM_1R1W' using block RAMs.
INFO: [HLS 200-111] Finished Creating RTL model: CPU user time: 0.46 seconds. CPU system time: 0.05 seconds. Elapsed time: 0.49 seconds; current allocated memory: 1.841 GB.
INFO: [HLS 200-111] Finished Generating all RTL models: CPU user time: 8.59 seconds. CPU system time: 0.16 seconds. Elapsed time: 8.78 seconds; current allocated memory: 1.971 GB.
INFO: [HLS 200-1603] Design has inferred MAXI bursts and missed bursts, see Vitis HLS GUI synthesis summary report for detailed information.
INFO: [HLS 200-111] Finished Updating report files: CPU user time: 5.25 seconds. CPU system time: 0.04 seconds. Elapsed time: 5.3 seconds; current allocated memory: 1.991 GB.
INFO: [VHDL 208-304] Generating VHDL RTL for gemm2.
INFO: [VLOG 209-307] Generating Verilog RTL for gemm2.
INFO: [HLS 200-790] **** Loop Constraint Status: All loop constraints were satisfied.
INFO: [HLS 200-789] **** Estimated Fmax: 309.69 MHz
INFO: [HLS 200-111] Finished Command csynth_design CPU user time: 147.49 seconds. CPU system time: 3.9 seconds. Elapsed time: 153.9 seconds; current allocated memory: 1.755 GB.
INFO: [HLS 200-1510] Running: cosim_design -trace_level all -enable_dataflow_profiling 
INFO: [COSIM 212-47] Using XSIM for RTL simulation.
INFO: [COSIM 212-14] Instrumenting C test bench ...
INFO: [COSIM 212-302] Starting C TB testing ... 
INFO: [COSIM 212-333] Generating C post check test bench ...
INFO: [COSIM 212-12] Generating RTL test bench ...
INFO: [COSIM 212-1] *** C/RTL co-simulation file generation completed. ***
INFO: [COSIM 212-323] Starting verilog simulation. 
INFO: [COSIM 212-15] Starting XSIM ...
INFO: [COSIM 212-316] Starting C post checking ...
INFO: [COSIM 212-1000] *** C/RTL co-simulation finished: PASS ***
INFO: [COSIM 212-211] II is measurable only when transaction number is greater than 1 in RTL simulation. Otherwise, they will be marked as all NA. If user wants to calculate them, please make sure there are at least 2 transactions in RTL simulation.
INFO: [HLS 200-111] Finished Command cosim_design CPU user time: 712.03 seconds. CPU system time: 17.62 seconds. Elapsed time: 501.73 seconds; current allocated memory: 73.465 MB.
