

================================================================
== Vitis HLS Report for 'dataflow_in_loop_loop_for_tile_a_1_Block_newFuncRoot112_proc8'
================================================================
* Date:           Sun Jun 14 13:11:55 2026

* Version:        2023.2 (Build 4023990 on Oct 11 2023)
* Project:        hls_project
* Solution:       gemm2 (Vitis Kernel Flow Target)
* Product family: versalaicore
* Target device:  xcvc1902-vsva2197-2MP-e-S


================================================================
== Performance Estimates
================================================================
+ Timing: 
    * Summary: 
    +--------+---------+----------+------------+
    |  Clock |  Target | Estimated| Uncertainty|
    +--------+---------+----------+------------+
    |ap_clk  |  3.33 ns|  1.439 ns|     0.90 ns|
    +--------+---------+----------+------------+

+ Latency: 
    * Summary: 
    +---------+---------+-----------+-----------+-----+-----+---------+
    |  Latency (cycles) |   Latency (absolute)  |  Interval | Pipeline|
    |   min   |   max   |    min    |    max    | min | max |   Type  |
    +---------+---------+-----------+-----------+-----+-----+---------+
    |       19|       19|  63.327 ns|  63.327 ns|   19|   19|       no|
    +---------+---------+-----------+-----------+-----+-----+---------+

    + Detail: 
        * Instance: 
        +-----------------------------+------------------+---------+---------+-----------+-----------+-----+-----+----------+
        |                             |                  |  Latency (cycles) |   Latency (absolute)  |  Interval | Pipeline |
        |           Instance          |      Module      |   min   |   max   |    min    |    max    | min | max |   Type   |
        +-----------------------------+------------------+---------+---------+-----------+-----------+-----+-----+----------+
        |grp_storeTilesToDRAM_fu_435  |storeTilesToDRAM  |       18|       18|  59.994 ns|  59.994 ns|   19|   19|  dataflow|
        |grp_storeTilesToDRAM_fu_695  |storeTilesToDRAM  |       18|       18|  59.994 ns|  59.994 ns|   19|   19|  dataflow|
        +-----------------------------+------------------+---------+---------+-----------+-----------+-----+-----+----------+

        * Loop: 
        N/A



================================================================
== Utilization Estimates
================================================================
* Summary: 
+-----------------+---------+------+---------+--------+-----+
|       Name      | BRAM_18K|  DSP |    FF   |   LUT  | URAM|
+-----------------+---------+------+---------+--------+-----+
|DSP              |        -|     -|        -|       -|    -|
|Expression       |        -|     -|        0|      12|    -|
|FIFO             |        -|     -|        -|       -|    -|
|Instance         |        -|     -|       56|     164|    -|
|Memory           |        -|     -|        -|       -|    -|
|Multiplexer      |        -|     -|        -|     390|    -|
|Register         |        -|     -|       10|       -|    -|
+-----------------+---------+------+---------+--------+-----+
|Total            |        0|     0|       66|     566|    0|
+-----------------+---------+------+---------+--------+-----+
|Available        |     1934|  1968|  1799680|  899840|  463|
+-----------------+---------+------+---------+--------+-----+
|Utilization (%)  |        0|     0|       ~0|      ~0|    0|
+-----------------+---------+------+---------+--------+-----+

+ Detail: 
    * Instance: 
    +-----------------------------+------------------+---------+----+----+----+-----+
    |           Instance          |      Module      | BRAM_18K| DSP| FF | LUT| URAM|
    +-----------------------------+------------------+---------+----+----+----+-----+
    |grp_storeTilesToDRAM_fu_435  |storeTilesToDRAM  |        0|   0|  28|  82|    0|
    |grp_storeTilesToDRAM_fu_695  |storeTilesToDRAM  |        0|   0|  28|  82|    0|
    +-----------------------------+------------------+---------+----+----+----+-----+
    |Total                        |                  |        0|   0|  56| 164|    0|
    +-----------------------------+------------------+---------+----+----+----+-----+

    * DSP: 
    N/A

    * Memory: 
    N/A

    * FIFO: 
    N/A

    * Expression: 
    +----------------------------------------------+----------+----+---+----+------------+------------+
    |                 Variable Name                | Operation| DSP| FF| LUT| Bitwidth P0| Bitwidth P1|
    +----------------------------------------------+----------+----+---+----+------------+------------+
    |ap_block_state1                               |        or|   0|  0|   2|           1|           1|
    |ap_block_state2_on_subcall_done               |        or|   0|  0|   2|           1|           1|
    |ap_sync_grp_storeTilesToDRAM_fu_435_ap_done   |        or|   0|  0|   2|           1|           1|
    |ap_sync_grp_storeTilesToDRAM_fu_435_ap_ready  |        or|   0|  0|   2|           1|           1|
    |ap_sync_grp_storeTilesToDRAM_fu_695_ap_done   |        or|   0|  0|   2|           1|           1|
    |ap_sync_grp_storeTilesToDRAM_fu_695_ap_ready  |        or|   0|  0|   2|           1|           1|
    +----------------------------------------------+----------+----+---+----+------------+------------+
    |Total                                         |          |   0|  0|  12|           6|           6|
    +----------------------------------------------+----------+----+---+----+------------+------------+

    * Multiplexer: 
    +-----------------------+----+-----------+-----+-----------+
    |          Name         | LUT| Input Size| Bits| Total Bits|
    +-----------------------+----+-----------+-----+-----------+
    |C_TILES_10_i_address0  |   4|          3|    4|         12|
    |C_TILES_10_i_ce0       |   2|          3|    1|          3|
    |C_TILES_11_i_address0  |   4|          3|    4|         12|
    |C_TILES_11_i_ce0       |   2|          3|    1|          3|
    |C_TILES_12_i_address0  |   4|          3|    4|         12|
    |C_TILES_12_i_ce0       |   2|          3|    1|          3|
    |C_TILES_13_i_address0  |   4|          3|    4|         12|
    |C_TILES_13_i_ce0       |   2|          3|    1|          3|
    |C_TILES_14_i_address0  |   4|          3|    4|         12|
    |C_TILES_14_i_ce0       |   2|          3|    1|          3|
    |C_TILES_15_i_address0  |   4|          3|    4|         12|
    |C_TILES_15_i_ce0       |   2|          3|    1|          3|
    |C_TILES_16_i_address0  |   4|          3|    4|         12|
    |C_TILES_16_i_ce0       |   2|          3|    1|          3|
    |C_TILES_17_i_address0  |   4|          3|    4|         12|
    |C_TILES_17_i_ce0       |   2|          3|    1|          3|
    |C_TILES_18_i_address0  |   4|          3|    4|         12|
    |C_TILES_18_i_ce0       |   2|          3|    1|          3|
    |C_TILES_19_i_address0  |   4|          3|    4|         12|
    |C_TILES_19_i_ce0       |   2|          3|    1|          3|
    |C_TILES_1_i_address0   |   4|          3|    4|         12|
    |C_TILES_1_i_ce0        |   2|          3|    1|          3|
    |C_TILES_20_i_address0  |   4|          3|    4|         12|
    |C_TILES_20_i_ce0       |   2|          3|    1|          3|
    |C_TILES_21_i_address0  |   4|          3|    4|         12|
    |C_TILES_21_i_ce0       |   2|          3|    1|          3|
    |C_TILES_22_i_address0  |   4|          3|    4|         12|
    |C_TILES_22_i_ce0       |   2|          3|    1|          3|
    |C_TILES_23_i_address0  |   4|          3|    4|         12|
    |C_TILES_23_i_ce0       |   2|          3|    1|          3|
    |C_TILES_24_i_address0  |   4|          3|    4|         12|
    |C_TILES_24_i_ce0       |   2|          3|    1|          3|
    |C_TILES_25_i_address0  |   4|          3|    4|         12|
    |C_TILES_25_i_ce0       |   2|          3|    1|          3|
    |C_TILES_26_i_address0  |   4|          3|    4|         12|
    |C_TILES_26_i_ce0       |   2|          3|    1|          3|
    |C_TILES_27_i_address0  |   4|          3|    4|         12|
    |C_TILES_27_i_ce0       |   2|          3|    1|          3|
    |C_TILES_28_i_address0  |   4|          3|    4|         12|
    |C_TILES_28_i_ce0       |   2|          3|    1|          3|
    |C_TILES_29_i_address0  |   4|          3|    4|         12|
    |C_TILES_29_i_ce0       |   2|          3|    1|          3|
    |C_TILES_2_i_address0   |   4|          3|    4|         12|
    |C_TILES_2_i_ce0        |   2|          3|    1|          3|
    |C_TILES_30_i_address0  |   4|          3|    4|         12|
    |C_TILES_30_i_ce0       |   2|          3|    1|          3|
    |C_TILES_31_i_address0  |   4|          3|    4|         12|
    |C_TILES_31_i_ce0       |   2|          3|    1|          3|
    |C_TILES_32_i_address0  |   4|          3|    4|         12|
    |C_TILES_32_i_ce0       |   2|          3|    1|          3|
    |C_TILES_33_i_address0  |   4|          3|    4|         12|
    |C_TILES_33_i_ce0       |   2|          3|    1|          3|
    |C_TILES_34_i_address0  |   4|          3|    4|         12|
    |C_TILES_34_i_ce0       |   2|          3|    1|          3|
    |C_TILES_35_i_address0  |   4|          3|    4|         12|
    |C_TILES_35_i_ce0       |   2|          3|    1|          3|
    |C_TILES_36_i_address0  |   4|          3|    4|         12|
    |C_TILES_36_i_ce0       |   2|          3|    1|          3|
    |C_TILES_37_i_address0  |   4|          3|    4|         12|
    |C_TILES_37_i_ce0       |   2|          3|    1|          3|
    |C_TILES_38_i_address0  |   4|          3|    4|         12|
    |C_TILES_38_i_ce0       |   2|          3|    1|          3|
    |C_TILES_39_i_address0  |   4|          3|    4|         12|
    |C_TILES_39_i_ce0       |   2|          3|    1|          3|
    |C_TILES_3_i_address0   |   4|          3|    4|         12|
    |C_TILES_3_i_ce0        |   2|          3|    1|          3|
    |C_TILES_40_i_address0  |   4|          3|    4|         12|
    |C_TILES_40_i_ce0       |   2|          3|    1|          3|
    |C_TILES_41_i_address0  |   4|          3|    4|         12|
    |C_TILES_41_i_ce0       |   2|          3|    1|          3|
    |C_TILES_42_i_address0  |   4|          3|    4|         12|
    |C_TILES_42_i_ce0       |   2|          3|    1|          3|
    |C_TILES_43_i_address0  |   4|          3|    4|         12|
    |C_TILES_43_i_ce0       |   2|          3|    1|          3|
    |C_TILES_44_i_address0  |   4|          3|    4|         12|
    |C_TILES_44_i_ce0       |   2|          3|    1|          3|
    |C_TILES_45_i_address0  |   4|          3|    4|         12|
    |C_TILES_45_i_ce0       |   2|          3|    1|          3|
    |C_TILES_46_i_address0  |   4|          3|    4|         12|
    |C_TILES_46_i_ce0       |   2|          3|    1|          3|
    |C_TILES_47_i_address0  |   4|          3|    4|         12|
    |C_TILES_47_i_ce0       |   2|          3|    1|          3|
    |C_TILES_48_i_address0  |   4|          3|    4|         12|
    |C_TILES_48_i_ce0       |   2|          3|    1|          3|
    |C_TILES_49_i_address0  |   4|          3|    4|         12|
    |C_TILES_49_i_ce0       |   2|          3|    1|          3|
    |C_TILES_4_i_address0   |   4|          3|    4|         12|
    |C_TILES_4_i_ce0        |   2|          3|    1|          3|
    |C_TILES_50_i_address0  |   4|          3|    4|         12|
    |C_TILES_50_i_ce0       |   2|          3|    1|          3|
    |C_TILES_51_i_address0  |   4|          3|    4|         12|
    |C_TILES_51_i_ce0       |   2|          3|    1|          3|
    |C_TILES_52_i_address0  |   4|          3|    4|         12|
    |C_TILES_52_i_ce0       |   2|          3|    1|          3|
    |C_TILES_53_i_address0  |   4|          3|    4|         12|
    |C_TILES_53_i_ce0       |   2|          3|    1|          3|
    |C_TILES_54_i_address0  |   4|          3|    4|         12|
    |C_TILES_54_i_ce0       |   2|          3|    1|          3|
    |C_TILES_55_i_address0  |   4|          3|    4|         12|
    |C_TILES_55_i_ce0       |   2|          3|    1|          3|
    |C_TILES_56_i_address0  |   4|          3|    4|         12|
    |C_TILES_56_i_ce0       |   2|          3|    1|          3|
    |C_TILES_57_i_address0  |   4|          3|    4|         12|
    |C_TILES_57_i_ce0       |   2|          3|    1|          3|
    |C_TILES_58_i_address0  |   4|          3|    4|         12|
    |C_TILES_58_i_ce0       |   2|          3|    1|          3|
    |C_TILES_59_i_address0  |   4|          3|    4|         12|
    |C_TILES_59_i_ce0       |   2|          3|    1|          3|
    |C_TILES_5_i_address0   |   4|          3|    4|         12|
    |C_TILES_5_i_ce0        |   2|          3|    1|          3|
    |C_TILES_60_i_address0  |   4|          3|    4|         12|
    |C_TILES_60_i_ce0       |   2|          3|    1|          3|
    |C_TILES_61_i_address0  |   4|          3|    4|         12|
    |C_TILES_61_i_ce0       |   2|          3|    1|          3|
    |C_TILES_62_i_address0  |   4|          3|    4|         12|
    |C_TILES_62_i_ce0       |   2|          3|    1|          3|
    |C_TILES_63_i_address0  |   4|          3|    4|         12|
    |C_TILES_63_i_ce0       |   2|          3|    1|          3|
    |C_TILES_6_i_address0   |   4|          3|    4|         12|
    |C_TILES_6_i_ce0        |   2|          3|    1|          3|
    |C_TILES_7_i_address0   |   4|          3|    4|         12|
    |C_TILES_7_i_ce0        |   2|          3|    1|          3|
    |C_TILES_8_i_address0   |   4|          3|    4|         12|
    |C_TILES_8_i_ce0        |   2|          3|    1|          3|
    |C_TILES_9_i_address0   |   4|          3|    4|         12|
    |C_TILES_9_i_ce0        |   2|          3|    1|          3|
    |C_TILES_i_address0     |   4|          3|    4|         12|
    |C_TILES_i_ce0          |   2|          3|    1|          3|
    |ap_NS_fsm              |   2|          3|    1|          3|
    |ap_done                |   2|          2|    1|          2|
    |tileA_blk_n            |   2|          2|    1|          2|
    +-----------------------+----+-----------+-----+-----------+
    |Total                  | 390|        391|  323|        967|
    +-----------------------+----+-----------+-----+-----------+

    * Register: 
    +--------------------------------------------------+---+----+-----+-----------+
    |                       Name                       | FF| LUT| Bits| Const Bits|
    +--------------------------------------------------+---+----+-----+-----------+
    |ap_CS_fsm                                         |  2|   0|    2|          0|
    |ap_done_reg                                       |  1|   0|    1|          0|
    |ap_sync_reg_grp_storeTilesToDRAM_fu_435_ap_done   |  1|   0|    1|          0|
    |ap_sync_reg_grp_storeTilesToDRAM_fu_435_ap_ready  |  1|   0|    1|          0|
    |ap_sync_reg_grp_storeTilesToDRAM_fu_695_ap_done   |  1|   0|    1|          0|
    |ap_sync_reg_grp_storeTilesToDRAM_fu_695_ap_ready  |  1|   0|    1|          0|
    |grp_storeTilesToDRAM_fu_435_ap_start_reg          |  1|   0|    1|          0|
    |grp_storeTilesToDRAM_fu_695_ap_start_reg          |  1|   0|    1|          0|
    |tileA_read_reg_957                                |  1|   0|    1|          0|
    +--------------------------------------------------+---+----+-----+-----------+
    |Total                                             | 10|   0|   10|          0|
    +--------------------------------------------------+---+----+-----+-----------+



================================================================
== Interface
================================================================
* Summary: 
+-----------------------+-----+-----+------------+---------------------------------------------------------------+--------------+
|       RTL Ports       | Dir | Bits|  Protocol  |                         Source Object                         |    C Type    |
+-----------------------+-----+-----+------------+---------------------------------------------------------------+--------------+
|ap_clk                 |   in|    1|  ap_ctrl_hs|  dataflow_in_loop_loop_for_tile_a.1_Block_newFuncRoot112_proc8|  return value|
|ap_rst                 |   in|    1|  ap_ctrl_hs|  dataflow_in_loop_loop_for_tile_a.1_Block_newFuncRoot112_proc8|  return value|
|ap_start               |   in|    1|  ap_ctrl_hs|  dataflow_in_loop_loop_for_tile_a.1_Block_newFuncRoot112_proc8|  return value|
|ap_done                |  out|    1|  ap_ctrl_hs|  dataflow_in_loop_loop_for_tile_a.1_Block_newFuncRoot112_proc8|  return value|
|ap_continue            |   in|    1|  ap_ctrl_hs|  dataflow_in_loop_loop_for_tile_a.1_Block_newFuncRoot112_proc8|  return value|
|ap_idle                |  out|    1|  ap_ctrl_hs|  dataflow_in_loop_loop_for_tile_a.1_Block_newFuncRoot112_proc8|  return value|
|ap_ready               |  out|    1|  ap_ctrl_hs|  dataflow_in_loop_loop_for_tile_a.1_Block_newFuncRoot112_proc8|  return value|
|tileA_dout             |   in|    1|     ap_fifo|                                                          tileA|       pointer|
|tileA_num_data_valid   |   in|    4|     ap_fifo|                                                          tileA|       pointer|
|tileA_fifo_cap         |   in|    4|     ap_fifo|                                                          tileA|       pointer|
|tileA_empty_n          |   in|    1|     ap_fifo|                                                          tileA|       pointer|
|tileA_read             |  out|    1|     ap_fifo|                                                          tileA|       pointer|
|C_TILES_63_i_address0  |  out|    4|   ap_memory|                                                   C_TILES_63_i|         array|
|C_TILES_63_i_ce0       |  out|    1|   ap_memory|                                                   C_TILES_63_i|         array|
|C_TILES_63_i_q0        |   in|   32|   ap_memory|                                                   C_TILES_63_i|         array|
|C_TILES_62_i_address0  |  out|    4|   ap_memory|                                                   C_TILES_62_i|         array|
|C_TILES_62_i_ce0       |  out|    1|   ap_memory|                                                   C_TILES_62_i|         array|
|C_TILES_62_i_q0        |   in|   32|   ap_memory|                                                   C_TILES_62_i|         array|
|C_TILES_61_i_address0  |  out|    4|   ap_memory|                                                   C_TILES_61_i|         array|
|C_TILES_61_i_ce0       |  out|    1|   ap_memory|                                                   C_TILES_61_i|         array|
|C_TILES_61_i_q0        |   in|   32|   ap_memory|                                                   C_TILES_61_i|         array|
|C_TILES_60_i_address0  |  out|    4|   ap_memory|                                                   C_TILES_60_i|         array|
|C_TILES_60_i_ce0       |  out|    1|   ap_memory|                                                   C_TILES_60_i|         array|
|C_TILES_60_i_q0        |   in|   32|   ap_memory|                                                   C_TILES_60_i|         array|
|C_TILES_59_i_address0  |  out|    4|   ap_memory|                                                   C_TILES_59_i|         array|
|C_TILES_59_i_ce0       |  out|    1|   ap_memory|                                                   C_TILES_59_i|         array|
|C_TILES_59_i_q0        |   in|   32|   ap_memory|                                                   C_TILES_59_i|         array|
|C_TILES_58_i_address0  |  out|    4|   ap_memory|                                                   C_TILES_58_i|         array|
|C_TILES_58_i_ce0       |  out|    1|   ap_memory|                                                   C_TILES_58_i|         array|
|C_TILES_58_i_q0        |   in|   32|   ap_memory|                                                   C_TILES_58_i|         array|
|C_TILES_57_i_address0  |  out|    4|   ap_memory|                                                   C_TILES_57_i|         array|
|C_TILES_57_i_ce0       |  out|    1|   ap_memory|                                                   C_TILES_57_i|         array|
|C_TILES_57_i_q0        |   in|   32|   ap_memory|                                                   C_TILES_57_i|         array|
|C_TILES_56_i_address0  |  out|    4|   ap_memory|                                                   C_TILES_56_i|         array|
|C_TILES_56_i_ce0       |  out|    1|   ap_memory|                                                   C_TILES_56_i|         array|
|C_TILES_56_i_q0        |   in|   32|   ap_memory|                                                   C_TILES_56_i|         array|
|C_TILES_55_i_address0  |  out|    4|   ap_memory|                                                   C_TILES_55_i|         array|
|C_TILES_55_i_ce0       |  out|    1|   ap_memory|                                                   C_TILES_55_i|         array|
|C_TILES_55_i_q0        |   in|   32|   ap_memory|                                                   C_TILES_55_i|         array|
|C_TILES_54_i_address0  |  out|    4|   ap_memory|                                                   C_TILES_54_i|         array|
|C_TILES_54_i_ce0       |  out|    1|   ap_memory|                                                   C_TILES_54_i|         array|
|C_TILES_54_i_q0        |   in|   32|   ap_memory|                                                   C_TILES_54_i|         array|
|C_TILES_53_i_address0  |  out|    4|   ap_memory|                                                   C_TILES_53_i|         array|
|C_TILES_53_i_ce0       |  out|    1|   ap_memory|                                                   C_TILES_53_i|         array|
|C_TILES_53_i_q0        |   in|   32|   ap_memory|                                                   C_TILES_53_i|         array|
|C_TILES_52_i_address0  |  out|    4|   ap_memory|                                                   C_TILES_52_i|         array|
|C_TILES_52_i_ce0       |  out|    1|   ap_memory|                                                   C_TILES_52_i|         array|
|C_TILES_52_i_q0        |   in|   32|   ap_memory|                                                   C_TILES_52_i|         array|
|C_TILES_51_i_address0  |  out|    4|   ap_memory|                                                   C_TILES_51_i|         array|
|C_TILES_51_i_ce0       |  out|    1|   ap_memory|                                                   C_TILES_51_i|         array|
|C_TILES_51_i_q0        |   in|   32|   ap_memory|                                                   C_TILES_51_i|         array|
|C_TILES_50_i_address0  |  out|    4|   ap_memory|                                                   C_TILES_50_i|         array|
|C_TILES_50_i_ce0       |  out|    1|   ap_memory|                                                   C_TILES_50_i|         array|
|C_TILES_50_i_q0        |   in|   32|   ap_memory|                                                   C_TILES_50_i|         array|
|C_TILES_49_i_address0  |  out|    4|   ap_memory|                                                   C_TILES_49_i|         array|
|C_TILES_49_i_ce0       |  out|    1|   ap_memory|                                                   C_TILES_49_i|         array|
|C_TILES_49_i_q0        |   in|   32|   ap_memory|                                                   C_TILES_49_i|         array|
|C_TILES_48_i_address0  |  out|    4|   ap_memory|                                                   C_TILES_48_i|         array|
|C_TILES_48_i_ce0       |  out|    1|   ap_memory|                                                   C_TILES_48_i|         array|
|C_TILES_48_i_q0        |   in|   32|   ap_memory|                                                   C_TILES_48_i|         array|
|C_TILES_47_i_address0  |  out|    4|   ap_memory|                                                   C_TILES_47_i|         array|
|C_TILES_47_i_ce0       |  out|    1|   ap_memory|                                                   C_TILES_47_i|         array|
|C_TILES_47_i_q0        |   in|   32|   ap_memory|                                                   C_TILES_47_i|         array|
|C_TILES_46_i_address0  |  out|    4|   ap_memory|                                                   C_TILES_46_i|         array|
|C_TILES_46_i_ce0       |  out|    1|   ap_memory|                                                   C_TILES_46_i|         array|
|C_TILES_46_i_q0        |   in|   32|   ap_memory|                                                   C_TILES_46_i|         array|
|C_TILES_45_i_address0  |  out|    4|   ap_memory|                                                   C_TILES_45_i|         array|
|C_TILES_45_i_ce0       |  out|    1|   ap_memory|                                                   C_TILES_45_i|         array|
|C_TILES_45_i_q0        |   in|   32|   ap_memory|                                                   C_TILES_45_i|         array|
|C_TILES_44_i_address0  |  out|    4|   ap_memory|                                                   C_TILES_44_i|         array|
|C_TILES_44_i_ce0       |  out|    1|   ap_memory|                                                   C_TILES_44_i|         array|
|C_TILES_44_i_q0        |   in|   32|   ap_memory|                                                   C_TILES_44_i|         array|
|C_TILES_43_i_address0  |  out|    4|   ap_memory|                                                   C_TILES_43_i|         array|
|C_TILES_43_i_ce0       |  out|    1|   ap_memory|                                                   C_TILES_43_i|         array|
|C_TILES_43_i_q0        |   in|   32|   ap_memory|                                                   C_TILES_43_i|         array|
|C_TILES_42_i_address0  |  out|    4|   ap_memory|                                                   C_TILES_42_i|         array|
|C_TILES_42_i_ce0       |  out|    1|   ap_memory|                                                   C_TILES_42_i|         array|
|C_TILES_42_i_q0        |   in|   32|   ap_memory|                                                   C_TILES_42_i|         array|
|C_TILES_41_i_address0  |  out|    4|   ap_memory|                                                   C_TILES_41_i|         array|
|C_TILES_41_i_ce0       |  out|    1|   ap_memory|                                                   C_TILES_41_i|         array|
|C_TILES_41_i_q0        |   in|   32|   ap_memory|                                                   C_TILES_41_i|         array|
|C_TILES_40_i_address0  |  out|    4|   ap_memory|                                                   C_TILES_40_i|         array|
|C_TILES_40_i_ce0       |  out|    1|   ap_memory|                                                   C_TILES_40_i|         array|
|C_TILES_40_i_q0        |   in|   32|   ap_memory|                                                   C_TILES_40_i|         array|
|C_TILES_39_i_address0  |  out|    4|   ap_memory|                                                   C_TILES_39_i|         array|
|C_TILES_39_i_ce0       |  out|    1|   ap_memory|                                                   C_TILES_39_i|         array|
|C_TILES_39_i_q0        |   in|   32|   ap_memory|                                                   C_TILES_39_i|         array|
|C_TILES_38_i_address0  |  out|    4|   ap_memory|                                                   C_TILES_38_i|         array|
|C_TILES_38_i_ce0       |  out|    1|   ap_memory|                                                   C_TILES_38_i|         array|
|C_TILES_38_i_q0        |   in|   32|   ap_memory|                                                   C_TILES_38_i|         array|
|C_TILES_37_i_address0  |  out|    4|   ap_memory|                                                   C_TILES_37_i|         array|
|C_TILES_37_i_ce0       |  out|    1|   ap_memory|                                                   C_TILES_37_i|         array|
|C_TILES_37_i_q0        |   in|   32|   ap_memory|                                                   C_TILES_37_i|         array|
|C_TILES_36_i_address0  |  out|    4|   ap_memory|                                                   C_TILES_36_i|         array|
|C_TILES_36_i_ce0       |  out|    1|   ap_memory|                                                   C_TILES_36_i|         array|
|C_TILES_36_i_q0        |   in|   32|   ap_memory|                                                   C_TILES_36_i|         array|
|C_TILES_35_i_address0  |  out|    4|   ap_memory|                                                   C_TILES_35_i|         array|
|C_TILES_35_i_ce0       |  out|    1|   ap_memory|                                                   C_TILES_35_i|         array|
|C_TILES_35_i_q0        |   in|   32|   ap_memory|                                                   C_TILES_35_i|         array|
|C_TILES_34_i_address0  |  out|    4|   ap_memory|                                                   C_TILES_34_i|         array|
|C_TILES_34_i_ce0       |  out|    1|   ap_memory|                                                   C_TILES_34_i|         array|
|C_TILES_34_i_q0        |   in|   32|   ap_memory|                                                   C_TILES_34_i|         array|
|C_TILES_33_i_address0  |  out|    4|   ap_memory|                                                   C_TILES_33_i|         array|
|C_TILES_33_i_ce0       |  out|    1|   ap_memory|                                                   C_TILES_33_i|         array|
|C_TILES_33_i_q0        |   in|   32|   ap_memory|                                                   C_TILES_33_i|         array|
|C_TILES_32_i_address0  |  out|    4|   ap_memory|                                                   C_TILES_32_i|         array|
|C_TILES_32_i_ce0       |  out|    1|   ap_memory|                                                   C_TILES_32_i|         array|
|C_TILES_32_i_q0        |   in|   32|   ap_memory|                                                   C_TILES_32_i|         array|
|C_TILES_31_i_address0  |  out|    4|   ap_memory|                                                   C_TILES_31_i|         array|
|C_TILES_31_i_ce0       |  out|    1|   ap_memory|                                                   C_TILES_31_i|         array|
|C_TILES_31_i_q0        |   in|   32|   ap_memory|                                                   C_TILES_31_i|         array|
|C_TILES_30_i_address0  |  out|    4|   ap_memory|                                                   C_TILES_30_i|         array|
|C_TILES_30_i_ce0       |  out|    1|   ap_memory|                                                   C_TILES_30_i|         array|
|C_TILES_30_i_q0        |   in|   32|   ap_memory|                                                   C_TILES_30_i|         array|
|C_TILES_29_i_address0  |  out|    4|   ap_memory|                                                   C_TILES_29_i|         array|
|C_TILES_29_i_ce0       |  out|    1|   ap_memory|                                                   C_TILES_29_i|         array|
|C_TILES_29_i_q0        |   in|   32|   ap_memory|                                                   C_TILES_29_i|         array|
|C_TILES_28_i_address0  |  out|    4|   ap_memory|                                                   C_TILES_28_i|         array|
|C_TILES_28_i_ce0       |  out|    1|   ap_memory|                                                   C_TILES_28_i|         array|
|C_TILES_28_i_q0        |   in|   32|   ap_memory|                                                   C_TILES_28_i|         array|
|C_TILES_27_i_address0  |  out|    4|   ap_memory|                                                   C_TILES_27_i|         array|
|C_TILES_27_i_ce0       |  out|    1|   ap_memory|                                                   C_TILES_27_i|         array|
|C_TILES_27_i_q0        |   in|   32|   ap_memory|                                                   C_TILES_27_i|         array|
|C_TILES_26_i_address0  |  out|    4|   ap_memory|                                                   C_TILES_26_i|         array|
|C_TILES_26_i_ce0       |  out|    1|   ap_memory|                                                   C_TILES_26_i|         array|
|C_TILES_26_i_q0        |   in|   32|   ap_memory|                                                   C_TILES_26_i|         array|
|C_TILES_25_i_address0  |  out|    4|   ap_memory|                                                   C_TILES_25_i|         array|
|C_TILES_25_i_ce0       |  out|    1|   ap_memory|                                                   C_TILES_25_i|         array|
|C_TILES_25_i_q0        |   in|   32|   ap_memory|                                                   C_TILES_25_i|         array|
|C_TILES_24_i_address0  |  out|    4|   ap_memory|                                                   C_TILES_24_i|         array|
|C_TILES_24_i_ce0       |  out|    1|   ap_memory|                                                   C_TILES_24_i|         array|
|C_TILES_24_i_q0        |   in|   32|   ap_memory|                                                   C_TILES_24_i|         array|
|C_TILES_23_i_address0  |  out|    4|   ap_memory|                                                   C_TILES_23_i|         array|
|C_TILES_23_i_ce0       |  out|    1|   ap_memory|                                                   C_TILES_23_i|         array|
|C_TILES_23_i_q0        |   in|   32|   ap_memory|                                                   C_TILES_23_i|         array|
|C_TILES_22_i_address0  |  out|    4|   ap_memory|                                                   C_TILES_22_i|         array|
|C_TILES_22_i_ce0       |  out|    1|   ap_memory|                                                   C_TILES_22_i|         array|
|C_TILES_22_i_q0        |   in|   32|   ap_memory|                                                   C_TILES_22_i|         array|
|C_TILES_21_i_address0  |  out|    4|   ap_memory|                                                   C_TILES_21_i|         array|
|C_TILES_21_i_ce0       |  out|    1|   ap_memory|                                                   C_TILES_21_i|         array|
|C_TILES_21_i_q0        |   in|   32|   ap_memory|                                                   C_TILES_21_i|         array|
|C_TILES_20_i_address0  |  out|    4|   ap_memory|                                                   C_TILES_20_i|         array|
|C_TILES_20_i_ce0       |  out|    1|   ap_memory|                                                   C_TILES_20_i|         array|
|C_TILES_20_i_q0        |   in|   32|   ap_memory|                                                   C_TILES_20_i|         array|
|C_TILES_19_i_address0  |  out|    4|   ap_memory|                                                   C_TILES_19_i|         array|
|C_TILES_19_i_ce0       |  out|    1|   ap_memory|                                                   C_TILES_19_i|         array|
|C_TILES_19_i_q0        |   in|   32|   ap_memory|                                                   C_TILES_19_i|         array|
|C_TILES_18_i_address0  |  out|    4|   ap_memory|                                                   C_TILES_18_i|         array|
|C_TILES_18_i_ce0       |  out|    1|   ap_memory|                                                   C_TILES_18_i|         array|
|C_TILES_18_i_q0        |   in|   32|   ap_memory|                                                   C_TILES_18_i|         array|
|C_TILES_17_i_address0  |  out|    4|   ap_memory|                                                   C_TILES_17_i|         array|
|C_TILES_17_i_ce0       |  out|    1|   ap_memory|                                                   C_TILES_17_i|         array|
|C_TILES_17_i_q0        |   in|   32|   ap_memory|                                                   C_TILES_17_i|         array|
|C_TILES_16_i_address0  |  out|    4|   ap_memory|                                                   C_TILES_16_i|         array|
|C_TILES_16_i_ce0       |  out|    1|   ap_memory|                                                   C_TILES_16_i|         array|
|C_TILES_16_i_q0        |   in|   32|   ap_memory|                                                   C_TILES_16_i|         array|
|C_TILES_15_i_address0  |  out|    4|   ap_memory|                                                   C_TILES_15_i|         array|
|C_TILES_15_i_ce0       |  out|    1|   ap_memory|                                                   C_TILES_15_i|         array|
|C_TILES_15_i_q0        |   in|   32|   ap_memory|                                                   C_TILES_15_i|         array|
|C_TILES_14_i_address0  |  out|    4|   ap_memory|                                                   C_TILES_14_i|         array|
|C_TILES_14_i_ce0       |  out|    1|   ap_memory|                                                   C_TILES_14_i|         array|
|C_TILES_14_i_q0        |   in|   32|   ap_memory|                                                   C_TILES_14_i|         array|
|C_TILES_13_i_address0  |  out|    4|   ap_memory|                                                   C_TILES_13_i|         array|
|C_TILES_13_i_ce0       |  out|    1|   ap_memory|                                                   C_TILES_13_i|         array|
|C_TILES_13_i_q0        |   in|   32|   ap_memory|                                                   C_TILES_13_i|         array|
|C_TILES_12_i_address0  |  out|    4|   ap_memory|                                                   C_TILES_12_i|         array|
|C_TILES_12_i_ce0       |  out|    1|   ap_memory|                                                   C_TILES_12_i|         array|
|C_TILES_12_i_q0        |   in|   32|   ap_memory|                                                   C_TILES_12_i|         array|
|C_TILES_11_i_address0  |  out|    4|   ap_memory|                                                   C_TILES_11_i|         array|
|C_TILES_11_i_ce0       |  out|    1|   ap_memory|                                                   C_TILES_11_i|         array|
|C_TILES_11_i_q0        |   in|   32|   ap_memory|                                                   C_TILES_11_i|         array|
|C_TILES_10_i_address0  |  out|    4|   ap_memory|                                                   C_TILES_10_i|         array|
|C_TILES_10_i_ce0       |  out|    1|   ap_memory|                                                   C_TILES_10_i|         array|
|C_TILES_10_i_q0        |   in|   32|   ap_memory|                                                   C_TILES_10_i|         array|
|C_TILES_9_i_address0   |  out|    4|   ap_memory|                                                    C_TILES_9_i|         array|
|C_TILES_9_i_ce0        |  out|    1|   ap_memory|                                                    C_TILES_9_i|         array|
|C_TILES_9_i_q0         |   in|   32|   ap_memory|                                                    C_TILES_9_i|         array|
|C_TILES_8_i_address0   |  out|    4|   ap_memory|                                                    C_TILES_8_i|         array|
|C_TILES_8_i_ce0        |  out|    1|   ap_memory|                                                    C_TILES_8_i|         array|
|C_TILES_8_i_q0         |   in|   32|   ap_memory|                                                    C_TILES_8_i|         array|
|C_TILES_7_i_address0   |  out|    4|   ap_memory|                                                    C_TILES_7_i|         array|
|C_TILES_7_i_ce0        |  out|    1|   ap_memory|                                                    C_TILES_7_i|         array|
|C_TILES_7_i_q0         |   in|   32|   ap_memory|                                                    C_TILES_7_i|         array|
|C_TILES_6_i_address0   |  out|    4|   ap_memory|                                                    C_TILES_6_i|         array|
|C_TILES_6_i_ce0        |  out|    1|   ap_memory|                                                    C_TILES_6_i|         array|
|C_TILES_6_i_q0         |   in|   32|   ap_memory|                                                    C_TILES_6_i|         array|
|C_TILES_5_i_address0   |  out|    4|   ap_memory|                                                    C_TILES_5_i|         array|
|C_TILES_5_i_ce0        |  out|    1|   ap_memory|                                                    C_TILES_5_i|         array|
|C_TILES_5_i_q0         |   in|   32|   ap_memory|                                                    C_TILES_5_i|         array|
|C_TILES_4_i_address0   |  out|    4|   ap_memory|                                                    C_TILES_4_i|         array|
|C_TILES_4_i_ce0        |  out|    1|   ap_memory|                                                    C_TILES_4_i|         array|
|C_TILES_4_i_q0         |   in|   32|   ap_memory|                                                    C_TILES_4_i|         array|
|C_TILES_3_i_address0   |  out|    4|   ap_memory|                                                    C_TILES_3_i|         array|
|C_TILES_3_i_ce0        |  out|    1|   ap_memory|                                                    C_TILES_3_i|         array|
|C_TILES_3_i_q0         |   in|   32|   ap_memory|                                                    C_TILES_3_i|         array|
|C_TILES_2_i_address0   |  out|    4|   ap_memory|                                                    C_TILES_2_i|         array|
|C_TILES_2_i_ce0        |  out|    1|   ap_memory|                                                    C_TILES_2_i|         array|
|C_TILES_2_i_q0         |   in|   32|   ap_memory|                                                    C_TILES_2_i|         array|
|C_TILES_1_i_address0   |  out|    4|   ap_memory|                                                    C_TILES_1_i|         array|
|C_TILES_1_i_ce0        |  out|    1|   ap_memory|                                                    C_TILES_1_i|         array|
|C_TILES_1_i_q0         |   in|   32|   ap_memory|                                                    C_TILES_1_i|         array|
|C_TILES_i_address0     |  out|    4|   ap_memory|                                                      C_TILES_i|         array|
|C_TILES_i_ce0          |  out|    1|   ap_memory|                                                      C_TILES_i|         array|
|C_TILES_i_q0           |   in|   32|   ap_memory|                                                      C_TILES_i|         array|
|C_BUF_64_address0      |  out|    4|   ap_memory|                                                       C_BUF_64|         array|
|C_BUF_64_ce0           |  out|    1|   ap_memory|                                                       C_BUF_64|         array|
|C_BUF_64_we0           |  out|    1|   ap_memory|                                                       C_BUF_64|         array|
|C_BUF_64_d0            |  out|   32|   ap_memory|                                                       C_BUF_64|         array|
|C_BUF_65_address0      |  out|    4|   ap_memory|                                                       C_BUF_65|         array|
|C_BUF_65_ce0           |  out|    1|   ap_memory|                                                       C_BUF_65|         array|
|C_BUF_65_we0           |  out|    1|   ap_memory|                                                       C_BUF_65|         array|
|C_BUF_65_d0            |  out|   32|   ap_memory|                                                       C_BUF_65|         array|
|C_BUF_66_address0      |  out|    4|   ap_memory|                                                       C_BUF_66|         array|
|C_BUF_66_ce0           |  out|    1|   ap_memory|                                                       C_BUF_66|         array|
|C_BUF_66_we0           |  out|    1|   ap_memory|                                                       C_BUF_66|         array|
|C_BUF_66_d0            |  out|   32|   ap_memory|                                                       C_BUF_66|         array|
|C_BUF_67_address0      |  out|    4|   ap_memory|                                                       C_BUF_67|         array|
|C_BUF_67_ce0           |  out|    1|   ap_memory|                                                       C_BUF_67|         array|
|C_BUF_67_we0           |  out|    1|   ap_memory|                                                       C_BUF_67|         array|
|C_BUF_67_d0            |  out|   32|   ap_memory|                                                       C_BUF_67|         array|
|C_BUF_68_address0      |  out|    4|   ap_memory|                                                       C_BUF_68|         array|
|C_BUF_68_ce0           |  out|    1|   ap_memory|                                                       C_BUF_68|         array|
|C_BUF_68_we0           |  out|    1|   ap_memory|                                                       C_BUF_68|         array|
|C_BUF_68_d0            |  out|   32|   ap_memory|                                                       C_BUF_68|         array|
|C_BUF_69_address0      |  out|    4|   ap_memory|                                                       C_BUF_69|         array|
|C_BUF_69_ce0           |  out|    1|   ap_memory|                                                       C_BUF_69|         array|
|C_BUF_69_we0           |  out|    1|   ap_memory|                                                       C_BUF_69|         array|
|C_BUF_69_d0            |  out|   32|   ap_memory|                                                       C_BUF_69|         array|
|C_BUF_70_address0      |  out|    4|   ap_memory|                                                       C_BUF_70|         array|
|C_BUF_70_ce0           |  out|    1|   ap_memory|                                                       C_BUF_70|         array|
|C_BUF_70_we0           |  out|    1|   ap_memory|                                                       C_BUF_70|         array|
|C_BUF_70_d0            |  out|   32|   ap_memory|                                                       C_BUF_70|         array|
|C_BUF_71_address0      |  out|    4|   ap_memory|                                                       C_BUF_71|         array|
|C_BUF_71_ce0           |  out|    1|   ap_memory|                                                       C_BUF_71|         array|
|C_BUF_71_we0           |  out|    1|   ap_memory|                                                       C_BUF_71|         array|
|C_BUF_71_d0            |  out|   32|   ap_memory|                                                       C_BUF_71|         array|
|C_BUF_72_address0      |  out|    4|   ap_memory|                                                       C_BUF_72|         array|
|C_BUF_72_ce0           |  out|    1|   ap_memory|                                                       C_BUF_72|         array|
|C_BUF_72_we0           |  out|    1|   ap_memory|                                                       C_BUF_72|         array|
|C_BUF_72_d0            |  out|   32|   ap_memory|                                                       C_BUF_72|         array|
|C_BUF_73_address0      |  out|    4|   ap_memory|                                                       C_BUF_73|         array|
|C_BUF_73_ce0           |  out|    1|   ap_memory|                                                       C_BUF_73|         array|
|C_BUF_73_we0           |  out|    1|   ap_memory|                                                       C_BUF_73|         array|
|C_BUF_73_d0            |  out|   32|   ap_memory|                                                       C_BUF_73|         array|
|C_BUF_74_address0      |  out|    4|   ap_memory|                                                       C_BUF_74|         array|
|C_BUF_74_ce0           |  out|    1|   ap_memory|                                                       C_BUF_74|         array|
|C_BUF_74_we0           |  out|    1|   ap_memory|                                                       C_BUF_74|         array|
|C_BUF_74_d0            |  out|   32|   ap_memory|                                                       C_BUF_74|         array|
|C_BUF_75_address0      |  out|    4|   ap_memory|                                                       C_BUF_75|         array|
|C_BUF_75_ce0           |  out|    1|   ap_memory|                                                       C_BUF_75|         array|
|C_BUF_75_we0           |  out|    1|   ap_memory|                                                       C_BUF_75|         array|
|C_BUF_75_d0            |  out|   32|   ap_memory|                                                       C_BUF_75|         array|
|C_BUF_76_address0      |  out|    4|   ap_memory|                                                       C_BUF_76|         array|
|C_BUF_76_ce0           |  out|    1|   ap_memory|                                                       C_BUF_76|         array|
|C_BUF_76_we0           |  out|    1|   ap_memory|                                                       C_BUF_76|         array|
|C_BUF_76_d0            |  out|   32|   ap_memory|                                                       C_BUF_76|         array|
|C_BUF_77_address0      |  out|    4|   ap_memory|                                                       C_BUF_77|         array|
|C_BUF_77_ce0           |  out|    1|   ap_memory|                                                       C_BUF_77|         array|
|C_BUF_77_we0           |  out|    1|   ap_memory|                                                       C_BUF_77|         array|
|C_BUF_77_d0            |  out|   32|   ap_memory|                                                       C_BUF_77|         array|
|C_BUF_78_address0      |  out|    4|   ap_memory|                                                       C_BUF_78|         array|
|C_BUF_78_ce0           |  out|    1|   ap_memory|                                                       C_BUF_78|         array|
|C_BUF_78_we0           |  out|    1|   ap_memory|                                                       C_BUF_78|         array|
|C_BUF_78_d0            |  out|   32|   ap_memory|                                                       C_BUF_78|         array|
|C_BUF_79_address0      |  out|    4|   ap_memory|                                                       C_BUF_79|         array|
|C_BUF_79_ce0           |  out|    1|   ap_memory|                                                       C_BUF_79|         array|
|C_BUF_79_we0           |  out|    1|   ap_memory|                                                       C_BUF_79|         array|
|C_BUF_79_d0            |  out|   32|   ap_memory|                                                       C_BUF_79|         array|
|C_BUF_80_address0      |  out|    4|   ap_memory|                                                       C_BUF_80|         array|
|C_BUF_80_ce0           |  out|    1|   ap_memory|                                                       C_BUF_80|         array|
|C_BUF_80_we0           |  out|    1|   ap_memory|                                                       C_BUF_80|         array|
|C_BUF_80_d0            |  out|   32|   ap_memory|                                                       C_BUF_80|         array|
|C_BUF_81_address0      |  out|    4|   ap_memory|                                                       C_BUF_81|         array|
|C_BUF_81_ce0           |  out|    1|   ap_memory|                                                       C_BUF_81|         array|
|C_BUF_81_we0           |  out|    1|   ap_memory|                                                       C_BUF_81|         array|
|C_BUF_81_d0            |  out|   32|   ap_memory|                                                       C_BUF_81|         array|
|C_BUF_82_address0      |  out|    4|   ap_memory|                                                       C_BUF_82|         array|
|C_BUF_82_ce0           |  out|    1|   ap_memory|                                                       C_BUF_82|         array|
|C_BUF_82_we0           |  out|    1|   ap_memory|                                                       C_BUF_82|         array|
|C_BUF_82_d0            |  out|   32|   ap_memory|                                                       C_BUF_82|         array|
|C_BUF_83_address0      |  out|    4|   ap_memory|                                                       C_BUF_83|         array|
|C_BUF_83_ce0           |  out|    1|   ap_memory|                                                       C_BUF_83|         array|
|C_BUF_83_we0           |  out|    1|   ap_memory|                                                       C_BUF_83|         array|
|C_BUF_83_d0            |  out|   32|   ap_memory|                                                       C_BUF_83|         array|
|C_BUF_84_address0      |  out|    4|   ap_memory|                                                       C_BUF_84|         array|
|C_BUF_84_ce0           |  out|    1|   ap_memory|                                                       C_BUF_84|         array|
|C_BUF_84_we0           |  out|    1|   ap_memory|                                                       C_BUF_84|         array|
|C_BUF_84_d0            |  out|   32|   ap_memory|                                                       C_BUF_84|         array|
|C_BUF_85_address0      |  out|    4|   ap_memory|                                                       C_BUF_85|         array|
|C_BUF_85_ce0           |  out|    1|   ap_memory|                                                       C_BUF_85|         array|
|C_BUF_85_we0           |  out|    1|   ap_memory|                                                       C_BUF_85|         array|
|C_BUF_85_d0            |  out|   32|   ap_memory|                                                       C_BUF_85|         array|
|C_BUF_86_address0      |  out|    4|   ap_memory|                                                       C_BUF_86|         array|
|C_BUF_86_ce0           |  out|    1|   ap_memory|                                                       C_BUF_86|         array|
|C_BUF_86_we0           |  out|    1|   ap_memory|                                                       C_BUF_86|         array|
|C_BUF_86_d0            |  out|   32|   ap_memory|                                                       C_BUF_86|         array|
|C_BUF_87_address0      |  out|    4|   ap_memory|                                                       C_BUF_87|         array|
|C_BUF_87_ce0           |  out|    1|   ap_memory|                                                       C_BUF_87|         array|
|C_BUF_87_we0           |  out|    1|   ap_memory|                                                       C_BUF_87|         array|
|C_BUF_87_d0            |  out|   32|   ap_memory|                                                       C_BUF_87|         array|
|C_BUF_88_address0      |  out|    4|   ap_memory|                                                       C_BUF_88|         array|
|C_BUF_88_ce0           |  out|    1|   ap_memory|                                                       C_BUF_88|         array|
|C_BUF_88_we0           |  out|    1|   ap_memory|                                                       C_BUF_88|         array|
|C_BUF_88_d0            |  out|   32|   ap_memory|                                                       C_BUF_88|         array|
|C_BUF_89_address0      |  out|    4|   ap_memory|                                                       C_BUF_89|         array|
|C_BUF_89_ce0           |  out|    1|   ap_memory|                                                       C_BUF_89|         array|
|C_BUF_89_we0           |  out|    1|   ap_memory|                                                       C_BUF_89|         array|
|C_BUF_89_d0            |  out|   32|   ap_memory|                                                       C_BUF_89|         array|
|C_BUF_90_address0      |  out|    4|   ap_memory|                                                       C_BUF_90|         array|
|C_BUF_90_ce0           |  out|    1|   ap_memory|                                                       C_BUF_90|         array|
|C_BUF_90_we0           |  out|    1|   ap_memory|                                                       C_BUF_90|         array|
|C_BUF_90_d0            |  out|   32|   ap_memory|                                                       C_BUF_90|         array|
|C_BUF_91_address0      |  out|    4|   ap_memory|                                                       C_BUF_91|         array|
|C_BUF_91_ce0           |  out|    1|   ap_memory|                                                       C_BUF_91|         array|
|C_BUF_91_we0           |  out|    1|   ap_memory|                                                       C_BUF_91|         array|
|C_BUF_91_d0            |  out|   32|   ap_memory|                                                       C_BUF_91|         array|
|C_BUF_92_address0      |  out|    4|   ap_memory|                                                       C_BUF_92|         array|
|C_BUF_92_ce0           |  out|    1|   ap_memory|                                                       C_BUF_92|         array|
|C_BUF_92_we0           |  out|    1|   ap_memory|                                                       C_BUF_92|         array|
|C_BUF_92_d0            |  out|   32|   ap_memory|                                                       C_BUF_92|         array|
|C_BUF_93_address0      |  out|    4|   ap_memory|                                                       C_BUF_93|         array|
|C_BUF_93_ce0           |  out|    1|   ap_memory|                                                       C_BUF_93|         array|
|C_BUF_93_we0           |  out|    1|   ap_memory|                                                       C_BUF_93|         array|
|C_BUF_93_d0            |  out|   32|   ap_memory|                                                       C_BUF_93|         array|
|C_BUF_94_address0      |  out|    4|   ap_memory|                                                       C_BUF_94|         array|
|C_BUF_94_ce0           |  out|    1|   ap_memory|                                                       C_BUF_94|         array|
|C_BUF_94_we0           |  out|    1|   ap_memory|                                                       C_BUF_94|         array|
|C_BUF_94_d0            |  out|   32|   ap_memory|                                                       C_BUF_94|         array|
|C_BUF_95_address0      |  out|    4|   ap_memory|                                                       C_BUF_95|         array|
|C_BUF_95_ce0           |  out|    1|   ap_memory|                                                       C_BUF_95|         array|
|C_BUF_95_we0           |  out|    1|   ap_memory|                                                       C_BUF_95|         array|
|C_BUF_95_d0            |  out|   32|   ap_memory|                                                       C_BUF_95|         array|
|C_BUF_96_address0      |  out|    4|   ap_memory|                                                       C_BUF_96|         array|
|C_BUF_96_ce0           |  out|    1|   ap_memory|                                                       C_BUF_96|         array|
|C_BUF_96_we0           |  out|    1|   ap_memory|                                                       C_BUF_96|         array|
|C_BUF_96_d0            |  out|   32|   ap_memory|                                                       C_BUF_96|         array|
|C_BUF_97_address0      |  out|    4|   ap_memory|                                                       C_BUF_97|         array|
|C_BUF_97_ce0           |  out|    1|   ap_memory|                                                       C_BUF_97|         array|
|C_BUF_97_we0           |  out|    1|   ap_memory|                                                       C_BUF_97|         array|
|C_BUF_97_d0            |  out|   32|   ap_memory|                                                       C_BUF_97|         array|
|C_BUF_98_address0      |  out|    4|   ap_memory|                                                       C_BUF_98|         array|
|C_BUF_98_ce0           |  out|    1|   ap_memory|                                                       C_BUF_98|         array|
|C_BUF_98_we0           |  out|    1|   ap_memory|                                                       C_BUF_98|         array|
|C_BUF_98_d0            |  out|   32|   ap_memory|                                                       C_BUF_98|         array|
|C_BUF_99_address0      |  out|    4|   ap_memory|                                                       C_BUF_99|         array|
|C_BUF_99_ce0           |  out|    1|   ap_memory|                                                       C_BUF_99|         array|
|C_BUF_99_we0           |  out|    1|   ap_memory|                                                       C_BUF_99|         array|
|C_BUF_99_d0            |  out|   32|   ap_memory|                                                       C_BUF_99|         array|
|C_BUF_100_address0     |  out|    4|   ap_memory|                                                      C_BUF_100|         array|
|C_BUF_100_ce0          |  out|    1|   ap_memory|                                                      C_BUF_100|         array|
|C_BUF_100_we0          |  out|    1|   ap_memory|                                                      C_BUF_100|         array|
|C_BUF_100_d0           |  out|   32|   ap_memory|                                                      C_BUF_100|         array|
|C_BUF_101_address0     |  out|    4|   ap_memory|                                                      C_BUF_101|         array|
|C_BUF_101_ce0          |  out|    1|   ap_memory|                                                      C_BUF_101|         array|
|C_BUF_101_we0          |  out|    1|   ap_memory|                                                      C_BUF_101|         array|
|C_BUF_101_d0           |  out|   32|   ap_memory|                                                      C_BUF_101|         array|
|C_BUF_102_address0     |  out|    4|   ap_memory|                                                      C_BUF_102|         array|
|C_BUF_102_ce0          |  out|    1|   ap_memory|                                                      C_BUF_102|         array|
|C_BUF_102_we0          |  out|    1|   ap_memory|                                                      C_BUF_102|         array|
|C_BUF_102_d0           |  out|   32|   ap_memory|                                                      C_BUF_102|         array|
|C_BUF_103_address0     |  out|    4|   ap_memory|                                                      C_BUF_103|         array|
|C_BUF_103_ce0          |  out|    1|   ap_memory|                                                      C_BUF_103|         array|
|C_BUF_103_we0          |  out|    1|   ap_memory|                                                      C_BUF_103|         array|
|C_BUF_103_d0           |  out|   32|   ap_memory|                                                      C_BUF_103|         array|
|C_BUF_104_address0     |  out|    4|   ap_memory|                                                      C_BUF_104|         array|
|C_BUF_104_ce0          |  out|    1|   ap_memory|                                                      C_BUF_104|         array|
|C_BUF_104_we0          |  out|    1|   ap_memory|                                                      C_BUF_104|         array|
|C_BUF_104_d0           |  out|   32|   ap_memory|                                                      C_BUF_104|         array|
|C_BUF_105_address0     |  out|    4|   ap_memory|                                                      C_BUF_105|         array|
|C_BUF_105_ce0          |  out|    1|   ap_memory|                                                      C_BUF_105|         array|
|C_BUF_105_we0          |  out|    1|   ap_memory|                                                      C_BUF_105|         array|
|C_BUF_105_d0           |  out|   32|   ap_memory|                                                      C_BUF_105|         array|
|C_BUF_106_address0     |  out|    4|   ap_memory|                                                      C_BUF_106|         array|
|C_BUF_106_ce0          |  out|    1|   ap_memory|                                                      C_BUF_106|         array|
|C_BUF_106_we0          |  out|    1|   ap_memory|                                                      C_BUF_106|         array|
|C_BUF_106_d0           |  out|   32|   ap_memory|                                                      C_BUF_106|         array|
|C_BUF_107_address0     |  out|    4|   ap_memory|                                                      C_BUF_107|         array|
|C_BUF_107_ce0          |  out|    1|   ap_memory|                                                      C_BUF_107|         array|
|C_BUF_107_we0          |  out|    1|   ap_memory|                                                      C_BUF_107|         array|
|C_BUF_107_d0           |  out|   32|   ap_memory|                                                      C_BUF_107|         array|
|C_BUF_108_address0     |  out|    4|   ap_memory|                                                      C_BUF_108|         array|
|C_BUF_108_ce0          |  out|    1|   ap_memory|                                                      C_BUF_108|         array|
|C_BUF_108_we0          |  out|    1|   ap_memory|                                                      C_BUF_108|         array|
|C_BUF_108_d0           |  out|   32|   ap_memory|                                                      C_BUF_108|         array|
|C_BUF_109_address0     |  out|    4|   ap_memory|                                                      C_BUF_109|         array|
|C_BUF_109_ce0          |  out|    1|   ap_memory|                                                      C_BUF_109|         array|
|C_BUF_109_we0          |  out|    1|   ap_memory|                                                      C_BUF_109|         array|
|C_BUF_109_d0           |  out|   32|   ap_memory|                                                      C_BUF_109|         array|
|C_BUF_110_address0     |  out|    4|   ap_memory|                                                      C_BUF_110|         array|
|C_BUF_110_ce0          |  out|    1|   ap_memory|                                                      C_BUF_110|         array|
|C_BUF_110_we0          |  out|    1|   ap_memory|                                                      C_BUF_110|         array|
|C_BUF_110_d0           |  out|   32|   ap_memory|                                                      C_BUF_110|         array|
|C_BUF_111_address0     |  out|    4|   ap_memory|                                                      C_BUF_111|         array|
|C_BUF_111_ce0          |  out|    1|   ap_memory|                                                      C_BUF_111|         array|
|C_BUF_111_we0          |  out|    1|   ap_memory|                                                      C_BUF_111|         array|
|C_BUF_111_d0           |  out|   32|   ap_memory|                                                      C_BUF_111|         array|
|C_BUF_112_address0     |  out|    4|   ap_memory|                                                      C_BUF_112|         array|
|C_BUF_112_ce0          |  out|    1|   ap_memory|                                                      C_BUF_112|         array|
|C_BUF_112_we0          |  out|    1|   ap_memory|                                                      C_BUF_112|         array|
|C_BUF_112_d0           |  out|   32|   ap_memory|                                                      C_BUF_112|         array|
|C_BUF_113_address0     |  out|    4|   ap_memory|                                                      C_BUF_113|         array|
|C_BUF_113_ce0          |  out|    1|   ap_memory|                                                      C_BUF_113|         array|
|C_BUF_113_we0          |  out|    1|   ap_memory|                                                      C_BUF_113|         array|
|C_BUF_113_d0           |  out|   32|   ap_memory|                                                      C_BUF_113|         array|
|C_BUF_114_address0     |  out|    4|   ap_memory|                                                      C_BUF_114|         array|
|C_BUF_114_ce0          |  out|    1|   ap_memory|                                                      C_BUF_114|         array|
|C_BUF_114_we0          |  out|    1|   ap_memory|                                                      C_BUF_114|         array|
|C_BUF_114_d0           |  out|   32|   ap_memory|                                                      C_BUF_114|         array|
|C_BUF_115_address0     |  out|    4|   ap_memory|                                                      C_BUF_115|         array|
|C_BUF_115_ce0          |  out|    1|   ap_memory|                                                      C_BUF_115|         array|
|C_BUF_115_we0          |  out|    1|   ap_memory|                                                      C_BUF_115|         array|
|C_BUF_115_d0           |  out|   32|   ap_memory|                                                      C_BUF_115|         array|
|C_BUF_116_address0     |  out|    4|   ap_memory|                                                      C_BUF_116|         array|
|C_BUF_116_ce0          |  out|    1|   ap_memory|                                                      C_BUF_116|         array|
|C_BUF_116_we0          |  out|    1|   ap_memory|                                                      C_BUF_116|         array|
|C_BUF_116_d0           |  out|   32|   ap_memory|                                                      C_BUF_116|         array|
|C_BUF_117_address0     |  out|    4|   ap_memory|                                                      C_BUF_117|         array|
|C_BUF_117_ce0          |  out|    1|   ap_memory|                                                      C_BUF_117|         array|
|C_BUF_117_we0          |  out|    1|   ap_memory|                                                      C_BUF_117|         array|
|C_BUF_117_d0           |  out|   32|   ap_memory|                                                      C_BUF_117|         array|
|C_BUF_118_address0     |  out|    4|   ap_memory|                                                      C_BUF_118|         array|
|C_BUF_118_ce0          |  out|    1|   ap_memory|                                                      C_BUF_118|         array|
|C_BUF_118_we0          |  out|    1|   ap_memory|                                                      C_BUF_118|         array|
|C_BUF_118_d0           |  out|   32|   ap_memory|                                                      C_BUF_118|         array|
|C_BUF_119_address0     |  out|    4|   ap_memory|                                                      C_BUF_119|         array|
|C_BUF_119_ce0          |  out|    1|   ap_memory|                                                      C_BUF_119|         array|
|C_BUF_119_we0          |  out|    1|   ap_memory|                                                      C_BUF_119|         array|
|C_BUF_119_d0           |  out|   32|   ap_memory|                                                      C_BUF_119|         array|
|C_BUF_120_address0     |  out|    4|   ap_memory|                                                      C_BUF_120|         array|
|C_BUF_120_ce0          |  out|    1|   ap_memory|                                                      C_BUF_120|         array|
|C_BUF_120_we0          |  out|    1|   ap_memory|                                                      C_BUF_120|         array|
|C_BUF_120_d0           |  out|   32|   ap_memory|                                                      C_BUF_120|         array|
|C_BUF_121_address0     |  out|    4|   ap_memory|                                                      C_BUF_121|         array|
|C_BUF_121_ce0          |  out|    1|   ap_memory|                                                      C_BUF_121|         array|
|C_BUF_121_we0          |  out|    1|   ap_memory|                                                      C_BUF_121|         array|
|C_BUF_121_d0           |  out|   32|   ap_memory|                                                      C_BUF_121|         array|
|C_BUF_122_address0     |  out|    4|   ap_memory|                                                      C_BUF_122|         array|
|C_BUF_122_ce0          |  out|    1|   ap_memory|                                                      C_BUF_122|         array|
|C_BUF_122_we0          |  out|    1|   ap_memory|                                                      C_BUF_122|         array|
|C_BUF_122_d0           |  out|   32|   ap_memory|                                                      C_BUF_122|         array|
|C_BUF_123_address0     |  out|    4|   ap_memory|                                                      C_BUF_123|         array|
|C_BUF_123_ce0          |  out|    1|   ap_memory|                                                      C_BUF_123|         array|
|C_BUF_123_we0          |  out|    1|   ap_memory|                                                      C_BUF_123|         array|
|C_BUF_123_d0           |  out|   32|   ap_memory|                                                      C_BUF_123|         array|
|C_BUF_124_address0     |  out|    4|   ap_memory|                                                      C_BUF_124|         array|
|C_BUF_124_ce0          |  out|    1|   ap_memory|                                                      C_BUF_124|         array|
|C_BUF_124_we0          |  out|    1|   ap_memory|                                                      C_BUF_124|         array|
|C_BUF_124_d0           |  out|   32|   ap_memory|                                                      C_BUF_124|         array|
|C_BUF_125_address0     |  out|    4|   ap_memory|                                                      C_BUF_125|         array|
|C_BUF_125_ce0          |  out|    1|   ap_memory|                                                      C_BUF_125|         array|
|C_BUF_125_we0          |  out|    1|   ap_memory|                                                      C_BUF_125|         array|
|C_BUF_125_d0           |  out|   32|   ap_memory|                                                      C_BUF_125|         array|
|C_BUF_126_address0     |  out|    4|   ap_memory|                                                      C_BUF_126|         array|
|C_BUF_126_ce0          |  out|    1|   ap_memory|                                                      C_BUF_126|         array|
|C_BUF_126_we0          |  out|    1|   ap_memory|                                                      C_BUF_126|         array|
|C_BUF_126_d0           |  out|   32|   ap_memory|                                                      C_BUF_126|         array|
|C_BUF_127_address0     |  out|    4|   ap_memory|                                                      C_BUF_127|         array|
|C_BUF_127_ce0          |  out|    1|   ap_memory|                                                      C_BUF_127|         array|
|C_BUF_127_we0          |  out|    1|   ap_memory|                                                      C_BUF_127|         array|
|C_BUF_127_d0           |  out|   32|   ap_memory|                                                      C_BUF_127|         array|
|C_BUF_address0         |  out|    4|   ap_memory|                                                          C_BUF|         array|
|C_BUF_ce0              |  out|    1|   ap_memory|                                                          C_BUF|         array|
|C_BUF_we0              |  out|    1|   ap_memory|                                                          C_BUF|         array|
|C_BUF_d0               |  out|   32|   ap_memory|                                                          C_BUF|         array|
|C_BUF_1_address0       |  out|    4|   ap_memory|                                                        C_BUF_1|         array|
|C_BUF_1_ce0            |  out|    1|   ap_memory|                                                        C_BUF_1|         array|
|C_BUF_1_we0            |  out|    1|   ap_memory|                                                        C_BUF_1|         array|
|C_BUF_1_d0             |  out|   32|   ap_memory|                                                        C_BUF_1|         array|
|C_BUF_2_address0       |  out|    4|   ap_memory|                                                        C_BUF_2|         array|
|C_BUF_2_ce0            |  out|    1|   ap_memory|                                                        C_BUF_2|         array|
|C_BUF_2_we0            |  out|    1|   ap_memory|                                                        C_BUF_2|         array|
|C_BUF_2_d0             |  out|   32|   ap_memory|                                                        C_BUF_2|         array|
|C_BUF_3_address0       |  out|    4|   ap_memory|                                                        C_BUF_3|         array|
|C_BUF_3_ce0            |  out|    1|   ap_memory|                                                        C_BUF_3|         array|
|C_BUF_3_we0            |  out|    1|   ap_memory|                                                        C_BUF_3|         array|
|C_BUF_3_d0             |  out|   32|   ap_memory|                                                        C_BUF_3|         array|
|C_BUF_4_address0       |  out|    4|   ap_memory|                                                        C_BUF_4|         array|
|C_BUF_4_ce0            |  out|    1|   ap_memory|                                                        C_BUF_4|         array|
|C_BUF_4_we0            |  out|    1|   ap_memory|                                                        C_BUF_4|         array|
|C_BUF_4_d0             |  out|   32|   ap_memory|                                                        C_BUF_4|         array|
|C_BUF_5_address0       |  out|    4|   ap_memory|                                                        C_BUF_5|         array|
|C_BUF_5_ce0            |  out|    1|   ap_memory|                                                        C_BUF_5|         array|
|C_BUF_5_we0            |  out|    1|   ap_memory|                                                        C_BUF_5|         array|
|C_BUF_5_d0             |  out|   32|   ap_memory|                                                        C_BUF_5|         array|
|C_BUF_6_address0       |  out|    4|   ap_memory|                                                        C_BUF_6|         array|
|C_BUF_6_ce0            |  out|    1|   ap_memory|                                                        C_BUF_6|         array|
|C_BUF_6_we0            |  out|    1|   ap_memory|                                                        C_BUF_6|         array|
|C_BUF_6_d0             |  out|   32|   ap_memory|                                                        C_BUF_6|         array|
|C_BUF_7_address0       |  out|    4|   ap_memory|                                                        C_BUF_7|         array|
|C_BUF_7_ce0            |  out|    1|   ap_memory|                                                        C_BUF_7|         array|
|C_BUF_7_we0            |  out|    1|   ap_memory|                                                        C_BUF_7|         array|
|C_BUF_7_d0             |  out|   32|   ap_memory|                                                        C_BUF_7|         array|
|C_BUF_8_address0       |  out|    4|   ap_memory|                                                        C_BUF_8|         array|
|C_BUF_8_ce0            |  out|    1|   ap_memory|                                                        C_BUF_8|         array|
|C_BUF_8_we0            |  out|    1|   ap_memory|                                                        C_BUF_8|         array|
|C_BUF_8_d0             |  out|   32|   ap_memory|                                                        C_BUF_8|         array|
|C_BUF_9_address0       |  out|    4|   ap_memory|                                                        C_BUF_9|         array|
|C_BUF_9_ce0            |  out|    1|   ap_memory|                                                        C_BUF_9|         array|
|C_BUF_9_we0            |  out|    1|   ap_memory|                                                        C_BUF_9|         array|
|C_BUF_9_d0             |  out|   32|   ap_memory|                                                        C_BUF_9|         array|
|C_BUF_10_address0      |  out|    4|   ap_memory|                                                       C_BUF_10|         array|
|C_BUF_10_ce0           |  out|    1|   ap_memory|                                                       C_BUF_10|         array|
|C_BUF_10_we0           |  out|    1|   ap_memory|                                                       C_BUF_10|         array|
|C_BUF_10_d0            |  out|   32|   ap_memory|                                                       C_BUF_10|         array|
|C_BUF_11_address0      |  out|    4|   ap_memory|                                                       C_BUF_11|         array|
|C_BUF_11_ce0           |  out|    1|   ap_memory|                                                       C_BUF_11|         array|
|C_BUF_11_we0           |  out|    1|   ap_memory|                                                       C_BUF_11|         array|
|C_BUF_11_d0            |  out|   32|   ap_memory|                                                       C_BUF_11|         array|
|C_BUF_12_address0      |  out|    4|   ap_memory|                                                       C_BUF_12|         array|
|C_BUF_12_ce0           |  out|    1|   ap_memory|                                                       C_BUF_12|         array|
|C_BUF_12_we0           |  out|    1|   ap_memory|                                                       C_BUF_12|         array|
|C_BUF_12_d0            |  out|   32|   ap_memory|                                                       C_BUF_12|         array|
|C_BUF_13_address0      |  out|    4|   ap_memory|                                                       C_BUF_13|         array|
|C_BUF_13_ce0           |  out|    1|   ap_memory|                                                       C_BUF_13|         array|
|C_BUF_13_we0           |  out|    1|   ap_memory|                                                       C_BUF_13|         array|
|C_BUF_13_d0            |  out|   32|   ap_memory|                                                       C_BUF_13|         array|
|C_BUF_14_address0      |  out|    4|   ap_memory|                                                       C_BUF_14|         array|
|C_BUF_14_ce0           |  out|    1|   ap_memory|                                                       C_BUF_14|         array|
|C_BUF_14_we0           |  out|    1|   ap_memory|                                                       C_BUF_14|         array|
|C_BUF_14_d0            |  out|   32|   ap_memory|                                                       C_BUF_14|         array|
|C_BUF_15_address0      |  out|    4|   ap_memory|                                                       C_BUF_15|         array|
|C_BUF_15_ce0           |  out|    1|   ap_memory|                                                       C_BUF_15|         array|
|C_BUF_15_we0           |  out|    1|   ap_memory|                                                       C_BUF_15|         array|
|C_BUF_15_d0            |  out|   32|   ap_memory|                                                       C_BUF_15|         array|
|C_BUF_16_address0      |  out|    4|   ap_memory|                                                       C_BUF_16|         array|
|C_BUF_16_ce0           |  out|    1|   ap_memory|                                                       C_BUF_16|         array|
|C_BUF_16_we0           |  out|    1|   ap_memory|                                                       C_BUF_16|         array|
|C_BUF_16_d0            |  out|   32|   ap_memory|                                                       C_BUF_16|         array|
|C_BUF_17_address0      |  out|    4|   ap_memory|                                                       C_BUF_17|         array|
|C_BUF_17_ce0           |  out|    1|   ap_memory|                                                       C_BUF_17|         array|
|C_BUF_17_we0           |  out|    1|   ap_memory|                                                       C_BUF_17|         array|
|C_BUF_17_d0            |  out|   32|   ap_memory|                                                       C_BUF_17|         array|
|C_BUF_18_address0      |  out|    4|   ap_memory|                                                       C_BUF_18|         array|
|C_BUF_18_ce0           |  out|    1|   ap_memory|                                                       C_BUF_18|         array|
|C_BUF_18_we0           |  out|    1|   ap_memory|                                                       C_BUF_18|         array|
|C_BUF_18_d0            |  out|   32|   ap_memory|                                                       C_BUF_18|         array|
|C_BUF_19_address0      |  out|    4|   ap_memory|                                                       C_BUF_19|         array|
|C_BUF_19_ce0           |  out|    1|   ap_memory|                                                       C_BUF_19|         array|
|C_BUF_19_we0           |  out|    1|   ap_memory|                                                       C_BUF_19|         array|
|C_BUF_19_d0            |  out|   32|   ap_memory|                                                       C_BUF_19|         array|
|C_BUF_20_address0      |  out|    4|   ap_memory|                                                       C_BUF_20|         array|
|C_BUF_20_ce0           |  out|    1|   ap_memory|                                                       C_BUF_20|         array|
|C_BUF_20_we0           |  out|    1|   ap_memory|                                                       C_BUF_20|         array|
|C_BUF_20_d0            |  out|   32|   ap_memory|                                                       C_BUF_20|         array|
|C_BUF_21_address0      |  out|    4|   ap_memory|                                                       C_BUF_21|         array|
|C_BUF_21_ce0           |  out|    1|   ap_memory|                                                       C_BUF_21|         array|
|C_BUF_21_we0           |  out|    1|   ap_memory|                                                       C_BUF_21|         array|
|C_BUF_21_d0            |  out|   32|   ap_memory|                                                       C_BUF_21|         array|
|C_BUF_22_address0      |  out|    4|   ap_memory|                                                       C_BUF_22|         array|
|C_BUF_22_ce0           |  out|    1|   ap_memory|                                                       C_BUF_22|         array|
|C_BUF_22_we0           |  out|    1|   ap_memory|                                                       C_BUF_22|         array|
|C_BUF_22_d0            |  out|   32|   ap_memory|                                                       C_BUF_22|         array|
|C_BUF_23_address0      |  out|    4|   ap_memory|                                                       C_BUF_23|         array|
|C_BUF_23_ce0           |  out|    1|   ap_memory|                                                       C_BUF_23|         array|
|C_BUF_23_we0           |  out|    1|   ap_memory|                                                       C_BUF_23|         array|
|C_BUF_23_d0            |  out|   32|   ap_memory|                                                       C_BUF_23|         array|
|C_BUF_24_address0      |  out|    4|   ap_memory|                                                       C_BUF_24|         array|
|C_BUF_24_ce0           |  out|    1|   ap_memory|                                                       C_BUF_24|         array|
|C_BUF_24_we0           |  out|    1|   ap_memory|                                                       C_BUF_24|         array|
|C_BUF_24_d0            |  out|   32|   ap_memory|                                                       C_BUF_24|         array|
|C_BUF_25_address0      |  out|    4|   ap_memory|                                                       C_BUF_25|         array|
|C_BUF_25_ce0           |  out|    1|   ap_memory|                                                       C_BUF_25|         array|
|C_BUF_25_we0           |  out|    1|   ap_memory|                                                       C_BUF_25|         array|
|C_BUF_25_d0            |  out|   32|   ap_memory|                                                       C_BUF_25|         array|
|C_BUF_26_address0      |  out|    4|   ap_memory|                                                       C_BUF_26|         array|
|C_BUF_26_ce0           |  out|    1|   ap_memory|                                                       C_BUF_26|         array|
|C_BUF_26_we0           |  out|    1|   ap_memory|                                                       C_BUF_26|         array|
|C_BUF_26_d0            |  out|   32|   ap_memory|                                                       C_BUF_26|         array|
|C_BUF_27_address0      |  out|    4|   ap_memory|                                                       C_BUF_27|         array|
|C_BUF_27_ce0           |  out|    1|   ap_memory|                                                       C_BUF_27|         array|
|C_BUF_27_we0           |  out|    1|   ap_memory|                                                       C_BUF_27|         array|
|C_BUF_27_d0            |  out|   32|   ap_memory|                                                       C_BUF_27|         array|
|C_BUF_28_address0      |  out|    4|   ap_memory|                                                       C_BUF_28|         array|
|C_BUF_28_ce0           |  out|    1|   ap_memory|                                                       C_BUF_28|         array|
|C_BUF_28_we0           |  out|    1|   ap_memory|                                                       C_BUF_28|         array|
|C_BUF_28_d0            |  out|   32|   ap_memory|                                                       C_BUF_28|         array|
|C_BUF_29_address0      |  out|    4|   ap_memory|                                                       C_BUF_29|         array|
|C_BUF_29_ce0           |  out|    1|   ap_memory|                                                       C_BUF_29|         array|
|C_BUF_29_we0           |  out|    1|   ap_memory|                                                       C_BUF_29|         array|
|C_BUF_29_d0            |  out|   32|   ap_memory|                                                       C_BUF_29|         array|
|C_BUF_30_address0      |  out|    4|   ap_memory|                                                       C_BUF_30|         array|
|C_BUF_30_ce0           |  out|    1|   ap_memory|                                                       C_BUF_30|         array|
|C_BUF_30_we0           |  out|    1|   ap_memory|                                                       C_BUF_30|         array|
|C_BUF_30_d0            |  out|   32|   ap_memory|                                                       C_BUF_30|         array|
|C_BUF_31_address0      |  out|    4|   ap_memory|                                                       C_BUF_31|         array|
|C_BUF_31_ce0           |  out|    1|   ap_memory|                                                       C_BUF_31|         array|
|C_BUF_31_we0           |  out|    1|   ap_memory|                                                       C_BUF_31|         array|
|C_BUF_31_d0            |  out|   32|   ap_memory|                                                       C_BUF_31|         array|
|C_BUF_32_address0      |  out|    4|   ap_memory|                                                       C_BUF_32|         array|
|C_BUF_32_ce0           |  out|    1|   ap_memory|                                                       C_BUF_32|         array|
|C_BUF_32_we0           |  out|    1|   ap_memory|                                                       C_BUF_32|         array|
|C_BUF_32_d0            |  out|   32|   ap_memory|                                                       C_BUF_32|         array|
|C_BUF_33_address0      |  out|    4|   ap_memory|                                                       C_BUF_33|         array|
|C_BUF_33_ce0           |  out|    1|   ap_memory|                                                       C_BUF_33|         array|
|C_BUF_33_we0           |  out|    1|   ap_memory|                                                       C_BUF_33|         array|
|C_BUF_33_d0            |  out|   32|   ap_memory|                                                       C_BUF_33|         array|
|C_BUF_34_address0      |  out|    4|   ap_memory|                                                       C_BUF_34|         array|
|C_BUF_34_ce0           |  out|    1|   ap_memory|                                                       C_BUF_34|         array|
|C_BUF_34_we0           |  out|    1|   ap_memory|                                                       C_BUF_34|         array|
|C_BUF_34_d0            |  out|   32|   ap_memory|                                                       C_BUF_34|         array|
|C_BUF_35_address0      |  out|    4|   ap_memory|                                                       C_BUF_35|         array|
|C_BUF_35_ce0           |  out|    1|   ap_memory|                                                       C_BUF_35|         array|
|C_BUF_35_we0           |  out|    1|   ap_memory|                                                       C_BUF_35|         array|
|C_BUF_35_d0            |  out|   32|   ap_memory|                                                       C_BUF_35|         array|
|C_BUF_36_address0      |  out|    4|   ap_memory|                                                       C_BUF_36|         array|
|C_BUF_36_ce0           |  out|    1|   ap_memory|                                                       C_BUF_36|         array|
|C_BUF_36_we0           |  out|    1|   ap_memory|                                                       C_BUF_36|         array|
|C_BUF_36_d0            |  out|   32|   ap_memory|                                                       C_BUF_36|         array|
|C_BUF_37_address0      |  out|    4|   ap_memory|                                                       C_BUF_37|         array|
|C_BUF_37_ce0           |  out|    1|   ap_memory|                                                       C_BUF_37|         array|
|C_BUF_37_we0           |  out|    1|   ap_memory|                                                       C_BUF_37|         array|
|C_BUF_37_d0            |  out|   32|   ap_memory|                                                       C_BUF_37|         array|
|C_BUF_38_address0      |  out|    4|   ap_memory|                                                       C_BUF_38|         array|
|C_BUF_38_ce0           |  out|    1|   ap_memory|                                                       C_BUF_38|         array|
|C_BUF_38_we0           |  out|    1|   ap_memory|                                                       C_BUF_38|         array|
|C_BUF_38_d0            |  out|   32|   ap_memory|                                                       C_BUF_38|         array|
|C_BUF_39_address0      |  out|    4|   ap_memory|                                                       C_BUF_39|         array|
|C_BUF_39_ce0           |  out|    1|   ap_memory|                                                       C_BUF_39|         array|
|C_BUF_39_we0           |  out|    1|   ap_memory|                                                       C_BUF_39|         array|
|C_BUF_39_d0            |  out|   32|   ap_memory|                                                       C_BUF_39|         array|
|C_BUF_40_address0      |  out|    4|   ap_memory|                                                       C_BUF_40|         array|
|C_BUF_40_ce0           |  out|    1|   ap_memory|                                                       C_BUF_40|         array|
|C_BUF_40_we0           |  out|    1|   ap_memory|                                                       C_BUF_40|         array|
|C_BUF_40_d0            |  out|   32|   ap_memory|                                                       C_BUF_40|         array|
|C_BUF_41_address0      |  out|    4|   ap_memory|                                                       C_BUF_41|         array|
|C_BUF_41_ce0           |  out|    1|   ap_memory|                                                       C_BUF_41|         array|
|C_BUF_41_we0           |  out|    1|   ap_memory|                                                       C_BUF_41|         array|
|C_BUF_41_d0            |  out|   32|   ap_memory|                                                       C_BUF_41|         array|
|C_BUF_42_address0      |  out|    4|   ap_memory|                                                       C_BUF_42|         array|
|C_BUF_42_ce0           |  out|    1|   ap_memory|                                                       C_BUF_42|         array|
|C_BUF_42_we0           |  out|    1|   ap_memory|                                                       C_BUF_42|         array|
|C_BUF_42_d0            |  out|   32|   ap_memory|                                                       C_BUF_42|         array|
|C_BUF_43_address0      |  out|    4|   ap_memory|                                                       C_BUF_43|         array|
|C_BUF_43_ce0           |  out|    1|   ap_memory|                                                       C_BUF_43|         array|
|C_BUF_43_we0           |  out|    1|   ap_memory|                                                       C_BUF_43|         array|
|C_BUF_43_d0            |  out|   32|   ap_memory|                                                       C_BUF_43|         array|
|C_BUF_44_address0      |  out|    4|   ap_memory|                                                       C_BUF_44|         array|
|C_BUF_44_ce0           |  out|    1|   ap_memory|                                                       C_BUF_44|         array|
|C_BUF_44_we0           |  out|    1|   ap_memory|                                                       C_BUF_44|         array|
|C_BUF_44_d0            |  out|   32|   ap_memory|                                                       C_BUF_44|         array|
|C_BUF_45_address0      |  out|    4|   ap_memory|                                                       C_BUF_45|         array|
|C_BUF_45_ce0           |  out|    1|   ap_memory|                                                       C_BUF_45|         array|
|C_BUF_45_we0           |  out|    1|   ap_memory|                                                       C_BUF_45|         array|
|C_BUF_45_d0            |  out|   32|   ap_memory|                                                       C_BUF_45|         array|
|C_BUF_46_address0      |  out|    4|   ap_memory|                                                       C_BUF_46|         array|
|C_BUF_46_ce0           |  out|    1|   ap_memory|                                                       C_BUF_46|         array|
|C_BUF_46_we0           |  out|    1|   ap_memory|                                                       C_BUF_46|         array|
|C_BUF_46_d0            |  out|   32|   ap_memory|                                                       C_BUF_46|         array|
|C_BUF_47_address0      |  out|    4|   ap_memory|                                                       C_BUF_47|         array|
|C_BUF_47_ce0           |  out|    1|   ap_memory|                                                       C_BUF_47|         array|
|C_BUF_47_we0           |  out|    1|   ap_memory|                                                       C_BUF_47|         array|
|C_BUF_47_d0            |  out|   32|   ap_memory|                                                       C_BUF_47|         array|
|C_BUF_48_address0      |  out|    4|   ap_memory|                                                       C_BUF_48|         array|
|C_BUF_48_ce0           |  out|    1|   ap_memory|                                                       C_BUF_48|         array|
|C_BUF_48_we0           |  out|    1|   ap_memory|                                                       C_BUF_48|         array|
|C_BUF_48_d0            |  out|   32|   ap_memory|                                                       C_BUF_48|         array|
|C_BUF_49_address0      |  out|    4|   ap_memory|                                                       C_BUF_49|         array|
|C_BUF_49_ce0           |  out|    1|   ap_memory|                                                       C_BUF_49|         array|
|C_BUF_49_we0           |  out|    1|   ap_memory|                                                       C_BUF_49|         array|
|C_BUF_49_d0            |  out|   32|   ap_memory|                                                       C_BUF_49|         array|
|C_BUF_50_address0      |  out|    4|   ap_memory|                                                       C_BUF_50|         array|
|C_BUF_50_ce0           |  out|    1|   ap_memory|                                                       C_BUF_50|         array|
|C_BUF_50_we0           |  out|    1|   ap_memory|                                                       C_BUF_50|         array|
|C_BUF_50_d0            |  out|   32|   ap_memory|                                                       C_BUF_50|         array|
|C_BUF_51_address0      |  out|    4|   ap_memory|                                                       C_BUF_51|         array|
|C_BUF_51_ce0           |  out|    1|   ap_memory|                                                       C_BUF_51|         array|
|C_BUF_51_we0           |  out|    1|   ap_memory|                                                       C_BUF_51|         array|
|C_BUF_51_d0            |  out|   32|   ap_memory|                                                       C_BUF_51|         array|
|C_BUF_52_address0      |  out|    4|   ap_memory|                                                       C_BUF_52|         array|
|C_BUF_52_ce0           |  out|    1|   ap_memory|                                                       C_BUF_52|         array|
|C_BUF_52_we0           |  out|    1|   ap_memory|                                                       C_BUF_52|         array|
|C_BUF_52_d0            |  out|   32|   ap_memory|                                                       C_BUF_52|         array|
|C_BUF_53_address0      |  out|    4|   ap_memory|                                                       C_BUF_53|         array|
|C_BUF_53_ce0           |  out|    1|   ap_memory|                                                       C_BUF_53|         array|
|C_BUF_53_we0           |  out|    1|   ap_memory|                                                       C_BUF_53|         array|
|C_BUF_53_d0            |  out|   32|   ap_memory|                                                       C_BUF_53|         array|
|C_BUF_54_address0      |  out|    4|   ap_memory|                                                       C_BUF_54|         array|
|C_BUF_54_ce0           |  out|    1|   ap_memory|                                                       C_BUF_54|         array|
|C_BUF_54_we0           |  out|    1|   ap_memory|                                                       C_BUF_54|         array|
|C_BUF_54_d0            |  out|   32|   ap_memory|                                                       C_BUF_54|         array|
|C_BUF_55_address0      |  out|    4|   ap_memory|                                                       C_BUF_55|         array|
|C_BUF_55_ce0           |  out|    1|   ap_memory|                                                       C_BUF_55|         array|
|C_BUF_55_we0           |  out|    1|   ap_memory|                                                       C_BUF_55|         array|
|C_BUF_55_d0            |  out|   32|   ap_memory|                                                       C_BUF_55|         array|
|C_BUF_56_address0      |  out|    4|   ap_memory|                                                       C_BUF_56|         array|
|C_BUF_56_ce0           |  out|    1|   ap_memory|                                                       C_BUF_56|         array|
|C_BUF_56_we0           |  out|    1|   ap_memory|                                                       C_BUF_56|         array|
|C_BUF_56_d0            |  out|   32|   ap_memory|                                                       C_BUF_56|         array|
|C_BUF_57_address0      |  out|    4|   ap_memory|                                                       C_BUF_57|         array|
|C_BUF_57_ce0           |  out|    1|   ap_memory|                                                       C_BUF_57|         array|
|C_BUF_57_we0           |  out|    1|   ap_memory|                                                       C_BUF_57|         array|
|C_BUF_57_d0            |  out|   32|   ap_memory|                                                       C_BUF_57|         array|
|C_BUF_58_address0      |  out|    4|   ap_memory|                                                       C_BUF_58|         array|
|C_BUF_58_ce0           |  out|    1|   ap_memory|                                                       C_BUF_58|         array|
|C_BUF_58_we0           |  out|    1|   ap_memory|                                                       C_BUF_58|         array|
|C_BUF_58_d0            |  out|   32|   ap_memory|                                                       C_BUF_58|         array|
|C_BUF_59_address0      |  out|    4|   ap_memory|                                                       C_BUF_59|         array|
|C_BUF_59_ce0           |  out|    1|   ap_memory|                                                       C_BUF_59|         array|
|C_BUF_59_we0           |  out|    1|   ap_memory|                                                       C_BUF_59|         array|
|C_BUF_59_d0            |  out|   32|   ap_memory|                                                       C_BUF_59|         array|
|C_BUF_60_address0      |  out|    4|   ap_memory|                                                       C_BUF_60|         array|
|C_BUF_60_ce0           |  out|    1|   ap_memory|                                                       C_BUF_60|         array|
|C_BUF_60_we0           |  out|    1|   ap_memory|                                                       C_BUF_60|         array|
|C_BUF_60_d0            |  out|   32|   ap_memory|                                                       C_BUF_60|         array|
|C_BUF_61_address0      |  out|    4|   ap_memory|                                                       C_BUF_61|         array|
|C_BUF_61_ce0           |  out|    1|   ap_memory|                                                       C_BUF_61|         array|
|C_BUF_61_we0           |  out|    1|   ap_memory|                                                       C_BUF_61|         array|
|C_BUF_61_d0            |  out|   32|   ap_memory|                                                       C_BUF_61|         array|
|C_BUF_62_address0      |  out|    4|   ap_memory|                                                       C_BUF_62|         array|
|C_BUF_62_ce0           |  out|    1|   ap_memory|                                                       C_BUF_62|         array|
|C_BUF_62_we0           |  out|    1|   ap_memory|                                                       C_BUF_62|         array|
|C_BUF_62_d0            |  out|   32|   ap_memory|                                                       C_BUF_62|         array|
|C_BUF_63_address0      |  out|    4|   ap_memory|                                                       C_BUF_63|         array|
|C_BUF_63_ce0           |  out|    1|   ap_memory|                                                       C_BUF_63|         array|
|C_BUF_63_we0           |  out|    1|   ap_memory|                                                       C_BUF_63|         array|
|C_BUF_63_d0            |  out|   32|   ap_memory|                                                       C_BUF_63|         array|
+-----------------------+-----+-----+------------+---------------------------------------------------------------+--------------+

