

================================================================
== Vitis HLS Report for 'loadTileBFromDRAM_110'
================================================================
* Date:           Thu Jun 11 18:08:26 2026

* Version:        2023.2 (Build 4023990 on Oct 11 2023)
* Project:        hls_project
* Solution:       gemm2 (Vitis Kernel Flow Target)
* Product family: versalaicore
* Target device:  xcvc1902-vsva2197-2MP-e-S


================================================================
== Performance Estimates
================================================================
+ Timing: 
    * Summary: 
    +--------+---------+----------+------------+
    |  Clock |  Target | Estimated| Uncertainty|
    +--------+---------+----------+------------+
    |ap_clk  |  3.33 ns|  1.102 ns|     0.90 ns|
    +--------+---------+----------+------------+

+ Latency: 
    * Summary: 
    +---------+---------+----------+----------+-----+-----+---------+
    |  Latency (cycles) |  Latency (absolute) |  Interval | Pipeline|
    |   min   |   max   |    min   |    max   | min | max |   Type  |
    +---------+---------+----------+----------+-----+-----+---------+
    |      531|      531|  1.770 us|  1.770 us|  531|  531|       no|
    +---------+---------+----------+----------+-----+-----+---------+

    + Detail: 
        * Instance: 
        N/A

        * Loop: 
        +---------------+---------+---------+----------+-----------+-----------+------+----------+
        |               |  Latency (cycles) | Iteration|  Initiation Interval  | Trip |          |
        |   Loop Name   |   min   |   max   |  Latency |  achieved |   target  | Count| Pipelined|
        +---------------+---------+---------+----------+-----------+-----------+------+----------+
        |- load_tile_B  |      528|      528|        33|          -|          -|    16|        no|
        +---------------+---------+---------+----------+-----------+-----------+------+----------+



================================================================
== Utilization Estimates
================================================================
* Summary: 
+-----------------+---------+------+---------+--------+-----+
|       Name      | BRAM_18K|  DSP |    FF   |   LUT  | URAM|
+-----------------+---------+------+---------+--------+-----+
|DSP              |        -|     -|        -|       -|    -|
|Expression       |        -|     -|        0|     261|    -|
|FIFO             |        -|     -|        -|       -|    -|
|Instance         |        -|     -|        0|    5120|    -|
|Memory           |        -|     -|        -|       -|    -|
|Multiplexer      |        -|     -|        -|    2110|    -|
|Register         |        -|     -|    17458|       -|    -|
+-----------------+---------+------+---------+--------+-----+
|Total            |        0|     0|    17458|    7491|    0|
+-----------------+---------+------+---------+--------+-----+
|Available        |     1934|  1968|  1799680|  899840|  463|
+-----------------+---------+------+---------+--------+-----+
|Utilization (%)  |        0|     0|       ~0|      ~0|    0|
+-----------------+---------+------+---------+--------+-----+

+ Detail: 
    * Instance: 
    +----------------------------+-----------------------+---------+----+---+-----+-----+
    |          Instance          |         Module        | BRAM_18K| DSP| FF| LUT | URAM|
    +----------------------------+-----------------------+---------+----+---+-----+-----+
    |sparsemux_33_4_32_1_1_U129  |sparsemux_33_4_32_1_1  |        0|   0|  0|  160|    0|
    |sparsemux_33_4_32_1_1_U130  |sparsemux_33_4_32_1_1  |        0|   0|  0|  160|    0|
    |sparsemux_33_4_32_1_1_U131  |sparsemux_33_4_32_1_1  |        0|   0|  0|  160|    0|
    |sparsemux_33_4_32_1_1_U132  |sparsemux_33_4_32_1_1  |        0|   0|  0|  160|    0|
    |sparsemux_33_4_32_1_1_U133  |sparsemux_33_4_32_1_1  |        0|   0|  0|  160|    0|
    |sparsemux_33_4_32_1_1_U134  |sparsemux_33_4_32_1_1  |        0|   0|  0|  160|    0|
    |sparsemux_33_4_32_1_1_U135  |sparsemux_33_4_32_1_1  |        0|   0|  0|  160|    0|
    |sparsemux_33_4_32_1_1_U136  |sparsemux_33_4_32_1_1  |        0|   0|  0|  160|    0|
    |sparsemux_33_4_32_1_1_U137  |sparsemux_33_4_32_1_1  |        0|   0|  0|  160|    0|
    |sparsemux_33_4_32_1_1_U138  |sparsemux_33_4_32_1_1  |        0|   0|  0|  160|    0|
    |sparsemux_33_4_32_1_1_U139  |sparsemux_33_4_32_1_1  |        0|   0|  0|  160|    0|
    |sparsemux_33_4_32_1_1_U140  |sparsemux_33_4_32_1_1  |        0|   0|  0|  160|    0|
    |sparsemux_33_4_32_1_1_U141  |sparsemux_33_4_32_1_1  |        0|   0|  0|  160|    0|
    |sparsemux_33_4_32_1_1_U142  |sparsemux_33_4_32_1_1  |        0|   0|  0|  160|    0|
    |sparsemux_33_4_32_1_1_U143  |sparsemux_33_4_32_1_1  |        0|   0|  0|  160|    0|
    |sparsemux_33_4_32_1_1_U144  |sparsemux_33_4_32_1_1  |        0|   0|  0|  160|    0|
    |sparsemux_33_4_32_1_1_U145  |sparsemux_33_4_32_1_1  |        0|   0|  0|  160|    0|
    |sparsemux_33_4_32_1_1_U146  |sparsemux_33_4_32_1_1  |        0|   0|  0|  160|    0|
    |sparsemux_33_4_32_1_1_U147  |sparsemux_33_4_32_1_1  |        0|   0|  0|  160|    0|
    |sparsemux_33_4_32_1_1_U148  |sparsemux_33_4_32_1_1  |        0|   0|  0|  160|    0|
    |sparsemux_33_4_32_1_1_U149  |sparsemux_33_4_32_1_1  |        0|   0|  0|  160|    0|
    |sparsemux_33_4_32_1_1_U150  |sparsemux_33_4_32_1_1  |        0|   0|  0|  160|    0|
    |sparsemux_33_4_32_1_1_U151  |sparsemux_33_4_32_1_1  |        0|   0|  0|  160|    0|
    |sparsemux_33_4_32_1_1_U152  |sparsemux_33_4_32_1_1  |        0|   0|  0|  160|    0|
    |sparsemux_33_4_32_1_1_U153  |sparsemux_33_4_32_1_1  |        0|   0|  0|  160|    0|
    |sparsemux_33_4_32_1_1_U154  |sparsemux_33_4_32_1_1  |        0|   0|  0|  160|    0|
    |sparsemux_33_4_32_1_1_U155  |sparsemux_33_4_32_1_1  |        0|   0|  0|  160|    0|
    |sparsemux_33_4_32_1_1_U156  |sparsemux_33_4_32_1_1  |        0|   0|  0|  160|    0|
    |sparsemux_33_4_32_1_1_U157  |sparsemux_33_4_32_1_1  |        0|   0|  0|  160|    0|
    |sparsemux_33_4_32_1_1_U158  |sparsemux_33_4_32_1_1  |        0|   0|  0|  160|    0|
    |sparsemux_33_4_32_1_1_U159  |sparsemux_33_4_32_1_1  |        0|   0|  0|  160|    0|
    |sparsemux_33_4_32_1_1_U160  |sparsemux_33_4_32_1_1  |        0|   0|  0|  160|    0|
    +----------------------------+-----------------------+---------+----+---+-----+-----+
    |Total                       |                       |        0|   0|  0| 5120|    0|
    +----------------------------+-----------------------+---------+----+---+-----+-----+

    * DSP: 
    N/A

    * Memory: 
    N/A

    * FIFO: 
    N/A

    * Expression: 
    +------------------------+----------+----+---+----+------------+------------+
    |      Variable Name     | Operation| DSP| FF| LUT| Bitwidth P0| Bitwidth P1|
    +------------------------+----------+----+---+----+------------+------------+
    |add_ln21_fu_8263_p2     |         +|   0|  0|   5|           5|           1|
    |icmp_ln21_fu_8273_p2    |      icmp|   0|  0|   6|           5|           6|
    |ap_block_state1         |        or|   0|  0|   2|           1|           1|
    |or_ln24_31_fu_10119_p2  |        or|   0|  0|   8|           9|           2|
    |or_ln24_32_fu_10136_p2  |        or|   0|  0|   8|           9|           2|
    |or_ln24_33_fu_10153_p2  |        or|   0|  0|   8|           9|           3|
    |or_ln24_34_fu_10170_p2  |        or|   0|  0|   8|           9|           3|
    |or_ln24_35_fu_10187_p2  |        or|   0|  0|   8|           9|           3|
    |or_ln24_36_fu_10204_p2  |        or|   0|  0|   8|           9|           3|
    |or_ln24_37_fu_10221_p2  |        or|   0|  0|   8|           9|           4|
    |or_ln24_38_fu_10238_p2  |        or|   0|  0|   8|           9|           4|
    |or_ln24_39_fu_10255_p2  |        or|   0|  0|   8|           9|           4|
    |or_ln24_40_fu_10272_p2  |        or|   0|  0|   8|           9|           4|
    |or_ln24_41_fu_10289_p2  |        or|   0|  0|   8|           9|           4|
    |or_ln24_42_fu_10306_p2  |        or|   0|  0|   8|           9|           4|
    |or_ln24_43_fu_10323_p2  |        or|   0|  0|   8|           9|           4|
    |or_ln24_44_fu_10340_p2  |        or|   0|  0|   8|           9|           4|
    |or_ln24_45_fu_10357_p2  |        or|   0|  0|   8|           9|           5|
    |or_ln24_46_fu_10374_p2  |        or|   0|  0|   8|           9|           5|
    |or_ln24_47_fu_10391_p2  |        or|   0|  0|   8|           9|           5|
    |or_ln24_48_fu_10408_p2  |        or|   0|  0|   8|           9|           5|
    |or_ln24_49_fu_10425_p2  |        or|   0|  0|   8|           9|           5|
    |or_ln24_50_fu_10442_p2  |        or|   0|  0|   8|           9|           5|
    |or_ln24_51_fu_10459_p2  |        or|   0|  0|   8|           9|           5|
    |or_ln24_52_fu_10476_p2  |        or|   0|  0|   8|           9|           5|
    |or_ln24_53_fu_10493_p2  |        or|   0|  0|   8|           9|           5|
    |or_ln24_54_fu_10510_p2  |        or|   0|  0|   8|           9|           5|
    |or_ln24_55_fu_10527_p2  |        or|   0|  0|   8|           9|           5|
    |or_ln24_56_fu_10544_p2  |        or|   0|  0|   8|           9|           5|
    |or_ln24_57_fu_10561_p2  |        or|   0|  0|   8|           9|           5|
    |or_ln24_58_fu_10578_p2  |        or|   0|  0|   8|           9|           5|
    |or_ln24_59_fu_10595_p2  |        or|   0|  0|   8|           9|           5|
    |or_ln24_60_fu_10612_p2  |        or|   0|  0|   8|           9|           5|
    |or_ln24_fu_10102_p2     |        or|   0|  0|   8|           9|           1|
    +------------------------+----------+----+---+----+------------+------------+
    |Total                   |          |   0|  0| 261|         290|         137|
    +------------------------+----------+----+---+----+------------+------------+

    * Multiplexer: 
    +---------------------+-----+-----------+-----+-----------+
    |         Name        | LUT | Input Size| Bits| Total Bits|
    +---------------------+-----+-----------+-----+-----------+
    |B_DRAM_0_address0    |    5|          3|    5|         15|
    |B_DRAM_0_address1    |    5|          3|    5|         15|
    |B_DRAM_0_address10   |    5|          3|    5|         15|
    |B_DRAM_0_address11   |    5|          3|    5|         15|
    |B_DRAM_0_address12   |    5|          3|    5|         15|
    |B_DRAM_0_address13   |    5|          3|    5|         15|
    |B_DRAM_0_address14   |    5|          3|    5|         15|
    |B_DRAM_0_address2    |    5|          3|    5|         15|
    |B_DRAM_0_address3    |    5|          3|    5|         15|
    |B_DRAM_0_address4    |    5|          3|    5|         15|
    |B_DRAM_0_address5    |    5|          3|    5|         15|
    |B_DRAM_0_address6    |    5|          3|    5|         15|
    |B_DRAM_0_address7    |    5|          3|    5|         15|
    |B_DRAM_0_address8    |    5|          3|    5|         15|
    |B_DRAM_0_address9    |    5|          3|    5|         15|
    |B_DRAM_10_address0   |    5|          3|    5|         15|
    |B_DRAM_10_address1   |    5|          3|    5|         15|
    |B_DRAM_10_address10  |    5|          3|    5|         15|
    |B_DRAM_10_address11  |    5|          3|    5|         15|
    |B_DRAM_10_address12  |    5|          3|    5|         15|
    |B_DRAM_10_address13  |    5|          3|    5|         15|
    |B_DRAM_10_address14  |    5|          3|    5|         15|
    |B_DRAM_10_address2   |    5|          3|    5|         15|
    |B_DRAM_10_address3   |    5|          3|    5|         15|
    |B_DRAM_10_address4   |    5|          3|    5|         15|
    |B_DRAM_10_address5   |    5|          3|    5|         15|
    |B_DRAM_10_address6   |    5|          3|    5|         15|
    |B_DRAM_10_address7   |    5|          3|    5|         15|
    |B_DRAM_10_address8   |    5|          3|    5|         15|
    |B_DRAM_10_address9   |    5|          3|    5|         15|
    |B_DRAM_11_address0   |    5|          3|    5|         15|
    |B_DRAM_11_address1   |    5|          3|    5|         15|
    |B_DRAM_11_address10  |    5|          3|    5|         15|
    |B_DRAM_11_address11  |    5|          3|    5|         15|
    |B_DRAM_11_address12  |    5|          3|    5|         15|
    |B_DRAM_11_address13  |    5|          3|    5|         15|
    |B_DRAM_11_address14  |    5|          3|    5|         15|
    |B_DRAM_11_address2   |    5|          3|    5|         15|
    |B_DRAM_11_address3   |    5|          3|    5|         15|
    |B_DRAM_11_address4   |    5|          3|    5|         15|
    |B_DRAM_11_address5   |    5|          3|    5|         15|
    |B_DRAM_11_address6   |    5|          3|    5|         15|
    |B_DRAM_11_address7   |    5|          3|    5|         15|
    |B_DRAM_11_address8   |    5|          3|    5|         15|
    |B_DRAM_11_address9   |    5|          3|    5|         15|
    |B_DRAM_12_address0   |    5|          3|    5|         15|
    |B_DRAM_12_address1   |    5|          3|    5|         15|
    |B_DRAM_12_address10  |    5|          3|    5|         15|
    |B_DRAM_12_address11  |    5|          3|    5|         15|
    |B_DRAM_12_address12  |    5|          3|    5|         15|
    |B_DRAM_12_address13  |    5|          3|    5|         15|
    |B_DRAM_12_address14  |    5|          3|    5|         15|
    |B_DRAM_12_address2   |    5|          3|    5|         15|
    |B_DRAM_12_address3   |    5|          3|    5|         15|
    |B_DRAM_12_address4   |    5|          3|    5|         15|
    |B_DRAM_12_address5   |    5|          3|    5|         15|
    |B_DRAM_12_address6   |    5|          3|    5|         15|
    |B_DRAM_12_address7   |    5|          3|    5|         15|
    |B_DRAM_12_address8   |    5|          3|    5|         15|
    |B_DRAM_12_address9   |    5|          3|    5|         15|
    |B_DRAM_13_address0   |    5|          3|    5|         15|
    |B_DRAM_13_address1   |    5|          3|    5|         15|
    |B_DRAM_13_address10  |    5|          3|    5|         15|
    |B_DRAM_13_address11  |    5|          3|    5|         15|
    |B_DRAM_13_address12  |    5|          3|    5|         15|
    |B_DRAM_13_address13  |    5|          3|    5|         15|
    |B_DRAM_13_address14  |    5|          3|    5|         15|
    |B_DRAM_13_address2   |    5|          3|    5|         15|
    |B_DRAM_13_address3   |    5|          3|    5|         15|
    |B_DRAM_13_address4   |    5|          3|    5|         15|
    |B_DRAM_13_address5   |    5|          3|    5|         15|
    |B_DRAM_13_address6   |    5|          3|    5|         15|
    |B_DRAM_13_address7   |    5|          3|    5|         15|
    |B_DRAM_13_address8   |    5|          3|    5|         15|
    |B_DRAM_13_address9   |    5|          3|    5|         15|
    |B_DRAM_14_address0   |    5|          3|    5|         15|
    |B_DRAM_14_address1   |    5|          3|    5|         15|
    |B_DRAM_14_address10  |    5|          3|    5|         15|
    |B_DRAM_14_address11  |    5|          3|    5|         15|
    |B_DRAM_14_address12  |    5|          3|    5|         15|
    |B_DRAM_14_address13  |    5|          3|    5|         15|
    |B_DRAM_14_address14  |    5|          3|    5|         15|
    |B_DRAM_14_address2   |    5|          3|    5|         15|
    |B_DRAM_14_address3   |    5|          3|    5|         15|
    |B_DRAM_14_address4   |    5|          3|    5|         15|
    |B_DRAM_14_address5   |    5|          3|    5|         15|
    |B_DRAM_14_address6   |    5|          3|    5|         15|
    |B_DRAM_14_address7   |    5|          3|    5|         15|
    |B_DRAM_14_address8   |    5|          3|    5|         15|
    |B_DRAM_14_address9   |    5|          3|    5|         15|
    |B_DRAM_15_address0   |    5|          3|    5|         15|
    |B_DRAM_15_address1   |    5|          3|    5|         15|
    |B_DRAM_15_address10  |    5|          3|    5|         15|
    |B_DRAM_15_address11  |    5|          3|    5|         15|
    |B_DRAM_15_address12  |    5|          3|    5|         15|
    |B_DRAM_15_address13  |    5|          3|    5|         15|
    |B_DRAM_15_address14  |    5|          3|    5|         15|
    |B_DRAM_15_address2   |    5|          3|    5|         15|
    |B_DRAM_15_address3   |    5|          3|    5|         15|
    |B_DRAM_15_address4   |    5|          3|    5|         15|
    |B_DRAM_15_address5   |    5|          3|    5|         15|
    |B_DRAM_15_address6   |    5|          3|    5|         15|
    |B_DRAM_15_address7   |    5|          3|    5|         15|
    |B_DRAM_15_address8   |    5|          3|    5|         15|
    |B_DRAM_15_address9   |    5|          3|    5|         15|
    |B_DRAM_1_address0    |    5|          3|    5|         15|
    |B_DRAM_1_address1    |    5|          3|    5|         15|
    |B_DRAM_1_address10   |    5|          3|    5|         15|
    |B_DRAM_1_address11   |    5|          3|    5|         15|
    |B_DRAM_1_address12   |    5|          3|    5|         15|
    |B_DRAM_1_address13   |    5|          3|    5|         15|
    |B_DRAM_1_address14   |    5|          3|    5|         15|
    |B_DRAM_1_address2    |    5|          3|    5|         15|
    |B_DRAM_1_address3    |    5|          3|    5|         15|
    |B_DRAM_1_address4    |    5|          3|    5|         15|
    |B_DRAM_1_address5    |    5|          3|    5|         15|
    |B_DRAM_1_address6    |    5|          3|    5|         15|
    |B_DRAM_1_address7    |    5|          3|    5|         15|
    |B_DRAM_1_address8    |    5|          3|    5|         15|
    |B_DRAM_1_address9    |    5|          3|    5|         15|
    |B_DRAM_2_address0    |    5|          3|    5|         15|
    |B_DRAM_2_address1    |    5|          3|    5|         15|
    |B_DRAM_2_address10   |    5|          3|    5|         15|
    |B_DRAM_2_address11   |    5|          3|    5|         15|
    |B_DRAM_2_address12   |    5|          3|    5|         15|
    |B_DRAM_2_address13   |    5|          3|    5|         15|
    |B_DRAM_2_address14   |    5|          3|    5|         15|
    |B_DRAM_2_address2    |    5|          3|    5|         15|
    |B_DRAM_2_address3    |    5|          3|    5|         15|
    |B_DRAM_2_address4    |    5|          3|    5|         15|
    |B_DRAM_2_address5    |    5|          3|    5|         15|
    |B_DRAM_2_address6    |    5|          3|    5|         15|
    |B_DRAM_2_address7    |    5|          3|    5|         15|
    |B_DRAM_2_address8    |    5|          3|    5|         15|
    |B_DRAM_2_address9    |    5|          3|    5|         15|
    |B_DRAM_3_address0    |    5|          3|    5|         15|
    |B_DRAM_3_address1    |    5|          3|    5|         15|
    |B_DRAM_3_address10   |    5|          3|    5|         15|
    |B_DRAM_3_address11   |    5|          3|    5|         15|
    |B_DRAM_3_address12   |    5|          3|    5|         15|
    |B_DRAM_3_address13   |    5|          3|    5|         15|
    |B_DRAM_3_address14   |    5|          3|    5|         15|
    |B_DRAM_3_address2    |    5|          3|    5|         15|
    |B_DRAM_3_address3    |    5|          3|    5|         15|
    |B_DRAM_3_address4    |    5|          3|    5|         15|
    |B_DRAM_3_address5    |    5|          3|    5|         15|
    |B_DRAM_3_address6    |    5|          3|    5|         15|
    |B_DRAM_3_address7    |    5|          3|    5|         15|
    |B_DRAM_3_address8    |    5|          3|    5|         15|
    |B_DRAM_3_address9    |    5|          3|    5|         15|
    |B_DRAM_4_address0    |    5|          3|    5|         15|
    |B_DRAM_4_address1    |    5|          3|    5|         15|
    |B_DRAM_4_address10   |    5|          3|    5|         15|
    |B_DRAM_4_address11   |    5|          3|    5|         15|
    |B_DRAM_4_address12   |    5|          3|    5|         15|
    |B_DRAM_4_address13   |    5|          3|    5|         15|
    |B_DRAM_4_address14   |    5|          3|    5|         15|
    |B_DRAM_4_address2    |    5|          3|    5|         15|
    |B_DRAM_4_address3    |    5|          3|    5|         15|
    |B_DRAM_4_address4    |    5|          3|    5|         15|
    |B_DRAM_4_address5    |    5|          3|    5|         15|
    |B_DRAM_4_address6    |    5|          3|    5|         15|
    |B_DRAM_4_address7    |    5|          3|    5|         15|
    |B_DRAM_4_address8    |    5|          3|    5|         15|
    |B_DRAM_4_address9    |    5|          3|    5|         15|
    |B_DRAM_5_address0    |    5|          3|    5|         15|
    |B_DRAM_5_address1    |    5|          3|    5|         15|
    |B_DRAM_5_address10   |    5|          3|    5|         15|
    |B_DRAM_5_address11   |    5|          3|    5|         15|
    |B_DRAM_5_address12   |    5|          3|    5|         15|
    |B_DRAM_5_address13   |    5|          3|    5|         15|
    |B_DRAM_5_address14   |    5|          3|    5|         15|
    |B_DRAM_5_address2    |    5|          3|    5|         15|
    |B_DRAM_5_address3    |    5|          3|    5|         15|
    |B_DRAM_5_address4    |    5|          3|    5|         15|
    |B_DRAM_5_address5    |    5|          3|    5|         15|
    |B_DRAM_5_address6    |    5|          3|    5|         15|
    |B_DRAM_5_address7    |    5|          3|    5|         15|
    |B_DRAM_5_address8    |    5|          3|    5|         15|
    |B_DRAM_5_address9    |    5|          3|    5|         15|
    |B_DRAM_6_address0    |    5|          3|    5|         15|
    |B_DRAM_6_address1    |    5|          3|    5|         15|
    |B_DRAM_6_address10   |    5|          3|    5|         15|
    |B_DRAM_6_address11   |    5|          3|    5|         15|
    |B_DRAM_6_address12   |    5|          3|    5|         15|
    |B_DRAM_6_address13   |    5|          3|    5|         15|
    |B_DRAM_6_address14   |    5|          3|    5|         15|
    |B_DRAM_6_address2    |    5|          3|    5|         15|
    |B_DRAM_6_address3    |    5|          3|    5|         15|
    |B_DRAM_6_address4    |    5|          3|    5|         15|
    |B_DRAM_6_address5    |    5|          3|    5|         15|
    |B_DRAM_6_address6    |    5|          3|    5|         15|
    |B_DRAM_6_address7    |    5|          3|    5|         15|
    |B_DRAM_6_address8    |    5|          3|    5|         15|
    |B_DRAM_6_address9    |    5|          3|    5|         15|
    |B_DRAM_7_address0    |    5|          3|    5|         15|
    |B_DRAM_7_address1    |    5|          3|    5|         15|
    |B_DRAM_7_address10   |    5|          3|    5|         15|
    |B_DRAM_7_address11   |    5|          3|    5|         15|
    |B_DRAM_7_address12   |    5|          3|    5|         15|
    |B_DRAM_7_address13   |    5|          3|    5|         15|
    |B_DRAM_7_address14   |    5|          3|    5|         15|
    |B_DRAM_7_address2    |    5|          3|    5|         15|
    |B_DRAM_7_address3    |    5|          3|    5|         15|
    |B_DRAM_7_address4    |    5|          3|    5|         15|
    |B_DRAM_7_address5    |    5|          3|    5|         15|
    |B_DRAM_7_address6    |    5|          3|    5|         15|
    |B_DRAM_7_address7    |    5|          3|    5|         15|
    |B_DRAM_7_address8    |    5|          3|    5|         15|
    |B_DRAM_7_address9    |    5|          3|    5|         15|
    |B_DRAM_8_address0    |    5|          3|    5|         15|
    |B_DRAM_8_address1    |    5|          3|    5|         15|
    |B_DRAM_8_address10   |    5|          3|    5|         15|
    |B_DRAM_8_address11   |    5|          3|    5|         15|
    |B_DRAM_8_address12   |    5|          3|    5|         15|
    |B_DRAM_8_address13   |    5|          3|    5|         15|
    |B_DRAM_8_address14   |    5|          3|    5|         15|
    |B_DRAM_8_address2    |    5|          3|    5|         15|
    |B_DRAM_8_address3    |    5|          3|    5|         15|
    |B_DRAM_8_address4    |    5|          3|    5|         15|
    |B_DRAM_8_address5    |    5|          3|    5|         15|
    |B_DRAM_8_address6    |    5|          3|    5|         15|
    |B_DRAM_8_address7    |    5|          3|    5|         15|
    |B_DRAM_8_address8    |    5|          3|    5|         15|
    |B_DRAM_8_address9    |    5|          3|    5|         15|
    |B_DRAM_9_address0    |    5|          3|    5|         15|
    |B_DRAM_9_address1    |    5|          3|    5|         15|
    |B_DRAM_9_address10   |    5|          3|    5|         15|
    |B_DRAM_9_address11   |    5|          3|    5|         15|
    |B_DRAM_9_address12   |    5|          3|    5|         15|
    |B_DRAM_9_address13   |    5|          3|    5|         15|
    |B_DRAM_9_address14   |    5|          3|    5|         15|
    |B_DRAM_9_address2    |    5|          3|    5|         15|
    |B_DRAM_9_address3    |    5|          3|    5|         15|
    |B_DRAM_9_address4    |    5|          3|    5|         15|
    |B_DRAM_9_address5    |    5|          3|    5|         15|
    |B_DRAM_9_address6    |    5|          3|    5|         15|
    |B_DRAM_9_address7    |    5|          3|    5|         15|
    |B_DRAM_9_address8    |    5|          3|    5|         15|
    |B_DRAM_9_address9    |    5|          3|    5|         15|
    |B_TILE_address0      |  189|         33|    9|        297|
    |B_TILE_d0            |  672|         33|   32|       1056|
    |ap_NS_fsm            |   42|         37|    1|         37|
    |ap_done              |    2|          2|    1|          2|
    |k_fu_220             |    5|          2|    5|         10|
    +---------------------+-----+-----------+-----+-----------+
    |Total                | 2110|        827| 1248|       5002|
    +---------------------+-----+-----------+-----+-----------+

    * Register: 
    +-----------------------------+-----+----+-----+-----------+
    |             Name            |  FF | LUT| Bits| Const Bits|
    +-----------------------------+-----+----+-----+-----------+
    |B_DRAM_0_load_10_reg_13999   |   32|   0|   32|          0|
    |B_DRAM_0_load_11_reg_14079   |   32|   0|   32|          0|
    |B_DRAM_0_load_12_reg_14159   |   32|   0|   32|          0|
    |B_DRAM_0_load_13_reg_14239   |   32|   0|   32|          0|
    |B_DRAM_0_load_14_reg_14319   |   32|   0|   32|          0|
    |B_DRAM_0_load_15_reg_14399   |   32|   0|   32|          0|
    |B_DRAM_0_load_16_reg_14479   |   32|   0|   32|          0|
    |B_DRAM_0_load_17_reg_14559   |   32|   0|   32|          0|
    |B_DRAM_0_load_18_reg_14639   |   32|   0|   32|          0|
    |B_DRAM_0_load_19_reg_14719   |   32|   0|   32|          0|
    |B_DRAM_0_load_1_reg_13279    |   32|   0|   32|          0|
    |B_DRAM_0_load_20_reg_14799   |   32|   0|   32|          0|
    |B_DRAM_0_load_21_reg_14879   |   32|   0|   32|          0|
    |B_DRAM_0_load_22_reg_14959   |   32|   0|   32|          0|
    |B_DRAM_0_load_23_reg_15039   |   32|   0|   32|          0|
    |B_DRAM_0_load_24_reg_15119   |   32|   0|   32|          0|
    |B_DRAM_0_load_25_reg_15199   |   32|   0|   32|          0|
    |B_DRAM_0_load_26_reg_15279   |   32|   0|   32|          0|
    |B_DRAM_0_load_27_reg_15359   |   32|   0|   32|          0|
    |B_DRAM_0_load_28_reg_15439   |   32|   0|   32|          0|
    |B_DRAM_0_load_29_reg_15519   |   32|   0|   32|          0|
    |B_DRAM_0_load_2_reg_13359    |   32|   0|   32|          0|
    |B_DRAM_0_load_30_reg_15599   |   32|   0|   32|          0|
    |B_DRAM_0_load_31_reg_15679   |   32|   0|   32|          0|
    |B_DRAM_0_load_3_reg_13439    |   32|   0|   32|          0|
    |B_DRAM_0_load_4_reg_13519    |   32|   0|   32|          0|
    |B_DRAM_0_load_5_reg_13599    |   32|   0|   32|          0|
    |B_DRAM_0_load_6_reg_13679    |   32|   0|   32|          0|
    |B_DRAM_0_load_7_reg_13759    |   32|   0|   32|          0|
    |B_DRAM_0_load_8_reg_13839    |   32|   0|   32|          0|
    |B_DRAM_0_load_9_reg_13919    |   32|   0|   32|          0|
    |B_DRAM_0_load_reg_11839      |   32|   0|   32|          0|
    |B_DRAM_10_load_10_reg_14049  |   32|   0|   32|          0|
    |B_DRAM_10_load_11_reg_14129  |   32|   0|   32|          0|
    |B_DRAM_10_load_12_reg_14209  |   32|   0|   32|          0|
    |B_DRAM_10_load_13_reg_14289  |   32|   0|   32|          0|
    |B_DRAM_10_load_14_reg_14369  |   32|   0|   32|          0|
    |B_DRAM_10_load_15_reg_14449  |   32|   0|   32|          0|
    |B_DRAM_10_load_16_reg_14529  |   32|   0|   32|          0|
    |B_DRAM_10_load_17_reg_14609  |   32|   0|   32|          0|
    |B_DRAM_10_load_18_reg_14689  |   32|   0|   32|          0|
    |B_DRAM_10_load_19_reg_14769  |   32|   0|   32|          0|
    |B_DRAM_10_load_1_reg_13329   |   32|   0|   32|          0|
    |B_DRAM_10_load_20_reg_14849  |   32|   0|   32|          0|
    |B_DRAM_10_load_21_reg_14929  |   32|   0|   32|          0|
    |B_DRAM_10_load_22_reg_15009  |   32|   0|   32|          0|
    |B_DRAM_10_load_23_reg_15089  |   32|   0|   32|          0|
    |B_DRAM_10_load_24_reg_15169  |   32|   0|   32|          0|
    |B_DRAM_10_load_25_reg_15249  |   32|   0|   32|          0|
    |B_DRAM_10_load_26_reg_15329  |   32|   0|   32|          0|
    |B_DRAM_10_load_27_reg_15409  |   32|   0|   32|          0|
    |B_DRAM_10_load_28_reg_15489  |   32|   0|   32|          0|
    |B_DRAM_10_load_29_reg_15569  |   32|   0|   32|          0|
    |B_DRAM_10_load_2_reg_13409   |   32|   0|   32|          0|
    |B_DRAM_10_load_30_reg_15649  |   32|   0|   32|          0|
    |B_DRAM_10_load_31_reg_15729  |   32|   0|   32|          0|
    |B_DRAM_10_load_3_reg_13489   |   32|   0|   32|          0|
    |B_DRAM_10_load_4_reg_13569   |   32|   0|   32|          0|
    |B_DRAM_10_load_5_reg_13649   |   32|   0|   32|          0|
    |B_DRAM_10_load_6_reg_13729   |   32|   0|   32|          0|
    |B_DRAM_10_load_7_reg_13809   |   32|   0|   32|          0|
    |B_DRAM_10_load_8_reg_13889   |   32|   0|   32|          0|
    |B_DRAM_10_load_9_reg_13969   |   32|   0|   32|          0|
    |B_DRAM_10_load_reg_11889     |   32|   0|   32|          0|
    |B_DRAM_11_load_10_reg_14054  |   32|   0|   32|          0|
    |B_DRAM_11_load_11_reg_14134  |   32|   0|   32|          0|
    |B_DRAM_11_load_12_reg_14214  |   32|   0|   32|          0|
    |B_DRAM_11_load_13_reg_14294  |   32|   0|   32|          0|
    |B_DRAM_11_load_14_reg_14374  |   32|   0|   32|          0|
    |B_DRAM_11_load_15_reg_14454  |   32|   0|   32|          0|
    |B_DRAM_11_load_16_reg_14534  |   32|   0|   32|          0|
    |B_DRAM_11_load_17_reg_14614  |   32|   0|   32|          0|
    |B_DRAM_11_load_18_reg_14694  |   32|   0|   32|          0|
    |B_DRAM_11_load_19_reg_14774  |   32|   0|   32|          0|
    |B_DRAM_11_load_1_reg_13334   |   32|   0|   32|          0|
    |B_DRAM_11_load_20_reg_14854  |   32|   0|   32|          0|
    |B_DRAM_11_load_21_reg_14934  |   32|   0|   32|          0|
    |B_DRAM_11_load_22_reg_15014  |   32|   0|   32|          0|
    |B_DRAM_11_load_23_reg_15094  |   32|   0|   32|          0|
    |B_DRAM_11_load_24_reg_15174  |   32|   0|   32|          0|
    |B_DRAM_11_load_25_reg_15254  |   32|   0|   32|          0|
    |B_DRAM_11_load_26_reg_15334  |   32|   0|   32|          0|
    |B_DRAM_11_load_27_reg_15414  |   32|   0|   32|          0|
    |B_DRAM_11_load_28_reg_15494  |   32|   0|   32|          0|
    |B_DRAM_11_load_29_reg_15574  |   32|   0|   32|          0|
    |B_DRAM_11_load_2_reg_13414   |   32|   0|   32|          0|
    |B_DRAM_11_load_30_reg_15654  |   32|   0|   32|          0|
    |B_DRAM_11_load_31_reg_15734  |   32|   0|   32|          0|
    |B_DRAM_11_load_3_reg_13494   |   32|   0|   32|          0|
    |B_DRAM_11_load_4_reg_13574   |   32|   0|   32|          0|
    |B_DRAM_11_load_5_reg_13654   |   32|   0|   32|          0|
    |B_DRAM_11_load_6_reg_13734   |   32|   0|   32|          0|
    |B_DRAM_11_load_7_reg_13814   |   32|   0|   32|          0|
    |B_DRAM_11_load_8_reg_13894   |   32|   0|   32|          0|
    |B_DRAM_11_load_9_reg_13974   |   32|   0|   32|          0|
    |B_DRAM_11_load_reg_11894     |   32|   0|   32|          0|
    |B_DRAM_12_load_10_reg_14059  |   32|   0|   32|          0|
    |B_DRAM_12_load_11_reg_14139  |   32|   0|   32|          0|
    |B_DRAM_12_load_12_reg_14219  |   32|   0|   32|          0|
    |B_DRAM_12_load_13_reg_14299  |   32|   0|   32|          0|
    |B_DRAM_12_load_14_reg_14379  |   32|   0|   32|          0|
    |B_DRAM_12_load_15_reg_14459  |   32|   0|   32|          0|
    |B_DRAM_12_load_16_reg_14539  |   32|   0|   32|          0|
    |B_DRAM_12_load_17_reg_14619  |   32|   0|   32|          0|
    |B_DRAM_12_load_18_reg_14699  |   32|   0|   32|          0|
    |B_DRAM_12_load_19_reg_14779  |   32|   0|   32|          0|
    |B_DRAM_12_load_1_reg_13339   |   32|   0|   32|          0|
    |B_DRAM_12_load_20_reg_14859  |   32|   0|   32|          0|
    |B_DRAM_12_load_21_reg_14939  |   32|   0|   32|          0|
    |B_DRAM_12_load_22_reg_15019  |   32|   0|   32|          0|
    |B_DRAM_12_load_23_reg_15099  |   32|   0|   32|          0|
    |B_DRAM_12_load_24_reg_15179  |   32|   0|   32|          0|
    |B_DRAM_12_load_25_reg_15259  |   32|   0|   32|          0|
    |B_DRAM_12_load_26_reg_15339  |   32|   0|   32|          0|
    |B_DRAM_12_load_27_reg_15419  |   32|   0|   32|          0|
    |B_DRAM_12_load_28_reg_15499  |   32|   0|   32|          0|
    |B_DRAM_12_load_29_reg_15579  |   32|   0|   32|          0|
    |B_DRAM_12_load_2_reg_13419   |   32|   0|   32|          0|
    |B_DRAM_12_load_30_reg_15659  |   32|   0|   32|          0|
    |B_DRAM_12_load_31_reg_15739  |   32|   0|   32|          0|
    |B_DRAM_12_load_3_reg_13499   |   32|   0|   32|          0|
    |B_DRAM_12_load_4_reg_13579   |   32|   0|   32|          0|
    |B_DRAM_12_load_5_reg_13659   |   32|   0|   32|          0|
    |B_DRAM_12_load_6_reg_13739   |   32|   0|   32|          0|
    |B_DRAM_12_load_7_reg_13819   |   32|   0|   32|          0|
    |B_DRAM_12_load_8_reg_13899   |   32|   0|   32|          0|
    |B_DRAM_12_load_9_reg_13979   |   32|   0|   32|          0|
    |B_DRAM_12_load_reg_11899     |   32|   0|   32|          0|
    |B_DRAM_13_load_10_reg_14064  |   32|   0|   32|          0|
    |B_DRAM_13_load_11_reg_14144  |   32|   0|   32|          0|
    |B_DRAM_13_load_12_reg_14224  |   32|   0|   32|          0|
    |B_DRAM_13_load_13_reg_14304  |   32|   0|   32|          0|
    |B_DRAM_13_load_14_reg_14384  |   32|   0|   32|          0|
    |B_DRAM_13_load_15_reg_14464  |   32|   0|   32|          0|
    |B_DRAM_13_load_16_reg_14544  |   32|   0|   32|          0|
    |B_DRAM_13_load_17_reg_14624  |   32|   0|   32|          0|
    |B_DRAM_13_load_18_reg_14704  |   32|   0|   32|          0|
    |B_DRAM_13_load_19_reg_14784  |   32|   0|   32|          0|
    |B_DRAM_13_load_1_reg_13344   |   32|   0|   32|          0|
    |B_DRAM_13_load_20_reg_14864  |   32|   0|   32|          0|
    |B_DRAM_13_load_21_reg_14944  |   32|   0|   32|          0|
    |B_DRAM_13_load_22_reg_15024  |   32|   0|   32|          0|
    |B_DRAM_13_load_23_reg_15104  |   32|   0|   32|          0|
    |B_DRAM_13_load_24_reg_15184  |   32|   0|   32|          0|
    |B_DRAM_13_load_25_reg_15264  |   32|   0|   32|          0|
    |B_DRAM_13_load_26_reg_15344  |   32|   0|   32|          0|
    |B_DRAM_13_load_27_reg_15424  |   32|   0|   32|          0|
    |B_DRAM_13_load_28_reg_15504  |   32|   0|   32|          0|
    |B_DRAM_13_load_29_reg_15584  |   32|   0|   32|          0|
    |B_DRAM_13_load_2_reg_13424   |   32|   0|   32|          0|
    |B_DRAM_13_load_30_reg_15664  |   32|   0|   32|          0|
    |B_DRAM_13_load_31_reg_15744  |   32|   0|   32|          0|
    |B_DRAM_13_load_3_reg_13504   |   32|   0|   32|          0|
    |B_DRAM_13_load_4_reg_13584   |   32|   0|   32|          0|
    |B_DRAM_13_load_5_reg_13664   |   32|   0|   32|          0|
    |B_DRAM_13_load_6_reg_13744   |   32|   0|   32|          0|
    |B_DRAM_13_load_7_reg_13824   |   32|   0|   32|          0|
    |B_DRAM_13_load_8_reg_13904   |   32|   0|   32|          0|
    |B_DRAM_13_load_9_reg_13984   |   32|   0|   32|          0|
    |B_DRAM_13_load_reg_11904     |   32|   0|   32|          0|
    |B_DRAM_14_load_10_reg_14069  |   32|   0|   32|          0|
    |B_DRAM_14_load_11_reg_14149  |   32|   0|   32|          0|
    |B_DRAM_14_load_12_reg_14229  |   32|   0|   32|          0|
    |B_DRAM_14_load_13_reg_14309  |   32|   0|   32|          0|
    |B_DRAM_14_load_14_reg_14389  |   32|   0|   32|          0|
    |B_DRAM_14_load_15_reg_14469  |   32|   0|   32|          0|
    |B_DRAM_14_load_16_reg_14549  |   32|   0|   32|          0|
    |B_DRAM_14_load_17_reg_14629  |   32|   0|   32|          0|
    |B_DRAM_14_load_18_reg_14709  |   32|   0|   32|          0|
    |B_DRAM_14_load_19_reg_14789  |   32|   0|   32|          0|
    |B_DRAM_14_load_1_reg_13349   |   32|   0|   32|          0|
    |B_DRAM_14_load_20_reg_14869  |   32|   0|   32|          0|
    |B_DRAM_14_load_21_reg_14949  |   32|   0|   32|          0|
    |B_DRAM_14_load_22_reg_15029  |   32|   0|   32|          0|
    |B_DRAM_14_load_23_reg_15109  |   32|   0|   32|          0|
    |B_DRAM_14_load_24_reg_15189  |   32|   0|   32|          0|
    |B_DRAM_14_load_25_reg_15269  |   32|   0|   32|          0|
    |B_DRAM_14_load_26_reg_15349  |   32|   0|   32|          0|
    |B_DRAM_14_load_27_reg_15429  |   32|   0|   32|          0|
    |B_DRAM_14_load_28_reg_15509  |   32|   0|   32|          0|
    |B_DRAM_14_load_29_reg_15589  |   32|   0|   32|          0|
    |B_DRAM_14_load_2_reg_13429   |   32|   0|   32|          0|
    |B_DRAM_14_load_30_reg_15669  |   32|   0|   32|          0|
    |B_DRAM_14_load_31_reg_15749  |   32|   0|   32|          0|
    |B_DRAM_14_load_3_reg_13509   |   32|   0|   32|          0|
    |B_DRAM_14_load_4_reg_13589   |   32|   0|   32|          0|
    |B_DRAM_14_load_5_reg_13669   |   32|   0|   32|          0|
    |B_DRAM_14_load_6_reg_13749   |   32|   0|   32|          0|
    |B_DRAM_14_load_7_reg_13829   |   32|   0|   32|          0|
    |B_DRAM_14_load_8_reg_13909   |   32|   0|   32|          0|
    |B_DRAM_14_load_9_reg_13989   |   32|   0|   32|          0|
    |B_DRAM_14_load_reg_11909     |   32|   0|   32|          0|
    |B_DRAM_15_load_10_reg_14074  |   32|   0|   32|          0|
    |B_DRAM_15_load_11_reg_14154  |   32|   0|   32|          0|
    |B_DRAM_15_load_12_reg_14234  |   32|   0|   32|          0|
    |B_DRAM_15_load_13_reg_14314  |   32|   0|   32|          0|
    |B_DRAM_15_load_14_reg_14394  |   32|   0|   32|          0|
    |B_DRAM_15_load_15_reg_14474  |   32|   0|   32|          0|
    |B_DRAM_15_load_16_reg_14554  |   32|   0|   32|          0|
    |B_DRAM_15_load_17_reg_14634  |   32|   0|   32|          0|
    |B_DRAM_15_load_18_reg_14714  |   32|   0|   32|          0|
    |B_DRAM_15_load_19_reg_14794  |   32|   0|   32|          0|
    |B_DRAM_15_load_1_reg_13354   |   32|   0|   32|          0|
    |B_DRAM_15_load_20_reg_14874  |   32|   0|   32|          0|
    |B_DRAM_15_load_21_reg_14954  |   32|   0|   32|          0|
    |B_DRAM_15_load_22_reg_15034  |   32|   0|   32|          0|
    |B_DRAM_15_load_23_reg_15114  |   32|   0|   32|          0|
    |B_DRAM_15_load_24_reg_15194  |   32|   0|   32|          0|
    |B_DRAM_15_load_25_reg_15274  |   32|   0|   32|          0|
    |B_DRAM_15_load_26_reg_15354  |   32|   0|   32|          0|
    |B_DRAM_15_load_27_reg_15434  |   32|   0|   32|          0|
    |B_DRAM_15_load_28_reg_15514  |   32|   0|   32|          0|
    |B_DRAM_15_load_29_reg_15594  |   32|   0|   32|          0|
    |B_DRAM_15_load_2_reg_13434   |   32|   0|   32|          0|
    |B_DRAM_15_load_30_reg_15674  |   32|   0|   32|          0|
    |B_DRAM_15_load_31_reg_15754  |   32|   0|   32|          0|
    |B_DRAM_15_load_3_reg_13514   |   32|   0|   32|          0|
    |B_DRAM_15_load_4_reg_13594   |   32|   0|   32|          0|
    |B_DRAM_15_load_5_reg_13674   |   32|   0|   32|          0|
    |B_DRAM_15_load_6_reg_13754   |   32|   0|   32|          0|
    |B_DRAM_15_load_7_reg_13834   |   32|   0|   32|          0|
    |B_DRAM_15_load_8_reg_13914   |   32|   0|   32|          0|
    |B_DRAM_15_load_9_reg_13994   |   32|   0|   32|          0|
    |B_DRAM_15_load_reg_11914     |   32|   0|   32|          0|
    |B_DRAM_1_load_10_reg_14004   |   32|   0|   32|          0|
    |B_DRAM_1_load_11_reg_14084   |   32|   0|   32|          0|
    |B_DRAM_1_load_12_reg_14164   |   32|   0|   32|          0|
    |B_DRAM_1_load_13_reg_14244   |   32|   0|   32|          0|
    |B_DRAM_1_load_14_reg_14324   |   32|   0|   32|          0|
    |B_DRAM_1_load_15_reg_14404   |   32|   0|   32|          0|
    |B_DRAM_1_load_16_reg_14484   |   32|   0|   32|          0|
    |B_DRAM_1_load_17_reg_14564   |   32|   0|   32|          0|
    |B_DRAM_1_load_18_reg_14644   |   32|   0|   32|          0|
    |B_DRAM_1_load_19_reg_14724   |   32|   0|   32|          0|
    |B_DRAM_1_load_1_reg_13284    |   32|   0|   32|          0|
    |B_DRAM_1_load_20_reg_14804   |   32|   0|   32|          0|
    |B_DRAM_1_load_21_reg_14884   |   32|   0|   32|          0|
    |B_DRAM_1_load_22_reg_14964   |   32|   0|   32|          0|
    |B_DRAM_1_load_23_reg_15044   |   32|   0|   32|          0|
    |B_DRAM_1_load_24_reg_15124   |   32|   0|   32|          0|
    |B_DRAM_1_load_25_reg_15204   |   32|   0|   32|          0|
    |B_DRAM_1_load_26_reg_15284   |   32|   0|   32|          0|
    |B_DRAM_1_load_27_reg_15364   |   32|   0|   32|          0|
    |B_DRAM_1_load_28_reg_15444   |   32|   0|   32|          0|
    |B_DRAM_1_load_29_reg_15524   |   32|   0|   32|          0|
    |B_DRAM_1_load_2_reg_13364    |   32|   0|   32|          0|
    |B_DRAM_1_load_30_reg_15604   |   32|   0|   32|          0|
    |B_DRAM_1_load_31_reg_15684   |   32|   0|   32|          0|
    |B_DRAM_1_load_3_reg_13444    |   32|   0|   32|          0|
    |B_DRAM_1_load_4_reg_13524    |   32|   0|   32|          0|
    |B_DRAM_1_load_5_reg_13604    |   32|   0|   32|          0|
    |B_DRAM_1_load_6_reg_13684    |   32|   0|   32|          0|
    |B_DRAM_1_load_7_reg_13764    |   32|   0|   32|          0|
    |B_DRAM_1_load_8_reg_13844    |   32|   0|   32|          0|
    |B_DRAM_1_load_9_reg_13924    |   32|   0|   32|          0|
    |B_DRAM_1_load_reg_11844      |   32|   0|   32|          0|
    |B_DRAM_2_load_10_reg_14009   |   32|   0|   32|          0|
    |B_DRAM_2_load_11_reg_14089   |   32|   0|   32|          0|
    |B_DRAM_2_load_12_reg_14169   |   32|   0|   32|          0|
    |B_DRAM_2_load_13_reg_14249   |   32|   0|   32|          0|
    |B_DRAM_2_load_14_reg_14329   |   32|   0|   32|          0|
    |B_DRAM_2_load_15_reg_14409   |   32|   0|   32|          0|
    |B_DRAM_2_load_16_reg_14489   |   32|   0|   32|          0|
    |B_DRAM_2_load_17_reg_14569   |   32|   0|   32|          0|
    |B_DRAM_2_load_18_reg_14649   |   32|   0|   32|          0|
    |B_DRAM_2_load_19_reg_14729   |   32|   0|   32|          0|
    |B_DRAM_2_load_1_reg_13289    |   32|   0|   32|          0|
    |B_DRAM_2_load_20_reg_14809   |   32|   0|   32|          0|
    |B_DRAM_2_load_21_reg_14889   |   32|   0|   32|          0|
    |B_DRAM_2_load_22_reg_14969   |   32|   0|   32|          0|
    |B_DRAM_2_load_23_reg_15049   |   32|   0|   32|          0|
    |B_DRAM_2_load_24_reg_15129   |   32|   0|   32|          0|
    |B_DRAM_2_load_25_reg_15209   |   32|   0|   32|          0|
    |B_DRAM_2_load_26_reg_15289   |   32|   0|   32|          0|
    |B_DRAM_2_load_27_reg_15369   |   32|   0|   32|          0|
    |B_DRAM_2_load_28_reg_15449   |   32|   0|   32|          0|
    |B_DRAM_2_load_29_reg_15529   |   32|   0|   32|          0|
    |B_DRAM_2_load_2_reg_13369    |   32|   0|   32|          0|
    |B_DRAM_2_load_30_reg_15609   |   32|   0|   32|          0|
    |B_DRAM_2_load_31_reg_15689   |   32|   0|   32|          0|
    |B_DRAM_2_load_3_reg_13449    |   32|   0|   32|          0|
    |B_DRAM_2_load_4_reg_13529    |   32|   0|   32|          0|
    |B_DRAM_2_load_5_reg_13609    |   32|   0|   32|          0|
    |B_DRAM_2_load_6_reg_13689    |   32|   0|   32|          0|
    |B_DRAM_2_load_7_reg_13769    |   32|   0|   32|          0|
    |B_DRAM_2_load_8_reg_13849    |   32|   0|   32|          0|
    |B_DRAM_2_load_9_reg_13929    |   32|   0|   32|          0|
    |B_DRAM_2_load_reg_11849      |   32|   0|   32|          0|
    |B_DRAM_3_load_10_reg_14014   |   32|   0|   32|          0|
    |B_DRAM_3_load_11_reg_14094   |   32|   0|   32|          0|
    |B_DRAM_3_load_12_reg_14174   |   32|   0|   32|          0|
    |B_DRAM_3_load_13_reg_14254   |   32|   0|   32|          0|
    |B_DRAM_3_load_14_reg_14334   |   32|   0|   32|          0|
    |B_DRAM_3_load_15_reg_14414   |   32|   0|   32|          0|
    |B_DRAM_3_load_16_reg_14494   |   32|   0|   32|          0|
    |B_DRAM_3_load_17_reg_14574   |   32|   0|   32|          0|
    |B_DRAM_3_load_18_reg_14654   |   32|   0|   32|          0|
    |B_DRAM_3_load_19_reg_14734   |   32|   0|   32|          0|
    |B_DRAM_3_load_1_reg_13294    |   32|   0|   32|          0|
    |B_DRAM_3_load_20_reg_14814   |   32|   0|   32|          0|
    |B_DRAM_3_load_21_reg_14894   |   32|   0|   32|          0|
    |B_DRAM_3_load_22_reg_14974   |   32|   0|   32|          0|
    |B_DRAM_3_load_23_reg_15054   |   32|   0|   32|          0|
    |B_DRAM_3_load_24_reg_15134   |   32|   0|   32|          0|
    |B_DRAM_3_load_25_reg_15214   |   32|   0|   32|          0|
    |B_DRAM_3_load_26_reg_15294   |   32|   0|   32|          0|
    |B_DRAM_3_load_27_reg_15374   |   32|   0|   32|          0|
    |B_DRAM_3_load_28_reg_15454   |   32|   0|   32|          0|
    |B_DRAM_3_load_29_reg_15534   |   32|   0|   32|          0|
    |B_DRAM_3_load_2_reg_13374    |   32|   0|   32|          0|
    |B_DRAM_3_load_30_reg_15614   |   32|   0|   32|          0|
    |B_DRAM_3_load_31_reg_15694   |   32|   0|   32|          0|
    |B_DRAM_3_load_3_reg_13454    |   32|   0|   32|          0|
    |B_DRAM_3_load_4_reg_13534    |   32|   0|   32|          0|
    |B_DRAM_3_load_5_reg_13614    |   32|   0|   32|          0|
    |B_DRAM_3_load_6_reg_13694    |   32|   0|   32|          0|
    |B_DRAM_3_load_7_reg_13774    |   32|   0|   32|          0|
    |B_DRAM_3_load_8_reg_13854    |   32|   0|   32|          0|
    |B_DRAM_3_load_9_reg_13934    |   32|   0|   32|          0|
    |B_DRAM_3_load_reg_11854      |   32|   0|   32|          0|
    |B_DRAM_4_load_10_reg_14019   |   32|   0|   32|          0|
    |B_DRAM_4_load_11_reg_14099   |   32|   0|   32|          0|
    |B_DRAM_4_load_12_reg_14179   |   32|   0|   32|          0|
    |B_DRAM_4_load_13_reg_14259   |   32|   0|   32|          0|
    |B_DRAM_4_load_14_reg_14339   |   32|   0|   32|          0|
    |B_DRAM_4_load_15_reg_14419   |   32|   0|   32|          0|
    |B_DRAM_4_load_16_reg_14499   |   32|   0|   32|          0|
    |B_DRAM_4_load_17_reg_14579   |   32|   0|   32|          0|
    |B_DRAM_4_load_18_reg_14659   |   32|   0|   32|          0|
    |B_DRAM_4_load_19_reg_14739   |   32|   0|   32|          0|
    |B_DRAM_4_load_1_reg_13299    |   32|   0|   32|          0|
    |B_DRAM_4_load_20_reg_14819   |   32|   0|   32|          0|
    |B_DRAM_4_load_21_reg_14899   |   32|   0|   32|          0|
    |B_DRAM_4_load_22_reg_14979   |   32|   0|   32|          0|
    |B_DRAM_4_load_23_reg_15059   |   32|   0|   32|          0|
    |B_DRAM_4_load_24_reg_15139   |   32|   0|   32|          0|
    |B_DRAM_4_load_25_reg_15219   |   32|   0|   32|          0|
    |B_DRAM_4_load_26_reg_15299   |   32|   0|   32|          0|
    |B_DRAM_4_load_27_reg_15379   |   32|   0|   32|          0|
    |B_DRAM_4_load_28_reg_15459   |   32|   0|   32|          0|
    |B_DRAM_4_load_29_reg_15539   |   32|   0|   32|          0|
    |B_DRAM_4_load_2_reg_13379    |   32|   0|   32|          0|
    |B_DRAM_4_load_30_reg_15619   |   32|   0|   32|          0|
    |B_DRAM_4_load_31_reg_15699   |   32|   0|   32|          0|
    |B_DRAM_4_load_3_reg_13459    |   32|   0|   32|          0|
    |B_DRAM_4_load_4_reg_13539    |   32|   0|   32|          0|
    |B_DRAM_4_load_5_reg_13619    |   32|   0|   32|          0|
    |B_DRAM_4_load_6_reg_13699    |   32|   0|   32|          0|
    |B_DRAM_4_load_7_reg_13779    |   32|   0|   32|          0|
    |B_DRAM_4_load_8_reg_13859    |   32|   0|   32|          0|
    |B_DRAM_4_load_9_reg_13939    |   32|   0|   32|          0|
    |B_DRAM_4_load_reg_11859      |   32|   0|   32|          0|
    |B_DRAM_5_load_10_reg_14024   |   32|   0|   32|          0|
    |B_DRAM_5_load_11_reg_14104   |   32|   0|   32|          0|
    |B_DRAM_5_load_12_reg_14184   |   32|   0|   32|          0|
    |B_DRAM_5_load_13_reg_14264   |   32|   0|   32|          0|
    |B_DRAM_5_load_14_reg_14344   |   32|   0|   32|          0|
    |B_DRAM_5_load_15_reg_14424   |   32|   0|   32|          0|
    |B_DRAM_5_load_16_reg_14504   |   32|   0|   32|          0|
    |B_DRAM_5_load_17_reg_14584   |   32|   0|   32|          0|
    |B_DRAM_5_load_18_reg_14664   |   32|   0|   32|          0|
    |B_DRAM_5_load_19_reg_14744   |   32|   0|   32|          0|
    |B_DRAM_5_load_1_reg_13304    |   32|   0|   32|          0|
    |B_DRAM_5_load_20_reg_14824   |   32|   0|   32|          0|
    |B_DRAM_5_load_21_reg_14904   |   32|   0|   32|          0|
    |B_DRAM_5_load_22_reg_14984   |   32|   0|   32|          0|
    |B_DRAM_5_load_23_reg_15064   |   32|   0|   32|          0|
    |B_DRAM_5_load_24_reg_15144   |   32|   0|   32|          0|
    |B_DRAM_5_load_25_reg_15224   |   32|   0|   32|          0|
    |B_DRAM_5_load_26_reg_15304   |   32|   0|   32|          0|
    |B_DRAM_5_load_27_reg_15384   |   32|   0|   32|          0|
    |B_DRAM_5_load_28_reg_15464   |   32|   0|   32|          0|
    |B_DRAM_5_load_29_reg_15544   |   32|   0|   32|          0|
    |B_DRAM_5_load_2_reg_13384    |   32|   0|   32|          0|
    |B_DRAM_5_load_30_reg_15624   |   32|   0|   32|          0|
    |B_DRAM_5_load_31_reg_15704   |   32|   0|   32|          0|
    |B_DRAM_5_load_3_reg_13464    |   32|   0|   32|          0|
    |B_DRAM_5_load_4_reg_13544    |   32|   0|   32|          0|
    |B_DRAM_5_load_5_reg_13624    |   32|   0|   32|          0|
    |B_DRAM_5_load_6_reg_13704    |   32|   0|   32|          0|
    |B_DRAM_5_load_7_reg_13784    |   32|   0|   32|          0|
    |B_DRAM_5_load_8_reg_13864    |   32|   0|   32|          0|
    |B_DRAM_5_load_9_reg_13944    |   32|   0|   32|          0|
    |B_DRAM_5_load_reg_11864      |   32|   0|   32|          0|
    |B_DRAM_6_load_10_reg_14029   |   32|   0|   32|          0|
    |B_DRAM_6_load_11_reg_14109   |   32|   0|   32|          0|
    |B_DRAM_6_load_12_reg_14189   |   32|   0|   32|          0|
    |B_DRAM_6_load_13_reg_14269   |   32|   0|   32|          0|
    |B_DRAM_6_load_14_reg_14349   |   32|   0|   32|          0|
    |B_DRAM_6_load_15_reg_14429   |   32|   0|   32|          0|
    |B_DRAM_6_load_16_reg_14509   |   32|   0|   32|          0|
    |B_DRAM_6_load_17_reg_14589   |   32|   0|   32|          0|
    |B_DRAM_6_load_18_reg_14669   |   32|   0|   32|          0|
    |B_DRAM_6_load_19_reg_14749   |   32|   0|   32|          0|
    |B_DRAM_6_load_1_reg_13309    |   32|   0|   32|          0|
    |B_DRAM_6_load_20_reg_14829   |   32|   0|   32|          0|
    |B_DRAM_6_load_21_reg_14909   |   32|   0|   32|          0|
    |B_DRAM_6_load_22_reg_14989   |   32|   0|   32|          0|
    |B_DRAM_6_load_23_reg_15069   |   32|   0|   32|          0|
    |B_DRAM_6_load_24_reg_15149   |   32|   0|   32|          0|
    |B_DRAM_6_load_25_reg_15229   |   32|   0|   32|          0|
    |B_DRAM_6_load_26_reg_15309   |   32|   0|   32|          0|
    |B_DRAM_6_load_27_reg_15389   |   32|   0|   32|          0|
    |B_DRAM_6_load_28_reg_15469   |   32|   0|   32|          0|
    |B_DRAM_6_load_29_reg_15549   |   32|   0|   32|          0|
    |B_DRAM_6_load_2_reg_13389    |   32|   0|   32|          0|
    |B_DRAM_6_load_30_reg_15629   |   32|   0|   32|          0|
    |B_DRAM_6_load_31_reg_15709   |   32|   0|   32|          0|
    |B_DRAM_6_load_3_reg_13469    |   32|   0|   32|          0|
    |B_DRAM_6_load_4_reg_13549    |   32|   0|   32|          0|
    |B_DRAM_6_load_5_reg_13629    |   32|   0|   32|          0|
    |B_DRAM_6_load_6_reg_13709    |   32|   0|   32|          0|
    |B_DRAM_6_load_7_reg_13789    |   32|   0|   32|          0|
    |B_DRAM_6_load_8_reg_13869    |   32|   0|   32|          0|
    |B_DRAM_6_load_9_reg_13949    |   32|   0|   32|          0|
    |B_DRAM_6_load_reg_11869      |   32|   0|   32|          0|
    |B_DRAM_7_load_10_reg_14034   |   32|   0|   32|          0|
    |B_DRAM_7_load_11_reg_14114   |   32|   0|   32|          0|
    |B_DRAM_7_load_12_reg_14194   |   32|   0|   32|          0|
    |B_DRAM_7_load_13_reg_14274   |   32|   0|   32|          0|
    |B_DRAM_7_load_14_reg_14354   |   32|   0|   32|          0|
    |B_DRAM_7_load_15_reg_14434   |   32|   0|   32|          0|
    |B_DRAM_7_load_16_reg_14514   |   32|   0|   32|          0|
    |B_DRAM_7_load_17_reg_14594   |   32|   0|   32|          0|
    |B_DRAM_7_load_18_reg_14674   |   32|   0|   32|          0|
    |B_DRAM_7_load_19_reg_14754   |   32|   0|   32|          0|
    |B_DRAM_7_load_1_reg_13314    |   32|   0|   32|          0|
    |B_DRAM_7_load_20_reg_14834   |   32|   0|   32|          0|
    |B_DRAM_7_load_21_reg_14914   |   32|   0|   32|          0|
    |B_DRAM_7_load_22_reg_14994   |   32|   0|   32|          0|
    |B_DRAM_7_load_23_reg_15074   |   32|   0|   32|          0|
    |B_DRAM_7_load_24_reg_15154   |   32|   0|   32|          0|
    |B_DRAM_7_load_25_reg_15234   |   32|   0|   32|          0|
    |B_DRAM_7_load_26_reg_15314   |   32|   0|   32|          0|
    |B_DRAM_7_load_27_reg_15394   |   32|   0|   32|          0|
    |B_DRAM_7_load_28_reg_15474   |   32|   0|   32|          0|
    |B_DRAM_7_load_29_reg_15554   |   32|   0|   32|          0|
    |B_DRAM_7_load_2_reg_13394    |   32|   0|   32|          0|
    |B_DRAM_7_load_30_reg_15634   |   32|   0|   32|          0|
    |B_DRAM_7_load_31_reg_15714   |   32|   0|   32|          0|
    |B_DRAM_7_load_3_reg_13474    |   32|   0|   32|          0|
    |B_DRAM_7_load_4_reg_13554    |   32|   0|   32|          0|
    |B_DRAM_7_load_5_reg_13634    |   32|   0|   32|          0|
    |B_DRAM_7_load_6_reg_13714    |   32|   0|   32|          0|
    |B_DRAM_7_load_7_reg_13794    |   32|   0|   32|          0|
    |B_DRAM_7_load_8_reg_13874    |   32|   0|   32|          0|
    |B_DRAM_7_load_9_reg_13954    |   32|   0|   32|          0|
    |B_DRAM_7_load_reg_11874      |   32|   0|   32|          0|
    |B_DRAM_8_load_10_reg_14039   |   32|   0|   32|          0|
    |B_DRAM_8_load_11_reg_14119   |   32|   0|   32|          0|
    |B_DRAM_8_load_12_reg_14199   |   32|   0|   32|          0|
    |B_DRAM_8_load_13_reg_14279   |   32|   0|   32|          0|
    |B_DRAM_8_load_14_reg_14359   |   32|   0|   32|          0|
    |B_DRAM_8_load_15_reg_14439   |   32|   0|   32|          0|
    |B_DRAM_8_load_16_reg_14519   |   32|   0|   32|          0|
    |B_DRAM_8_load_17_reg_14599   |   32|   0|   32|          0|
    |B_DRAM_8_load_18_reg_14679   |   32|   0|   32|          0|
    |B_DRAM_8_load_19_reg_14759   |   32|   0|   32|          0|
    |B_DRAM_8_load_1_reg_13319    |   32|   0|   32|          0|
    |B_DRAM_8_load_20_reg_14839   |   32|   0|   32|          0|
    |B_DRAM_8_load_21_reg_14919   |   32|   0|   32|          0|
    |B_DRAM_8_load_22_reg_14999   |   32|   0|   32|          0|
    |B_DRAM_8_load_23_reg_15079   |   32|   0|   32|          0|
    |B_DRAM_8_load_24_reg_15159   |   32|   0|   32|          0|
    |B_DRAM_8_load_25_reg_15239   |   32|   0|   32|          0|
    |B_DRAM_8_load_26_reg_15319   |   32|   0|   32|          0|
    |B_DRAM_8_load_27_reg_15399   |   32|   0|   32|          0|
    |B_DRAM_8_load_28_reg_15479   |   32|   0|   32|          0|
    |B_DRAM_8_load_29_reg_15559   |   32|   0|   32|          0|
    |B_DRAM_8_load_2_reg_13399    |   32|   0|   32|          0|
    |B_DRAM_8_load_30_reg_15639   |   32|   0|   32|          0|
    |B_DRAM_8_load_31_reg_15719   |   32|   0|   32|          0|
    |B_DRAM_8_load_3_reg_13479    |   32|   0|   32|          0|
    |B_DRAM_8_load_4_reg_13559    |   32|   0|   32|          0|
    |B_DRAM_8_load_5_reg_13639    |   32|   0|   32|          0|
    |B_DRAM_8_load_6_reg_13719    |   32|   0|   32|          0|
    |B_DRAM_8_load_7_reg_13799    |   32|   0|   32|          0|
    |B_DRAM_8_load_8_reg_13879    |   32|   0|   32|          0|
    |B_DRAM_8_load_9_reg_13959    |   32|   0|   32|          0|
    |B_DRAM_8_load_reg_11879      |   32|   0|   32|          0|
    |B_DRAM_9_load_10_reg_14044   |   32|   0|   32|          0|
    |B_DRAM_9_load_11_reg_14124   |   32|   0|   32|          0|
    |B_DRAM_9_load_12_reg_14204   |   32|   0|   32|          0|
    |B_DRAM_9_load_13_reg_14284   |   32|   0|   32|          0|
    |B_DRAM_9_load_14_reg_14364   |   32|   0|   32|          0|
    |B_DRAM_9_load_15_reg_14444   |   32|   0|   32|          0|
    |B_DRAM_9_load_16_reg_14524   |   32|   0|   32|          0|
    |B_DRAM_9_load_17_reg_14604   |   32|   0|   32|          0|
    |B_DRAM_9_load_18_reg_14684   |   32|   0|   32|          0|
    |B_DRAM_9_load_19_reg_14764   |   32|   0|   32|          0|
    |B_DRAM_9_load_1_reg_13324    |   32|   0|   32|          0|
    |B_DRAM_9_load_20_reg_14844   |   32|   0|   32|          0|
    |B_DRAM_9_load_21_reg_14924   |   32|   0|   32|          0|
    |B_DRAM_9_load_22_reg_15004   |   32|   0|   32|          0|
    |B_DRAM_9_load_23_reg_15084   |   32|   0|   32|          0|
    |B_DRAM_9_load_24_reg_15164   |   32|   0|   32|          0|
    |B_DRAM_9_load_25_reg_15244   |   32|   0|   32|          0|
    |B_DRAM_9_load_26_reg_15324   |   32|   0|   32|          0|
    |B_DRAM_9_load_27_reg_15404   |   32|   0|   32|          0|
    |B_DRAM_9_load_28_reg_15484   |   32|   0|   32|          0|
    |B_DRAM_9_load_29_reg_15564   |   32|   0|   32|          0|
    |B_DRAM_9_load_2_reg_13404    |   32|   0|   32|          0|
    |B_DRAM_9_load_30_reg_15644   |   32|   0|   32|          0|
    |B_DRAM_9_load_31_reg_15724   |   32|   0|   32|          0|
    |B_DRAM_9_load_3_reg_13484    |   32|   0|   32|          0|
    |B_DRAM_9_load_4_reg_13564    |   32|   0|   32|          0|
    |B_DRAM_9_load_5_reg_13644    |   32|   0|   32|          0|
    |B_DRAM_9_load_6_reg_13724    |   32|   0|   32|          0|
    |B_DRAM_9_load_7_reg_13804    |   32|   0|   32|          0|
    |B_DRAM_9_load_8_reg_13884    |   32|   0|   32|          0|
    |B_DRAM_9_load_9_reg_13964    |   32|   0|   32|          0|
    |B_DRAM_9_load_reg_11884      |   32|   0|   32|          0|
    |ap_CS_fsm                    |   36|   0|   36|          0|
    |ap_done_reg                  |    1|   0|    1|          0|
    |k_fu_220                     |    5|   0|    5|          0|
    |tmp_10_reg_15833             |   32|   0|   32|          0|
    |tmp_11_reg_15839             |   32|   0|   32|          0|
    |tmp_12_reg_15845             |   32|   0|   32|          0|
    |tmp_13_reg_15851             |   32|   0|   32|          0|
    |tmp_14_reg_15857             |   32|   0|   32|          0|
    |tmp_15_reg_15863             |   32|   0|   32|          0|
    |tmp_16_reg_15869             |   32|   0|   32|          0|
    |tmp_17_reg_15875             |   32|   0|   32|          0|
    |tmp_18_reg_15881             |   32|   0|   32|          0|
    |tmp_19_reg_15887             |   32|   0|   32|          0|
    |tmp_1_reg_15779              |   32|   0|   32|          0|
    |tmp_20_reg_15893             |   32|   0|   32|          0|
    |tmp_21_reg_15899             |   32|   0|   32|          0|
    |tmp_22_reg_15905             |   32|   0|   32|          0|
    |tmp_23_reg_15911             |   32|   0|   32|          0|
    |tmp_24_reg_15917             |   32|   0|   32|          0|
    |tmp_25_reg_15923             |   32|   0|   32|          0|
    |tmp_26_reg_15929             |   32|   0|   32|          0|
    |tmp_27_reg_15935             |   32|   0|   32|          0|
    |tmp_28_reg_15941             |   32|   0|   32|          0|
    |tmp_29_reg_15947             |   32|   0|   32|          0|
    |tmp_2_reg_15785              |   32|   0|   32|          0|
    |tmp_30_reg_15953             |   32|   0|   32|          0|
    |tmp_32_reg_15959             |    4|   0|    9|          5|
    |tmp_3_reg_15791              |   32|   0|   32|          0|
    |tmp_4_reg_15797              |   32|   0|   32|          0|
    |tmp_5_reg_15803              |   32|   0|   32|          0|
    |tmp_6_reg_15809              |   32|   0|   32|          0|
    |tmp_7_reg_15815              |   32|   0|   32|          0|
    |tmp_8_reg_15821              |   32|   0|   32|          0|
    |tmp_9_reg_15827              |   32|   0|   32|          0|
    |tmp_reg_15767                |   32|   0|   32|          0|
    |tmp_s_reg_15773              |   32|   0|   32|          0|
    |trunc_ln21_reg_15759         |    4|   0|    4|          0|
    +-----------------------------+-----+----+-----+-----------+
    |Total                        |17458|   0|17463|          5|
    +-----------------------------+-----+----+-----+-----------+



================================================================
== Interface
================================================================
* Summary: 
+---------------------+-----+-----+------------+-----------------------+--------------+
|      RTL Ports      | Dir | Bits|  Protocol  |     Source Object     |    C Type    |
+---------------------+-----+-----+------------+-----------------------+--------------+
|ap_clk               |   in|    1|  ap_ctrl_hs|  loadTileBFromDRAM.110|  return value|
|ap_rst               |   in|    1|  ap_ctrl_hs|  loadTileBFromDRAM.110|  return value|
|ap_start             |   in|    1|  ap_ctrl_hs|  loadTileBFromDRAM.110|  return value|
|ap_done              |  out|    1|  ap_ctrl_hs|  loadTileBFromDRAM.110|  return value|
|ap_continue          |   in|    1|  ap_ctrl_hs|  loadTileBFromDRAM.110|  return value|
|ap_idle              |  out|    1|  ap_ctrl_hs|  loadTileBFromDRAM.110|  return value|
|ap_ready             |  out|    1|  ap_ctrl_hs|  loadTileBFromDRAM.110|  return value|
|B_DRAM_0_address0    |  out|    5|   ap_memory|               B_DRAM_0|         array|
|B_DRAM_0_ce0         |  out|    1|   ap_memory|               B_DRAM_0|         array|
|B_DRAM_0_q0          |   in|   32|   ap_memory|               B_DRAM_0|         array|
|B_DRAM_0_address1    |  out|    5|   ap_memory|               B_DRAM_0|         array|
|B_DRAM_0_ce1         |  out|    1|   ap_memory|               B_DRAM_0|         array|
|B_DRAM_0_q1          |   in|   32|   ap_memory|               B_DRAM_0|         array|
|B_DRAM_0_address2    |  out|    5|   ap_memory|               B_DRAM_0|         array|
|B_DRAM_0_ce2         |  out|    1|   ap_memory|               B_DRAM_0|         array|
|B_DRAM_0_q2          |   in|   32|   ap_memory|               B_DRAM_0|         array|
|B_DRAM_0_address3    |  out|    5|   ap_memory|               B_DRAM_0|         array|
|B_DRAM_0_ce3         |  out|    1|   ap_memory|               B_DRAM_0|         array|
|B_DRAM_0_q3          |   in|   32|   ap_memory|               B_DRAM_0|         array|
|B_DRAM_0_address4    |  out|    5|   ap_memory|               B_DRAM_0|         array|
|B_DRAM_0_ce4         |  out|    1|   ap_memory|               B_DRAM_0|         array|
|B_DRAM_0_q4          |   in|   32|   ap_memory|               B_DRAM_0|         array|
|B_DRAM_0_address5    |  out|    5|   ap_memory|               B_DRAM_0|         array|
|B_DRAM_0_ce5         |  out|    1|   ap_memory|               B_DRAM_0|         array|
|B_DRAM_0_q5          |   in|   32|   ap_memory|               B_DRAM_0|         array|
|B_DRAM_0_address6    |  out|    5|   ap_memory|               B_DRAM_0|         array|
|B_DRAM_0_ce6         |  out|    1|   ap_memory|               B_DRAM_0|         array|
|B_DRAM_0_q6          |   in|   32|   ap_memory|               B_DRAM_0|         array|
|B_DRAM_0_address7    |  out|    5|   ap_memory|               B_DRAM_0|         array|
|B_DRAM_0_ce7         |  out|    1|   ap_memory|               B_DRAM_0|         array|
|B_DRAM_0_q7          |   in|   32|   ap_memory|               B_DRAM_0|         array|
|B_DRAM_0_address8    |  out|    5|   ap_memory|               B_DRAM_0|         array|
|B_DRAM_0_ce8         |  out|    1|   ap_memory|               B_DRAM_0|         array|
|B_DRAM_0_q8          |   in|   32|   ap_memory|               B_DRAM_0|         array|
|B_DRAM_0_address9    |  out|    5|   ap_memory|               B_DRAM_0|         array|
|B_DRAM_0_ce9         |  out|    1|   ap_memory|               B_DRAM_0|         array|
|B_DRAM_0_q9          |   in|   32|   ap_memory|               B_DRAM_0|         array|
|B_DRAM_0_address10   |  out|    5|   ap_memory|               B_DRAM_0|         array|
|B_DRAM_0_ce10        |  out|    1|   ap_memory|               B_DRAM_0|         array|
|B_DRAM_0_q10         |   in|   32|   ap_memory|               B_DRAM_0|         array|
|B_DRAM_0_address11   |  out|    5|   ap_memory|               B_DRAM_0|         array|
|B_DRAM_0_ce11        |  out|    1|   ap_memory|               B_DRAM_0|         array|
|B_DRAM_0_q11         |   in|   32|   ap_memory|               B_DRAM_0|         array|
|B_DRAM_0_address12   |  out|    5|   ap_memory|               B_DRAM_0|         array|
|B_DRAM_0_ce12        |  out|    1|   ap_memory|               B_DRAM_0|         array|
|B_DRAM_0_q12         |   in|   32|   ap_memory|               B_DRAM_0|         array|
|B_DRAM_0_address13   |  out|    5|   ap_memory|               B_DRAM_0|         array|
|B_DRAM_0_ce13        |  out|    1|   ap_memory|               B_DRAM_0|         array|
|B_DRAM_0_q13         |   in|   32|   ap_memory|               B_DRAM_0|         array|
|B_DRAM_0_address14   |  out|    5|   ap_memory|               B_DRAM_0|         array|
|B_DRAM_0_ce14        |  out|    1|   ap_memory|               B_DRAM_0|         array|
|B_DRAM_0_q14         |   in|   32|   ap_memory|               B_DRAM_0|         array|
|B_DRAM_0_address15   |  out|    5|   ap_memory|               B_DRAM_0|         array|
|B_DRAM_0_ce15        |  out|    1|   ap_memory|               B_DRAM_0|         array|
|B_DRAM_0_q15         |   in|   32|   ap_memory|               B_DRAM_0|         array|
|B_DRAM_0_address16   |  out|    5|   ap_memory|               B_DRAM_0|         array|
|B_DRAM_0_ce16        |  out|    1|   ap_memory|               B_DRAM_0|         array|
|B_DRAM_0_q16         |   in|   32|   ap_memory|               B_DRAM_0|         array|
|B_DRAM_1_address0    |  out|    5|   ap_memory|               B_DRAM_1|         array|
|B_DRAM_1_ce0         |  out|    1|   ap_memory|               B_DRAM_1|         array|
|B_DRAM_1_q0          |   in|   32|   ap_memory|               B_DRAM_1|         array|
|B_DRAM_1_address1    |  out|    5|   ap_memory|               B_DRAM_1|         array|
|B_DRAM_1_ce1         |  out|    1|   ap_memory|               B_DRAM_1|         array|
|B_DRAM_1_q1          |   in|   32|   ap_memory|               B_DRAM_1|         array|
|B_DRAM_1_address2    |  out|    5|   ap_memory|               B_DRAM_1|         array|
|B_DRAM_1_ce2         |  out|    1|   ap_memory|               B_DRAM_1|         array|
|B_DRAM_1_q2          |   in|   32|   ap_memory|               B_DRAM_1|         array|
|B_DRAM_1_address3    |  out|    5|   ap_memory|               B_DRAM_1|         array|
|B_DRAM_1_ce3         |  out|    1|   ap_memory|               B_DRAM_1|         array|
|B_DRAM_1_q3          |   in|   32|   ap_memory|               B_DRAM_1|         array|
|B_DRAM_1_address4    |  out|    5|   ap_memory|               B_DRAM_1|         array|
|B_DRAM_1_ce4         |  out|    1|   ap_memory|               B_DRAM_1|         array|
|B_DRAM_1_q4          |   in|   32|   ap_memory|               B_DRAM_1|         array|
|B_DRAM_1_address5    |  out|    5|   ap_memory|               B_DRAM_1|         array|
|B_DRAM_1_ce5         |  out|    1|   ap_memory|               B_DRAM_1|         array|
|B_DRAM_1_q5          |   in|   32|   ap_memory|               B_DRAM_1|         array|
|B_DRAM_1_address6    |  out|    5|   ap_memory|               B_DRAM_1|         array|
|B_DRAM_1_ce6         |  out|    1|   ap_memory|               B_DRAM_1|         array|
|B_DRAM_1_q6          |   in|   32|   ap_memory|               B_DRAM_1|         array|
|B_DRAM_1_address7    |  out|    5|   ap_memory|               B_DRAM_1|         array|
|B_DRAM_1_ce7         |  out|    1|   ap_memory|               B_DRAM_1|         array|
|B_DRAM_1_q7          |   in|   32|   ap_memory|               B_DRAM_1|         array|
|B_DRAM_1_address8    |  out|    5|   ap_memory|               B_DRAM_1|         array|
|B_DRAM_1_ce8         |  out|    1|   ap_memory|               B_DRAM_1|         array|
|B_DRAM_1_q8          |   in|   32|   ap_memory|               B_DRAM_1|         array|
|B_DRAM_1_address9    |  out|    5|   ap_memory|               B_DRAM_1|         array|
|B_DRAM_1_ce9         |  out|    1|   ap_memory|               B_DRAM_1|         array|
|B_DRAM_1_q9          |   in|   32|   ap_memory|               B_DRAM_1|         array|
|B_DRAM_1_address10   |  out|    5|   ap_memory|               B_DRAM_1|         array|
|B_DRAM_1_ce10        |  out|    1|   ap_memory|               B_DRAM_1|         array|
|B_DRAM_1_q10         |   in|   32|   ap_memory|               B_DRAM_1|         array|
|B_DRAM_1_address11   |  out|    5|   ap_memory|               B_DRAM_1|         array|
|B_DRAM_1_ce11        |  out|    1|   ap_memory|               B_DRAM_1|         array|
|B_DRAM_1_q11         |   in|   32|   ap_memory|               B_DRAM_1|         array|
|B_DRAM_1_address12   |  out|    5|   ap_memory|               B_DRAM_1|         array|
|B_DRAM_1_ce12        |  out|    1|   ap_memory|               B_DRAM_1|         array|
|B_DRAM_1_q12         |   in|   32|   ap_memory|               B_DRAM_1|         array|
|B_DRAM_1_address13   |  out|    5|   ap_memory|               B_DRAM_1|         array|
|B_DRAM_1_ce13        |  out|    1|   ap_memory|               B_DRAM_1|         array|
|B_DRAM_1_q13         |   in|   32|   ap_memory|               B_DRAM_1|         array|
|B_DRAM_1_address14   |  out|    5|   ap_memory|               B_DRAM_1|         array|
|B_DRAM_1_ce14        |  out|    1|   ap_memory|               B_DRAM_1|         array|
|B_DRAM_1_q14         |   in|   32|   ap_memory|               B_DRAM_1|         array|
|B_DRAM_1_address15   |  out|    5|   ap_memory|               B_DRAM_1|         array|
|B_DRAM_1_ce15        |  out|    1|   ap_memory|               B_DRAM_1|         array|
|B_DRAM_1_q15         |   in|   32|   ap_memory|               B_DRAM_1|         array|
|B_DRAM_1_address16   |  out|    5|   ap_memory|               B_DRAM_1|         array|
|B_DRAM_1_ce16        |  out|    1|   ap_memory|               B_DRAM_1|         array|
|B_DRAM_1_q16         |   in|   32|   ap_memory|               B_DRAM_1|         array|
|B_DRAM_2_address0    |  out|    5|   ap_memory|               B_DRAM_2|         array|
|B_DRAM_2_ce0         |  out|    1|   ap_memory|               B_DRAM_2|         array|
|B_DRAM_2_q0          |   in|   32|   ap_memory|               B_DRAM_2|         array|
|B_DRAM_2_address1    |  out|    5|   ap_memory|               B_DRAM_2|         array|
|B_DRAM_2_ce1         |  out|    1|   ap_memory|               B_DRAM_2|         array|
|B_DRAM_2_q1          |   in|   32|   ap_memory|               B_DRAM_2|         array|
|B_DRAM_2_address2    |  out|    5|   ap_memory|               B_DRAM_2|         array|
|B_DRAM_2_ce2         |  out|    1|   ap_memory|               B_DRAM_2|         array|
|B_DRAM_2_q2          |   in|   32|   ap_memory|               B_DRAM_2|         array|
|B_DRAM_2_address3    |  out|    5|   ap_memory|               B_DRAM_2|         array|
|B_DRAM_2_ce3         |  out|    1|   ap_memory|               B_DRAM_2|         array|
|B_DRAM_2_q3          |   in|   32|   ap_memory|               B_DRAM_2|         array|
|B_DRAM_2_address4    |  out|    5|   ap_memory|               B_DRAM_2|         array|
|B_DRAM_2_ce4         |  out|    1|   ap_memory|               B_DRAM_2|         array|
|B_DRAM_2_q4          |   in|   32|   ap_memory|               B_DRAM_2|         array|
|B_DRAM_2_address5    |  out|    5|   ap_memory|               B_DRAM_2|         array|
|B_DRAM_2_ce5         |  out|    1|   ap_memory|               B_DRAM_2|         array|
|B_DRAM_2_q5          |   in|   32|   ap_memory|               B_DRAM_2|         array|
|B_DRAM_2_address6    |  out|    5|   ap_memory|               B_DRAM_2|         array|
|B_DRAM_2_ce6         |  out|    1|   ap_memory|               B_DRAM_2|         array|
|B_DRAM_2_q6          |   in|   32|   ap_memory|               B_DRAM_2|         array|
|B_DRAM_2_address7    |  out|    5|   ap_memory|               B_DRAM_2|         array|
|B_DRAM_2_ce7         |  out|    1|   ap_memory|               B_DRAM_2|         array|
|B_DRAM_2_q7          |   in|   32|   ap_memory|               B_DRAM_2|         array|
|B_DRAM_2_address8    |  out|    5|   ap_memory|               B_DRAM_2|         array|
|B_DRAM_2_ce8         |  out|    1|   ap_memory|               B_DRAM_2|         array|
|B_DRAM_2_q8          |   in|   32|   ap_memory|               B_DRAM_2|         array|
|B_DRAM_2_address9    |  out|    5|   ap_memory|               B_DRAM_2|         array|
|B_DRAM_2_ce9         |  out|    1|   ap_memory|               B_DRAM_2|         array|
|B_DRAM_2_q9          |   in|   32|   ap_memory|               B_DRAM_2|         array|
|B_DRAM_2_address10   |  out|    5|   ap_memory|               B_DRAM_2|         array|
|B_DRAM_2_ce10        |  out|    1|   ap_memory|               B_DRAM_2|         array|
|B_DRAM_2_q10         |   in|   32|   ap_memory|               B_DRAM_2|         array|
|B_DRAM_2_address11   |  out|    5|   ap_memory|               B_DRAM_2|         array|
|B_DRAM_2_ce11        |  out|    1|   ap_memory|               B_DRAM_2|         array|
|B_DRAM_2_q11         |   in|   32|   ap_memory|               B_DRAM_2|         array|
|B_DRAM_2_address12   |  out|    5|   ap_memory|               B_DRAM_2|         array|
|B_DRAM_2_ce12        |  out|    1|   ap_memory|               B_DRAM_2|         array|
|B_DRAM_2_q12         |   in|   32|   ap_memory|               B_DRAM_2|         array|
|B_DRAM_2_address13   |  out|    5|   ap_memory|               B_DRAM_2|         array|
|B_DRAM_2_ce13        |  out|    1|   ap_memory|               B_DRAM_2|         array|
|B_DRAM_2_q13         |   in|   32|   ap_memory|               B_DRAM_2|         array|
|B_DRAM_2_address14   |  out|    5|   ap_memory|               B_DRAM_2|         array|
|B_DRAM_2_ce14        |  out|    1|   ap_memory|               B_DRAM_2|         array|
|B_DRAM_2_q14         |   in|   32|   ap_memory|               B_DRAM_2|         array|
|B_DRAM_2_address15   |  out|    5|   ap_memory|               B_DRAM_2|         array|
|B_DRAM_2_ce15        |  out|    1|   ap_memory|               B_DRAM_2|         array|
|B_DRAM_2_q15         |   in|   32|   ap_memory|               B_DRAM_2|         array|
|B_DRAM_2_address16   |  out|    5|   ap_memory|               B_DRAM_2|         array|
|B_DRAM_2_ce16        |  out|    1|   ap_memory|               B_DRAM_2|         array|
|B_DRAM_2_q16         |   in|   32|   ap_memory|               B_DRAM_2|         array|
|B_DRAM_3_address0    |  out|    5|   ap_memory|               B_DRAM_3|         array|
|B_DRAM_3_ce0         |  out|    1|   ap_memory|               B_DRAM_3|         array|
|B_DRAM_3_q0          |   in|   32|   ap_memory|               B_DRAM_3|         array|
|B_DRAM_3_address1    |  out|    5|   ap_memory|               B_DRAM_3|         array|
|B_DRAM_3_ce1         |  out|    1|   ap_memory|               B_DRAM_3|         array|
|B_DRAM_3_q1          |   in|   32|   ap_memory|               B_DRAM_3|         array|
|B_DRAM_3_address2    |  out|    5|   ap_memory|               B_DRAM_3|         array|
|B_DRAM_3_ce2         |  out|    1|   ap_memory|               B_DRAM_3|         array|
|B_DRAM_3_q2          |   in|   32|   ap_memory|               B_DRAM_3|         array|
|B_DRAM_3_address3    |  out|    5|   ap_memory|               B_DRAM_3|         array|
|B_DRAM_3_ce3         |  out|    1|   ap_memory|               B_DRAM_3|         array|
|B_DRAM_3_q3          |   in|   32|   ap_memory|               B_DRAM_3|         array|
|B_DRAM_3_address4    |  out|    5|   ap_memory|               B_DRAM_3|         array|
|B_DRAM_3_ce4         |  out|    1|   ap_memory|               B_DRAM_3|         array|
|B_DRAM_3_q4          |   in|   32|   ap_memory|               B_DRAM_3|         array|
|B_DRAM_3_address5    |  out|    5|   ap_memory|               B_DRAM_3|         array|
|B_DRAM_3_ce5         |  out|    1|   ap_memory|               B_DRAM_3|         array|
|B_DRAM_3_q5          |   in|   32|   ap_memory|               B_DRAM_3|         array|
|B_DRAM_3_address6    |  out|    5|   ap_memory|               B_DRAM_3|         array|
|B_DRAM_3_ce6         |  out|    1|   ap_memory|               B_DRAM_3|         array|
|B_DRAM_3_q6          |   in|   32|   ap_memory|               B_DRAM_3|         array|
|B_DRAM_3_address7    |  out|    5|   ap_memory|               B_DRAM_3|         array|
|B_DRAM_3_ce7         |  out|    1|   ap_memory|               B_DRAM_3|         array|
|B_DRAM_3_q7          |   in|   32|   ap_memory|               B_DRAM_3|         array|
|B_DRAM_3_address8    |  out|    5|   ap_memory|               B_DRAM_3|         array|
|B_DRAM_3_ce8         |  out|    1|   ap_memory|               B_DRAM_3|         array|
|B_DRAM_3_q8          |   in|   32|   ap_memory|               B_DRAM_3|         array|
|B_DRAM_3_address9    |  out|    5|   ap_memory|               B_DRAM_3|         array|
|B_DRAM_3_ce9         |  out|    1|   ap_memory|               B_DRAM_3|         array|
|B_DRAM_3_q9          |   in|   32|   ap_memory|               B_DRAM_3|         array|
|B_DRAM_3_address10   |  out|    5|   ap_memory|               B_DRAM_3|         array|
|B_DRAM_3_ce10        |  out|    1|   ap_memory|               B_DRAM_3|         array|
|B_DRAM_3_q10         |   in|   32|   ap_memory|               B_DRAM_3|         array|
|B_DRAM_3_address11   |  out|    5|   ap_memory|               B_DRAM_3|         array|
|B_DRAM_3_ce11        |  out|    1|   ap_memory|               B_DRAM_3|         array|
|B_DRAM_3_q11         |   in|   32|   ap_memory|               B_DRAM_3|         array|
|B_DRAM_3_address12   |  out|    5|   ap_memory|               B_DRAM_3|         array|
|B_DRAM_3_ce12        |  out|    1|   ap_memory|               B_DRAM_3|         array|
|B_DRAM_3_q12         |   in|   32|   ap_memory|               B_DRAM_3|         array|
|B_DRAM_3_address13   |  out|    5|   ap_memory|               B_DRAM_3|         array|
|B_DRAM_3_ce13        |  out|    1|   ap_memory|               B_DRAM_3|         array|
|B_DRAM_3_q13         |   in|   32|   ap_memory|               B_DRAM_3|         array|
|B_DRAM_3_address14   |  out|    5|   ap_memory|               B_DRAM_3|         array|
|B_DRAM_3_ce14        |  out|    1|   ap_memory|               B_DRAM_3|         array|
|B_DRAM_3_q14         |   in|   32|   ap_memory|               B_DRAM_3|         array|
|B_DRAM_3_address15   |  out|    5|   ap_memory|               B_DRAM_3|         array|
|B_DRAM_3_ce15        |  out|    1|   ap_memory|               B_DRAM_3|         array|
|B_DRAM_3_q15         |   in|   32|   ap_memory|               B_DRAM_3|         array|
|B_DRAM_3_address16   |  out|    5|   ap_memory|               B_DRAM_3|         array|
|B_DRAM_3_ce16        |  out|    1|   ap_memory|               B_DRAM_3|         array|
|B_DRAM_3_q16         |   in|   32|   ap_memory|               B_DRAM_3|         array|
|B_DRAM_4_address0    |  out|    5|   ap_memory|               B_DRAM_4|         array|
|B_DRAM_4_ce0         |  out|    1|   ap_memory|               B_DRAM_4|         array|
|B_DRAM_4_q0          |   in|   32|   ap_memory|               B_DRAM_4|         array|
|B_DRAM_4_address1    |  out|    5|   ap_memory|               B_DRAM_4|         array|
|B_DRAM_4_ce1         |  out|    1|   ap_memory|               B_DRAM_4|         array|
|B_DRAM_4_q1          |   in|   32|   ap_memory|               B_DRAM_4|         array|
|B_DRAM_4_address2    |  out|    5|   ap_memory|               B_DRAM_4|         array|
|B_DRAM_4_ce2         |  out|    1|   ap_memory|               B_DRAM_4|         array|
|B_DRAM_4_q2          |   in|   32|   ap_memory|               B_DRAM_4|         array|
|B_DRAM_4_address3    |  out|    5|   ap_memory|               B_DRAM_4|         array|
|B_DRAM_4_ce3         |  out|    1|   ap_memory|               B_DRAM_4|         array|
|B_DRAM_4_q3          |   in|   32|   ap_memory|               B_DRAM_4|         array|
|B_DRAM_4_address4    |  out|    5|   ap_memory|               B_DRAM_4|         array|
|B_DRAM_4_ce4         |  out|    1|   ap_memory|               B_DRAM_4|         array|
|B_DRAM_4_q4          |   in|   32|   ap_memory|               B_DRAM_4|         array|
|B_DRAM_4_address5    |  out|    5|   ap_memory|               B_DRAM_4|         array|
|B_DRAM_4_ce5         |  out|    1|   ap_memory|               B_DRAM_4|         array|
|B_DRAM_4_q5          |   in|   32|   ap_memory|               B_DRAM_4|         array|
|B_DRAM_4_address6    |  out|    5|   ap_memory|               B_DRAM_4|         array|
|B_DRAM_4_ce6         |  out|    1|   ap_memory|               B_DRAM_4|         array|
|B_DRAM_4_q6          |   in|   32|   ap_memory|               B_DRAM_4|         array|
|B_DRAM_4_address7    |  out|    5|   ap_memory|               B_DRAM_4|         array|
|B_DRAM_4_ce7         |  out|    1|   ap_memory|               B_DRAM_4|         array|
|B_DRAM_4_q7          |   in|   32|   ap_memory|               B_DRAM_4|         array|
|B_DRAM_4_address8    |  out|    5|   ap_memory|               B_DRAM_4|         array|
|B_DRAM_4_ce8         |  out|    1|   ap_memory|               B_DRAM_4|         array|
|B_DRAM_4_q8          |   in|   32|   ap_memory|               B_DRAM_4|         array|
|B_DRAM_4_address9    |  out|    5|   ap_memory|               B_DRAM_4|         array|
|B_DRAM_4_ce9         |  out|    1|   ap_memory|               B_DRAM_4|         array|
|B_DRAM_4_q9          |   in|   32|   ap_memory|               B_DRAM_4|         array|
|B_DRAM_4_address10   |  out|    5|   ap_memory|               B_DRAM_4|         array|
|B_DRAM_4_ce10        |  out|    1|   ap_memory|               B_DRAM_4|         array|
|B_DRAM_4_q10         |   in|   32|   ap_memory|               B_DRAM_4|         array|
|B_DRAM_4_address11   |  out|    5|   ap_memory|               B_DRAM_4|         array|
|B_DRAM_4_ce11        |  out|    1|   ap_memory|               B_DRAM_4|         array|
|B_DRAM_4_q11         |   in|   32|   ap_memory|               B_DRAM_4|         array|
|B_DRAM_4_address12   |  out|    5|   ap_memory|               B_DRAM_4|         array|
|B_DRAM_4_ce12        |  out|    1|   ap_memory|               B_DRAM_4|         array|
|B_DRAM_4_q12         |   in|   32|   ap_memory|               B_DRAM_4|         array|
|B_DRAM_4_address13   |  out|    5|   ap_memory|               B_DRAM_4|         array|
|B_DRAM_4_ce13        |  out|    1|   ap_memory|               B_DRAM_4|         array|
|B_DRAM_4_q13         |   in|   32|   ap_memory|               B_DRAM_4|         array|
|B_DRAM_4_address14   |  out|    5|   ap_memory|               B_DRAM_4|         array|
|B_DRAM_4_ce14        |  out|    1|   ap_memory|               B_DRAM_4|         array|
|B_DRAM_4_q14         |   in|   32|   ap_memory|               B_DRAM_4|         array|
|B_DRAM_4_address15   |  out|    5|   ap_memory|               B_DRAM_4|         array|
|B_DRAM_4_ce15        |  out|    1|   ap_memory|               B_DRAM_4|         array|
|B_DRAM_4_q15         |   in|   32|   ap_memory|               B_DRAM_4|         array|
|B_DRAM_4_address16   |  out|    5|   ap_memory|               B_DRAM_4|         array|
|B_DRAM_4_ce16        |  out|    1|   ap_memory|               B_DRAM_4|         array|
|B_DRAM_4_q16         |   in|   32|   ap_memory|               B_DRAM_4|         array|
|B_DRAM_5_address0    |  out|    5|   ap_memory|               B_DRAM_5|         array|
|B_DRAM_5_ce0         |  out|    1|   ap_memory|               B_DRAM_5|         array|
|B_DRAM_5_q0          |   in|   32|   ap_memory|               B_DRAM_5|         array|
|B_DRAM_5_address1    |  out|    5|   ap_memory|               B_DRAM_5|         array|
|B_DRAM_5_ce1         |  out|    1|   ap_memory|               B_DRAM_5|         array|
|B_DRAM_5_q1          |   in|   32|   ap_memory|               B_DRAM_5|         array|
|B_DRAM_5_address2    |  out|    5|   ap_memory|               B_DRAM_5|         array|
|B_DRAM_5_ce2         |  out|    1|   ap_memory|               B_DRAM_5|         array|
|B_DRAM_5_q2          |   in|   32|   ap_memory|               B_DRAM_5|         array|
|B_DRAM_5_address3    |  out|    5|   ap_memory|               B_DRAM_5|         array|
|B_DRAM_5_ce3         |  out|    1|   ap_memory|               B_DRAM_5|         array|
|B_DRAM_5_q3          |   in|   32|   ap_memory|               B_DRAM_5|         array|
|B_DRAM_5_address4    |  out|    5|   ap_memory|               B_DRAM_5|         array|
|B_DRAM_5_ce4         |  out|    1|   ap_memory|               B_DRAM_5|         array|
|B_DRAM_5_q4          |   in|   32|   ap_memory|               B_DRAM_5|         array|
|B_DRAM_5_address5    |  out|    5|   ap_memory|               B_DRAM_5|         array|
|B_DRAM_5_ce5         |  out|    1|   ap_memory|               B_DRAM_5|         array|
|B_DRAM_5_q5          |   in|   32|   ap_memory|               B_DRAM_5|         array|
|B_DRAM_5_address6    |  out|    5|   ap_memory|               B_DRAM_5|         array|
|B_DRAM_5_ce6         |  out|    1|   ap_memory|               B_DRAM_5|         array|
|B_DRAM_5_q6          |   in|   32|   ap_memory|               B_DRAM_5|         array|
|B_DRAM_5_address7    |  out|    5|   ap_memory|               B_DRAM_5|         array|
|B_DRAM_5_ce7         |  out|    1|   ap_memory|               B_DRAM_5|         array|
|B_DRAM_5_q7          |   in|   32|   ap_memory|               B_DRAM_5|         array|
|B_DRAM_5_address8    |  out|    5|   ap_memory|               B_DRAM_5|         array|
|B_DRAM_5_ce8         |  out|    1|   ap_memory|               B_DRAM_5|         array|
|B_DRAM_5_q8          |   in|   32|   ap_memory|               B_DRAM_5|         array|
|B_DRAM_5_address9    |  out|    5|   ap_memory|               B_DRAM_5|         array|
|B_DRAM_5_ce9         |  out|    1|   ap_memory|               B_DRAM_5|         array|
|B_DRAM_5_q9          |   in|   32|   ap_memory|               B_DRAM_5|         array|
|B_DRAM_5_address10   |  out|    5|   ap_memory|               B_DRAM_5|         array|
|B_DRAM_5_ce10        |  out|    1|   ap_memory|               B_DRAM_5|         array|
|B_DRAM_5_q10         |   in|   32|   ap_memory|               B_DRAM_5|         array|
|B_DRAM_5_address11   |  out|    5|   ap_memory|               B_DRAM_5|         array|
|B_DRAM_5_ce11        |  out|    1|   ap_memory|               B_DRAM_5|         array|
|B_DRAM_5_q11         |   in|   32|   ap_memory|               B_DRAM_5|         array|
|B_DRAM_5_address12   |  out|    5|   ap_memory|               B_DRAM_5|         array|
|B_DRAM_5_ce12        |  out|    1|   ap_memory|               B_DRAM_5|         array|
|B_DRAM_5_q12         |   in|   32|   ap_memory|               B_DRAM_5|         array|
|B_DRAM_5_address13   |  out|    5|   ap_memory|               B_DRAM_5|         array|
|B_DRAM_5_ce13        |  out|    1|   ap_memory|               B_DRAM_5|         array|
|B_DRAM_5_q13         |   in|   32|   ap_memory|               B_DRAM_5|         array|
|B_DRAM_5_address14   |  out|    5|   ap_memory|               B_DRAM_5|         array|
|B_DRAM_5_ce14        |  out|    1|   ap_memory|               B_DRAM_5|         array|
|B_DRAM_5_q14         |   in|   32|   ap_memory|               B_DRAM_5|         array|
|B_DRAM_5_address15   |  out|    5|   ap_memory|               B_DRAM_5|         array|
|B_DRAM_5_ce15        |  out|    1|   ap_memory|               B_DRAM_5|         array|
|B_DRAM_5_q15         |   in|   32|   ap_memory|               B_DRAM_5|         array|
|B_DRAM_5_address16   |  out|    5|   ap_memory|               B_DRAM_5|         array|
|B_DRAM_5_ce16        |  out|    1|   ap_memory|               B_DRAM_5|         array|
|B_DRAM_5_q16         |   in|   32|   ap_memory|               B_DRAM_5|         array|
|B_DRAM_6_address0    |  out|    5|   ap_memory|               B_DRAM_6|         array|
|B_DRAM_6_ce0         |  out|    1|   ap_memory|               B_DRAM_6|         array|
|B_DRAM_6_q0          |   in|   32|   ap_memory|               B_DRAM_6|         array|
|B_DRAM_6_address1    |  out|    5|   ap_memory|               B_DRAM_6|         array|
|B_DRAM_6_ce1         |  out|    1|   ap_memory|               B_DRAM_6|         array|
|B_DRAM_6_q1          |   in|   32|   ap_memory|               B_DRAM_6|         array|
|B_DRAM_6_address2    |  out|    5|   ap_memory|               B_DRAM_6|         array|
|B_DRAM_6_ce2         |  out|    1|   ap_memory|               B_DRAM_6|         array|
|B_DRAM_6_q2          |   in|   32|   ap_memory|               B_DRAM_6|         array|
|B_DRAM_6_address3    |  out|    5|   ap_memory|               B_DRAM_6|         array|
|B_DRAM_6_ce3         |  out|    1|   ap_memory|               B_DRAM_6|         array|
|B_DRAM_6_q3          |   in|   32|   ap_memory|               B_DRAM_6|         array|
|B_DRAM_6_address4    |  out|    5|   ap_memory|               B_DRAM_6|         array|
|B_DRAM_6_ce4         |  out|    1|   ap_memory|               B_DRAM_6|         array|
|B_DRAM_6_q4          |   in|   32|   ap_memory|               B_DRAM_6|         array|
|B_DRAM_6_address5    |  out|    5|   ap_memory|               B_DRAM_6|         array|
|B_DRAM_6_ce5         |  out|    1|   ap_memory|               B_DRAM_6|         array|
|B_DRAM_6_q5          |   in|   32|   ap_memory|               B_DRAM_6|         array|
|B_DRAM_6_address6    |  out|    5|   ap_memory|               B_DRAM_6|         array|
|B_DRAM_6_ce6         |  out|    1|   ap_memory|               B_DRAM_6|         array|
|B_DRAM_6_q6          |   in|   32|   ap_memory|               B_DRAM_6|         array|
|B_DRAM_6_address7    |  out|    5|   ap_memory|               B_DRAM_6|         array|
|B_DRAM_6_ce7         |  out|    1|   ap_memory|               B_DRAM_6|         array|
|B_DRAM_6_q7          |   in|   32|   ap_memory|               B_DRAM_6|         array|
|B_DRAM_6_address8    |  out|    5|   ap_memory|               B_DRAM_6|         array|
|B_DRAM_6_ce8         |  out|    1|   ap_memory|               B_DRAM_6|         array|
|B_DRAM_6_q8          |   in|   32|   ap_memory|               B_DRAM_6|         array|
|B_DRAM_6_address9    |  out|    5|   ap_memory|               B_DRAM_6|         array|
|B_DRAM_6_ce9         |  out|    1|   ap_memory|               B_DRAM_6|         array|
|B_DRAM_6_q9          |   in|   32|   ap_memory|               B_DRAM_6|         array|
|B_DRAM_6_address10   |  out|    5|   ap_memory|               B_DRAM_6|         array|
|B_DRAM_6_ce10        |  out|    1|   ap_memory|               B_DRAM_6|         array|
|B_DRAM_6_q10         |   in|   32|   ap_memory|               B_DRAM_6|         array|
|B_DRAM_6_address11   |  out|    5|   ap_memory|               B_DRAM_6|         array|
|B_DRAM_6_ce11        |  out|    1|   ap_memory|               B_DRAM_6|         array|
|B_DRAM_6_q11         |   in|   32|   ap_memory|               B_DRAM_6|         array|
|B_DRAM_6_address12   |  out|    5|   ap_memory|               B_DRAM_6|         array|
|B_DRAM_6_ce12        |  out|    1|   ap_memory|               B_DRAM_6|         array|
|B_DRAM_6_q12         |   in|   32|   ap_memory|               B_DRAM_6|         array|
|B_DRAM_6_address13   |  out|    5|   ap_memory|               B_DRAM_6|         array|
|B_DRAM_6_ce13        |  out|    1|   ap_memory|               B_DRAM_6|         array|
|B_DRAM_6_q13         |   in|   32|   ap_memory|               B_DRAM_6|         array|
|B_DRAM_6_address14   |  out|    5|   ap_memory|               B_DRAM_6|         array|
|B_DRAM_6_ce14        |  out|    1|   ap_memory|               B_DRAM_6|         array|
|B_DRAM_6_q14         |   in|   32|   ap_memory|               B_DRAM_6|         array|
|B_DRAM_6_address15   |  out|    5|   ap_memory|               B_DRAM_6|         array|
|B_DRAM_6_ce15        |  out|    1|   ap_memory|               B_DRAM_6|         array|
|B_DRAM_6_q15         |   in|   32|   ap_memory|               B_DRAM_6|         array|
|B_DRAM_6_address16   |  out|    5|   ap_memory|               B_DRAM_6|         array|
|B_DRAM_6_ce16        |  out|    1|   ap_memory|               B_DRAM_6|         array|
|B_DRAM_6_q16         |   in|   32|   ap_memory|               B_DRAM_6|         array|
|B_DRAM_7_address0    |  out|    5|   ap_memory|               B_DRAM_7|         array|
|B_DRAM_7_ce0         |  out|    1|   ap_memory|               B_DRAM_7|         array|
|B_DRAM_7_q0          |   in|   32|   ap_memory|               B_DRAM_7|         array|
|B_DRAM_7_address1    |  out|    5|   ap_memory|               B_DRAM_7|         array|
|B_DRAM_7_ce1         |  out|    1|   ap_memory|               B_DRAM_7|         array|
|B_DRAM_7_q1          |   in|   32|   ap_memory|               B_DRAM_7|         array|
|B_DRAM_7_address2    |  out|    5|   ap_memory|               B_DRAM_7|         array|
|B_DRAM_7_ce2         |  out|    1|   ap_memory|               B_DRAM_7|         array|
|B_DRAM_7_q2          |   in|   32|   ap_memory|               B_DRAM_7|         array|
|B_DRAM_7_address3    |  out|    5|   ap_memory|               B_DRAM_7|         array|
|B_DRAM_7_ce3         |  out|    1|   ap_memory|               B_DRAM_7|         array|
|B_DRAM_7_q3          |   in|   32|   ap_memory|               B_DRAM_7|         array|
|B_DRAM_7_address4    |  out|    5|   ap_memory|               B_DRAM_7|         array|
|B_DRAM_7_ce4         |  out|    1|   ap_memory|               B_DRAM_7|         array|
|B_DRAM_7_q4          |   in|   32|   ap_memory|               B_DRAM_7|         array|
|B_DRAM_7_address5    |  out|    5|   ap_memory|               B_DRAM_7|         array|
|B_DRAM_7_ce5         |  out|    1|   ap_memory|               B_DRAM_7|         array|
|B_DRAM_7_q5          |   in|   32|   ap_memory|               B_DRAM_7|         array|
|B_DRAM_7_address6    |  out|    5|   ap_memory|               B_DRAM_7|         array|
|B_DRAM_7_ce6         |  out|    1|   ap_memory|               B_DRAM_7|         array|
|B_DRAM_7_q6          |   in|   32|   ap_memory|               B_DRAM_7|         array|
|B_DRAM_7_address7    |  out|    5|   ap_memory|               B_DRAM_7|         array|
|B_DRAM_7_ce7         |  out|    1|   ap_memory|               B_DRAM_7|         array|
|B_DRAM_7_q7          |   in|   32|   ap_memory|               B_DRAM_7|         array|
|B_DRAM_7_address8    |  out|    5|   ap_memory|               B_DRAM_7|         array|
|B_DRAM_7_ce8         |  out|    1|   ap_memory|               B_DRAM_7|         array|
|B_DRAM_7_q8          |   in|   32|   ap_memory|               B_DRAM_7|         array|
|B_DRAM_7_address9    |  out|    5|   ap_memory|               B_DRAM_7|         array|
|B_DRAM_7_ce9         |  out|    1|   ap_memory|               B_DRAM_7|         array|
|B_DRAM_7_q9          |   in|   32|   ap_memory|               B_DRAM_7|         array|
|B_DRAM_7_address10   |  out|    5|   ap_memory|               B_DRAM_7|         array|
|B_DRAM_7_ce10        |  out|    1|   ap_memory|               B_DRAM_7|         array|
|B_DRAM_7_q10         |   in|   32|   ap_memory|               B_DRAM_7|         array|
|B_DRAM_7_address11   |  out|    5|   ap_memory|               B_DRAM_7|         array|
|B_DRAM_7_ce11        |  out|    1|   ap_memory|               B_DRAM_7|         array|
|B_DRAM_7_q11         |   in|   32|   ap_memory|               B_DRAM_7|         array|
|B_DRAM_7_address12   |  out|    5|   ap_memory|               B_DRAM_7|         array|
|B_DRAM_7_ce12        |  out|    1|   ap_memory|               B_DRAM_7|         array|
|B_DRAM_7_q12         |   in|   32|   ap_memory|               B_DRAM_7|         array|
|B_DRAM_7_address13   |  out|    5|   ap_memory|               B_DRAM_7|         array|
|B_DRAM_7_ce13        |  out|    1|   ap_memory|               B_DRAM_7|         array|
|B_DRAM_7_q13         |   in|   32|   ap_memory|               B_DRAM_7|         array|
|B_DRAM_7_address14   |  out|    5|   ap_memory|               B_DRAM_7|         array|
|B_DRAM_7_ce14        |  out|    1|   ap_memory|               B_DRAM_7|         array|
|B_DRAM_7_q14         |   in|   32|   ap_memory|               B_DRAM_7|         array|
|B_DRAM_7_address15   |  out|    5|   ap_memory|               B_DRAM_7|         array|
|B_DRAM_7_ce15        |  out|    1|   ap_memory|               B_DRAM_7|         array|
|B_DRAM_7_q15         |   in|   32|   ap_memory|               B_DRAM_7|         array|
|B_DRAM_7_address16   |  out|    5|   ap_memory|               B_DRAM_7|         array|
|B_DRAM_7_ce16        |  out|    1|   ap_memory|               B_DRAM_7|         array|
|B_DRAM_7_q16         |   in|   32|   ap_memory|               B_DRAM_7|         array|
|B_DRAM_8_address0    |  out|    5|   ap_memory|               B_DRAM_8|         array|
|B_DRAM_8_ce0         |  out|    1|   ap_memory|               B_DRAM_8|         array|
|B_DRAM_8_q0          |   in|   32|   ap_memory|               B_DRAM_8|         array|
|B_DRAM_8_address1    |  out|    5|   ap_memory|               B_DRAM_8|         array|
|B_DRAM_8_ce1         |  out|    1|   ap_memory|               B_DRAM_8|         array|
|B_DRAM_8_q1          |   in|   32|   ap_memory|               B_DRAM_8|         array|
|B_DRAM_8_address2    |  out|    5|   ap_memory|               B_DRAM_8|         array|
|B_DRAM_8_ce2         |  out|    1|   ap_memory|               B_DRAM_8|         array|
|B_DRAM_8_q2          |   in|   32|   ap_memory|               B_DRAM_8|         array|
|B_DRAM_8_address3    |  out|    5|   ap_memory|               B_DRAM_8|         array|
|B_DRAM_8_ce3         |  out|    1|   ap_memory|               B_DRAM_8|         array|
|B_DRAM_8_q3          |   in|   32|   ap_memory|               B_DRAM_8|         array|
|B_DRAM_8_address4    |  out|    5|   ap_memory|               B_DRAM_8|         array|
|B_DRAM_8_ce4         |  out|    1|   ap_memory|               B_DRAM_8|         array|
|B_DRAM_8_q4          |   in|   32|   ap_memory|               B_DRAM_8|         array|
|B_DRAM_8_address5    |  out|    5|   ap_memory|               B_DRAM_8|         array|
|B_DRAM_8_ce5         |  out|    1|   ap_memory|               B_DRAM_8|         array|
|B_DRAM_8_q5          |   in|   32|   ap_memory|               B_DRAM_8|         array|
|B_DRAM_8_address6    |  out|    5|   ap_memory|               B_DRAM_8|         array|
|B_DRAM_8_ce6         |  out|    1|   ap_memory|               B_DRAM_8|         array|
|B_DRAM_8_q6          |   in|   32|   ap_memory|               B_DRAM_8|         array|
|B_DRAM_8_address7    |  out|    5|   ap_memory|               B_DRAM_8|         array|
|B_DRAM_8_ce7         |  out|    1|   ap_memory|               B_DRAM_8|         array|
|B_DRAM_8_q7          |   in|   32|   ap_memory|               B_DRAM_8|         array|
|B_DRAM_8_address8    |  out|    5|   ap_memory|               B_DRAM_8|         array|
|B_DRAM_8_ce8         |  out|    1|   ap_memory|               B_DRAM_8|         array|
|B_DRAM_8_q8          |   in|   32|   ap_memory|               B_DRAM_8|         array|
|B_DRAM_8_address9    |  out|    5|   ap_memory|               B_DRAM_8|         array|
|B_DRAM_8_ce9         |  out|    1|   ap_memory|               B_DRAM_8|         array|
|B_DRAM_8_q9          |   in|   32|   ap_memory|               B_DRAM_8|         array|
|B_DRAM_8_address10   |  out|    5|   ap_memory|               B_DRAM_8|         array|
|B_DRAM_8_ce10        |  out|    1|   ap_memory|               B_DRAM_8|         array|
|B_DRAM_8_q10         |   in|   32|   ap_memory|               B_DRAM_8|         array|
|B_DRAM_8_address11   |  out|    5|   ap_memory|               B_DRAM_8|         array|
|B_DRAM_8_ce11        |  out|    1|   ap_memory|               B_DRAM_8|         array|
|B_DRAM_8_q11         |   in|   32|   ap_memory|               B_DRAM_8|         array|
|B_DRAM_8_address12   |  out|    5|   ap_memory|               B_DRAM_8|         array|
|B_DRAM_8_ce12        |  out|    1|   ap_memory|               B_DRAM_8|         array|
|B_DRAM_8_q12         |   in|   32|   ap_memory|               B_DRAM_8|         array|
|B_DRAM_8_address13   |  out|    5|   ap_memory|               B_DRAM_8|         array|
|B_DRAM_8_ce13        |  out|    1|   ap_memory|               B_DRAM_8|         array|
|B_DRAM_8_q13         |   in|   32|   ap_memory|               B_DRAM_8|         array|
|B_DRAM_8_address14   |  out|    5|   ap_memory|               B_DRAM_8|         array|
|B_DRAM_8_ce14        |  out|    1|   ap_memory|               B_DRAM_8|         array|
|B_DRAM_8_q14         |   in|   32|   ap_memory|               B_DRAM_8|         array|
|B_DRAM_8_address15   |  out|    5|   ap_memory|               B_DRAM_8|         array|
|B_DRAM_8_ce15        |  out|    1|   ap_memory|               B_DRAM_8|         array|
|B_DRAM_8_q15         |   in|   32|   ap_memory|               B_DRAM_8|         array|
|B_DRAM_8_address16   |  out|    5|   ap_memory|               B_DRAM_8|         array|
|B_DRAM_8_ce16        |  out|    1|   ap_memory|               B_DRAM_8|         array|
|B_DRAM_8_q16         |   in|   32|   ap_memory|               B_DRAM_8|         array|
|B_DRAM_9_address0    |  out|    5|   ap_memory|               B_DRAM_9|         array|
|B_DRAM_9_ce0         |  out|    1|   ap_memory|               B_DRAM_9|         array|
|B_DRAM_9_q0          |   in|   32|   ap_memory|               B_DRAM_9|         array|
|B_DRAM_9_address1    |  out|    5|   ap_memory|               B_DRAM_9|         array|
|B_DRAM_9_ce1         |  out|    1|   ap_memory|               B_DRAM_9|         array|
|B_DRAM_9_q1          |   in|   32|   ap_memory|               B_DRAM_9|         array|
|B_DRAM_9_address2    |  out|    5|   ap_memory|               B_DRAM_9|         array|
|B_DRAM_9_ce2         |  out|    1|   ap_memory|               B_DRAM_9|         array|
|B_DRAM_9_q2          |   in|   32|   ap_memory|               B_DRAM_9|         array|
|B_DRAM_9_address3    |  out|    5|   ap_memory|               B_DRAM_9|         array|
|B_DRAM_9_ce3         |  out|    1|   ap_memory|               B_DRAM_9|         array|
|B_DRAM_9_q3          |   in|   32|   ap_memory|               B_DRAM_9|         array|
|B_DRAM_9_address4    |  out|    5|   ap_memory|               B_DRAM_9|         array|
|B_DRAM_9_ce4         |  out|    1|   ap_memory|               B_DRAM_9|         array|
|B_DRAM_9_q4          |   in|   32|   ap_memory|               B_DRAM_9|         array|
|B_DRAM_9_address5    |  out|    5|   ap_memory|               B_DRAM_9|         array|
|B_DRAM_9_ce5         |  out|    1|   ap_memory|               B_DRAM_9|         array|
|B_DRAM_9_q5          |   in|   32|   ap_memory|               B_DRAM_9|         array|
|B_DRAM_9_address6    |  out|    5|   ap_memory|               B_DRAM_9|         array|
|B_DRAM_9_ce6         |  out|    1|   ap_memory|               B_DRAM_9|         array|
|B_DRAM_9_q6          |   in|   32|   ap_memory|               B_DRAM_9|         array|
|B_DRAM_9_address7    |  out|    5|   ap_memory|               B_DRAM_9|         array|
|B_DRAM_9_ce7         |  out|    1|   ap_memory|               B_DRAM_9|         array|
|B_DRAM_9_q7          |   in|   32|   ap_memory|               B_DRAM_9|         array|
|B_DRAM_9_address8    |  out|    5|   ap_memory|               B_DRAM_9|         array|
|B_DRAM_9_ce8         |  out|    1|   ap_memory|               B_DRAM_9|         array|
|B_DRAM_9_q8          |   in|   32|   ap_memory|               B_DRAM_9|         array|
|B_DRAM_9_address9    |  out|    5|   ap_memory|               B_DRAM_9|         array|
|B_DRAM_9_ce9         |  out|    1|   ap_memory|               B_DRAM_9|         array|
|B_DRAM_9_q9          |   in|   32|   ap_memory|               B_DRAM_9|         array|
|B_DRAM_9_address10   |  out|    5|   ap_memory|               B_DRAM_9|         array|
|B_DRAM_9_ce10        |  out|    1|   ap_memory|               B_DRAM_9|         array|
|B_DRAM_9_q10         |   in|   32|   ap_memory|               B_DRAM_9|         array|
|B_DRAM_9_address11   |  out|    5|   ap_memory|               B_DRAM_9|         array|
|B_DRAM_9_ce11        |  out|    1|   ap_memory|               B_DRAM_9|         array|
|B_DRAM_9_q11         |   in|   32|   ap_memory|               B_DRAM_9|         array|
|B_DRAM_9_address12   |  out|    5|   ap_memory|               B_DRAM_9|         array|
|B_DRAM_9_ce12        |  out|    1|   ap_memory|               B_DRAM_9|         array|
|B_DRAM_9_q12         |   in|   32|   ap_memory|               B_DRAM_9|         array|
|B_DRAM_9_address13   |  out|    5|   ap_memory|               B_DRAM_9|         array|
|B_DRAM_9_ce13        |  out|    1|   ap_memory|               B_DRAM_9|         array|
|B_DRAM_9_q13         |   in|   32|   ap_memory|               B_DRAM_9|         array|
|B_DRAM_9_address14   |  out|    5|   ap_memory|               B_DRAM_9|         array|
|B_DRAM_9_ce14        |  out|    1|   ap_memory|               B_DRAM_9|         array|
|B_DRAM_9_q14         |   in|   32|   ap_memory|               B_DRAM_9|         array|
|B_DRAM_9_address15   |  out|    5|   ap_memory|               B_DRAM_9|         array|
|B_DRAM_9_ce15        |  out|    1|   ap_memory|               B_DRAM_9|         array|
|B_DRAM_9_q15         |   in|   32|   ap_memory|               B_DRAM_9|         array|
|B_DRAM_9_address16   |  out|    5|   ap_memory|               B_DRAM_9|         array|
|B_DRAM_9_ce16        |  out|    1|   ap_memory|               B_DRAM_9|         array|
|B_DRAM_9_q16         |   in|   32|   ap_memory|               B_DRAM_9|         array|
|B_DRAM_10_address0   |  out|    5|   ap_memory|              B_DRAM_10|         array|
|B_DRAM_10_ce0        |  out|    1|   ap_memory|              B_DRAM_10|         array|
|B_DRAM_10_q0         |   in|   32|   ap_memory|              B_DRAM_10|         array|
|B_DRAM_10_address1   |  out|    5|   ap_memory|              B_DRAM_10|         array|
|B_DRAM_10_ce1        |  out|    1|   ap_memory|              B_DRAM_10|         array|
|B_DRAM_10_q1         |   in|   32|   ap_memory|              B_DRAM_10|         array|
|B_DRAM_10_address2   |  out|    5|   ap_memory|              B_DRAM_10|         array|
|B_DRAM_10_ce2        |  out|    1|   ap_memory|              B_DRAM_10|         array|
|B_DRAM_10_q2         |   in|   32|   ap_memory|              B_DRAM_10|         array|
|B_DRAM_10_address3   |  out|    5|   ap_memory|              B_DRAM_10|         array|
|B_DRAM_10_ce3        |  out|    1|   ap_memory|              B_DRAM_10|         array|
|B_DRAM_10_q3         |   in|   32|   ap_memory|              B_DRAM_10|         array|
|B_DRAM_10_address4   |  out|    5|   ap_memory|              B_DRAM_10|         array|
|B_DRAM_10_ce4        |  out|    1|   ap_memory|              B_DRAM_10|         array|
|B_DRAM_10_q4         |   in|   32|   ap_memory|              B_DRAM_10|         array|
|B_DRAM_10_address5   |  out|    5|   ap_memory|              B_DRAM_10|         array|
|B_DRAM_10_ce5        |  out|    1|   ap_memory|              B_DRAM_10|         array|
|B_DRAM_10_q5         |   in|   32|   ap_memory|              B_DRAM_10|         array|
|B_DRAM_10_address6   |  out|    5|   ap_memory|              B_DRAM_10|         array|
|B_DRAM_10_ce6        |  out|    1|   ap_memory|              B_DRAM_10|         array|
|B_DRAM_10_q6         |   in|   32|   ap_memory|              B_DRAM_10|         array|
|B_DRAM_10_address7   |  out|    5|   ap_memory|              B_DRAM_10|         array|
|B_DRAM_10_ce7        |  out|    1|   ap_memory|              B_DRAM_10|         array|
|B_DRAM_10_q7         |   in|   32|   ap_memory|              B_DRAM_10|         array|
|B_DRAM_10_address8   |  out|    5|   ap_memory|              B_DRAM_10|         array|
|B_DRAM_10_ce8        |  out|    1|   ap_memory|              B_DRAM_10|         array|
|B_DRAM_10_q8         |   in|   32|   ap_memory|              B_DRAM_10|         array|
|B_DRAM_10_address9   |  out|    5|   ap_memory|              B_DRAM_10|         array|
|B_DRAM_10_ce9        |  out|    1|   ap_memory|              B_DRAM_10|         array|
|B_DRAM_10_q9         |   in|   32|   ap_memory|              B_DRAM_10|         array|
|B_DRAM_10_address10  |  out|    5|   ap_memory|              B_DRAM_10|         array|
|B_DRAM_10_ce10       |  out|    1|   ap_memory|              B_DRAM_10|         array|
|B_DRAM_10_q10        |   in|   32|   ap_memory|              B_DRAM_10|         array|
|B_DRAM_10_address11  |  out|    5|   ap_memory|              B_DRAM_10|         array|
|B_DRAM_10_ce11       |  out|    1|   ap_memory|              B_DRAM_10|         array|
|B_DRAM_10_q11        |   in|   32|   ap_memory|              B_DRAM_10|         array|
|B_DRAM_10_address12  |  out|    5|   ap_memory|              B_DRAM_10|         array|
|B_DRAM_10_ce12       |  out|    1|   ap_memory|              B_DRAM_10|         array|
|B_DRAM_10_q12        |   in|   32|   ap_memory|              B_DRAM_10|         array|
|B_DRAM_10_address13  |  out|    5|   ap_memory|              B_DRAM_10|         array|
|B_DRAM_10_ce13       |  out|    1|   ap_memory|              B_DRAM_10|         array|
|B_DRAM_10_q13        |   in|   32|   ap_memory|              B_DRAM_10|         array|
|B_DRAM_10_address14  |  out|    5|   ap_memory|              B_DRAM_10|         array|
|B_DRAM_10_ce14       |  out|    1|   ap_memory|              B_DRAM_10|         array|
|B_DRAM_10_q14        |   in|   32|   ap_memory|              B_DRAM_10|         array|
|B_DRAM_10_address15  |  out|    5|   ap_memory|              B_DRAM_10|         array|
|B_DRAM_10_ce15       |  out|    1|   ap_memory|              B_DRAM_10|         array|
|B_DRAM_10_q15        |   in|   32|   ap_memory|              B_DRAM_10|         array|
|B_DRAM_10_address16  |  out|    5|   ap_memory|              B_DRAM_10|         array|
|B_DRAM_10_ce16       |  out|    1|   ap_memory|              B_DRAM_10|         array|
|B_DRAM_10_q16        |   in|   32|   ap_memory|              B_DRAM_10|         array|
|B_DRAM_11_address0   |  out|    5|   ap_memory|              B_DRAM_11|         array|
|B_DRAM_11_ce0        |  out|    1|   ap_memory|              B_DRAM_11|         array|
|B_DRAM_11_q0         |   in|   32|   ap_memory|              B_DRAM_11|         array|
|B_DRAM_11_address1   |  out|    5|   ap_memory|              B_DRAM_11|         array|
|B_DRAM_11_ce1        |  out|    1|   ap_memory|              B_DRAM_11|         array|
|B_DRAM_11_q1         |   in|   32|   ap_memory|              B_DRAM_11|         array|
|B_DRAM_11_address2   |  out|    5|   ap_memory|              B_DRAM_11|         array|
|B_DRAM_11_ce2        |  out|    1|   ap_memory|              B_DRAM_11|         array|
|B_DRAM_11_q2         |   in|   32|   ap_memory|              B_DRAM_11|         array|
|B_DRAM_11_address3   |  out|    5|   ap_memory|              B_DRAM_11|         array|
|B_DRAM_11_ce3        |  out|    1|   ap_memory|              B_DRAM_11|         array|
|B_DRAM_11_q3         |   in|   32|   ap_memory|              B_DRAM_11|         array|
|B_DRAM_11_address4   |  out|    5|   ap_memory|              B_DRAM_11|         array|
|B_DRAM_11_ce4        |  out|    1|   ap_memory|              B_DRAM_11|         array|
|B_DRAM_11_q4         |   in|   32|   ap_memory|              B_DRAM_11|         array|
|B_DRAM_11_address5   |  out|    5|   ap_memory|              B_DRAM_11|         array|
|B_DRAM_11_ce5        |  out|    1|   ap_memory|              B_DRAM_11|         array|
|B_DRAM_11_q5         |   in|   32|   ap_memory|              B_DRAM_11|         array|
|B_DRAM_11_address6   |  out|    5|   ap_memory|              B_DRAM_11|         array|
|B_DRAM_11_ce6        |  out|    1|   ap_memory|              B_DRAM_11|         array|
|B_DRAM_11_q6         |   in|   32|   ap_memory|              B_DRAM_11|         array|
|B_DRAM_11_address7   |  out|    5|   ap_memory|              B_DRAM_11|         array|
|B_DRAM_11_ce7        |  out|    1|   ap_memory|              B_DRAM_11|         array|
|B_DRAM_11_q7         |   in|   32|   ap_memory|              B_DRAM_11|         array|
|B_DRAM_11_address8   |  out|    5|   ap_memory|              B_DRAM_11|         array|
|B_DRAM_11_ce8        |  out|    1|   ap_memory|              B_DRAM_11|         array|
|B_DRAM_11_q8         |   in|   32|   ap_memory|              B_DRAM_11|         array|
|B_DRAM_11_address9   |  out|    5|   ap_memory|              B_DRAM_11|         array|
|B_DRAM_11_ce9        |  out|    1|   ap_memory|              B_DRAM_11|         array|
|B_DRAM_11_q9         |   in|   32|   ap_memory|              B_DRAM_11|         array|
|B_DRAM_11_address10  |  out|    5|   ap_memory|              B_DRAM_11|         array|
|B_DRAM_11_ce10       |  out|    1|   ap_memory|              B_DRAM_11|         array|
|B_DRAM_11_q10        |   in|   32|   ap_memory|              B_DRAM_11|         array|
|B_DRAM_11_address11  |  out|    5|   ap_memory|              B_DRAM_11|         array|
|B_DRAM_11_ce11       |  out|    1|   ap_memory|              B_DRAM_11|         array|
|B_DRAM_11_q11        |   in|   32|   ap_memory|              B_DRAM_11|         array|
|B_DRAM_11_address12  |  out|    5|   ap_memory|              B_DRAM_11|         array|
|B_DRAM_11_ce12       |  out|    1|   ap_memory|              B_DRAM_11|         array|
|B_DRAM_11_q12        |   in|   32|   ap_memory|              B_DRAM_11|         array|
|B_DRAM_11_address13  |  out|    5|   ap_memory|              B_DRAM_11|         array|
|B_DRAM_11_ce13       |  out|    1|   ap_memory|              B_DRAM_11|         array|
|B_DRAM_11_q13        |   in|   32|   ap_memory|              B_DRAM_11|         array|
|B_DRAM_11_address14  |  out|    5|   ap_memory|              B_DRAM_11|         array|
|B_DRAM_11_ce14       |  out|    1|   ap_memory|              B_DRAM_11|         array|
|B_DRAM_11_q14        |   in|   32|   ap_memory|              B_DRAM_11|         array|
|B_DRAM_11_address15  |  out|    5|   ap_memory|              B_DRAM_11|         array|
|B_DRAM_11_ce15       |  out|    1|   ap_memory|              B_DRAM_11|         array|
|B_DRAM_11_q15        |   in|   32|   ap_memory|              B_DRAM_11|         array|
|B_DRAM_11_address16  |  out|    5|   ap_memory|              B_DRAM_11|         array|
|B_DRAM_11_ce16       |  out|    1|   ap_memory|              B_DRAM_11|         array|
|B_DRAM_11_q16        |   in|   32|   ap_memory|              B_DRAM_11|         array|
|B_DRAM_12_address0   |  out|    5|   ap_memory|              B_DRAM_12|         array|
|B_DRAM_12_ce0        |  out|    1|   ap_memory|              B_DRAM_12|         array|
|B_DRAM_12_q0         |   in|   32|   ap_memory|              B_DRAM_12|         array|
|B_DRAM_12_address1   |  out|    5|   ap_memory|              B_DRAM_12|         array|
|B_DRAM_12_ce1        |  out|    1|   ap_memory|              B_DRAM_12|         array|
|B_DRAM_12_q1         |   in|   32|   ap_memory|              B_DRAM_12|         array|
|B_DRAM_12_address2   |  out|    5|   ap_memory|              B_DRAM_12|         array|
|B_DRAM_12_ce2        |  out|    1|   ap_memory|              B_DRAM_12|         array|
|B_DRAM_12_q2         |   in|   32|   ap_memory|              B_DRAM_12|         array|
|B_DRAM_12_address3   |  out|    5|   ap_memory|              B_DRAM_12|         array|
|B_DRAM_12_ce3        |  out|    1|   ap_memory|              B_DRAM_12|         array|
|B_DRAM_12_q3         |   in|   32|   ap_memory|              B_DRAM_12|         array|
|B_DRAM_12_address4   |  out|    5|   ap_memory|              B_DRAM_12|         array|
|B_DRAM_12_ce4        |  out|    1|   ap_memory|              B_DRAM_12|         array|
|B_DRAM_12_q4         |   in|   32|   ap_memory|              B_DRAM_12|         array|
|B_DRAM_12_address5   |  out|    5|   ap_memory|              B_DRAM_12|         array|
|B_DRAM_12_ce5        |  out|    1|   ap_memory|              B_DRAM_12|         array|
|B_DRAM_12_q5         |   in|   32|   ap_memory|              B_DRAM_12|         array|
|B_DRAM_12_address6   |  out|    5|   ap_memory|              B_DRAM_12|         array|
|B_DRAM_12_ce6        |  out|    1|   ap_memory|              B_DRAM_12|         array|
|B_DRAM_12_q6         |   in|   32|   ap_memory|              B_DRAM_12|         array|
|B_DRAM_12_address7   |  out|    5|   ap_memory|              B_DRAM_12|         array|
|B_DRAM_12_ce7        |  out|    1|   ap_memory|              B_DRAM_12|         array|
|B_DRAM_12_q7         |   in|   32|   ap_memory|              B_DRAM_12|         array|
|B_DRAM_12_address8   |  out|    5|   ap_memory|              B_DRAM_12|         array|
|B_DRAM_12_ce8        |  out|    1|   ap_memory|              B_DRAM_12|         array|
|B_DRAM_12_q8         |   in|   32|   ap_memory|              B_DRAM_12|         array|
|B_DRAM_12_address9   |  out|    5|   ap_memory|              B_DRAM_12|         array|
|B_DRAM_12_ce9        |  out|    1|   ap_memory|              B_DRAM_12|         array|
|B_DRAM_12_q9         |   in|   32|   ap_memory|              B_DRAM_12|         array|
|B_DRAM_12_address10  |  out|    5|   ap_memory|              B_DRAM_12|         array|
|B_DRAM_12_ce10       |  out|    1|   ap_memory|              B_DRAM_12|         array|
|B_DRAM_12_q10        |   in|   32|   ap_memory|              B_DRAM_12|         array|
|B_DRAM_12_address11  |  out|    5|   ap_memory|              B_DRAM_12|         array|
|B_DRAM_12_ce11       |  out|    1|   ap_memory|              B_DRAM_12|         array|
|B_DRAM_12_q11        |   in|   32|   ap_memory|              B_DRAM_12|         array|
|B_DRAM_12_address12  |  out|    5|   ap_memory|              B_DRAM_12|         array|
|B_DRAM_12_ce12       |  out|    1|   ap_memory|              B_DRAM_12|         array|
|B_DRAM_12_q12        |   in|   32|   ap_memory|              B_DRAM_12|         array|
|B_DRAM_12_address13  |  out|    5|   ap_memory|              B_DRAM_12|         array|
|B_DRAM_12_ce13       |  out|    1|   ap_memory|              B_DRAM_12|         array|
|B_DRAM_12_q13        |   in|   32|   ap_memory|              B_DRAM_12|         array|
|B_DRAM_12_address14  |  out|    5|   ap_memory|              B_DRAM_12|         array|
|B_DRAM_12_ce14       |  out|    1|   ap_memory|              B_DRAM_12|         array|
|B_DRAM_12_q14        |   in|   32|   ap_memory|              B_DRAM_12|         array|
|B_DRAM_12_address15  |  out|    5|   ap_memory|              B_DRAM_12|         array|
|B_DRAM_12_ce15       |  out|    1|   ap_memory|              B_DRAM_12|         array|
|B_DRAM_12_q15        |   in|   32|   ap_memory|              B_DRAM_12|         array|
|B_DRAM_12_address16  |  out|    5|   ap_memory|              B_DRAM_12|         array|
|B_DRAM_12_ce16       |  out|    1|   ap_memory|              B_DRAM_12|         array|
|B_DRAM_12_q16        |   in|   32|   ap_memory|              B_DRAM_12|         array|
|B_DRAM_13_address0   |  out|    5|   ap_memory|              B_DRAM_13|         array|
|B_DRAM_13_ce0        |  out|    1|   ap_memory|              B_DRAM_13|         array|
|B_DRAM_13_q0         |   in|   32|   ap_memory|              B_DRAM_13|         array|
|B_DRAM_13_address1   |  out|    5|   ap_memory|              B_DRAM_13|         array|
|B_DRAM_13_ce1        |  out|    1|   ap_memory|              B_DRAM_13|         array|
|B_DRAM_13_q1         |   in|   32|   ap_memory|              B_DRAM_13|         array|
|B_DRAM_13_address2   |  out|    5|   ap_memory|              B_DRAM_13|         array|
|B_DRAM_13_ce2        |  out|    1|   ap_memory|              B_DRAM_13|         array|
|B_DRAM_13_q2         |   in|   32|   ap_memory|              B_DRAM_13|         array|
|B_DRAM_13_address3   |  out|    5|   ap_memory|              B_DRAM_13|         array|
|B_DRAM_13_ce3        |  out|    1|   ap_memory|              B_DRAM_13|         array|
|B_DRAM_13_q3         |   in|   32|   ap_memory|              B_DRAM_13|         array|
|B_DRAM_13_address4   |  out|    5|   ap_memory|              B_DRAM_13|         array|
|B_DRAM_13_ce4        |  out|    1|   ap_memory|              B_DRAM_13|         array|
|B_DRAM_13_q4         |   in|   32|   ap_memory|              B_DRAM_13|         array|
|B_DRAM_13_address5   |  out|    5|   ap_memory|              B_DRAM_13|         array|
|B_DRAM_13_ce5        |  out|    1|   ap_memory|              B_DRAM_13|         array|
|B_DRAM_13_q5         |   in|   32|   ap_memory|              B_DRAM_13|         array|
|B_DRAM_13_address6   |  out|    5|   ap_memory|              B_DRAM_13|         array|
|B_DRAM_13_ce6        |  out|    1|   ap_memory|              B_DRAM_13|         array|
|B_DRAM_13_q6         |   in|   32|   ap_memory|              B_DRAM_13|         array|
|B_DRAM_13_address7   |  out|    5|   ap_memory|              B_DRAM_13|         array|
|B_DRAM_13_ce7        |  out|    1|   ap_memory|              B_DRAM_13|         array|
|B_DRAM_13_q7         |   in|   32|   ap_memory|              B_DRAM_13|         array|
|B_DRAM_13_address8   |  out|    5|   ap_memory|              B_DRAM_13|         array|
|B_DRAM_13_ce8        |  out|    1|   ap_memory|              B_DRAM_13|         array|
|B_DRAM_13_q8         |   in|   32|   ap_memory|              B_DRAM_13|         array|
|B_DRAM_13_address9   |  out|    5|   ap_memory|              B_DRAM_13|         array|
|B_DRAM_13_ce9        |  out|    1|   ap_memory|              B_DRAM_13|         array|
|B_DRAM_13_q9         |   in|   32|   ap_memory|              B_DRAM_13|         array|
|B_DRAM_13_address10  |  out|    5|   ap_memory|              B_DRAM_13|         array|
|B_DRAM_13_ce10       |  out|    1|   ap_memory|              B_DRAM_13|         array|
|B_DRAM_13_q10        |   in|   32|   ap_memory|              B_DRAM_13|         array|
|B_DRAM_13_address11  |  out|    5|   ap_memory|              B_DRAM_13|         array|
|B_DRAM_13_ce11       |  out|    1|   ap_memory|              B_DRAM_13|         array|
|B_DRAM_13_q11        |   in|   32|   ap_memory|              B_DRAM_13|         array|
|B_DRAM_13_address12  |  out|    5|   ap_memory|              B_DRAM_13|         array|
|B_DRAM_13_ce12       |  out|    1|   ap_memory|              B_DRAM_13|         array|
|B_DRAM_13_q12        |   in|   32|   ap_memory|              B_DRAM_13|         array|
|B_DRAM_13_address13  |  out|    5|   ap_memory|              B_DRAM_13|         array|
|B_DRAM_13_ce13       |  out|    1|   ap_memory|              B_DRAM_13|         array|
|B_DRAM_13_q13        |   in|   32|   ap_memory|              B_DRAM_13|         array|
|B_DRAM_13_address14  |  out|    5|   ap_memory|              B_DRAM_13|         array|
|B_DRAM_13_ce14       |  out|    1|   ap_memory|              B_DRAM_13|         array|
|B_DRAM_13_q14        |   in|   32|   ap_memory|              B_DRAM_13|         array|
|B_DRAM_13_address15  |  out|    5|   ap_memory|              B_DRAM_13|         array|
|B_DRAM_13_ce15       |  out|    1|   ap_memory|              B_DRAM_13|         array|
|B_DRAM_13_q15        |   in|   32|   ap_memory|              B_DRAM_13|         array|
|B_DRAM_13_address16  |  out|    5|   ap_memory|              B_DRAM_13|         array|
|B_DRAM_13_ce16       |  out|    1|   ap_memory|              B_DRAM_13|         array|
|B_DRAM_13_q16        |   in|   32|   ap_memory|              B_DRAM_13|         array|
|B_DRAM_14_address0   |  out|    5|   ap_memory|              B_DRAM_14|         array|
|B_DRAM_14_ce0        |  out|    1|   ap_memory|              B_DRAM_14|         array|
|B_DRAM_14_q0         |   in|   32|   ap_memory|              B_DRAM_14|         array|
|B_DRAM_14_address1   |  out|    5|   ap_memory|              B_DRAM_14|         array|
|B_DRAM_14_ce1        |  out|    1|   ap_memory|              B_DRAM_14|         array|
|B_DRAM_14_q1         |   in|   32|   ap_memory|              B_DRAM_14|         array|
|B_DRAM_14_address2   |  out|    5|   ap_memory|              B_DRAM_14|         array|
|B_DRAM_14_ce2        |  out|    1|   ap_memory|              B_DRAM_14|         array|
|B_DRAM_14_q2         |   in|   32|   ap_memory|              B_DRAM_14|         array|
|B_DRAM_14_address3   |  out|    5|   ap_memory|              B_DRAM_14|         array|
|B_DRAM_14_ce3        |  out|    1|   ap_memory|              B_DRAM_14|         array|
|B_DRAM_14_q3         |   in|   32|   ap_memory|              B_DRAM_14|         array|
|B_DRAM_14_address4   |  out|    5|   ap_memory|              B_DRAM_14|         array|
|B_DRAM_14_ce4        |  out|    1|   ap_memory|              B_DRAM_14|         array|
|B_DRAM_14_q4         |   in|   32|   ap_memory|              B_DRAM_14|         array|
|B_DRAM_14_address5   |  out|    5|   ap_memory|              B_DRAM_14|         array|
|B_DRAM_14_ce5        |  out|    1|   ap_memory|              B_DRAM_14|         array|
|B_DRAM_14_q5         |   in|   32|   ap_memory|              B_DRAM_14|         array|
|B_DRAM_14_address6   |  out|    5|   ap_memory|              B_DRAM_14|         array|
|B_DRAM_14_ce6        |  out|    1|   ap_memory|              B_DRAM_14|         array|
|B_DRAM_14_q6         |   in|   32|   ap_memory|              B_DRAM_14|         array|
|B_DRAM_14_address7   |  out|    5|   ap_memory|              B_DRAM_14|         array|
|B_DRAM_14_ce7        |  out|    1|   ap_memory|              B_DRAM_14|         array|
|B_DRAM_14_q7         |   in|   32|   ap_memory|              B_DRAM_14|         array|
|B_DRAM_14_address8   |  out|    5|   ap_memory|              B_DRAM_14|         array|
|B_DRAM_14_ce8        |  out|    1|   ap_memory|              B_DRAM_14|         array|
|B_DRAM_14_q8         |   in|   32|   ap_memory|              B_DRAM_14|         array|
|B_DRAM_14_address9   |  out|    5|   ap_memory|              B_DRAM_14|         array|
|B_DRAM_14_ce9        |  out|    1|   ap_memory|              B_DRAM_14|         array|
|B_DRAM_14_q9         |   in|   32|   ap_memory|              B_DRAM_14|         array|
|B_DRAM_14_address10  |  out|    5|   ap_memory|              B_DRAM_14|         array|
|B_DRAM_14_ce10       |  out|    1|   ap_memory|              B_DRAM_14|         array|
|B_DRAM_14_q10        |   in|   32|   ap_memory|              B_DRAM_14|         array|
|B_DRAM_14_address11  |  out|    5|   ap_memory|              B_DRAM_14|         array|
|B_DRAM_14_ce11       |  out|    1|   ap_memory|              B_DRAM_14|         array|
|B_DRAM_14_q11        |   in|   32|   ap_memory|              B_DRAM_14|         array|
|B_DRAM_14_address12  |  out|    5|   ap_memory|              B_DRAM_14|         array|
|B_DRAM_14_ce12       |  out|    1|   ap_memory|              B_DRAM_14|         array|
|B_DRAM_14_q12        |   in|   32|   ap_memory|              B_DRAM_14|         array|
|B_DRAM_14_address13  |  out|    5|   ap_memory|              B_DRAM_14|         array|
|B_DRAM_14_ce13       |  out|    1|   ap_memory|              B_DRAM_14|         array|
|B_DRAM_14_q13        |   in|   32|   ap_memory|              B_DRAM_14|         array|
|B_DRAM_14_address14  |  out|    5|   ap_memory|              B_DRAM_14|         array|
|B_DRAM_14_ce14       |  out|    1|   ap_memory|              B_DRAM_14|         array|
|B_DRAM_14_q14        |   in|   32|   ap_memory|              B_DRAM_14|         array|
|B_DRAM_14_address15  |  out|    5|   ap_memory|              B_DRAM_14|         array|
|B_DRAM_14_ce15       |  out|    1|   ap_memory|              B_DRAM_14|         array|
|B_DRAM_14_q15        |   in|   32|   ap_memory|              B_DRAM_14|         array|
|B_DRAM_14_address16  |  out|    5|   ap_memory|              B_DRAM_14|         array|
|B_DRAM_14_ce16       |  out|    1|   ap_memory|              B_DRAM_14|         array|
|B_DRAM_14_q16        |   in|   32|   ap_memory|              B_DRAM_14|         array|
|B_DRAM_15_address0   |  out|    5|   ap_memory|              B_DRAM_15|         array|
|B_DRAM_15_ce0        |  out|    1|   ap_memory|              B_DRAM_15|         array|
|B_DRAM_15_q0         |   in|   32|   ap_memory|              B_DRAM_15|         array|
|B_DRAM_15_address1   |  out|    5|   ap_memory|              B_DRAM_15|         array|
|B_DRAM_15_ce1        |  out|    1|   ap_memory|              B_DRAM_15|         array|
|B_DRAM_15_q1         |   in|   32|   ap_memory|              B_DRAM_15|         array|
|B_DRAM_15_address2   |  out|    5|   ap_memory|              B_DRAM_15|         array|
|B_DRAM_15_ce2        |  out|    1|   ap_memory|              B_DRAM_15|         array|
|B_DRAM_15_q2         |   in|   32|   ap_memory|              B_DRAM_15|         array|
|B_DRAM_15_address3   |  out|    5|   ap_memory|              B_DRAM_15|         array|
|B_DRAM_15_ce3        |  out|    1|   ap_memory|              B_DRAM_15|         array|
|B_DRAM_15_q3         |   in|   32|   ap_memory|              B_DRAM_15|         array|
|B_DRAM_15_address4   |  out|    5|   ap_memory|              B_DRAM_15|         array|
|B_DRAM_15_ce4        |  out|    1|   ap_memory|              B_DRAM_15|         array|
|B_DRAM_15_q4         |   in|   32|   ap_memory|              B_DRAM_15|         array|
|B_DRAM_15_address5   |  out|    5|   ap_memory|              B_DRAM_15|         array|
|B_DRAM_15_ce5        |  out|    1|   ap_memory|              B_DRAM_15|         array|
|B_DRAM_15_q5         |   in|   32|   ap_memory|              B_DRAM_15|         array|
|B_DRAM_15_address6   |  out|    5|   ap_memory|              B_DRAM_15|         array|
|B_DRAM_15_ce6        |  out|    1|   ap_memory|              B_DRAM_15|         array|
|B_DRAM_15_q6         |   in|   32|   ap_memory|              B_DRAM_15|         array|
|B_DRAM_15_address7   |  out|    5|   ap_memory|              B_DRAM_15|         array|
|B_DRAM_15_ce7        |  out|    1|   ap_memory|              B_DRAM_15|         array|
|B_DRAM_15_q7         |   in|   32|   ap_memory|              B_DRAM_15|         array|
|B_DRAM_15_address8   |  out|    5|   ap_memory|              B_DRAM_15|         array|
|B_DRAM_15_ce8        |  out|    1|   ap_memory|              B_DRAM_15|         array|
|B_DRAM_15_q8         |   in|   32|   ap_memory|              B_DRAM_15|         array|
|B_DRAM_15_address9   |  out|    5|   ap_memory|              B_DRAM_15|         array|
|B_DRAM_15_ce9        |  out|    1|   ap_memory|              B_DRAM_15|         array|
|B_DRAM_15_q9         |   in|   32|   ap_memory|              B_DRAM_15|         array|
|B_DRAM_15_address10  |  out|    5|   ap_memory|              B_DRAM_15|         array|
|B_DRAM_15_ce10       |  out|    1|   ap_memory|              B_DRAM_15|         array|
|B_DRAM_15_q10        |   in|   32|   ap_memory|              B_DRAM_15|         array|
|B_DRAM_15_address11  |  out|    5|   ap_memory|              B_DRAM_15|         array|
|B_DRAM_15_ce11       |  out|    1|   ap_memory|              B_DRAM_15|         array|
|B_DRAM_15_q11        |   in|   32|   ap_memory|              B_DRAM_15|         array|
|B_DRAM_15_address12  |  out|    5|   ap_memory|              B_DRAM_15|         array|
|B_DRAM_15_ce12       |  out|    1|   ap_memory|              B_DRAM_15|         array|
|B_DRAM_15_q12        |   in|   32|   ap_memory|              B_DRAM_15|         array|
|B_DRAM_15_address13  |  out|    5|   ap_memory|              B_DRAM_15|         array|
|B_DRAM_15_ce13       |  out|    1|   ap_memory|              B_DRAM_15|         array|
|B_DRAM_15_q13        |   in|   32|   ap_memory|              B_DRAM_15|         array|
|B_DRAM_15_address14  |  out|    5|   ap_memory|              B_DRAM_15|         array|
|B_DRAM_15_ce14       |  out|    1|   ap_memory|              B_DRAM_15|         array|
|B_DRAM_15_q14        |   in|   32|   ap_memory|              B_DRAM_15|         array|
|B_DRAM_15_address15  |  out|    5|   ap_memory|              B_DRAM_15|         array|
|B_DRAM_15_ce15       |  out|    1|   ap_memory|              B_DRAM_15|         array|
|B_DRAM_15_q15        |   in|   32|   ap_memory|              B_DRAM_15|         array|
|B_DRAM_15_address16  |  out|    5|   ap_memory|              B_DRAM_15|         array|
|B_DRAM_15_ce16       |  out|    1|   ap_memory|              B_DRAM_15|         array|
|B_DRAM_15_q16        |   in|   32|   ap_memory|              B_DRAM_15|         array|
|B_TILE_address0      |  out|    9|   ap_memory|                 B_TILE|         array|
|B_TILE_ce0           |  out|    1|   ap_memory|                 B_TILE|         array|
|B_TILE_we0           |  out|    1|   ap_memory|                 B_TILE|         array|
|B_TILE_d0            |  out|   32|   ap_memory|                 B_TILE|         array|
+---------------------+-----+-----+------------+-----------------------+--------------+

