

================================================================
== Vitis HLS Report for 'loadTilesBFromDRAM3'
================================================================
* Date:           Wed Jul  1 18:24:13 2026

* Version:        2023.2 (Build 4023990 on Oct 11 2023)
* Project:        hls_project
* Solution:       gemm2 (Vitis Kernel Flow Target)
* Product family: versalaicore
* Target device:  xcvc1902-vsva2197-2MP-e-S


================================================================
== Performance Estimates
================================================================
+ Timing: 
    * Summary: 
    +--------+---------+----------+------------+
    |  Clock |  Target | Estimated| Uncertainty|
    +--------+---------+----------+------------+
    |ap_clk  |  3.33 ns|  1.492 ns|     0.90 ns|
    +--------+---------+----------+------------+

+ Latency: 
    * Summary: 
    +---------+---------+-----------+-----------+-----+-----+----------+
    |  Latency (cycles) |   Latency (absolute)  |  Interval | Pipeline |
    |   min   |   max   |    min    |    max    | min | max |   Type   |
    +---------+---------+-----------+-----------+-----+-----+----------+
    |       19|       19|  63.327 ns|  63.327 ns|   20|   20|  dataflow|
    +---------+---------+-----------+-----------+-----+-----+----------+

    + Detail: 
        * Instance: 
        +-------------------------+----------------------+---------+---------+-----------+-----------+-----+-----+---------+
        |                         |                      |  Latency (cycles) |   Latency (absolute)  |  Interval | Pipeline|
        |         Instance        |        Module        |   min   |   max   |    min    |    max    | min | max |   Type  |
        +-------------------------+----------------------+---------+---------+-----------+-----------+-----+-----+---------+
        |loadTileBFromDRAM8_U0    |loadTileBFromDRAM8    |       19|       19|  63.327 ns|  63.327 ns|   19|   19|       no|
        |loadTileBFromDRAM_19_U0  |loadTileBFromDRAM_19  |       19|       19|  63.327 ns|  63.327 ns|   19|   19|       no|
        +-------------------------+----------------------+---------+---------+-----------+-----------+-----+-----+---------+

        * Loop: 
        N/A



================================================================
== Utilization Estimates
================================================================
* Summary: 
+-----------------+---------+------+---------+--------+-----+
|       Name      | BRAM_18K|  DSP |    FF   |   LUT  | URAM|
+-----------------+---------+------+---------+--------+-----+
|DSP              |        -|     -|        -|       -|    -|
|Expression       |        -|     -|        0|      16|    -|
|FIFO             |        -|     -|        -|       -|    -|
|Instance         |        -|     -|    98324|   45460|    -|
|Memory           |        -|     -|        -|       -|    -|
|Multiplexer      |        -|     -|        -|       4|    -|
|Register         |        -|     -|        2|       -|    -|
+-----------------+---------+------+---------+--------+-----+
|Total            |        0|     0|    98326|   45480|    0|
+-----------------+---------+------+---------+--------+-----+
|Available        |     1934|  1968|  1799680|  899840|  463|
+-----------------+---------+------+---------+--------+-----+
|Utilization (%)  |        0|     0|        5|       5|    0|
+-----------------+---------+------+---------+--------+-----+

+ Detail: 
    * Instance: 
    +-------------------------+----------------------+---------+----+-------+-------+-----+
    |         Instance        |        Module        | BRAM_18K| DSP|   FF  |  LUT  | URAM|
    +-------------------------+----------------------+---------+----+-------+-------+-----+
    |loadTileBFromDRAM8_U0    |loadTileBFromDRAM8    |        0|   0|  49162|  22730|    0|
    |loadTileBFromDRAM_19_U0  |loadTileBFromDRAM_19  |        0|   0|  49162|  22730|    0|
    +-------------------------+----------------------+---------+----+-------+-------+-----+
    |Total                    |                      |        0|   0|  98324|  45460|    0|
    +-------------------------+----------------------+---------+----+-------+-------+-----+

    * DSP: 
    N/A

    * Memory: 
    N/A

    * FIFO: 
    N/A

    * Expression: 
    +------------------------------------------+----------+----+---+----+------------+------------+
    |               Variable Name              | Operation| DSP| FF| LUT| Bitwidth P0| Bitwidth P1|
    +------------------------------------------+----------+----+---+----+------------+------------+
    |ap_idle                                   |       and|   0|  0|   2|           1|           1|
    |ap_sync_continue                          |       and|   0|  0|   2|           1|           1|
    |ap_sync_done                              |       and|   0|  0|   2|           1|           1|
    |ap_sync_ready                             |       and|   0|  0|   2|           1|           1|
    |loadTileBFromDRAM8_U0_ap_start            |       and|   0|  0|   2|           1|           1|
    |loadTileBFromDRAM_19_U0_ap_start          |       and|   0|  0|   2|           1|           1|
    |ap_sync_loadTileBFromDRAM8_U0_ap_ready    |        or|   0|  0|   2|           1|           1|
    |ap_sync_loadTileBFromDRAM_19_U0_ap_ready  |        or|   0|  0|   2|           1|           1|
    +------------------------------------------+----------+----+---+----+------------+------------+
    |Total                                     |          |   0|  0|  16|           8|           8|
    +------------------------------------------+----------+----+---+----+------------+------------+

    * Multiplexer: 
    +----------------------------------------------+----+-----------+-----+-----------+
    |                     Name                     | LUT| Input Size| Bits| Total Bits|
    +----------------------------------------------+----+-----------+-----+-----------+
    |ap_sync_reg_loadTileBFromDRAM8_U0_ap_ready    |   2|          2|    1|          2|
    |ap_sync_reg_loadTileBFromDRAM_19_U0_ap_ready  |   2|          2|    1|          2|
    +----------------------------------------------+----+-----------+-----+-----------+
    |Total                                         |   4|          4|    2|          4|
    +----------------------------------------------+----+-----------+-----+-----------+

    * Register: 
    +----------------------------------------------+---+----+-----+-----------+
    |                     Name                     | FF| LUT| Bits| Const Bits|
    +----------------------------------------------+---+----+-----+-----------+
    |ap_sync_reg_loadTileBFromDRAM8_U0_ap_ready    |  1|   0|    1|          0|
    |ap_sync_reg_loadTileBFromDRAM_19_U0_ap_ready  |  1|   0|    1|          0|
    +----------------------------------------------+---+----+-----+-----------+
    |Total                                         |  2|   0|    2|          0|
    +----------------------------------------------+---+----+-----+-----------+



================================================================
== Interface
================================================================
* Summary: 
+----------------------------+-----+-----+------------+---------------------+--------------+
|          RTL Ports         | Dir | Bits|  Protocol  |    Source Object    |    C Type    |
+----------------------------+-----+-----+------------+---------------------+--------------+
|B_DRAM_0_0_address0         |  out|    5|   ap_memory|           B_DRAM_0_0|         array|
|B_DRAM_0_0_ce0              |  out|    1|   ap_memory|           B_DRAM_0_0|         array|
|B_DRAM_0_0_d0               |  out|   32|   ap_memory|           B_DRAM_0_0|         array|
|B_DRAM_0_0_q0               |   in|   32|   ap_memory|           B_DRAM_0_0|         array|
|B_DRAM_0_0_we0              |  out|    1|   ap_memory|           B_DRAM_0_0|         array|
|B_DRAM_0_0_address1         |  out|    5|   ap_memory|           B_DRAM_0_0|         array|
|B_DRAM_0_0_ce1              |  out|    1|   ap_memory|           B_DRAM_0_0|         array|
|B_DRAM_0_0_d1               |  out|   32|   ap_memory|           B_DRAM_0_0|         array|
|B_DRAM_0_0_q1               |   in|   32|   ap_memory|           B_DRAM_0_0|         array|
|B_DRAM_0_0_we1              |  out|    1|   ap_memory|           B_DRAM_0_0|         array|
|B_DRAM_0_0_address2         |  out|    5|   ap_memory|           B_DRAM_0_0|         array|
|B_DRAM_0_0_ce2              |  out|    1|   ap_memory|           B_DRAM_0_0|         array|
|B_DRAM_0_0_d2               |  out|   32|   ap_memory|           B_DRAM_0_0|         array|
|B_DRAM_0_0_q2               |   in|   32|   ap_memory|           B_DRAM_0_0|         array|
|B_DRAM_0_0_we2              |  out|    1|   ap_memory|           B_DRAM_0_0|         array|
|B_DRAM_0_0_address3         |  out|    5|   ap_memory|           B_DRAM_0_0|         array|
|B_DRAM_0_0_ce3              |  out|    1|   ap_memory|           B_DRAM_0_0|         array|
|B_DRAM_0_0_d3               |  out|   32|   ap_memory|           B_DRAM_0_0|         array|
|B_DRAM_0_0_q3               |   in|   32|   ap_memory|           B_DRAM_0_0|         array|
|B_DRAM_0_0_we3              |  out|    1|   ap_memory|           B_DRAM_0_0|         array|
|B_DRAM_0_0_address4         |  out|    5|   ap_memory|           B_DRAM_0_0|         array|
|B_DRAM_0_0_ce4              |  out|    1|   ap_memory|           B_DRAM_0_0|         array|
|B_DRAM_0_0_d4               |  out|   32|   ap_memory|           B_DRAM_0_0|         array|
|B_DRAM_0_0_q4               |   in|   32|   ap_memory|           B_DRAM_0_0|         array|
|B_DRAM_0_0_we4              |  out|    1|   ap_memory|           B_DRAM_0_0|         array|
|B_DRAM_0_0_address5         |  out|    5|   ap_memory|           B_DRAM_0_0|         array|
|B_DRAM_0_0_ce5              |  out|    1|   ap_memory|           B_DRAM_0_0|         array|
|B_DRAM_0_0_d5               |  out|   32|   ap_memory|           B_DRAM_0_0|         array|
|B_DRAM_0_0_q5               |   in|   32|   ap_memory|           B_DRAM_0_0|         array|
|B_DRAM_0_0_we5              |  out|    1|   ap_memory|           B_DRAM_0_0|         array|
|B_DRAM_0_0_address6         |  out|    5|   ap_memory|           B_DRAM_0_0|         array|
|B_DRAM_0_0_ce6              |  out|    1|   ap_memory|           B_DRAM_0_0|         array|
|B_DRAM_0_0_d6               |  out|   32|   ap_memory|           B_DRAM_0_0|         array|
|B_DRAM_0_0_q6               |   in|   32|   ap_memory|           B_DRAM_0_0|         array|
|B_DRAM_0_0_we6              |  out|    1|   ap_memory|           B_DRAM_0_0|         array|
|B_DRAM_0_0_address7         |  out|    5|   ap_memory|           B_DRAM_0_0|         array|
|B_DRAM_0_0_ce7              |  out|    1|   ap_memory|           B_DRAM_0_0|         array|
|B_DRAM_0_0_d7               |  out|   32|   ap_memory|           B_DRAM_0_0|         array|
|B_DRAM_0_0_q7               |   in|   32|   ap_memory|           B_DRAM_0_0|         array|
|B_DRAM_0_0_we7              |  out|    1|   ap_memory|           B_DRAM_0_0|         array|
|B_DRAM_0_0_address8         |  out|    5|   ap_memory|           B_DRAM_0_0|         array|
|B_DRAM_0_0_ce8              |  out|    1|   ap_memory|           B_DRAM_0_0|         array|
|B_DRAM_0_0_d8               |  out|   32|   ap_memory|           B_DRAM_0_0|         array|
|B_DRAM_0_0_q8               |   in|   32|   ap_memory|           B_DRAM_0_0|         array|
|B_DRAM_0_0_we8              |  out|    1|   ap_memory|           B_DRAM_0_0|         array|
|B_DRAM_0_0_address9         |  out|    5|   ap_memory|           B_DRAM_0_0|         array|
|B_DRAM_0_0_ce9              |  out|    1|   ap_memory|           B_DRAM_0_0|         array|
|B_DRAM_0_0_d9               |  out|   32|   ap_memory|           B_DRAM_0_0|         array|
|B_DRAM_0_0_q9               |   in|   32|   ap_memory|           B_DRAM_0_0|         array|
|B_DRAM_0_0_we9              |  out|    1|   ap_memory|           B_DRAM_0_0|         array|
|B_DRAM_0_0_address10        |  out|    5|   ap_memory|           B_DRAM_0_0|         array|
|B_DRAM_0_0_ce10             |  out|    1|   ap_memory|           B_DRAM_0_0|         array|
|B_DRAM_0_0_d10              |  out|   32|   ap_memory|           B_DRAM_0_0|         array|
|B_DRAM_0_0_q10              |   in|   32|   ap_memory|           B_DRAM_0_0|         array|
|B_DRAM_0_0_we10             |  out|    1|   ap_memory|           B_DRAM_0_0|         array|
|B_DRAM_0_0_address11        |  out|    5|   ap_memory|           B_DRAM_0_0|         array|
|B_DRAM_0_0_ce11             |  out|    1|   ap_memory|           B_DRAM_0_0|         array|
|B_DRAM_0_0_d11              |  out|   32|   ap_memory|           B_DRAM_0_0|         array|
|B_DRAM_0_0_q11              |   in|   32|   ap_memory|           B_DRAM_0_0|         array|
|B_DRAM_0_0_we11             |  out|    1|   ap_memory|           B_DRAM_0_0|         array|
|B_DRAM_0_0_address12        |  out|    5|   ap_memory|           B_DRAM_0_0|         array|
|B_DRAM_0_0_ce12             |  out|    1|   ap_memory|           B_DRAM_0_0|         array|
|B_DRAM_0_0_d12              |  out|   32|   ap_memory|           B_DRAM_0_0|         array|
|B_DRAM_0_0_q12              |   in|   32|   ap_memory|           B_DRAM_0_0|         array|
|B_DRAM_0_0_we12             |  out|    1|   ap_memory|           B_DRAM_0_0|         array|
|B_DRAM_0_0_address13        |  out|    5|   ap_memory|           B_DRAM_0_0|         array|
|B_DRAM_0_0_ce13             |  out|    1|   ap_memory|           B_DRAM_0_0|         array|
|B_DRAM_0_0_d13              |  out|   32|   ap_memory|           B_DRAM_0_0|         array|
|B_DRAM_0_0_q13              |   in|   32|   ap_memory|           B_DRAM_0_0|         array|
|B_DRAM_0_0_we13             |  out|    1|   ap_memory|           B_DRAM_0_0|         array|
|B_DRAM_0_0_address14        |  out|    5|   ap_memory|           B_DRAM_0_0|         array|
|B_DRAM_0_0_ce14             |  out|    1|   ap_memory|           B_DRAM_0_0|         array|
|B_DRAM_0_0_d14              |  out|   32|   ap_memory|           B_DRAM_0_0|         array|
|B_DRAM_0_0_q14              |   in|   32|   ap_memory|           B_DRAM_0_0|         array|
|B_DRAM_0_0_we14             |  out|    1|   ap_memory|           B_DRAM_0_0|         array|
|B_DRAM_0_0_address15        |  out|    5|   ap_memory|           B_DRAM_0_0|         array|
|B_DRAM_0_0_ce15             |  out|    1|   ap_memory|           B_DRAM_0_0|         array|
|B_DRAM_0_0_d15              |  out|   32|   ap_memory|           B_DRAM_0_0|         array|
|B_DRAM_0_0_q15              |   in|   32|   ap_memory|           B_DRAM_0_0|         array|
|B_DRAM_0_0_we15             |  out|    1|   ap_memory|           B_DRAM_0_0|         array|
|B_DRAM_0_0_address16        |  out|    5|   ap_memory|           B_DRAM_0_0|         array|
|B_DRAM_0_0_ce16             |  out|    1|   ap_memory|           B_DRAM_0_0|         array|
|B_DRAM_0_0_d16              |  out|   32|   ap_memory|           B_DRAM_0_0|         array|
|B_DRAM_0_0_q16              |   in|   32|   ap_memory|           B_DRAM_0_0|         array|
|B_DRAM_0_0_we16             |  out|    1|   ap_memory|           B_DRAM_0_0|         array|
|B_DRAM_0_1_address0         |  out|    5|   ap_memory|           B_DRAM_0_1|         array|
|B_DRAM_0_1_ce0              |  out|    1|   ap_memory|           B_DRAM_0_1|         array|
|B_DRAM_0_1_d0               |  out|   32|   ap_memory|           B_DRAM_0_1|         array|
|B_DRAM_0_1_q0               |   in|   32|   ap_memory|           B_DRAM_0_1|         array|
|B_DRAM_0_1_we0              |  out|    1|   ap_memory|           B_DRAM_0_1|         array|
|B_DRAM_0_1_address1         |  out|    5|   ap_memory|           B_DRAM_0_1|         array|
|B_DRAM_0_1_ce1              |  out|    1|   ap_memory|           B_DRAM_0_1|         array|
|B_DRAM_0_1_d1               |  out|   32|   ap_memory|           B_DRAM_0_1|         array|
|B_DRAM_0_1_q1               |   in|   32|   ap_memory|           B_DRAM_0_1|         array|
|B_DRAM_0_1_we1              |  out|    1|   ap_memory|           B_DRAM_0_1|         array|
|B_DRAM_0_1_address2         |  out|    5|   ap_memory|           B_DRAM_0_1|         array|
|B_DRAM_0_1_ce2              |  out|    1|   ap_memory|           B_DRAM_0_1|         array|
|B_DRAM_0_1_d2               |  out|   32|   ap_memory|           B_DRAM_0_1|         array|
|B_DRAM_0_1_q2               |   in|   32|   ap_memory|           B_DRAM_0_1|         array|
|B_DRAM_0_1_we2              |  out|    1|   ap_memory|           B_DRAM_0_1|         array|
|B_DRAM_0_1_address3         |  out|    5|   ap_memory|           B_DRAM_0_1|         array|
|B_DRAM_0_1_ce3              |  out|    1|   ap_memory|           B_DRAM_0_1|         array|
|B_DRAM_0_1_d3               |  out|   32|   ap_memory|           B_DRAM_0_1|         array|
|B_DRAM_0_1_q3               |   in|   32|   ap_memory|           B_DRAM_0_1|         array|
|B_DRAM_0_1_we3              |  out|    1|   ap_memory|           B_DRAM_0_1|         array|
|B_DRAM_0_1_address4         |  out|    5|   ap_memory|           B_DRAM_0_1|         array|
|B_DRAM_0_1_ce4              |  out|    1|   ap_memory|           B_DRAM_0_1|         array|
|B_DRAM_0_1_d4               |  out|   32|   ap_memory|           B_DRAM_0_1|         array|
|B_DRAM_0_1_q4               |   in|   32|   ap_memory|           B_DRAM_0_1|         array|
|B_DRAM_0_1_we4              |  out|    1|   ap_memory|           B_DRAM_0_1|         array|
|B_DRAM_0_1_address5         |  out|    5|   ap_memory|           B_DRAM_0_1|         array|
|B_DRAM_0_1_ce5              |  out|    1|   ap_memory|           B_DRAM_0_1|         array|
|B_DRAM_0_1_d5               |  out|   32|   ap_memory|           B_DRAM_0_1|         array|
|B_DRAM_0_1_q5               |   in|   32|   ap_memory|           B_DRAM_0_1|         array|
|B_DRAM_0_1_we5              |  out|    1|   ap_memory|           B_DRAM_0_1|         array|
|B_DRAM_0_1_address6         |  out|    5|   ap_memory|           B_DRAM_0_1|         array|
|B_DRAM_0_1_ce6              |  out|    1|   ap_memory|           B_DRAM_0_1|         array|
|B_DRAM_0_1_d6               |  out|   32|   ap_memory|           B_DRAM_0_1|         array|
|B_DRAM_0_1_q6               |   in|   32|   ap_memory|           B_DRAM_0_1|         array|
|B_DRAM_0_1_we6              |  out|    1|   ap_memory|           B_DRAM_0_1|         array|
|B_DRAM_0_1_address7         |  out|    5|   ap_memory|           B_DRAM_0_1|         array|
|B_DRAM_0_1_ce7              |  out|    1|   ap_memory|           B_DRAM_0_1|         array|
|B_DRAM_0_1_d7               |  out|   32|   ap_memory|           B_DRAM_0_1|         array|
|B_DRAM_0_1_q7               |   in|   32|   ap_memory|           B_DRAM_0_1|         array|
|B_DRAM_0_1_we7              |  out|    1|   ap_memory|           B_DRAM_0_1|         array|
|B_DRAM_0_1_address8         |  out|    5|   ap_memory|           B_DRAM_0_1|         array|
|B_DRAM_0_1_ce8              |  out|    1|   ap_memory|           B_DRAM_0_1|         array|
|B_DRAM_0_1_d8               |  out|   32|   ap_memory|           B_DRAM_0_1|         array|
|B_DRAM_0_1_q8               |   in|   32|   ap_memory|           B_DRAM_0_1|         array|
|B_DRAM_0_1_we8              |  out|    1|   ap_memory|           B_DRAM_0_1|         array|
|B_DRAM_0_1_address9         |  out|    5|   ap_memory|           B_DRAM_0_1|         array|
|B_DRAM_0_1_ce9              |  out|    1|   ap_memory|           B_DRAM_0_1|         array|
|B_DRAM_0_1_d9               |  out|   32|   ap_memory|           B_DRAM_0_1|         array|
|B_DRAM_0_1_q9               |   in|   32|   ap_memory|           B_DRAM_0_1|         array|
|B_DRAM_0_1_we9              |  out|    1|   ap_memory|           B_DRAM_0_1|         array|
|B_DRAM_0_1_address10        |  out|    5|   ap_memory|           B_DRAM_0_1|         array|
|B_DRAM_0_1_ce10             |  out|    1|   ap_memory|           B_DRAM_0_1|         array|
|B_DRAM_0_1_d10              |  out|   32|   ap_memory|           B_DRAM_0_1|         array|
|B_DRAM_0_1_q10              |   in|   32|   ap_memory|           B_DRAM_0_1|         array|
|B_DRAM_0_1_we10             |  out|    1|   ap_memory|           B_DRAM_0_1|         array|
|B_DRAM_0_1_address11        |  out|    5|   ap_memory|           B_DRAM_0_1|         array|
|B_DRAM_0_1_ce11             |  out|    1|   ap_memory|           B_DRAM_0_1|         array|
|B_DRAM_0_1_d11              |  out|   32|   ap_memory|           B_DRAM_0_1|         array|
|B_DRAM_0_1_q11              |   in|   32|   ap_memory|           B_DRAM_0_1|         array|
|B_DRAM_0_1_we11             |  out|    1|   ap_memory|           B_DRAM_0_1|         array|
|B_DRAM_0_1_address12        |  out|    5|   ap_memory|           B_DRAM_0_1|         array|
|B_DRAM_0_1_ce12             |  out|    1|   ap_memory|           B_DRAM_0_1|         array|
|B_DRAM_0_1_d12              |  out|   32|   ap_memory|           B_DRAM_0_1|         array|
|B_DRAM_0_1_q12              |   in|   32|   ap_memory|           B_DRAM_0_1|         array|
|B_DRAM_0_1_we12             |  out|    1|   ap_memory|           B_DRAM_0_1|         array|
|B_DRAM_0_1_address13        |  out|    5|   ap_memory|           B_DRAM_0_1|         array|
|B_DRAM_0_1_ce13             |  out|    1|   ap_memory|           B_DRAM_0_1|         array|
|B_DRAM_0_1_d13              |  out|   32|   ap_memory|           B_DRAM_0_1|         array|
|B_DRAM_0_1_q13              |   in|   32|   ap_memory|           B_DRAM_0_1|         array|
|B_DRAM_0_1_we13             |  out|    1|   ap_memory|           B_DRAM_0_1|         array|
|B_DRAM_0_1_address14        |  out|    5|   ap_memory|           B_DRAM_0_1|         array|
|B_DRAM_0_1_ce14             |  out|    1|   ap_memory|           B_DRAM_0_1|         array|
|B_DRAM_0_1_d14              |  out|   32|   ap_memory|           B_DRAM_0_1|         array|
|B_DRAM_0_1_q14              |   in|   32|   ap_memory|           B_DRAM_0_1|         array|
|B_DRAM_0_1_we14             |  out|    1|   ap_memory|           B_DRAM_0_1|         array|
|B_DRAM_0_1_address15        |  out|    5|   ap_memory|           B_DRAM_0_1|         array|
|B_DRAM_0_1_ce15             |  out|    1|   ap_memory|           B_DRAM_0_1|         array|
|B_DRAM_0_1_d15              |  out|   32|   ap_memory|           B_DRAM_0_1|         array|
|B_DRAM_0_1_q15              |   in|   32|   ap_memory|           B_DRAM_0_1|         array|
|B_DRAM_0_1_we15             |  out|    1|   ap_memory|           B_DRAM_0_1|         array|
|B_DRAM_0_1_address16        |  out|    5|   ap_memory|           B_DRAM_0_1|         array|
|B_DRAM_0_1_ce16             |  out|    1|   ap_memory|           B_DRAM_0_1|         array|
|B_DRAM_0_1_d16              |  out|   32|   ap_memory|           B_DRAM_0_1|         array|
|B_DRAM_0_1_q16              |   in|   32|   ap_memory|           B_DRAM_0_1|         array|
|B_DRAM_0_1_we16             |  out|    1|   ap_memory|           B_DRAM_0_1|         array|
|B_DRAM_0_2_address0         |  out|    5|   ap_memory|           B_DRAM_0_2|         array|
|B_DRAM_0_2_ce0              |  out|    1|   ap_memory|           B_DRAM_0_2|         array|
|B_DRAM_0_2_d0               |  out|   32|   ap_memory|           B_DRAM_0_2|         array|
|B_DRAM_0_2_q0               |   in|   32|   ap_memory|           B_DRAM_0_2|         array|
|B_DRAM_0_2_we0              |  out|    1|   ap_memory|           B_DRAM_0_2|         array|
|B_DRAM_0_2_address1         |  out|    5|   ap_memory|           B_DRAM_0_2|         array|
|B_DRAM_0_2_ce1              |  out|    1|   ap_memory|           B_DRAM_0_2|         array|
|B_DRAM_0_2_d1               |  out|   32|   ap_memory|           B_DRAM_0_2|         array|
|B_DRAM_0_2_q1               |   in|   32|   ap_memory|           B_DRAM_0_2|         array|
|B_DRAM_0_2_we1              |  out|    1|   ap_memory|           B_DRAM_0_2|         array|
|B_DRAM_0_2_address2         |  out|    5|   ap_memory|           B_DRAM_0_2|         array|
|B_DRAM_0_2_ce2              |  out|    1|   ap_memory|           B_DRAM_0_2|         array|
|B_DRAM_0_2_d2               |  out|   32|   ap_memory|           B_DRAM_0_2|         array|
|B_DRAM_0_2_q2               |   in|   32|   ap_memory|           B_DRAM_0_2|         array|
|B_DRAM_0_2_we2              |  out|    1|   ap_memory|           B_DRAM_0_2|         array|
|B_DRAM_0_2_address3         |  out|    5|   ap_memory|           B_DRAM_0_2|         array|
|B_DRAM_0_2_ce3              |  out|    1|   ap_memory|           B_DRAM_0_2|         array|
|B_DRAM_0_2_d3               |  out|   32|   ap_memory|           B_DRAM_0_2|         array|
|B_DRAM_0_2_q3               |   in|   32|   ap_memory|           B_DRAM_0_2|         array|
|B_DRAM_0_2_we3              |  out|    1|   ap_memory|           B_DRAM_0_2|         array|
|B_DRAM_0_2_address4         |  out|    5|   ap_memory|           B_DRAM_0_2|         array|
|B_DRAM_0_2_ce4              |  out|    1|   ap_memory|           B_DRAM_0_2|         array|
|B_DRAM_0_2_d4               |  out|   32|   ap_memory|           B_DRAM_0_2|         array|
|B_DRAM_0_2_q4               |   in|   32|   ap_memory|           B_DRAM_0_2|         array|
|B_DRAM_0_2_we4              |  out|    1|   ap_memory|           B_DRAM_0_2|         array|
|B_DRAM_0_2_address5         |  out|    5|   ap_memory|           B_DRAM_0_2|         array|
|B_DRAM_0_2_ce5              |  out|    1|   ap_memory|           B_DRAM_0_2|         array|
|B_DRAM_0_2_d5               |  out|   32|   ap_memory|           B_DRAM_0_2|         array|
|B_DRAM_0_2_q5               |   in|   32|   ap_memory|           B_DRAM_0_2|         array|
|B_DRAM_0_2_we5              |  out|    1|   ap_memory|           B_DRAM_0_2|         array|
|B_DRAM_0_2_address6         |  out|    5|   ap_memory|           B_DRAM_0_2|         array|
|B_DRAM_0_2_ce6              |  out|    1|   ap_memory|           B_DRAM_0_2|         array|
|B_DRAM_0_2_d6               |  out|   32|   ap_memory|           B_DRAM_0_2|         array|
|B_DRAM_0_2_q6               |   in|   32|   ap_memory|           B_DRAM_0_2|         array|
|B_DRAM_0_2_we6              |  out|    1|   ap_memory|           B_DRAM_0_2|         array|
|B_DRAM_0_2_address7         |  out|    5|   ap_memory|           B_DRAM_0_2|         array|
|B_DRAM_0_2_ce7              |  out|    1|   ap_memory|           B_DRAM_0_2|         array|
|B_DRAM_0_2_d7               |  out|   32|   ap_memory|           B_DRAM_0_2|         array|
|B_DRAM_0_2_q7               |   in|   32|   ap_memory|           B_DRAM_0_2|         array|
|B_DRAM_0_2_we7              |  out|    1|   ap_memory|           B_DRAM_0_2|         array|
|B_DRAM_0_2_address8         |  out|    5|   ap_memory|           B_DRAM_0_2|         array|
|B_DRAM_0_2_ce8              |  out|    1|   ap_memory|           B_DRAM_0_2|         array|
|B_DRAM_0_2_d8               |  out|   32|   ap_memory|           B_DRAM_0_2|         array|
|B_DRAM_0_2_q8               |   in|   32|   ap_memory|           B_DRAM_0_2|         array|
|B_DRAM_0_2_we8              |  out|    1|   ap_memory|           B_DRAM_0_2|         array|
|B_DRAM_0_2_address9         |  out|    5|   ap_memory|           B_DRAM_0_2|         array|
|B_DRAM_0_2_ce9              |  out|    1|   ap_memory|           B_DRAM_0_2|         array|
|B_DRAM_0_2_d9               |  out|   32|   ap_memory|           B_DRAM_0_2|         array|
|B_DRAM_0_2_q9               |   in|   32|   ap_memory|           B_DRAM_0_2|         array|
|B_DRAM_0_2_we9              |  out|    1|   ap_memory|           B_DRAM_0_2|         array|
|B_DRAM_0_2_address10        |  out|    5|   ap_memory|           B_DRAM_0_2|         array|
|B_DRAM_0_2_ce10             |  out|    1|   ap_memory|           B_DRAM_0_2|         array|
|B_DRAM_0_2_d10              |  out|   32|   ap_memory|           B_DRAM_0_2|         array|
|B_DRAM_0_2_q10              |   in|   32|   ap_memory|           B_DRAM_0_2|         array|
|B_DRAM_0_2_we10             |  out|    1|   ap_memory|           B_DRAM_0_2|         array|
|B_DRAM_0_2_address11        |  out|    5|   ap_memory|           B_DRAM_0_2|         array|
|B_DRAM_0_2_ce11             |  out|    1|   ap_memory|           B_DRAM_0_2|         array|
|B_DRAM_0_2_d11              |  out|   32|   ap_memory|           B_DRAM_0_2|         array|
|B_DRAM_0_2_q11              |   in|   32|   ap_memory|           B_DRAM_0_2|         array|
|B_DRAM_0_2_we11             |  out|    1|   ap_memory|           B_DRAM_0_2|         array|
|B_DRAM_0_2_address12        |  out|    5|   ap_memory|           B_DRAM_0_2|         array|
|B_DRAM_0_2_ce12             |  out|    1|   ap_memory|           B_DRAM_0_2|         array|
|B_DRAM_0_2_d12              |  out|   32|   ap_memory|           B_DRAM_0_2|         array|
|B_DRAM_0_2_q12              |   in|   32|   ap_memory|           B_DRAM_0_2|         array|
|B_DRAM_0_2_we12             |  out|    1|   ap_memory|           B_DRAM_0_2|         array|
|B_DRAM_0_2_address13        |  out|    5|   ap_memory|           B_DRAM_0_2|         array|
|B_DRAM_0_2_ce13             |  out|    1|   ap_memory|           B_DRAM_0_2|         array|
|B_DRAM_0_2_d13              |  out|   32|   ap_memory|           B_DRAM_0_2|         array|
|B_DRAM_0_2_q13              |   in|   32|   ap_memory|           B_DRAM_0_2|         array|
|B_DRAM_0_2_we13             |  out|    1|   ap_memory|           B_DRAM_0_2|         array|
|B_DRAM_0_2_address14        |  out|    5|   ap_memory|           B_DRAM_0_2|         array|
|B_DRAM_0_2_ce14             |  out|    1|   ap_memory|           B_DRAM_0_2|         array|
|B_DRAM_0_2_d14              |  out|   32|   ap_memory|           B_DRAM_0_2|         array|
|B_DRAM_0_2_q14              |   in|   32|   ap_memory|           B_DRAM_0_2|         array|
|B_DRAM_0_2_we14             |  out|    1|   ap_memory|           B_DRAM_0_2|         array|
|B_DRAM_0_2_address15        |  out|    5|   ap_memory|           B_DRAM_0_2|         array|
|B_DRAM_0_2_ce15             |  out|    1|   ap_memory|           B_DRAM_0_2|         array|
|B_DRAM_0_2_d15              |  out|   32|   ap_memory|           B_DRAM_0_2|         array|
|B_DRAM_0_2_q15              |   in|   32|   ap_memory|           B_DRAM_0_2|         array|
|B_DRAM_0_2_we15             |  out|    1|   ap_memory|           B_DRAM_0_2|         array|
|B_DRAM_0_2_address16        |  out|    5|   ap_memory|           B_DRAM_0_2|         array|
|B_DRAM_0_2_ce16             |  out|    1|   ap_memory|           B_DRAM_0_2|         array|
|B_DRAM_0_2_d16              |  out|   32|   ap_memory|           B_DRAM_0_2|         array|
|B_DRAM_0_2_q16              |   in|   32|   ap_memory|           B_DRAM_0_2|         array|
|B_DRAM_0_2_we16             |  out|    1|   ap_memory|           B_DRAM_0_2|         array|
|B_DRAM_0_3_address0         |  out|    5|   ap_memory|           B_DRAM_0_3|         array|
|B_DRAM_0_3_ce0              |  out|    1|   ap_memory|           B_DRAM_0_3|         array|
|B_DRAM_0_3_d0               |  out|   32|   ap_memory|           B_DRAM_0_3|         array|
|B_DRAM_0_3_q0               |   in|   32|   ap_memory|           B_DRAM_0_3|         array|
|B_DRAM_0_3_we0              |  out|    1|   ap_memory|           B_DRAM_0_3|         array|
|B_DRAM_0_3_address1         |  out|    5|   ap_memory|           B_DRAM_0_3|         array|
|B_DRAM_0_3_ce1              |  out|    1|   ap_memory|           B_DRAM_0_3|         array|
|B_DRAM_0_3_d1               |  out|   32|   ap_memory|           B_DRAM_0_3|         array|
|B_DRAM_0_3_q1               |   in|   32|   ap_memory|           B_DRAM_0_3|         array|
|B_DRAM_0_3_we1              |  out|    1|   ap_memory|           B_DRAM_0_3|         array|
|B_DRAM_0_3_address2         |  out|    5|   ap_memory|           B_DRAM_0_3|         array|
|B_DRAM_0_3_ce2              |  out|    1|   ap_memory|           B_DRAM_0_3|         array|
|B_DRAM_0_3_d2               |  out|   32|   ap_memory|           B_DRAM_0_3|         array|
|B_DRAM_0_3_q2               |   in|   32|   ap_memory|           B_DRAM_0_3|         array|
|B_DRAM_0_3_we2              |  out|    1|   ap_memory|           B_DRAM_0_3|         array|
|B_DRAM_0_3_address3         |  out|    5|   ap_memory|           B_DRAM_0_3|         array|
|B_DRAM_0_3_ce3              |  out|    1|   ap_memory|           B_DRAM_0_3|         array|
|B_DRAM_0_3_d3               |  out|   32|   ap_memory|           B_DRAM_0_3|         array|
|B_DRAM_0_3_q3               |   in|   32|   ap_memory|           B_DRAM_0_3|         array|
|B_DRAM_0_3_we3              |  out|    1|   ap_memory|           B_DRAM_0_3|         array|
|B_DRAM_0_3_address4         |  out|    5|   ap_memory|           B_DRAM_0_3|         array|
|B_DRAM_0_3_ce4              |  out|    1|   ap_memory|           B_DRAM_0_3|         array|
|B_DRAM_0_3_d4               |  out|   32|   ap_memory|           B_DRAM_0_3|         array|
|B_DRAM_0_3_q4               |   in|   32|   ap_memory|           B_DRAM_0_3|         array|
|B_DRAM_0_3_we4              |  out|    1|   ap_memory|           B_DRAM_0_3|         array|
|B_DRAM_0_3_address5         |  out|    5|   ap_memory|           B_DRAM_0_3|         array|
|B_DRAM_0_3_ce5              |  out|    1|   ap_memory|           B_DRAM_0_3|         array|
|B_DRAM_0_3_d5               |  out|   32|   ap_memory|           B_DRAM_0_3|         array|
|B_DRAM_0_3_q5               |   in|   32|   ap_memory|           B_DRAM_0_3|         array|
|B_DRAM_0_3_we5              |  out|    1|   ap_memory|           B_DRAM_0_3|         array|
|B_DRAM_0_3_address6         |  out|    5|   ap_memory|           B_DRAM_0_3|         array|
|B_DRAM_0_3_ce6              |  out|    1|   ap_memory|           B_DRAM_0_3|         array|
|B_DRAM_0_3_d6               |  out|   32|   ap_memory|           B_DRAM_0_3|         array|
|B_DRAM_0_3_q6               |   in|   32|   ap_memory|           B_DRAM_0_3|         array|
|B_DRAM_0_3_we6              |  out|    1|   ap_memory|           B_DRAM_0_3|         array|
|B_DRAM_0_3_address7         |  out|    5|   ap_memory|           B_DRAM_0_3|         array|
|B_DRAM_0_3_ce7              |  out|    1|   ap_memory|           B_DRAM_0_3|         array|
|B_DRAM_0_3_d7               |  out|   32|   ap_memory|           B_DRAM_0_3|         array|
|B_DRAM_0_3_q7               |   in|   32|   ap_memory|           B_DRAM_0_3|         array|
|B_DRAM_0_3_we7              |  out|    1|   ap_memory|           B_DRAM_0_3|         array|
|B_DRAM_0_3_address8         |  out|    5|   ap_memory|           B_DRAM_0_3|         array|
|B_DRAM_0_3_ce8              |  out|    1|   ap_memory|           B_DRAM_0_3|         array|
|B_DRAM_0_3_d8               |  out|   32|   ap_memory|           B_DRAM_0_3|         array|
|B_DRAM_0_3_q8               |   in|   32|   ap_memory|           B_DRAM_0_3|         array|
|B_DRAM_0_3_we8              |  out|    1|   ap_memory|           B_DRAM_0_3|         array|
|B_DRAM_0_3_address9         |  out|    5|   ap_memory|           B_DRAM_0_3|         array|
|B_DRAM_0_3_ce9              |  out|    1|   ap_memory|           B_DRAM_0_3|         array|
|B_DRAM_0_3_d9               |  out|   32|   ap_memory|           B_DRAM_0_3|         array|
|B_DRAM_0_3_q9               |   in|   32|   ap_memory|           B_DRAM_0_3|         array|
|B_DRAM_0_3_we9              |  out|    1|   ap_memory|           B_DRAM_0_3|         array|
|B_DRAM_0_3_address10        |  out|    5|   ap_memory|           B_DRAM_0_3|         array|
|B_DRAM_0_3_ce10             |  out|    1|   ap_memory|           B_DRAM_0_3|         array|
|B_DRAM_0_3_d10              |  out|   32|   ap_memory|           B_DRAM_0_3|         array|
|B_DRAM_0_3_q10              |   in|   32|   ap_memory|           B_DRAM_0_3|         array|
|B_DRAM_0_3_we10             |  out|    1|   ap_memory|           B_DRAM_0_3|         array|
|B_DRAM_0_3_address11        |  out|    5|   ap_memory|           B_DRAM_0_3|         array|
|B_DRAM_0_3_ce11             |  out|    1|   ap_memory|           B_DRAM_0_3|         array|
|B_DRAM_0_3_d11              |  out|   32|   ap_memory|           B_DRAM_0_3|         array|
|B_DRAM_0_3_q11              |   in|   32|   ap_memory|           B_DRAM_0_3|         array|
|B_DRAM_0_3_we11             |  out|    1|   ap_memory|           B_DRAM_0_3|         array|
|B_DRAM_0_3_address12        |  out|    5|   ap_memory|           B_DRAM_0_3|         array|
|B_DRAM_0_3_ce12             |  out|    1|   ap_memory|           B_DRAM_0_3|         array|
|B_DRAM_0_3_d12              |  out|   32|   ap_memory|           B_DRAM_0_3|         array|
|B_DRAM_0_3_q12              |   in|   32|   ap_memory|           B_DRAM_0_3|         array|
|B_DRAM_0_3_we12             |  out|    1|   ap_memory|           B_DRAM_0_3|         array|
|B_DRAM_0_3_address13        |  out|    5|   ap_memory|           B_DRAM_0_3|         array|
|B_DRAM_0_3_ce13             |  out|    1|   ap_memory|           B_DRAM_0_3|         array|
|B_DRAM_0_3_d13              |  out|   32|   ap_memory|           B_DRAM_0_3|         array|
|B_DRAM_0_3_q13              |   in|   32|   ap_memory|           B_DRAM_0_3|         array|
|B_DRAM_0_3_we13             |  out|    1|   ap_memory|           B_DRAM_0_3|         array|
|B_DRAM_0_3_address14        |  out|    5|   ap_memory|           B_DRAM_0_3|         array|
|B_DRAM_0_3_ce14             |  out|    1|   ap_memory|           B_DRAM_0_3|         array|
|B_DRAM_0_3_d14              |  out|   32|   ap_memory|           B_DRAM_0_3|         array|
|B_DRAM_0_3_q14              |   in|   32|   ap_memory|           B_DRAM_0_3|         array|
|B_DRAM_0_3_we14             |  out|    1|   ap_memory|           B_DRAM_0_3|         array|
|B_DRAM_0_3_address15        |  out|    5|   ap_memory|           B_DRAM_0_3|         array|
|B_DRAM_0_3_ce15             |  out|    1|   ap_memory|           B_DRAM_0_3|         array|
|B_DRAM_0_3_d15              |  out|   32|   ap_memory|           B_DRAM_0_3|         array|
|B_DRAM_0_3_q15              |   in|   32|   ap_memory|           B_DRAM_0_3|         array|
|B_DRAM_0_3_we15             |  out|    1|   ap_memory|           B_DRAM_0_3|         array|
|B_DRAM_0_3_address16        |  out|    5|   ap_memory|           B_DRAM_0_3|         array|
|B_DRAM_0_3_ce16             |  out|    1|   ap_memory|           B_DRAM_0_3|         array|
|B_DRAM_0_3_d16              |  out|   32|   ap_memory|           B_DRAM_0_3|         array|
|B_DRAM_0_3_q16              |   in|   32|   ap_memory|           B_DRAM_0_3|         array|
|B_DRAM_0_3_we16             |  out|    1|   ap_memory|           B_DRAM_0_3|         array|
|B_DRAM_0_4_address0         |  out|    5|   ap_memory|           B_DRAM_0_4|         array|
|B_DRAM_0_4_ce0              |  out|    1|   ap_memory|           B_DRAM_0_4|         array|
|B_DRAM_0_4_d0               |  out|   32|   ap_memory|           B_DRAM_0_4|         array|
|B_DRAM_0_4_q0               |   in|   32|   ap_memory|           B_DRAM_0_4|         array|
|B_DRAM_0_4_we0              |  out|    1|   ap_memory|           B_DRAM_0_4|         array|
|B_DRAM_0_4_address1         |  out|    5|   ap_memory|           B_DRAM_0_4|         array|
|B_DRAM_0_4_ce1              |  out|    1|   ap_memory|           B_DRAM_0_4|         array|
|B_DRAM_0_4_d1               |  out|   32|   ap_memory|           B_DRAM_0_4|         array|
|B_DRAM_0_4_q1               |   in|   32|   ap_memory|           B_DRAM_0_4|         array|
|B_DRAM_0_4_we1              |  out|    1|   ap_memory|           B_DRAM_0_4|         array|
|B_DRAM_0_4_address2         |  out|    5|   ap_memory|           B_DRAM_0_4|         array|
|B_DRAM_0_4_ce2              |  out|    1|   ap_memory|           B_DRAM_0_4|         array|
|B_DRAM_0_4_d2               |  out|   32|   ap_memory|           B_DRAM_0_4|         array|
|B_DRAM_0_4_q2               |   in|   32|   ap_memory|           B_DRAM_0_4|         array|
|B_DRAM_0_4_we2              |  out|    1|   ap_memory|           B_DRAM_0_4|         array|
|B_DRAM_0_4_address3         |  out|    5|   ap_memory|           B_DRAM_0_4|         array|
|B_DRAM_0_4_ce3              |  out|    1|   ap_memory|           B_DRAM_0_4|         array|
|B_DRAM_0_4_d3               |  out|   32|   ap_memory|           B_DRAM_0_4|         array|
|B_DRAM_0_4_q3               |   in|   32|   ap_memory|           B_DRAM_0_4|         array|
|B_DRAM_0_4_we3              |  out|    1|   ap_memory|           B_DRAM_0_4|         array|
|B_DRAM_0_4_address4         |  out|    5|   ap_memory|           B_DRAM_0_4|         array|
|B_DRAM_0_4_ce4              |  out|    1|   ap_memory|           B_DRAM_0_4|         array|
|B_DRAM_0_4_d4               |  out|   32|   ap_memory|           B_DRAM_0_4|         array|
|B_DRAM_0_4_q4               |   in|   32|   ap_memory|           B_DRAM_0_4|         array|
|B_DRAM_0_4_we4              |  out|    1|   ap_memory|           B_DRAM_0_4|         array|
|B_DRAM_0_4_address5         |  out|    5|   ap_memory|           B_DRAM_0_4|         array|
|B_DRAM_0_4_ce5              |  out|    1|   ap_memory|           B_DRAM_0_4|         array|
|B_DRAM_0_4_d5               |  out|   32|   ap_memory|           B_DRAM_0_4|         array|
|B_DRAM_0_4_q5               |   in|   32|   ap_memory|           B_DRAM_0_4|         array|
|B_DRAM_0_4_we5              |  out|    1|   ap_memory|           B_DRAM_0_4|         array|
|B_DRAM_0_4_address6         |  out|    5|   ap_memory|           B_DRAM_0_4|         array|
|B_DRAM_0_4_ce6              |  out|    1|   ap_memory|           B_DRAM_0_4|         array|
|B_DRAM_0_4_d6               |  out|   32|   ap_memory|           B_DRAM_0_4|         array|
|B_DRAM_0_4_q6               |   in|   32|   ap_memory|           B_DRAM_0_4|         array|
|B_DRAM_0_4_we6              |  out|    1|   ap_memory|           B_DRAM_0_4|         array|
|B_DRAM_0_4_address7         |  out|    5|   ap_memory|           B_DRAM_0_4|         array|
|B_DRAM_0_4_ce7              |  out|    1|   ap_memory|           B_DRAM_0_4|         array|
|B_DRAM_0_4_d7               |  out|   32|   ap_memory|           B_DRAM_0_4|         array|
|B_DRAM_0_4_q7               |   in|   32|   ap_memory|           B_DRAM_0_4|         array|
|B_DRAM_0_4_we7              |  out|    1|   ap_memory|           B_DRAM_0_4|         array|
|B_DRAM_0_4_address8         |  out|    5|   ap_memory|           B_DRAM_0_4|         array|
|B_DRAM_0_4_ce8              |  out|    1|   ap_memory|           B_DRAM_0_4|         array|
|B_DRAM_0_4_d8               |  out|   32|   ap_memory|           B_DRAM_0_4|         array|
|B_DRAM_0_4_q8               |   in|   32|   ap_memory|           B_DRAM_0_4|         array|
|B_DRAM_0_4_we8              |  out|    1|   ap_memory|           B_DRAM_0_4|         array|
|B_DRAM_0_4_address9         |  out|    5|   ap_memory|           B_DRAM_0_4|         array|
|B_DRAM_0_4_ce9              |  out|    1|   ap_memory|           B_DRAM_0_4|         array|
|B_DRAM_0_4_d9               |  out|   32|   ap_memory|           B_DRAM_0_4|         array|
|B_DRAM_0_4_q9               |   in|   32|   ap_memory|           B_DRAM_0_4|         array|
|B_DRAM_0_4_we9              |  out|    1|   ap_memory|           B_DRAM_0_4|         array|
|B_DRAM_0_4_address10        |  out|    5|   ap_memory|           B_DRAM_0_4|         array|
|B_DRAM_0_4_ce10             |  out|    1|   ap_memory|           B_DRAM_0_4|         array|
|B_DRAM_0_4_d10              |  out|   32|   ap_memory|           B_DRAM_0_4|         array|
|B_DRAM_0_4_q10              |   in|   32|   ap_memory|           B_DRAM_0_4|         array|
|B_DRAM_0_4_we10             |  out|    1|   ap_memory|           B_DRAM_0_4|         array|
|B_DRAM_0_4_address11        |  out|    5|   ap_memory|           B_DRAM_0_4|         array|
|B_DRAM_0_4_ce11             |  out|    1|   ap_memory|           B_DRAM_0_4|         array|
|B_DRAM_0_4_d11              |  out|   32|   ap_memory|           B_DRAM_0_4|         array|
|B_DRAM_0_4_q11              |   in|   32|   ap_memory|           B_DRAM_0_4|         array|
|B_DRAM_0_4_we11             |  out|    1|   ap_memory|           B_DRAM_0_4|         array|
|B_DRAM_0_4_address12        |  out|    5|   ap_memory|           B_DRAM_0_4|         array|
|B_DRAM_0_4_ce12             |  out|    1|   ap_memory|           B_DRAM_0_4|         array|
|B_DRAM_0_4_d12              |  out|   32|   ap_memory|           B_DRAM_0_4|         array|
|B_DRAM_0_4_q12              |   in|   32|   ap_memory|           B_DRAM_0_4|         array|
|B_DRAM_0_4_we12             |  out|    1|   ap_memory|           B_DRAM_0_4|         array|
|B_DRAM_0_4_address13        |  out|    5|   ap_memory|           B_DRAM_0_4|         array|
|B_DRAM_0_4_ce13             |  out|    1|   ap_memory|           B_DRAM_0_4|         array|
|B_DRAM_0_4_d13              |  out|   32|   ap_memory|           B_DRAM_0_4|         array|
|B_DRAM_0_4_q13              |   in|   32|   ap_memory|           B_DRAM_0_4|         array|
|B_DRAM_0_4_we13             |  out|    1|   ap_memory|           B_DRAM_0_4|         array|
|B_DRAM_0_4_address14        |  out|    5|   ap_memory|           B_DRAM_0_4|         array|
|B_DRAM_0_4_ce14             |  out|    1|   ap_memory|           B_DRAM_0_4|         array|
|B_DRAM_0_4_d14              |  out|   32|   ap_memory|           B_DRAM_0_4|         array|
|B_DRAM_0_4_q14              |   in|   32|   ap_memory|           B_DRAM_0_4|         array|
|B_DRAM_0_4_we14             |  out|    1|   ap_memory|           B_DRAM_0_4|         array|
|B_DRAM_0_4_address15        |  out|    5|   ap_memory|           B_DRAM_0_4|         array|
|B_DRAM_0_4_ce15             |  out|    1|   ap_memory|           B_DRAM_0_4|         array|
|B_DRAM_0_4_d15              |  out|   32|   ap_memory|           B_DRAM_0_4|         array|
|B_DRAM_0_4_q15              |   in|   32|   ap_memory|           B_DRAM_0_4|         array|
|B_DRAM_0_4_we15             |  out|    1|   ap_memory|           B_DRAM_0_4|         array|
|B_DRAM_0_4_address16        |  out|    5|   ap_memory|           B_DRAM_0_4|         array|
|B_DRAM_0_4_ce16             |  out|    1|   ap_memory|           B_DRAM_0_4|         array|
|B_DRAM_0_4_d16              |  out|   32|   ap_memory|           B_DRAM_0_4|         array|
|B_DRAM_0_4_q16              |   in|   32|   ap_memory|           B_DRAM_0_4|         array|
|B_DRAM_0_4_we16             |  out|    1|   ap_memory|           B_DRAM_0_4|         array|
|B_DRAM_0_5_address0         |  out|    5|   ap_memory|           B_DRAM_0_5|         array|
|B_DRAM_0_5_ce0              |  out|    1|   ap_memory|           B_DRAM_0_5|         array|
|B_DRAM_0_5_d0               |  out|   32|   ap_memory|           B_DRAM_0_5|         array|
|B_DRAM_0_5_q0               |   in|   32|   ap_memory|           B_DRAM_0_5|         array|
|B_DRAM_0_5_we0              |  out|    1|   ap_memory|           B_DRAM_0_5|         array|
|B_DRAM_0_5_address1         |  out|    5|   ap_memory|           B_DRAM_0_5|         array|
|B_DRAM_0_5_ce1              |  out|    1|   ap_memory|           B_DRAM_0_5|         array|
|B_DRAM_0_5_d1               |  out|   32|   ap_memory|           B_DRAM_0_5|         array|
|B_DRAM_0_5_q1               |   in|   32|   ap_memory|           B_DRAM_0_5|         array|
|B_DRAM_0_5_we1              |  out|    1|   ap_memory|           B_DRAM_0_5|         array|
|B_DRAM_0_5_address2         |  out|    5|   ap_memory|           B_DRAM_0_5|         array|
|B_DRAM_0_5_ce2              |  out|    1|   ap_memory|           B_DRAM_0_5|         array|
|B_DRAM_0_5_d2               |  out|   32|   ap_memory|           B_DRAM_0_5|         array|
|B_DRAM_0_5_q2               |   in|   32|   ap_memory|           B_DRAM_0_5|         array|
|B_DRAM_0_5_we2              |  out|    1|   ap_memory|           B_DRAM_0_5|         array|
|B_DRAM_0_5_address3         |  out|    5|   ap_memory|           B_DRAM_0_5|         array|
|B_DRAM_0_5_ce3              |  out|    1|   ap_memory|           B_DRAM_0_5|         array|
|B_DRAM_0_5_d3               |  out|   32|   ap_memory|           B_DRAM_0_5|         array|
|B_DRAM_0_5_q3               |   in|   32|   ap_memory|           B_DRAM_0_5|         array|
|B_DRAM_0_5_we3              |  out|    1|   ap_memory|           B_DRAM_0_5|         array|
|B_DRAM_0_5_address4         |  out|    5|   ap_memory|           B_DRAM_0_5|         array|
|B_DRAM_0_5_ce4              |  out|    1|   ap_memory|           B_DRAM_0_5|         array|
|B_DRAM_0_5_d4               |  out|   32|   ap_memory|           B_DRAM_0_5|         array|
|B_DRAM_0_5_q4               |   in|   32|   ap_memory|           B_DRAM_0_5|         array|
|B_DRAM_0_5_we4              |  out|    1|   ap_memory|           B_DRAM_0_5|         array|
|B_DRAM_0_5_address5         |  out|    5|   ap_memory|           B_DRAM_0_5|         array|
|B_DRAM_0_5_ce5              |  out|    1|   ap_memory|           B_DRAM_0_5|         array|
|B_DRAM_0_5_d5               |  out|   32|   ap_memory|           B_DRAM_0_5|         array|
|B_DRAM_0_5_q5               |   in|   32|   ap_memory|           B_DRAM_0_5|         array|
|B_DRAM_0_5_we5              |  out|    1|   ap_memory|           B_DRAM_0_5|         array|
|B_DRAM_0_5_address6         |  out|    5|   ap_memory|           B_DRAM_0_5|         array|
|B_DRAM_0_5_ce6              |  out|    1|   ap_memory|           B_DRAM_0_5|         array|
|B_DRAM_0_5_d6               |  out|   32|   ap_memory|           B_DRAM_0_5|         array|
|B_DRAM_0_5_q6               |   in|   32|   ap_memory|           B_DRAM_0_5|         array|
|B_DRAM_0_5_we6              |  out|    1|   ap_memory|           B_DRAM_0_5|         array|
|B_DRAM_0_5_address7         |  out|    5|   ap_memory|           B_DRAM_0_5|         array|
|B_DRAM_0_5_ce7              |  out|    1|   ap_memory|           B_DRAM_0_5|         array|
|B_DRAM_0_5_d7               |  out|   32|   ap_memory|           B_DRAM_0_5|         array|
|B_DRAM_0_5_q7               |   in|   32|   ap_memory|           B_DRAM_0_5|         array|
|B_DRAM_0_5_we7              |  out|    1|   ap_memory|           B_DRAM_0_5|         array|
|B_DRAM_0_5_address8         |  out|    5|   ap_memory|           B_DRAM_0_5|         array|
|B_DRAM_0_5_ce8              |  out|    1|   ap_memory|           B_DRAM_0_5|         array|
|B_DRAM_0_5_d8               |  out|   32|   ap_memory|           B_DRAM_0_5|         array|
|B_DRAM_0_5_q8               |   in|   32|   ap_memory|           B_DRAM_0_5|         array|
|B_DRAM_0_5_we8              |  out|    1|   ap_memory|           B_DRAM_0_5|         array|
|B_DRAM_0_5_address9         |  out|    5|   ap_memory|           B_DRAM_0_5|         array|
|B_DRAM_0_5_ce9              |  out|    1|   ap_memory|           B_DRAM_0_5|         array|
|B_DRAM_0_5_d9               |  out|   32|   ap_memory|           B_DRAM_0_5|         array|
|B_DRAM_0_5_q9               |   in|   32|   ap_memory|           B_DRAM_0_5|         array|
|B_DRAM_0_5_we9              |  out|    1|   ap_memory|           B_DRAM_0_5|         array|
|B_DRAM_0_5_address10        |  out|    5|   ap_memory|           B_DRAM_0_5|         array|
|B_DRAM_0_5_ce10             |  out|    1|   ap_memory|           B_DRAM_0_5|         array|
|B_DRAM_0_5_d10              |  out|   32|   ap_memory|           B_DRAM_0_5|         array|
|B_DRAM_0_5_q10              |   in|   32|   ap_memory|           B_DRAM_0_5|         array|
|B_DRAM_0_5_we10             |  out|    1|   ap_memory|           B_DRAM_0_5|         array|
|B_DRAM_0_5_address11        |  out|    5|   ap_memory|           B_DRAM_0_5|         array|
|B_DRAM_0_5_ce11             |  out|    1|   ap_memory|           B_DRAM_0_5|         array|
|B_DRAM_0_5_d11              |  out|   32|   ap_memory|           B_DRAM_0_5|         array|
|B_DRAM_0_5_q11              |   in|   32|   ap_memory|           B_DRAM_0_5|         array|
|B_DRAM_0_5_we11             |  out|    1|   ap_memory|           B_DRAM_0_5|         array|
|B_DRAM_0_5_address12        |  out|    5|   ap_memory|           B_DRAM_0_5|         array|
|B_DRAM_0_5_ce12             |  out|    1|   ap_memory|           B_DRAM_0_5|         array|
|B_DRAM_0_5_d12              |  out|   32|   ap_memory|           B_DRAM_0_5|         array|
|B_DRAM_0_5_q12              |   in|   32|   ap_memory|           B_DRAM_0_5|         array|
|B_DRAM_0_5_we12             |  out|    1|   ap_memory|           B_DRAM_0_5|         array|
|B_DRAM_0_5_address13        |  out|    5|   ap_memory|           B_DRAM_0_5|         array|
|B_DRAM_0_5_ce13             |  out|    1|   ap_memory|           B_DRAM_0_5|         array|
|B_DRAM_0_5_d13              |  out|   32|   ap_memory|           B_DRAM_0_5|         array|
|B_DRAM_0_5_q13              |   in|   32|   ap_memory|           B_DRAM_0_5|         array|
|B_DRAM_0_5_we13             |  out|    1|   ap_memory|           B_DRAM_0_5|         array|
|B_DRAM_0_5_address14        |  out|    5|   ap_memory|           B_DRAM_0_5|         array|
|B_DRAM_0_5_ce14             |  out|    1|   ap_memory|           B_DRAM_0_5|         array|
|B_DRAM_0_5_d14              |  out|   32|   ap_memory|           B_DRAM_0_5|         array|
|B_DRAM_0_5_q14              |   in|   32|   ap_memory|           B_DRAM_0_5|         array|
|B_DRAM_0_5_we14             |  out|    1|   ap_memory|           B_DRAM_0_5|         array|
|B_DRAM_0_5_address15        |  out|    5|   ap_memory|           B_DRAM_0_5|         array|
|B_DRAM_0_5_ce15             |  out|    1|   ap_memory|           B_DRAM_0_5|         array|
|B_DRAM_0_5_d15              |  out|   32|   ap_memory|           B_DRAM_0_5|         array|
|B_DRAM_0_5_q15              |   in|   32|   ap_memory|           B_DRAM_0_5|         array|
|B_DRAM_0_5_we15             |  out|    1|   ap_memory|           B_DRAM_0_5|         array|
|B_DRAM_0_5_address16        |  out|    5|   ap_memory|           B_DRAM_0_5|         array|
|B_DRAM_0_5_ce16             |  out|    1|   ap_memory|           B_DRAM_0_5|         array|
|B_DRAM_0_5_d16              |  out|   32|   ap_memory|           B_DRAM_0_5|         array|
|B_DRAM_0_5_q16              |   in|   32|   ap_memory|           B_DRAM_0_5|         array|
|B_DRAM_0_5_we16             |  out|    1|   ap_memory|           B_DRAM_0_5|         array|
|B_DRAM_0_6_address0         |  out|    5|   ap_memory|           B_DRAM_0_6|         array|
|B_DRAM_0_6_ce0              |  out|    1|   ap_memory|           B_DRAM_0_6|         array|
|B_DRAM_0_6_d0               |  out|   32|   ap_memory|           B_DRAM_0_6|         array|
|B_DRAM_0_6_q0               |   in|   32|   ap_memory|           B_DRAM_0_6|         array|
|B_DRAM_0_6_we0              |  out|    1|   ap_memory|           B_DRAM_0_6|         array|
|B_DRAM_0_6_address1         |  out|    5|   ap_memory|           B_DRAM_0_6|         array|
|B_DRAM_0_6_ce1              |  out|    1|   ap_memory|           B_DRAM_0_6|         array|
|B_DRAM_0_6_d1               |  out|   32|   ap_memory|           B_DRAM_0_6|         array|
|B_DRAM_0_6_q1               |   in|   32|   ap_memory|           B_DRAM_0_6|         array|
|B_DRAM_0_6_we1              |  out|    1|   ap_memory|           B_DRAM_0_6|         array|
|B_DRAM_0_6_address2         |  out|    5|   ap_memory|           B_DRAM_0_6|         array|
|B_DRAM_0_6_ce2              |  out|    1|   ap_memory|           B_DRAM_0_6|         array|
|B_DRAM_0_6_d2               |  out|   32|   ap_memory|           B_DRAM_0_6|         array|
|B_DRAM_0_6_q2               |   in|   32|   ap_memory|           B_DRAM_0_6|         array|
|B_DRAM_0_6_we2              |  out|    1|   ap_memory|           B_DRAM_0_6|         array|
|B_DRAM_0_6_address3         |  out|    5|   ap_memory|           B_DRAM_0_6|         array|
|B_DRAM_0_6_ce3              |  out|    1|   ap_memory|           B_DRAM_0_6|         array|
|B_DRAM_0_6_d3               |  out|   32|   ap_memory|           B_DRAM_0_6|         array|
|B_DRAM_0_6_q3               |   in|   32|   ap_memory|           B_DRAM_0_6|         array|
|B_DRAM_0_6_we3              |  out|    1|   ap_memory|           B_DRAM_0_6|         array|
|B_DRAM_0_6_address4         |  out|    5|   ap_memory|           B_DRAM_0_6|         array|
|B_DRAM_0_6_ce4              |  out|    1|   ap_memory|           B_DRAM_0_6|         array|
|B_DRAM_0_6_d4               |  out|   32|   ap_memory|           B_DRAM_0_6|         array|
|B_DRAM_0_6_q4               |   in|   32|   ap_memory|           B_DRAM_0_6|         array|
|B_DRAM_0_6_we4              |  out|    1|   ap_memory|           B_DRAM_0_6|         array|
|B_DRAM_0_6_address5         |  out|    5|   ap_memory|           B_DRAM_0_6|         array|
|B_DRAM_0_6_ce5              |  out|    1|   ap_memory|           B_DRAM_0_6|         array|
|B_DRAM_0_6_d5               |  out|   32|   ap_memory|           B_DRAM_0_6|         array|
|B_DRAM_0_6_q5               |   in|   32|   ap_memory|           B_DRAM_0_6|         array|
|B_DRAM_0_6_we5              |  out|    1|   ap_memory|           B_DRAM_0_6|         array|
|B_DRAM_0_6_address6         |  out|    5|   ap_memory|           B_DRAM_0_6|         array|
|B_DRAM_0_6_ce6              |  out|    1|   ap_memory|           B_DRAM_0_6|         array|
|B_DRAM_0_6_d6               |  out|   32|   ap_memory|           B_DRAM_0_6|         array|
|B_DRAM_0_6_q6               |   in|   32|   ap_memory|           B_DRAM_0_6|         array|
|B_DRAM_0_6_we6              |  out|    1|   ap_memory|           B_DRAM_0_6|         array|
|B_DRAM_0_6_address7         |  out|    5|   ap_memory|           B_DRAM_0_6|         array|
|B_DRAM_0_6_ce7              |  out|    1|   ap_memory|           B_DRAM_0_6|         array|
|B_DRAM_0_6_d7               |  out|   32|   ap_memory|           B_DRAM_0_6|         array|
|B_DRAM_0_6_q7               |   in|   32|   ap_memory|           B_DRAM_0_6|         array|
|B_DRAM_0_6_we7              |  out|    1|   ap_memory|           B_DRAM_0_6|         array|
|B_DRAM_0_6_address8         |  out|    5|   ap_memory|           B_DRAM_0_6|         array|
|B_DRAM_0_6_ce8              |  out|    1|   ap_memory|           B_DRAM_0_6|         array|
|B_DRAM_0_6_d8               |  out|   32|   ap_memory|           B_DRAM_0_6|         array|
|B_DRAM_0_6_q8               |   in|   32|   ap_memory|           B_DRAM_0_6|         array|
|B_DRAM_0_6_we8              |  out|    1|   ap_memory|           B_DRAM_0_6|         array|
|B_DRAM_0_6_address9         |  out|    5|   ap_memory|           B_DRAM_0_6|         array|
|B_DRAM_0_6_ce9              |  out|    1|   ap_memory|           B_DRAM_0_6|         array|
|B_DRAM_0_6_d9               |  out|   32|   ap_memory|           B_DRAM_0_6|         array|
|B_DRAM_0_6_q9               |   in|   32|   ap_memory|           B_DRAM_0_6|         array|
|B_DRAM_0_6_we9              |  out|    1|   ap_memory|           B_DRAM_0_6|         array|
|B_DRAM_0_6_address10        |  out|    5|   ap_memory|           B_DRAM_0_6|         array|
|B_DRAM_0_6_ce10             |  out|    1|   ap_memory|           B_DRAM_0_6|         array|
|B_DRAM_0_6_d10              |  out|   32|   ap_memory|           B_DRAM_0_6|         array|
|B_DRAM_0_6_q10              |   in|   32|   ap_memory|           B_DRAM_0_6|         array|
|B_DRAM_0_6_we10             |  out|    1|   ap_memory|           B_DRAM_0_6|         array|
|B_DRAM_0_6_address11        |  out|    5|   ap_memory|           B_DRAM_0_6|         array|
|B_DRAM_0_6_ce11             |  out|    1|   ap_memory|           B_DRAM_0_6|         array|
|B_DRAM_0_6_d11              |  out|   32|   ap_memory|           B_DRAM_0_6|         array|
|B_DRAM_0_6_q11              |   in|   32|   ap_memory|           B_DRAM_0_6|         array|
|B_DRAM_0_6_we11             |  out|    1|   ap_memory|           B_DRAM_0_6|         array|
|B_DRAM_0_6_address12        |  out|    5|   ap_memory|           B_DRAM_0_6|         array|
|B_DRAM_0_6_ce12             |  out|    1|   ap_memory|           B_DRAM_0_6|         array|
|B_DRAM_0_6_d12              |  out|   32|   ap_memory|           B_DRAM_0_6|         array|
|B_DRAM_0_6_q12              |   in|   32|   ap_memory|           B_DRAM_0_6|         array|
|B_DRAM_0_6_we12             |  out|    1|   ap_memory|           B_DRAM_0_6|         array|
|B_DRAM_0_6_address13        |  out|    5|   ap_memory|           B_DRAM_0_6|         array|
|B_DRAM_0_6_ce13             |  out|    1|   ap_memory|           B_DRAM_0_6|         array|
|B_DRAM_0_6_d13              |  out|   32|   ap_memory|           B_DRAM_0_6|         array|
|B_DRAM_0_6_q13              |   in|   32|   ap_memory|           B_DRAM_0_6|         array|
|B_DRAM_0_6_we13             |  out|    1|   ap_memory|           B_DRAM_0_6|         array|
|B_DRAM_0_6_address14        |  out|    5|   ap_memory|           B_DRAM_0_6|         array|
|B_DRAM_0_6_ce14             |  out|    1|   ap_memory|           B_DRAM_0_6|         array|
|B_DRAM_0_6_d14              |  out|   32|   ap_memory|           B_DRAM_0_6|         array|
|B_DRAM_0_6_q14              |   in|   32|   ap_memory|           B_DRAM_0_6|         array|
|B_DRAM_0_6_we14             |  out|    1|   ap_memory|           B_DRAM_0_6|         array|
|B_DRAM_0_6_address15        |  out|    5|   ap_memory|           B_DRAM_0_6|         array|
|B_DRAM_0_6_ce15             |  out|    1|   ap_memory|           B_DRAM_0_6|         array|
|B_DRAM_0_6_d15              |  out|   32|   ap_memory|           B_DRAM_0_6|         array|
|B_DRAM_0_6_q15              |   in|   32|   ap_memory|           B_DRAM_0_6|         array|
|B_DRAM_0_6_we15             |  out|    1|   ap_memory|           B_DRAM_0_6|         array|
|B_DRAM_0_6_address16        |  out|    5|   ap_memory|           B_DRAM_0_6|         array|
|B_DRAM_0_6_ce16             |  out|    1|   ap_memory|           B_DRAM_0_6|         array|
|B_DRAM_0_6_d16              |  out|   32|   ap_memory|           B_DRAM_0_6|         array|
|B_DRAM_0_6_q16              |   in|   32|   ap_memory|           B_DRAM_0_6|         array|
|B_DRAM_0_6_we16             |  out|    1|   ap_memory|           B_DRAM_0_6|         array|
|B_DRAM_0_7_address0         |  out|    5|   ap_memory|           B_DRAM_0_7|         array|
|B_DRAM_0_7_ce0              |  out|    1|   ap_memory|           B_DRAM_0_7|         array|
|B_DRAM_0_7_d0               |  out|   32|   ap_memory|           B_DRAM_0_7|         array|
|B_DRAM_0_7_q0               |   in|   32|   ap_memory|           B_DRAM_0_7|         array|
|B_DRAM_0_7_we0              |  out|    1|   ap_memory|           B_DRAM_0_7|         array|
|B_DRAM_0_7_address1         |  out|    5|   ap_memory|           B_DRAM_0_7|         array|
|B_DRAM_0_7_ce1              |  out|    1|   ap_memory|           B_DRAM_0_7|         array|
|B_DRAM_0_7_d1               |  out|   32|   ap_memory|           B_DRAM_0_7|         array|
|B_DRAM_0_7_q1               |   in|   32|   ap_memory|           B_DRAM_0_7|         array|
|B_DRAM_0_7_we1              |  out|    1|   ap_memory|           B_DRAM_0_7|         array|
|B_DRAM_0_7_address2         |  out|    5|   ap_memory|           B_DRAM_0_7|         array|
|B_DRAM_0_7_ce2              |  out|    1|   ap_memory|           B_DRAM_0_7|         array|
|B_DRAM_0_7_d2               |  out|   32|   ap_memory|           B_DRAM_0_7|         array|
|B_DRAM_0_7_q2               |   in|   32|   ap_memory|           B_DRAM_0_7|         array|
|B_DRAM_0_7_we2              |  out|    1|   ap_memory|           B_DRAM_0_7|         array|
|B_DRAM_0_7_address3         |  out|    5|   ap_memory|           B_DRAM_0_7|         array|
|B_DRAM_0_7_ce3              |  out|    1|   ap_memory|           B_DRAM_0_7|         array|
|B_DRAM_0_7_d3               |  out|   32|   ap_memory|           B_DRAM_0_7|         array|
|B_DRAM_0_7_q3               |   in|   32|   ap_memory|           B_DRAM_0_7|         array|
|B_DRAM_0_7_we3              |  out|    1|   ap_memory|           B_DRAM_0_7|         array|
|B_DRAM_0_7_address4         |  out|    5|   ap_memory|           B_DRAM_0_7|         array|
|B_DRAM_0_7_ce4              |  out|    1|   ap_memory|           B_DRAM_0_7|         array|
|B_DRAM_0_7_d4               |  out|   32|   ap_memory|           B_DRAM_0_7|         array|
|B_DRAM_0_7_q4               |   in|   32|   ap_memory|           B_DRAM_0_7|         array|
|B_DRAM_0_7_we4              |  out|    1|   ap_memory|           B_DRAM_0_7|         array|
|B_DRAM_0_7_address5         |  out|    5|   ap_memory|           B_DRAM_0_7|         array|
|B_DRAM_0_7_ce5              |  out|    1|   ap_memory|           B_DRAM_0_7|         array|
|B_DRAM_0_7_d5               |  out|   32|   ap_memory|           B_DRAM_0_7|         array|
|B_DRAM_0_7_q5               |   in|   32|   ap_memory|           B_DRAM_0_7|         array|
|B_DRAM_0_7_we5              |  out|    1|   ap_memory|           B_DRAM_0_7|         array|
|B_DRAM_0_7_address6         |  out|    5|   ap_memory|           B_DRAM_0_7|         array|
|B_DRAM_0_7_ce6              |  out|    1|   ap_memory|           B_DRAM_0_7|         array|
|B_DRAM_0_7_d6               |  out|   32|   ap_memory|           B_DRAM_0_7|         array|
|B_DRAM_0_7_q6               |   in|   32|   ap_memory|           B_DRAM_0_7|         array|
|B_DRAM_0_7_we6              |  out|    1|   ap_memory|           B_DRAM_0_7|         array|
|B_DRAM_0_7_address7         |  out|    5|   ap_memory|           B_DRAM_0_7|         array|
|B_DRAM_0_7_ce7              |  out|    1|   ap_memory|           B_DRAM_0_7|         array|
|B_DRAM_0_7_d7               |  out|   32|   ap_memory|           B_DRAM_0_7|         array|
|B_DRAM_0_7_q7               |   in|   32|   ap_memory|           B_DRAM_0_7|         array|
|B_DRAM_0_7_we7              |  out|    1|   ap_memory|           B_DRAM_0_7|         array|
|B_DRAM_0_7_address8         |  out|    5|   ap_memory|           B_DRAM_0_7|         array|
|B_DRAM_0_7_ce8              |  out|    1|   ap_memory|           B_DRAM_0_7|         array|
|B_DRAM_0_7_d8               |  out|   32|   ap_memory|           B_DRAM_0_7|         array|
|B_DRAM_0_7_q8               |   in|   32|   ap_memory|           B_DRAM_0_7|         array|
|B_DRAM_0_7_we8              |  out|    1|   ap_memory|           B_DRAM_0_7|         array|
|B_DRAM_0_7_address9         |  out|    5|   ap_memory|           B_DRAM_0_7|         array|
|B_DRAM_0_7_ce9              |  out|    1|   ap_memory|           B_DRAM_0_7|         array|
|B_DRAM_0_7_d9               |  out|   32|   ap_memory|           B_DRAM_0_7|         array|
|B_DRAM_0_7_q9               |   in|   32|   ap_memory|           B_DRAM_0_7|         array|
|B_DRAM_0_7_we9              |  out|    1|   ap_memory|           B_DRAM_0_7|         array|
|B_DRAM_0_7_address10        |  out|    5|   ap_memory|           B_DRAM_0_7|         array|
|B_DRAM_0_7_ce10             |  out|    1|   ap_memory|           B_DRAM_0_7|         array|
|B_DRAM_0_7_d10              |  out|   32|   ap_memory|           B_DRAM_0_7|         array|
|B_DRAM_0_7_q10              |   in|   32|   ap_memory|           B_DRAM_0_7|         array|
|B_DRAM_0_7_we10             |  out|    1|   ap_memory|           B_DRAM_0_7|         array|
|B_DRAM_0_7_address11        |  out|    5|   ap_memory|           B_DRAM_0_7|         array|
|B_DRAM_0_7_ce11             |  out|    1|   ap_memory|           B_DRAM_0_7|         array|
|B_DRAM_0_7_d11              |  out|   32|   ap_memory|           B_DRAM_0_7|         array|
|B_DRAM_0_7_q11              |   in|   32|   ap_memory|           B_DRAM_0_7|         array|
|B_DRAM_0_7_we11             |  out|    1|   ap_memory|           B_DRAM_0_7|         array|
|B_DRAM_0_7_address12        |  out|    5|   ap_memory|           B_DRAM_0_7|         array|
|B_DRAM_0_7_ce12             |  out|    1|   ap_memory|           B_DRAM_0_7|         array|
|B_DRAM_0_7_d12              |  out|   32|   ap_memory|           B_DRAM_0_7|         array|
|B_DRAM_0_7_q12              |   in|   32|   ap_memory|           B_DRAM_0_7|         array|
|B_DRAM_0_7_we12             |  out|    1|   ap_memory|           B_DRAM_0_7|         array|
|B_DRAM_0_7_address13        |  out|    5|   ap_memory|           B_DRAM_0_7|         array|
|B_DRAM_0_7_ce13             |  out|    1|   ap_memory|           B_DRAM_0_7|         array|
|B_DRAM_0_7_d13              |  out|   32|   ap_memory|           B_DRAM_0_7|         array|
|B_DRAM_0_7_q13              |   in|   32|   ap_memory|           B_DRAM_0_7|         array|
|B_DRAM_0_7_we13             |  out|    1|   ap_memory|           B_DRAM_0_7|         array|
|B_DRAM_0_7_address14        |  out|    5|   ap_memory|           B_DRAM_0_7|         array|
|B_DRAM_0_7_ce14             |  out|    1|   ap_memory|           B_DRAM_0_7|         array|
|B_DRAM_0_7_d14              |  out|   32|   ap_memory|           B_DRAM_0_7|         array|
|B_DRAM_0_7_q14              |   in|   32|   ap_memory|           B_DRAM_0_7|         array|
|B_DRAM_0_7_we14             |  out|    1|   ap_memory|           B_DRAM_0_7|         array|
|B_DRAM_0_7_address15        |  out|    5|   ap_memory|           B_DRAM_0_7|         array|
|B_DRAM_0_7_ce15             |  out|    1|   ap_memory|           B_DRAM_0_7|         array|
|B_DRAM_0_7_d15              |  out|   32|   ap_memory|           B_DRAM_0_7|         array|
|B_DRAM_0_7_q15              |   in|   32|   ap_memory|           B_DRAM_0_7|         array|
|B_DRAM_0_7_we15             |  out|    1|   ap_memory|           B_DRAM_0_7|         array|
|B_DRAM_0_7_address16        |  out|    5|   ap_memory|           B_DRAM_0_7|         array|
|B_DRAM_0_7_ce16             |  out|    1|   ap_memory|           B_DRAM_0_7|         array|
|B_DRAM_0_7_d16              |  out|   32|   ap_memory|           B_DRAM_0_7|         array|
|B_DRAM_0_7_q16              |   in|   32|   ap_memory|           B_DRAM_0_7|         array|
|B_DRAM_0_7_we16             |  out|    1|   ap_memory|           B_DRAM_0_7|         array|
|B_DRAM_0_8_address0         |  out|    5|   ap_memory|           B_DRAM_0_8|         array|
|B_DRAM_0_8_ce0              |  out|    1|   ap_memory|           B_DRAM_0_8|         array|
|B_DRAM_0_8_d0               |  out|   32|   ap_memory|           B_DRAM_0_8|         array|
|B_DRAM_0_8_q0               |   in|   32|   ap_memory|           B_DRAM_0_8|         array|
|B_DRAM_0_8_we0              |  out|    1|   ap_memory|           B_DRAM_0_8|         array|
|B_DRAM_0_8_address1         |  out|    5|   ap_memory|           B_DRAM_0_8|         array|
|B_DRAM_0_8_ce1              |  out|    1|   ap_memory|           B_DRAM_0_8|         array|
|B_DRAM_0_8_d1               |  out|   32|   ap_memory|           B_DRAM_0_8|         array|
|B_DRAM_0_8_q1               |   in|   32|   ap_memory|           B_DRAM_0_8|         array|
|B_DRAM_0_8_we1              |  out|    1|   ap_memory|           B_DRAM_0_8|         array|
|B_DRAM_0_8_address2         |  out|    5|   ap_memory|           B_DRAM_0_8|         array|
|B_DRAM_0_8_ce2              |  out|    1|   ap_memory|           B_DRAM_0_8|         array|
|B_DRAM_0_8_d2               |  out|   32|   ap_memory|           B_DRAM_0_8|         array|
|B_DRAM_0_8_q2               |   in|   32|   ap_memory|           B_DRAM_0_8|         array|
|B_DRAM_0_8_we2              |  out|    1|   ap_memory|           B_DRAM_0_8|         array|
|B_DRAM_0_8_address3         |  out|    5|   ap_memory|           B_DRAM_0_8|         array|
|B_DRAM_0_8_ce3              |  out|    1|   ap_memory|           B_DRAM_0_8|         array|
|B_DRAM_0_8_d3               |  out|   32|   ap_memory|           B_DRAM_0_8|         array|
|B_DRAM_0_8_q3               |   in|   32|   ap_memory|           B_DRAM_0_8|         array|
|B_DRAM_0_8_we3              |  out|    1|   ap_memory|           B_DRAM_0_8|         array|
|B_DRAM_0_8_address4         |  out|    5|   ap_memory|           B_DRAM_0_8|         array|
|B_DRAM_0_8_ce4              |  out|    1|   ap_memory|           B_DRAM_0_8|         array|
|B_DRAM_0_8_d4               |  out|   32|   ap_memory|           B_DRAM_0_8|         array|
|B_DRAM_0_8_q4               |   in|   32|   ap_memory|           B_DRAM_0_8|         array|
|B_DRAM_0_8_we4              |  out|    1|   ap_memory|           B_DRAM_0_8|         array|
|B_DRAM_0_8_address5         |  out|    5|   ap_memory|           B_DRAM_0_8|         array|
|B_DRAM_0_8_ce5              |  out|    1|   ap_memory|           B_DRAM_0_8|         array|
|B_DRAM_0_8_d5               |  out|   32|   ap_memory|           B_DRAM_0_8|         array|
|B_DRAM_0_8_q5               |   in|   32|   ap_memory|           B_DRAM_0_8|         array|
|B_DRAM_0_8_we5              |  out|    1|   ap_memory|           B_DRAM_0_8|         array|
|B_DRAM_0_8_address6         |  out|    5|   ap_memory|           B_DRAM_0_8|         array|
|B_DRAM_0_8_ce6              |  out|    1|   ap_memory|           B_DRAM_0_8|         array|
|B_DRAM_0_8_d6               |  out|   32|   ap_memory|           B_DRAM_0_8|         array|
|B_DRAM_0_8_q6               |   in|   32|   ap_memory|           B_DRAM_0_8|         array|
|B_DRAM_0_8_we6              |  out|    1|   ap_memory|           B_DRAM_0_8|         array|
|B_DRAM_0_8_address7         |  out|    5|   ap_memory|           B_DRAM_0_8|         array|
|B_DRAM_0_8_ce7              |  out|    1|   ap_memory|           B_DRAM_0_8|         array|
|B_DRAM_0_8_d7               |  out|   32|   ap_memory|           B_DRAM_0_8|         array|
|B_DRAM_0_8_q7               |   in|   32|   ap_memory|           B_DRAM_0_8|         array|
|B_DRAM_0_8_we7              |  out|    1|   ap_memory|           B_DRAM_0_8|         array|
|B_DRAM_0_8_address8         |  out|    5|   ap_memory|           B_DRAM_0_8|         array|
|B_DRAM_0_8_ce8              |  out|    1|   ap_memory|           B_DRAM_0_8|         array|
|B_DRAM_0_8_d8               |  out|   32|   ap_memory|           B_DRAM_0_8|         array|
|B_DRAM_0_8_q8               |   in|   32|   ap_memory|           B_DRAM_0_8|         array|
|B_DRAM_0_8_we8              |  out|    1|   ap_memory|           B_DRAM_0_8|         array|
|B_DRAM_0_8_address9         |  out|    5|   ap_memory|           B_DRAM_0_8|         array|
|B_DRAM_0_8_ce9              |  out|    1|   ap_memory|           B_DRAM_0_8|         array|
|B_DRAM_0_8_d9               |  out|   32|   ap_memory|           B_DRAM_0_8|         array|
|B_DRAM_0_8_q9               |   in|   32|   ap_memory|           B_DRAM_0_8|         array|
|B_DRAM_0_8_we9              |  out|    1|   ap_memory|           B_DRAM_0_8|         array|
|B_DRAM_0_8_address10        |  out|    5|   ap_memory|           B_DRAM_0_8|         array|
|B_DRAM_0_8_ce10             |  out|    1|   ap_memory|           B_DRAM_0_8|         array|
|B_DRAM_0_8_d10              |  out|   32|   ap_memory|           B_DRAM_0_8|         array|
|B_DRAM_0_8_q10              |   in|   32|   ap_memory|           B_DRAM_0_8|         array|
|B_DRAM_0_8_we10             |  out|    1|   ap_memory|           B_DRAM_0_8|         array|
|B_DRAM_0_8_address11        |  out|    5|   ap_memory|           B_DRAM_0_8|         array|
|B_DRAM_0_8_ce11             |  out|    1|   ap_memory|           B_DRAM_0_8|         array|
|B_DRAM_0_8_d11              |  out|   32|   ap_memory|           B_DRAM_0_8|         array|
|B_DRAM_0_8_q11              |   in|   32|   ap_memory|           B_DRAM_0_8|         array|
|B_DRAM_0_8_we11             |  out|    1|   ap_memory|           B_DRAM_0_8|         array|
|B_DRAM_0_8_address12        |  out|    5|   ap_memory|           B_DRAM_0_8|         array|
|B_DRAM_0_8_ce12             |  out|    1|   ap_memory|           B_DRAM_0_8|         array|
|B_DRAM_0_8_d12              |  out|   32|   ap_memory|           B_DRAM_0_8|         array|
|B_DRAM_0_8_q12              |   in|   32|   ap_memory|           B_DRAM_0_8|         array|
|B_DRAM_0_8_we12             |  out|    1|   ap_memory|           B_DRAM_0_8|         array|
|B_DRAM_0_8_address13        |  out|    5|   ap_memory|           B_DRAM_0_8|         array|
|B_DRAM_0_8_ce13             |  out|    1|   ap_memory|           B_DRAM_0_8|         array|
|B_DRAM_0_8_d13              |  out|   32|   ap_memory|           B_DRAM_0_8|         array|
|B_DRAM_0_8_q13              |   in|   32|   ap_memory|           B_DRAM_0_8|         array|
|B_DRAM_0_8_we13             |  out|    1|   ap_memory|           B_DRAM_0_8|         array|
|B_DRAM_0_8_address14        |  out|    5|   ap_memory|           B_DRAM_0_8|         array|
|B_DRAM_0_8_ce14             |  out|    1|   ap_memory|           B_DRAM_0_8|         array|
|B_DRAM_0_8_d14              |  out|   32|   ap_memory|           B_DRAM_0_8|         array|
|B_DRAM_0_8_q14              |   in|   32|   ap_memory|           B_DRAM_0_8|         array|
|B_DRAM_0_8_we14             |  out|    1|   ap_memory|           B_DRAM_0_8|         array|
|B_DRAM_0_8_address15        |  out|    5|   ap_memory|           B_DRAM_0_8|         array|
|B_DRAM_0_8_ce15             |  out|    1|   ap_memory|           B_DRAM_0_8|         array|
|B_DRAM_0_8_d15              |  out|   32|   ap_memory|           B_DRAM_0_8|         array|
|B_DRAM_0_8_q15              |   in|   32|   ap_memory|           B_DRAM_0_8|         array|
|B_DRAM_0_8_we15             |  out|    1|   ap_memory|           B_DRAM_0_8|         array|
|B_DRAM_0_8_address16        |  out|    5|   ap_memory|           B_DRAM_0_8|         array|
|B_DRAM_0_8_ce16             |  out|    1|   ap_memory|           B_DRAM_0_8|         array|
|B_DRAM_0_8_d16              |  out|   32|   ap_memory|           B_DRAM_0_8|         array|
|B_DRAM_0_8_q16              |   in|   32|   ap_memory|           B_DRAM_0_8|         array|
|B_DRAM_0_8_we16             |  out|    1|   ap_memory|           B_DRAM_0_8|         array|
|B_DRAM_0_9_address0         |  out|    5|   ap_memory|           B_DRAM_0_9|         array|
|B_DRAM_0_9_ce0              |  out|    1|   ap_memory|           B_DRAM_0_9|         array|
|B_DRAM_0_9_d0               |  out|   32|   ap_memory|           B_DRAM_0_9|         array|
|B_DRAM_0_9_q0               |   in|   32|   ap_memory|           B_DRAM_0_9|         array|
|B_DRAM_0_9_we0              |  out|    1|   ap_memory|           B_DRAM_0_9|         array|
|B_DRAM_0_9_address1         |  out|    5|   ap_memory|           B_DRAM_0_9|         array|
|B_DRAM_0_9_ce1              |  out|    1|   ap_memory|           B_DRAM_0_9|         array|
|B_DRAM_0_9_d1               |  out|   32|   ap_memory|           B_DRAM_0_9|         array|
|B_DRAM_0_9_q1               |   in|   32|   ap_memory|           B_DRAM_0_9|         array|
|B_DRAM_0_9_we1              |  out|    1|   ap_memory|           B_DRAM_0_9|         array|
|B_DRAM_0_9_address2         |  out|    5|   ap_memory|           B_DRAM_0_9|         array|
|B_DRAM_0_9_ce2              |  out|    1|   ap_memory|           B_DRAM_0_9|         array|
|B_DRAM_0_9_d2               |  out|   32|   ap_memory|           B_DRAM_0_9|         array|
|B_DRAM_0_9_q2               |   in|   32|   ap_memory|           B_DRAM_0_9|         array|
|B_DRAM_0_9_we2              |  out|    1|   ap_memory|           B_DRAM_0_9|         array|
|B_DRAM_0_9_address3         |  out|    5|   ap_memory|           B_DRAM_0_9|         array|
|B_DRAM_0_9_ce3              |  out|    1|   ap_memory|           B_DRAM_0_9|         array|
|B_DRAM_0_9_d3               |  out|   32|   ap_memory|           B_DRAM_0_9|         array|
|B_DRAM_0_9_q3               |   in|   32|   ap_memory|           B_DRAM_0_9|         array|
|B_DRAM_0_9_we3              |  out|    1|   ap_memory|           B_DRAM_0_9|         array|
|B_DRAM_0_9_address4         |  out|    5|   ap_memory|           B_DRAM_0_9|         array|
|B_DRAM_0_9_ce4              |  out|    1|   ap_memory|           B_DRAM_0_9|         array|
|B_DRAM_0_9_d4               |  out|   32|   ap_memory|           B_DRAM_0_9|         array|
|B_DRAM_0_9_q4               |   in|   32|   ap_memory|           B_DRAM_0_9|         array|
|B_DRAM_0_9_we4              |  out|    1|   ap_memory|           B_DRAM_0_9|         array|
|B_DRAM_0_9_address5         |  out|    5|   ap_memory|           B_DRAM_0_9|         array|
|B_DRAM_0_9_ce5              |  out|    1|   ap_memory|           B_DRAM_0_9|         array|
|B_DRAM_0_9_d5               |  out|   32|   ap_memory|           B_DRAM_0_9|         array|
|B_DRAM_0_9_q5               |   in|   32|   ap_memory|           B_DRAM_0_9|         array|
|B_DRAM_0_9_we5              |  out|    1|   ap_memory|           B_DRAM_0_9|         array|
|B_DRAM_0_9_address6         |  out|    5|   ap_memory|           B_DRAM_0_9|         array|
|B_DRAM_0_9_ce6              |  out|    1|   ap_memory|           B_DRAM_0_9|         array|
|B_DRAM_0_9_d6               |  out|   32|   ap_memory|           B_DRAM_0_9|         array|
|B_DRAM_0_9_q6               |   in|   32|   ap_memory|           B_DRAM_0_9|         array|
|B_DRAM_0_9_we6              |  out|    1|   ap_memory|           B_DRAM_0_9|         array|
|B_DRAM_0_9_address7         |  out|    5|   ap_memory|           B_DRAM_0_9|         array|
|B_DRAM_0_9_ce7              |  out|    1|   ap_memory|           B_DRAM_0_9|         array|
|B_DRAM_0_9_d7               |  out|   32|   ap_memory|           B_DRAM_0_9|         array|
|B_DRAM_0_9_q7               |   in|   32|   ap_memory|           B_DRAM_0_9|         array|
|B_DRAM_0_9_we7              |  out|    1|   ap_memory|           B_DRAM_0_9|         array|
|B_DRAM_0_9_address8         |  out|    5|   ap_memory|           B_DRAM_0_9|         array|
|B_DRAM_0_9_ce8              |  out|    1|   ap_memory|           B_DRAM_0_9|         array|
|B_DRAM_0_9_d8               |  out|   32|   ap_memory|           B_DRAM_0_9|         array|
|B_DRAM_0_9_q8               |   in|   32|   ap_memory|           B_DRAM_0_9|         array|
|B_DRAM_0_9_we8              |  out|    1|   ap_memory|           B_DRAM_0_9|         array|
|B_DRAM_0_9_address9         |  out|    5|   ap_memory|           B_DRAM_0_9|         array|
|B_DRAM_0_9_ce9              |  out|    1|   ap_memory|           B_DRAM_0_9|         array|
|B_DRAM_0_9_d9               |  out|   32|   ap_memory|           B_DRAM_0_9|         array|
|B_DRAM_0_9_q9               |   in|   32|   ap_memory|           B_DRAM_0_9|         array|
|B_DRAM_0_9_we9              |  out|    1|   ap_memory|           B_DRAM_0_9|         array|
|B_DRAM_0_9_address10        |  out|    5|   ap_memory|           B_DRAM_0_9|         array|
|B_DRAM_0_9_ce10             |  out|    1|   ap_memory|           B_DRAM_0_9|         array|
|B_DRAM_0_9_d10              |  out|   32|   ap_memory|           B_DRAM_0_9|         array|
|B_DRAM_0_9_q10              |   in|   32|   ap_memory|           B_DRAM_0_9|         array|
|B_DRAM_0_9_we10             |  out|    1|   ap_memory|           B_DRAM_0_9|         array|
|B_DRAM_0_9_address11        |  out|    5|   ap_memory|           B_DRAM_0_9|         array|
|B_DRAM_0_9_ce11             |  out|    1|   ap_memory|           B_DRAM_0_9|         array|
|B_DRAM_0_9_d11              |  out|   32|   ap_memory|           B_DRAM_0_9|         array|
|B_DRAM_0_9_q11              |   in|   32|   ap_memory|           B_DRAM_0_9|         array|
|B_DRAM_0_9_we11             |  out|    1|   ap_memory|           B_DRAM_0_9|         array|
|B_DRAM_0_9_address12        |  out|    5|   ap_memory|           B_DRAM_0_9|         array|
|B_DRAM_0_9_ce12             |  out|    1|   ap_memory|           B_DRAM_0_9|         array|
|B_DRAM_0_9_d12              |  out|   32|   ap_memory|           B_DRAM_0_9|         array|
|B_DRAM_0_9_q12              |   in|   32|   ap_memory|           B_DRAM_0_9|         array|
|B_DRAM_0_9_we12             |  out|    1|   ap_memory|           B_DRAM_0_9|         array|
|B_DRAM_0_9_address13        |  out|    5|   ap_memory|           B_DRAM_0_9|         array|
|B_DRAM_0_9_ce13             |  out|    1|   ap_memory|           B_DRAM_0_9|         array|
|B_DRAM_0_9_d13              |  out|   32|   ap_memory|           B_DRAM_0_9|         array|
|B_DRAM_0_9_q13              |   in|   32|   ap_memory|           B_DRAM_0_9|         array|
|B_DRAM_0_9_we13             |  out|    1|   ap_memory|           B_DRAM_0_9|         array|
|B_DRAM_0_9_address14        |  out|    5|   ap_memory|           B_DRAM_0_9|         array|
|B_DRAM_0_9_ce14             |  out|    1|   ap_memory|           B_DRAM_0_9|         array|
|B_DRAM_0_9_d14              |  out|   32|   ap_memory|           B_DRAM_0_9|         array|
|B_DRAM_0_9_q14              |   in|   32|   ap_memory|           B_DRAM_0_9|         array|
|B_DRAM_0_9_we14             |  out|    1|   ap_memory|           B_DRAM_0_9|         array|
|B_DRAM_0_9_address15        |  out|    5|   ap_memory|           B_DRAM_0_9|         array|
|B_DRAM_0_9_ce15             |  out|    1|   ap_memory|           B_DRAM_0_9|         array|
|B_DRAM_0_9_d15              |  out|   32|   ap_memory|           B_DRAM_0_9|         array|
|B_DRAM_0_9_q15              |   in|   32|   ap_memory|           B_DRAM_0_9|         array|
|B_DRAM_0_9_we15             |  out|    1|   ap_memory|           B_DRAM_0_9|         array|
|B_DRAM_0_9_address16        |  out|    5|   ap_memory|           B_DRAM_0_9|         array|
|B_DRAM_0_9_ce16             |  out|    1|   ap_memory|           B_DRAM_0_9|         array|
|B_DRAM_0_9_d16              |  out|   32|   ap_memory|           B_DRAM_0_9|         array|
|B_DRAM_0_9_q16              |   in|   32|   ap_memory|           B_DRAM_0_9|         array|
|B_DRAM_0_9_we16             |  out|    1|   ap_memory|           B_DRAM_0_9|         array|
|B_DRAM_0_10_address0        |  out|    5|   ap_memory|          B_DRAM_0_10|         array|
|B_DRAM_0_10_ce0             |  out|    1|   ap_memory|          B_DRAM_0_10|         array|
|B_DRAM_0_10_d0              |  out|   32|   ap_memory|          B_DRAM_0_10|         array|
|B_DRAM_0_10_q0              |   in|   32|   ap_memory|          B_DRAM_0_10|         array|
|B_DRAM_0_10_we0             |  out|    1|   ap_memory|          B_DRAM_0_10|         array|
|B_DRAM_0_10_address1        |  out|    5|   ap_memory|          B_DRAM_0_10|         array|
|B_DRAM_0_10_ce1             |  out|    1|   ap_memory|          B_DRAM_0_10|         array|
|B_DRAM_0_10_d1              |  out|   32|   ap_memory|          B_DRAM_0_10|         array|
|B_DRAM_0_10_q1              |   in|   32|   ap_memory|          B_DRAM_0_10|         array|
|B_DRAM_0_10_we1             |  out|    1|   ap_memory|          B_DRAM_0_10|         array|
|B_DRAM_0_10_address2        |  out|    5|   ap_memory|          B_DRAM_0_10|         array|
|B_DRAM_0_10_ce2             |  out|    1|   ap_memory|          B_DRAM_0_10|         array|
|B_DRAM_0_10_d2              |  out|   32|   ap_memory|          B_DRAM_0_10|         array|
|B_DRAM_0_10_q2              |   in|   32|   ap_memory|          B_DRAM_0_10|         array|
|B_DRAM_0_10_we2             |  out|    1|   ap_memory|          B_DRAM_0_10|         array|
|B_DRAM_0_10_address3        |  out|    5|   ap_memory|          B_DRAM_0_10|         array|
|B_DRAM_0_10_ce3             |  out|    1|   ap_memory|          B_DRAM_0_10|         array|
|B_DRAM_0_10_d3              |  out|   32|   ap_memory|          B_DRAM_0_10|         array|
|B_DRAM_0_10_q3              |   in|   32|   ap_memory|          B_DRAM_0_10|         array|
|B_DRAM_0_10_we3             |  out|    1|   ap_memory|          B_DRAM_0_10|         array|
|B_DRAM_0_10_address4        |  out|    5|   ap_memory|          B_DRAM_0_10|         array|
|B_DRAM_0_10_ce4             |  out|    1|   ap_memory|          B_DRAM_0_10|         array|
|B_DRAM_0_10_d4              |  out|   32|   ap_memory|          B_DRAM_0_10|         array|
|B_DRAM_0_10_q4              |   in|   32|   ap_memory|          B_DRAM_0_10|         array|
|B_DRAM_0_10_we4             |  out|    1|   ap_memory|          B_DRAM_0_10|         array|
|B_DRAM_0_10_address5        |  out|    5|   ap_memory|          B_DRAM_0_10|         array|
|B_DRAM_0_10_ce5             |  out|    1|   ap_memory|          B_DRAM_0_10|         array|
|B_DRAM_0_10_d5              |  out|   32|   ap_memory|          B_DRAM_0_10|         array|
|B_DRAM_0_10_q5              |   in|   32|   ap_memory|          B_DRAM_0_10|         array|
|B_DRAM_0_10_we5             |  out|    1|   ap_memory|          B_DRAM_0_10|         array|
|B_DRAM_0_10_address6        |  out|    5|   ap_memory|          B_DRAM_0_10|         array|
|B_DRAM_0_10_ce6             |  out|    1|   ap_memory|          B_DRAM_0_10|         array|
|B_DRAM_0_10_d6              |  out|   32|   ap_memory|          B_DRAM_0_10|         array|
|B_DRAM_0_10_q6              |   in|   32|   ap_memory|          B_DRAM_0_10|         array|
|B_DRAM_0_10_we6             |  out|    1|   ap_memory|          B_DRAM_0_10|         array|
|B_DRAM_0_10_address7        |  out|    5|   ap_memory|          B_DRAM_0_10|         array|
|B_DRAM_0_10_ce7             |  out|    1|   ap_memory|          B_DRAM_0_10|         array|
|B_DRAM_0_10_d7              |  out|   32|   ap_memory|          B_DRAM_0_10|         array|
|B_DRAM_0_10_q7              |   in|   32|   ap_memory|          B_DRAM_0_10|         array|
|B_DRAM_0_10_we7             |  out|    1|   ap_memory|          B_DRAM_0_10|         array|
|B_DRAM_0_10_address8        |  out|    5|   ap_memory|          B_DRAM_0_10|         array|
|B_DRAM_0_10_ce8             |  out|    1|   ap_memory|          B_DRAM_0_10|         array|
|B_DRAM_0_10_d8              |  out|   32|   ap_memory|          B_DRAM_0_10|         array|
|B_DRAM_0_10_q8              |   in|   32|   ap_memory|          B_DRAM_0_10|         array|
|B_DRAM_0_10_we8             |  out|    1|   ap_memory|          B_DRAM_0_10|         array|
|B_DRAM_0_10_address9        |  out|    5|   ap_memory|          B_DRAM_0_10|         array|
|B_DRAM_0_10_ce9             |  out|    1|   ap_memory|          B_DRAM_0_10|         array|
|B_DRAM_0_10_d9              |  out|   32|   ap_memory|          B_DRAM_0_10|         array|
|B_DRAM_0_10_q9              |   in|   32|   ap_memory|          B_DRAM_0_10|         array|
|B_DRAM_0_10_we9             |  out|    1|   ap_memory|          B_DRAM_0_10|         array|
|B_DRAM_0_10_address10       |  out|    5|   ap_memory|          B_DRAM_0_10|         array|
|B_DRAM_0_10_ce10            |  out|    1|   ap_memory|          B_DRAM_0_10|         array|
|B_DRAM_0_10_d10             |  out|   32|   ap_memory|          B_DRAM_0_10|         array|
|B_DRAM_0_10_q10             |   in|   32|   ap_memory|          B_DRAM_0_10|         array|
|B_DRAM_0_10_we10            |  out|    1|   ap_memory|          B_DRAM_0_10|         array|
|B_DRAM_0_10_address11       |  out|    5|   ap_memory|          B_DRAM_0_10|         array|
|B_DRAM_0_10_ce11            |  out|    1|   ap_memory|          B_DRAM_0_10|         array|
|B_DRAM_0_10_d11             |  out|   32|   ap_memory|          B_DRAM_0_10|         array|
|B_DRAM_0_10_q11             |   in|   32|   ap_memory|          B_DRAM_0_10|         array|
|B_DRAM_0_10_we11            |  out|    1|   ap_memory|          B_DRAM_0_10|         array|
|B_DRAM_0_10_address12       |  out|    5|   ap_memory|          B_DRAM_0_10|         array|
|B_DRAM_0_10_ce12            |  out|    1|   ap_memory|          B_DRAM_0_10|         array|
|B_DRAM_0_10_d12             |  out|   32|   ap_memory|          B_DRAM_0_10|         array|
|B_DRAM_0_10_q12             |   in|   32|   ap_memory|          B_DRAM_0_10|         array|
|B_DRAM_0_10_we12            |  out|    1|   ap_memory|          B_DRAM_0_10|         array|
|B_DRAM_0_10_address13       |  out|    5|   ap_memory|          B_DRAM_0_10|         array|
|B_DRAM_0_10_ce13            |  out|    1|   ap_memory|          B_DRAM_0_10|         array|
|B_DRAM_0_10_d13             |  out|   32|   ap_memory|          B_DRAM_0_10|         array|
|B_DRAM_0_10_q13             |   in|   32|   ap_memory|          B_DRAM_0_10|         array|
|B_DRAM_0_10_we13            |  out|    1|   ap_memory|          B_DRAM_0_10|         array|
|B_DRAM_0_10_address14       |  out|    5|   ap_memory|          B_DRAM_0_10|         array|
|B_DRAM_0_10_ce14            |  out|    1|   ap_memory|          B_DRAM_0_10|         array|
|B_DRAM_0_10_d14             |  out|   32|   ap_memory|          B_DRAM_0_10|         array|
|B_DRAM_0_10_q14             |   in|   32|   ap_memory|          B_DRAM_0_10|         array|
|B_DRAM_0_10_we14            |  out|    1|   ap_memory|          B_DRAM_0_10|         array|
|B_DRAM_0_10_address15       |  out|    5|   ap_memory|          B_DRAM_0_10|         array|
|B_DRAM_0_10_ce15            |  out|    1|   ap_memory|          B_DRAM_0_10|         array|
|B_DRAM_0_10_d15             |  out|   32|   ap_memory|          B_DRAM_0_10|         array|
|B_DRAM_0_10_q15             |   in|   32|   ap_memory|          B_DRAM_0_10|         array|
|B_DRAM_0_10_we15            |  out|    1|   ap_memory|          B_DRAM_0_10|         array|
|B_DRAM_0_10_address16       |  out|    5|   ap_memory|          B_DRAM_0_10|         array|
|B_DRAM_0_10_ce16            |  out|    1|   ap_memory|          B_DRAM_0_10|         array|
|B_DRAM_0_10_d16             |  out|   32|   ap_memory|          B_DRAM_0_10|         array|
|B_DRAM_0_10_q16             |   in|   32|   ap_memory|          B_DRAM_0_10|         array|
|B_DRAM_0_10_we16            |  out|    1|   ap_memory|          B_DRAM_0_10|         array|
|B_DRAM_0_11_address0        |  out|    5|   ap_memory|          B_DRAM_0_11|         array|
|B_DRAM_0_11_ce0             |  out|    1|   ap_memory|          B_DRAM_0_11|         array|
|B_DRAM_0_11_d0              |  out|   32|   ap_memory|          B_DRAM_0_11|         array|
|B_DRAM_0_11_q0              |   in|   32|   ap_memory|          B_DRAM_0_11|         array|
|B_DRAM_0_11_we0             |  out|    1|   ap_memory|          B_DRAM_0_11|         array|
|B_DRAM_0_11_address1        |  out|    5|   ap_memory|          B_DRAM_0_11|         array|
|B_DRAM_0_11_ce1             |  out|    1|   ap_memory|          B_DRAM_0_11|         array|
|B_DRAM_0_11_d1              |  out|   32|   ap_memory|          B_DRAM_0_11|         array|
|B_DRAM_0_11_q1              |   in|   32|   ap_memory|          B_DRAM_0_11|         array|
|B_DRAM_0_11_we1             |  out|    1|   ap_memory|          B_DRAM_0_11|         array|
|B_DRAM_0_11_address2        |  out|    5|   ap_memory|          B_DRAM_0_11|         array|
|B_DRAM_0_11_ce2             |  out|    1|   ap_memory|          B_DRAM_0_11|         array|
|B_DRAM_0_11_d2              |  out|   32|   ap_memory|          B_DRAM_0_11|         array|
|B_DRAM_0_11_q2              |   in|   32|   ap_memory|          B_DRAM_0_11|         array|
|B_DRAM_0_11_we2             |  out|    1|   ap_memory|          B_DRAM_0_11|         array|
|B_DRAM_0_11_address3        |  out|    5|   ap_memory|          B_DRAM_0_11|         array|
|B_DRAM_0_11_ce3             |  out|    1|   ap_memory|          B_DRAM_0_11|         array|
|B_DRAM_0_11_d3              |  out|   32|   ap_memory|          B_DRAM_0_11|         array|
|B_DRAM_0_11_q3              |   in|   32|   ap_memory|          B_DRAM_0_11|         array|
|B_DRAM_0_11_we3             |  out|    1|   ap_memory|          B_DRAM_0_11|         array|
|B_DRAM_0_11_address4        |  out|    5|   ap_memory|          B_DRAM_0_11|         array|
|B_DRAM_0_11_ce4             |  out|    1|   ap_memory|          B_DRAM_0_11|         array|
|B_DRAM_0_11_d4              |  out|   32|   ap_memory|          B_DRAM_0_11|         array|
|B_DRAM_0_11_q4              |   in|   32|   ap_memory|          B_DRAM_0_11|         array|
|B_DRAM_0_11_we4             |  out|    1|   ap_memory|          B_DRAM_0_11|         array|
|B_DRAM_0_11_address5        |  out|    5|   ap_memory|          B_DRAM_0_11|         array|
|B_DRAM_0_11_ce5             |  out|    1|   ap_memory|          B_DRAM_0_11|         array|
|B_DRAM_0_11_d5              |  out|   32|   ap_memory|          B_DRAM_0_11|         array|
|B_DRAM_0_11_q5              |   in|   32|   ap_memory|          B_DRAM_0_11|         array|
|B_DRAM_0_11_we5             |  out|    1|   ap_memory|          B_DRAM_0_11|         array|
|B_DRAM_0_11_address6        |  out|    5|   ap_memory|          B_DRAM_0_11|         array|
|B_DRAM_0_11_ce6             |  out|    1|   ap_memory|          B_DRAM_0_11|         array|
|B_DRAM_0_11_d6              |  out|   32|   ap_memory|          B_DRAM_0_11|         array|
|B_DRAM_0_11_q6              |   in|   32|   ap_memory|          B_DRAM_0_11|         array|
|B_DRAM_0_11_we6             |  out|    1|   ap_memory|          B_DRAM_0_11|         array|
|B_DRAM_0_11_address7        |  out|    5|   ap_memory|          B_DRAM_0_11|         array|
|B_DRAM_0_11_ce7             |  out|    1|   ap_memory|          B_DRAM_0_11|         array|
|B_DRAM_0_11_d7              |  out|   32|   ap_memory|          B_DRAM_0_11|         array|
|B_DRAM_0_11_q7              |   in|   32|   ap_memory|          B_DRAM_0_11|         array|
|B_DRAM_0_11_we7             |  out|    1|   ap_memory|          B_DRAM_0_11|         array|
|B_DRAM_0_11_address8        |  out|    5|   ap_memory|          B_DRAM_0_11|         array|
|B_DRAM_0_11_ce8             |  out|    1|   ap_memory|          B_DRAM_0_11|         array|
|B_DRAM_0_11_d8              |  out|   32|   ap_memory|          B_DRAM_0_11|         array|
|B_DRAM_0_11_q8              |   in|   32|   ap_memory|          B_DRAM_0_11|         array|
|B_DRAM_0_11_we8             |  out|    1|   ap_memory|          B_DRAM_0_11|         array|
|B_DRAM_0_11_address9        |  out|    5|   ap_memory|          B_DRAM_0_11|         array|
|B_DRAM_0_11_ce9             |  out|    1|   ap_memory|          B_DRAM_0_11|         array|
|B_DRAM_0_11_d9              |  out|   32|   ap_memory|          B_DRAM_0_11|         array|
|B_DRAM_0_11_q9              |   in|   32|   ap_memory|          B_DRAM_0_11|         array|
|B_DRAM_0_11_we9             |  out|    1|   ap_memory|          B_DRAM_0_11|         array|
|B_DRAM_0_11_address10       |  out|    5|   ap_memory|          B_DRAM_0_11|         array|
|B_DRAM_0_11_ce10            |  out|    1|   ap_memory|          B_DRAM_0_11|         array|
|B_DRAM_0_11_d10             |  out|   32|   ap_memory|          B_DRAM_0_11|         array|
|B_DRAM_0_11_q10             |   in|   32|   ap_memory|          B_DRAM_0_11|         array|
|B_DRAM_0_11_we10            |  out|    1|   ap_memory|          B_DRAM_0_11|         array|
|B_DRAM_0_11_address11       |  out|    5|   ap_memory|          B_DRAM_0_11|         array|
|B_DRAM_0_11_ce11            |  out|    1|   ap_memory|          B_DRAM_0_11|         array|
|B_DRAM_0_11_d11             |  out|   32|   ap_memory|          B_DRAM_0_11|         array|
|B_DRAM_0_11_q11             |   in|   32|   ap_memory|          B_DRAM_0_11|         array|
|B_DRAM_0_11_we11            |  out|    1|   ap_memory|          B_DRAM_0_11|         array|
|B_DRAM_0_11_address12       |  out|    5|   ap_memory|          B_DRAM_0_11|         array|
|B_DRAM_0_11_ce12            |  out|    1|   ap_memory|          B_DRAM_0_11|         array|
|B_DRAM_0_11_d12             |  out|   32|   ap_memory|          B_DRAM_0_11|         array|
|B_DRAM_0_11_q12             |   in|   32|   ap_memory|          B_DRAM_0_11|         array|
|B_DRAM_0_11_we12            |  out|    1|   ap_memory|          B_DRAM_0_11|         array|
|B_DRAM_0_11_address13       |  out|    5|   ap_memory|          B_DRAM_0_11|         array|
|B_DRAM_0_11_ce13            |  out|    1|   ap_memory|          B_DRAM_0_11|         array|
|B_DRAM_0_11_d13             |  out|   32|   ap_memory|          B_DRAM_0_11|         array|
|B_DRAM_0_11_q13             |   in|   32|   ap_memory|          B_DRAM_0_11|         array|
|B_DRAM_0_11_we13            |  out|    1|   ap_memory|          B_DRAM_0_11|         array|
|B_DRAM_0_11_address14       |  out|    5|   ap_memory|          B_DRAM_0_11|         array|
|B_DRAM_0_11_ce14            |  out|    1|   ap_memory|          B_DRAM_0_11|         array|
|B_DRAM_0_11_d14             |  out|   32|   ap_memory|          B_DRAM_0_11|         array|
|B_DRAM_0_11_q14             |   in|   32|   ap_memory|          B_DRAM_0_11|         array|
|B_DRAM_0_11_we14            |  out|    1|   ap_memory|          B_DRAM_0_11|         array|
|B_DRAM_0_11_address15       |  out|    5|   ap_memory|          B_DRAM_0_11|         array|
|B_DRAM_0_11_ce15            |  out|    1|   ap_memory|          B_DRAM_0_11|         array|
|B_DRAM_0_11_d15             |  out|   32|   ap_memory|          B_DRAM_0_11|         array|
|B_DRAM_0_11_q15             |   in|   32|   ap_memory|          B_DRAM_0_11|         array|
|B_DRAM_0_11_we15            |  out|    1|   ap_memory|          B_DRAM_0_11|         array|
|B_DRAM_0_11_address16       |  out|    5|   ap_memory|          B_DRAM_0_11|         array|
|B_DRAM_0_11_ce16            |  out|    1|   ap_memory|          B_DRAM_0_11|         array|
|B_DRAM_0_11_d16             |  out|   32|   ap_memory|          B_DRAM_0_11|         array|
|B_DRAM_0_11_q16             |   in|   32|   ap_memory|          B_DRAM_0_11|         array|
|B_DRAM_0_11_we16            |  out|    1|   ap_memory|          B_DRAM_0_11|         array|
|B_DRAM_0_12_address0        |  out|    5|   ap_memory|          B_DRAM_0_12|         array|
|B_DRAM_0_12_ce0             |  out|    1|   ap_memory|          B_DRAM_0_12|         array|
|B_DRAM_0_12_d0              |  out|   32|   ap_memory|          B_DRAM_0_12|         array|
|B_DRAM_0_12_q0              |   in|   32|   ap_memory|          B_DRAM_0_12|         array|
|B_DRAM_0_12_we0             |  out|    1|   ap_memory|          B_DRAM_0_12|         array|
|B_DRAM_0_12_address1        |  out|    5|   ap_memory|          B_DRAM_0_12|         array|
|B_DRAM_0_12_ce1             |  out|    1|   ap_memory|          B_DRAM_0_12|         array|
|B_DRAM_0_12_d1              |  out|   32|   ap_memory|          B_DRAM_0_12|         array|
|B_DRAM_0_12_q1              |   in|   32|   ap_memory|          B_DRAM_0_12|         array|
|B_DRAM_0_12_we1             |  out|    1|   ap_memory|          B_DRAM_0_12|         array|
|B_DRAM_0_12_address2        |  out|    5|   ap_memory|          B_DRAM_0_12|         array|
|B_DRAM_0_12_ce2             |  out|    1|   ap_memory|          B_DRAM_0_12|         array|
|B_DRAM_0_12_d2              |  out|   32|   ap_memory|          B_DRAM_0_12|         array|
|B_DRAM_0_12_q2              |   in|   32|   ap_memory|          B_DRAM_0_12|         array|
|B_DRAM_0_12_we2             |  out|    1|   ap_memory|          B_DRAM_0_12|         array|
|B_DRAM_0_12_address3        |  out|    5|   ap_memory|          B_DRAM_0_12|         array|
|B_DRAM_0_12_ce3             |  out|    1|   ap_memory|          B_DRAM_0_12|         array|
|B_DRAM_0_12_d3              |  out|   32|   ap_memory|          B_DRAM_0_12|         array|
|B_DRAM_0_12_q3              |   in|   32|   ap_memory|          B_DRAM_0_12|         array|
|B_DRAM_0_12_we3             |  out|    1|   ap_memory|          B_DRAM_0_12|         array|
|B_DRAM_0_12_address4        |  out|    5|   ap_memory|          B_DRAM_0_12|         array|
|B_DRAM_0_12_ce4             |  out|    1|   ap_memory|          B_DRAM_0_12|         array|
|B_DRAM_0_12_d4              |  out|   32|   ap_memory|          B_DRAM_0_12|         array|
|B_DRAM_0_12_q4              |   in|   32|   ap_memory|          B_DRAM_0_12|         array|
|B_DRAM_0_12_we4             |  out|    1|   ap_memory|          B_DRAM_0_12|         array|
|B_DRAM_0_12_address5        |  out|    5|   ap_memory|          B_DRAM_0_12|         array|
|B_DRAM_0_12_ce5             |  out|    1|   ap_memory|          B_DRAM_0_12|         array|
|B_DRAM_0_12_d5              |  out|   32|   ap_memory|          B_DRAM_0_12|         array|
|B_DRAM_0_12_q5              |   in|   32|   ap_memory|          B_DRAM_0_12|         array|
|B_DRAM_0_12_we5             |  out|    1|   ap_memory|          B_DRAM_0_12|         array|
|B_DRAM_0_12_address6        |  out|    5|   ap_memory|          B_DRAM_0_12|         array|
|B_DRAM_0_12_ce6             |  out|    1|   ap_memory|          B_DRAM_0_12|         array|
|B_DRAM_0_12_d6              |  out|   32|   ap_memory|          B_DRAM_0_12|         array|
|B_DRAM_0_12_q6              |   in|   32|   ap_memory|          B_DRAM_0_12|         array|
|B_DRAM_0_12_we6             |  out|    1|   ap_memory|          B_DRAM_0_12|         array|
|B_DRAM_0_12_address7        |  out|    5|   ap_memory|          B_DRAM_0_12|         array|
|B_DRAM_0_12_ce7             |  out|    1|   ap_memory|          B_DRAM_0_12|         array|
|B_DRAM_0_12_d7              |  out|   32|   ap_memory|          B_DRAM_0_12|         array|
|B_DRAM_0_12_q7              |   in|   32|   ap_memory|          B_DRAM_0_12|         array|
|B_DRAM_0_12_we7             |  out|    1|   ap_memory|          B_DRAM_0_12|         array|
|B_DRAM_0_12_address8        |  out|    5|   ap_memory|          B_DRAM_0_12|         array|
|B_DRAM_0_12_ce8             |  out|    1|   ap_memory|          B_DRAM_0_12|         array|
|B_DRAM_0_12_d8              |  out|   32|   ap_memory|          B_DRAM_0_12|         array|
|B_DRAM_0_12_q8              |   in|   32|   ap_memory|          B_DRAM_0_12|         array|
|B_DRAM_0_12_we8             |  out|    1|   ap_memory|          B_DRAM_0_12|         array|
|B_DRAM_0_12_address9        |  out|    5|   ap_memory|          B_DRAM_0_12|         array|
|B_DRAM_0_12_ce9             |  out|    1|   ap_memory|          B_DRAM_0_12|         array|
|B_DRAM_0_12_d9              |  out|   32|   ap_memory|          B_DRAM_0_12|         array|
|B_DRAM_0_12_q9              |   in|   32|   ap_memory|          B_DRAM_0_12|         array|
|B_DRAM_0_12_we9             |  out|    1|   ap_memory|          B_DRAM_0_12|         array|
|B_DRAM_0_12_address10       |  out|    5|   ap_memory|          B_DRAM_0_12|         array|
|B_DRAM_0_12_ce10            |  out|    1|   ap_memory|          B_DRAM_0_12|         array|
|B_DRAM_0_12_d10             |  out|   32|   ap_memory|          B_DRAM_0_12|         array|
|B_DRAM_0_12_q10             |   in|   32|   ap_memory|          B_DRAM_0_12|         array|
|B_DRAM_0_12_we10            |  out|    1|   ap_memory|          B_DRAM_0_12|         array|
|B_DRAM_0_12_address11       |  out|    5|   ap_memory|          B_DRAM_0_12|         array|
|B_DRAM_0_12_ce11            |  out|    1|   ap_memory|          B_DRAM_0_12|         array|
|B_DRAM_0_12_d11             |  out|   32|   ap_memory|          B_DRAM_0_12|         array|
|B_DRAM_0_12_q11             |   in|   32|   ap_memory|          B_DRAM_0_12|         array|
|B_DRAM_0_12_we11            |  out|    1|   ap_memory|          B_DRAM_0_12|         array|
|B_DRAM_0_12_address12       |  out|    5|   ap_memory|          B_DRAM_0_12|         array|
|B_DRAM_0_12_ce12            |  out|    1|   ap_memory|          B_DRAM_0_12|         array|
|B_DRAM_0_12_d12             |  out|   32|   ap_memory|          B_DRAM_0_12|         array|
|B_DRAM_0_12_q12             |   in|   32|   ap_memory|          B_DRAM_0_12|         array|
|B_DRAM_0_12_we12            |  out|    1|   ap_memory|          B_DRAM_0_12|         array|
|B_DRAM_0_12_address13       |  out|    5|   ap_memory|          B_DRAM_0_12|         array|
|B_DRAM_0_12_ce13            |  out|    1|   ap_memory|          B_DRAM_0_12|         array|
|B_DRAM_0_12_d13             |  out|   32|   ap_memory|          B_DRAM_0_12|         array|
|B_DRAM_0_12_q13             |   in|   32|   ap_memory|          B_DRAM_0_12|         array|
|B_DRAM_0_12_we13            |  out|    1|   ap_memory|          B_DRAM_0_12|         array|
|B_DRAM_0_12_address14       |  out|    5|   ap_memory|          B_DRAM_0_12|         array|
|B_DRAM_0_12_ce14            |  out|    1|   ap_memory|          B_DRAM_0_12|         array|
|B_DRAM_0_12_d14             |  out|   32|   ap_memory|          B_DRAM_0_12|         array|
|B_DRAM_0_12_q14             |   in|   32|   ap_memory|          B_DRAM_0_12|         array|
|B_DRAM_0_12_we14            |  out|    1|   ap_memory|          B_DRAM_0_12|         array|
|B_DRAM_0_12_address15       |  out|    5|   ap_memory|          B_DRAM_0_12|         array|
|B_DRAM_0_12_ce15            |  out|    1|   ap_memory|          B_DRAM_0_12|         array|
|B_DRAM_0_12_d15             |  out|   32|   ap_memory|          B_DRAM_0_12|         array|
|B_DRAM_0_12_q15             |   in|   32|   ap_memory|          B_DRAM_0_12|         array|
|B_DRAM_0_12_we15            |  out|    1|   ap_memory|          B_DRAM_0_12|         array|
|B_DRAM_0_12_address16       |  out|    5|   ap_memory|          B_DRAM_0_12|         array|
|B_DRAM_0_12_ce16            |  out|    1|   ap_memory|          B_DRAM_0_12|         array|
|B_DRAM_0_12_d16             |  out|   32|   ap_memory|          B_DRAM_0_12|         array|
|B_DRAM_0_12_q16             |   in|   32|   ap_memory|          B_DRAM_0_12|         array|
|B_DRAM_0_12_we16            |  out|    1|   ap_memory|          B_DRAM_0_12|         array|
|B_DRAM_0_13_address0        |  out|    5|   ap_memory|          B_DRAM_0_13|         array|
|B_DRAM_0_13_ce0             |  out|    1|   ap_memory|          B_DRAM_0_13|         array|
|B_DRAM_0_13_d0              |  out|   32|   ap_memory|          B_DRAM_0_13|         array|
|B_DRAM_0_13_q0              |   in|   32|   ap_memory|          B_DRAM_0_13|         array|
|B_DRAM_0_13_we0             |  out|    1|   ap_memory|          B_DRAM_0_13|         array|
|B_DRAM_0_13_address1        |  out|    5|   ap_memory|          B_DRAM_0_13|         array|
|B_DRAM_0_13_ce1             |  out|    1|   ap_memory|          B_DRAM_0_13|         array|
|B_DRAM_0_13_d1              |  out|   32|   ap_memory|          B_DRAM_0_13|         array|
|B_DRAM_0_13_q1              |   in|   32|   ap_memory|          B_DRAM_0_13|         array|
|B_DRAM_0_13_we1             |  out|    1|   ap_memory|          B_DRAM_0_13|         array|
|B_DRAM_0_13_address2        |  out|    5|   ap_memory|          B_DRAM_0_13|         array|
|B_DRAM_0_13_ce2             |  out|    1|   ap_memory|          B_DRAM_0_13|         array|
|B_DRAM_0_13_d2              |  out|   32|   ap_memory|          B_DRAM_0_13|         array|
|B_DRAM_0_13_q2              |   in|   32|   ap_memory|          B_DRAM_0_13|         array|
|B_DRAM_0_13_we2             |  out|    1|   ap_memory|          B_DRAM_0_13|         array|
|B_DRAM_0_13_address3        |  out|    5|   ap_memory|          B_DRAM_0_13|         array|
|B_DRAM_0_13_ce3             |  out|    1|   ap_memory|          B_DRAM_0_13|         array|
|B_DRAM_0_13_d3              |  out|   32|   ap_memory|          B_DRAM_0_13|         array|
|B_DRAM_0_13_q3              |   in|   32|   ap_memory|          B_DRAM_0_13|         array|
|B_DRAM_0_13_we3             |  out|    1|   ap_memory|          B_DRAM_0_13|         array|
|B_DRAM_0_13_address4        |  out|    5|   ap_memory|          B_DRAM_0_13|         array|
|B_DRAM_0_13_ce4             |  out|    1|   ap_memory|          B_DRAM_0_13|         array|
|B_DRAM_0_13_d4              |  out|   32|   ap_memory|          B_DRAM_0_13|         array|
|B_DRAM_0_13_q4              |   in|   32|   ap_memory|          B_DRAM_0_13|         array|
|B_DRAM_0_13_we4             |  out|    1|   ap_memory|          B_DRAM_0_13|         array|
|B_DRAM_0_13_address5        |  out|    5|   ap_memory|          B_DRAM_0_13|         array|
|B_DRAM_0_13_ce5             |  out|    1|   ap_memory|          B_DRAM_0_13|         array|
|B_DRAM_0_13_d5              |  out|   32|   ap_memory|          B_DRAM_0_13|         array|
|B_DRAM_0_13_q5              |   in|   32|   ap_memory|          B_DRAM_0_13|         array|
|B_DRAM_0_13_we5             |  out|    1|   ap_memory|          B_DRAM_0_13|         array|
|B_DRAM_0_13_address6        |  out|    5|   ap_memory|          B_DRAM_0_13|         array|
|B_DRAM_0_13_ce6             |  out|    1|   ap_memory|          B_DRAM_0_13|         array|
|B_DRAM_0_13_d6              |  out|   32|   ap_memory|          B_DRAM_0_13|         array|
|B_DRAM_0_13_q6              |   in|   32|   ap_memory|          B_DRAM_0_13|         array|
|B_DRAM_0_13_we6             |  out|    1|   ap_memory|          B_DRAM_0_13|         array|
|B_DRAM_0_13_address7        |  out|    5|   ap_memory|          B_DRAM_0_13|         array|
|B_DRAM_0_13_ce7             |  out|    1|   ap_memory|          B_DRAM_0_13|         array|
|B_DRAM_0_13_d7              |  out|   32|   ap_memory|          B_DRAM_0_13|         array|
|B_DRAM_0_13_q7              |   in|   32|   ap_memory|          B_DRAM_0_13|         array|
|B_DRAM_0_13_we7             |  out|    1|   ap_memory|          B_DRAM_0_13|         array|
|B_DRAM_0_13_address8        |  out|    5|   ap_memory|          B_DRAM_0_13|         array|
|B_DRAM_0_13_ce8             |  out|    1|   ap_memory|          B_DRAM_0_13|         array|
|B_DRAM_0_13_d8              |  out|   32|   ap_memory|          B_DRAM_0_13|         array|
|B_DRAM_0_13_q8              |   in|   32|   ap_memory|          B_DRAM_0_13|         array|
|B_DRAM_0_13_we8             |  out|    1|   ap_memory|          B_DRAM_0_13|         array|
|B_DRAM_0_13_address9        |  out|    5|   ap_memory|          B_DRAM_0_13|         array|
|B_DRAM_0_13_ce9             |  out|    1|   ap_memory|          B_DRAM_0_13|         array|
|B_DRAM_0_13_d9              |  out|   32|   ap_memory|          B_DRAM_0_13|         array|
|B_DRAM_0_13_q9              |   in|   32|   ap_memory|          B_DRAM_0_13|         array|
|B_DRAM_0_13_we9             |  out|    1|   ap_memory|          B_DRAM_0_13|         array|
|B_DRAM_0_13_address10       |  out|    5|   ap_memory|          B_DRAM_0_13|         array|
|B_DRAM_0_13_ce10            |  out|    1|   ap_memory|          B_DRAM_0_13|         array|
|B_DRAM_0_13_d10             |  out|   32|   ap_memory|          B_DRAM_0_13|         array|
|B_DRAM_0_13_q10             |   in|   32|   ap_memory|          B_DRAM_0_13|         array|
|B_DRAM_0_13_we10            |  out|    1|   ap_memory|          B_DRAM_0_13|         array|
|B_DRAM_0_13_address11       |  out|    5|   ap_memory|          B_DRAM_0_13|         array|
|B_DRAM_0_13_ce11            |  out|    1|   ap_memory|          B_DRAM_0_13|         array|
|B_DRAM_0_13_d11             |  out|   32|   ap_memory|          B_DRAM_0_13|         array|
|B_DRAM_0_13_q11             |   in|   32|   ap_memory|          B_DRAM_0_13|         array|
|B_DRAM_0_13_we11            |  out|    1|   ap_memory|          B_DRAM_0_13|         array|
|B_DRAM_0_13_address12       |  out|    5|   ap_memory|          B_DRAM_0_13|         array|
|B_DRAM_0_13_ce12            |  out|    1|   ap_memory|          B_DRAM_0_13|         array|
|B_DRAM_0_13_d12             |  out|   32|   ap_memory|          B_DRAM_0_13|         array|
|B_DRAM_0_13_q12             |   in|   32|   ap_memory|          B_DRAM_0_13|         array|
|B_DRAM_0_13_we12            |  out|    1|   ap_memory|          B_DRAM_0_13|         array|
|B_DRAM_0_13_address13       |  out|    5|   ap_memory|          B_DRAM_0_13|         array|
|B_DRAM_0_13_ce13            |  out|    1|   ap_memory|          B_DRAM_0_13|         array|
|B_DRAM_0_13_d13             |  out|   32|   ap_memory|          B_DRAM_0_13|         array|
|B_DRAM_0_13_q13             |   in|   32|   ap_memory|          B_DRAM_0_13|         array|
|B_DRAM_0_13_we13            |  out|    1|   ap_memory|          B_DRAM_0_13|         array|
|B_DRAM_0_13_address14       |  out|    5|   ap_memory|          B_DRAM_0_13|         array|
|B_DRAM_0_13_ce14            |  out|    1|   ap_memory|          B_DRAM_0_13|         array|
|B_DRAM_0_13_d14             |  out|   32|   ap_memory|          B_DRAM_0_13|         array|
|B_DRAM_0_13_q14             |   in|   32|   ap_memory|          B_DRAM_0_13|         array|
|B_DRAM_0_13_we14            |  out|    1|   ap_memory|          B_DRAM_0_13|         array|
|B_DRAM_0_13_address15       |  out|    5|   ap_memory|          B_DRAM_0_13|         array|
|B_DRAM_0_13_ce15            |  out|    1|   ap_memory|          B_DRAM_0_13|         array|
|B_DRAM_0_13_d15             |  out|   32|   ap_memory|          B_DRAM_0_13|         array|
|B_DRAM_0_13_q15             |   in|   32|   ap_memory|          B_DRAM_0_13|         array|
|B_DRAM_0_13_we15            |  out|    1|   ap_memory|          B_DRAM_0_13|         array|
|B_DRAM_0_13_address16       |  out|    5|   ap_memory|          B_DRAM_0_13|         array|
|B_DRAM_0_13_ce16            |  out|    1|   ap_memory|          B_DRAM_0_13|         array|
|B_DRAM_0_13_d16             |  out|   32|   ap_memory|          B_DRAM_0_13|         array|
|B_DRAM_0_13_q16             |   in|   32|   ap_memory|          B_DRAM_0_13|         array|
|B_DRAM_0_13_we16            |  out|    1|   ap_memory|          B_DRAM_0_13|         array|
|B_DRAM_0_14_address0        |  out|    5|   ap_memory|          B_DRAM_0_14|         array|
|B_DRAM_0_14_ce0             |  out|    1|   ap_memory|          B_DRAM_0_14|         array|
|B_DRAM_0_14_d0              |  out|   32|   ap_memory|          B_DRAM_0_14|         array|
|B_DRAM_0_14_q0              |   in|   32|   ap_memory|          B_DRAM_0_14|         array|
|B_DRAM_0_14_we0             |  out|    1|   ap_memory|          B_DRAM_0_14|         array|
|B_DRAM_0_14_address1        |  out|    5|   ap_memory|          B_DRAM_0_14|         array|
|B_DRAM_0_14_ce1             |  out|    1|   ap_memory|          B_DRAM_0_14|         array|
|B_DRAM_0_14_d1              |  out|   32|   ap_memory|          B_DRAM_0_14|         array|
|B_DRAM_0_14_q1              |   in|   32|   ap_memory|          B_DRAM_0_14|         array|
|B_DRAM_0_14_we1             |  out|    1|   ap_memory|          B_DRAM_0_14|         array|
|B_DRAM_0_14_address2        |  out|    5|   ap_memory|          B_DRAM_0_14|         array|
|B_DRAM_0_14_ce2             |  out|    1|   ap_memory|          B_DRAM_0_14|         array|
|B_DRAM_0_14_d2              |  out|   32|   ap_memory|          B_DRAM_0_14|         array|
|B_DRAM_0_14_q2              |   in|   32|   ap_memory|          B_DRAM_0_14|         array|
|B_DRAM_0_14_we2             |  out|    1|   ap_memory|          B_DRAM_0_14|         array|
|B_DRAM_0_14_address3        |  out|    5|   ap_memory|          B_DRAM_0_14|         array|
|B_DRAM_0_14_ce3             |  out|    1|   ap_memory|          B_DRAM_0_14|         array|
|B_DRAM_0_14_d3              |  out|   32|   ap_memory|          B_DRAM_0_14|         array|
|B_DRAM_0_14_q3              |   in|   32|   ap_memory|          B_DRAM_0_14|         array|
|B_DRAM_0_14_we3             |  out|    1|   ap_memory|          B_DRAM_0_14|         array|
|B_DRAM_0_14_address4        |  out|    5|   ap_memory|          B_DRAM_0_14|         array|
|B_DRAM_0_14_ce4             |  out|    1|   ap_memory|          B_DRAM_0_14|         array|
|B_DRAM_0_14_d4              |  out|   32|   ap_memory|          B_DRAM_0_14|         array|
|B_DRAM_0_14_q4              |   in|   32|   ap_memory|          B_DRAM_0_14|         array|
|B_DRAM_0_14_we4             |  out|    1|   ap_memory|          B_DRAM_0_14|         array|
|B_DRAM_0_14_address5        |  out|    5|   ap_memory|          B_DRAM_0_14|         array|
|B_DRAM_0_14_ce5             |  out|    1|   ap_memory|          B_DRAM_0_14|         array|
|B_DRAM_0_14_d5              |  out|   32|   ap_memory|          B_DRAM_0_14|         array|
|B_DRAM_0_14_q5              |   in|   32|   ap_memory|          B_DRAM_0_14|         array|
|B_DRAM_0_14_we5             |  out|    1|   ap_memory|          B_DRAM_0_14|         array|
|B_DRAM_0_14_address6        |  out|    5|   ap_memory|          B_DRAM_0_14|         array|
|B_DRAM_0_14_ce6             |  out|    1|   ap_memory|          B_DRAM_0_14|         array|
|B_DRAM_0_14_d6              |  out|   32|   ap_memory|          B_DRAM_0_14|         array|
|B_DRAM_0_14_q6              |   in|   32|   ap_memory|          B_DRAM_0_14|         array|
|B_DRAM_0_14_we6             |  out|    1|   ap_memory|          B_DRAM_0_14|         array|
|B_DRAM_0_14_address7        |  out|    5|   ap_memory|          B_DRAM_0_14|         array|
|B_DRAM_0_14_ce7             |  out|    1|   ap_memory|          B_DRAM_0_14|         array|
|B_DRAM_0_14_d7              |  out|   32|   ap_memory|          B_DRAM_0_14|         array|
|B_DRAM_0_14_q7              |   in|   32|   ap_memory|          B_DRAM_0_14|         array|
|B_DRAM_0_14_we7             |  out|    1|   ap_memory|          B_DRAM_0_14|         array|
|B_DRAM_0_14_address8        |  out|    5|   ap_memory|          B_DRAM_0_14|         array|
|B_DRAM_0_14_ce8             |  out|    1|   ap_memory|          B_DRAM_0_14|         array|
|B_DRAM_0_14_d8              |  out|   32|   ap_memory|          B_DRAM_0_14|         array|
|B_DRAM_0_14_q8              |   in|   32|   ap_memory|          B_DRAM_0_14|         array|
|B_DRAM_0_14_we8             |  out|    1|   ap_memory|          B_DRAM_0_14|         array|
|B_DRAM_0_14_address9        |  out|    5|   ap_memory|          B_DRAM_0_14|         array|
|B_DRAM_0_14_ce9             |  out|    1|   ap_memory|          B_DRAM_0_14|         array|
|B_DRAM_0_14_d9              |  out|   32|   ap_memory|          B_DRAM_0_14|         array|
|B_DRAM_0_14_q9              |   in|   32|   ap_memory|          B_DRAM_0_14|         array|
|B_DRAM_0_14_we9             |  out|    1|   ap_memory|          B_DRAM_0_14|         array|
|B_DRAM_0_14_address10       |  out|    5|   ap_memory|          B_DRAM_0_14|         array|
|B_DRAM_0_14_ce10            |  out|    1|   ap_memory|          B_DRAM_0_14|         array|
|B_DRAM_0_14_d10             |  out|   32|   ap_memory|          B_DRAM_0_14|         array|
|B_DRAM_0_14_q10             |   in|   32|   ap_memory|          B_DRAM_0_14|         array|
|B_DRAM_0_14_we10            |  out|    1|   ap_memory|          B_DRAM_0_14|         array|
|B_DRAM_0_14_address11       |  out|    5|   ap_memory|          B_DRAM_0_14|         array|
|B_DRAM_0_14_ce11            |  out|    1|   ap_memory|          B_DRAM_0_14|         array|
|B_DRAM_0_14_d11             |  out|   32|   ap_memory|          B_DRAM_0_14|         array|
|B_DRAM_0_14_q11             |   in|   32|   ap_memory|          B_DRAM_0_14|         array|
|B_DRAM_0_14_we11            |  out|    1|   ap_memory|          B_DRAM_0_14|         array|
|B_DRAM_0_14_address12       |  out|    5|   ap_memory|          B_DRAM_0_14|         array|
|B_DRAM_0_14_ce12            |  out|    1|   ap_memory|          B_DRAM_0_14|         array|
|B_DRAM_0_14_d12             |  out|   32|   ap_memory|          B_DRAM_0_14|         array|
|B_DRAM_0_14_q12             |   in|   32|   ap_memory|          B_DRAM_0_14|         array|
|B_DRAM_0_14_we12            |  out|    1|   ap_memory|          B_DRAM_0_14|         array|
|B_DRAM_0_14_address13       |  out|    5|   ap_memory|          B_DRAM_0_14|         array|
|B_DRAM_0_14_ce13            |  out|    1|   ap_memory|          B_DRAM_0_14|         array|
|B_DRAM_0_14_d13             |  out|   32|   ap_memory|          B_DRAM_0_14|         array|
|B_DRAM_0_14_q13             |   in|   32|   ap_memory|          B_DRAM_0_14|         array|
|B_DRAM_0_14_we13            |  out|    1|   ap_memory|          B_DRAM_0_14|         array|
|B_DRAM_0_14_address14       |  out|    5|   ap_memory|          B_DRAM_0_14|         array|
|B_DRAM_0_14_ce14            |  out|    1|   ap_memory|          B_DRAM_0_14|         array|
|B_DRAM_0_14_d14             |  out|   32|   ap_memory|          B_DRAM_0_14|         array|
|B_DRAM_0_14_q14             |   in|   32|   ap_memory|          B_DRAM_0_14|         array|
|B_DRAM_0_14_we14            |  out|    1|   ap_memory|          B_DRAM_0_14|         array|
|B_DRAM_0_14_address15       |  out|    5|   ap_memory|          B_DRAM_0_14|         array|
|B_DRAM_0_14_ce15            |  out|    1|   ap_memory|          B_DRAM_0_14|         array|
|B_DRAM_0_14_d15             |  out|   32|   ap_memory|          B_DRAM_0_14|         array|
|B_DRAM_0_14_q15             |   in|   32|   ap_memory|          B_DRAM_0_14|         array|
|B_DRAM_0_14_we15            |  out|    1|   ap_memory|          B_DRAM_0_14|         array|
|B_DRAM_0_14_address16       |  out|    5|   ap_memory|          B_DRAM_0_14|         array|
|B_DRAM_0_14_ce16            |  out|    1|   ap_memory|          B_DRAM_0_14|         array|
|B_DRAM_0_14_d16             |  out|   32|   ap_memory|          B_DRAM_0_14|         array|
|B_DRAM_0_14_q16             |   in|   32|   ap_memory|          B_DRAM_0_14|         array|
|B_DRAM_0_14_we16            |  out|    1|   ap_memory|          B_DRAM_0_14|         array|
|B_DRAM_0_15_address0        |  out|    5|   ap_memory|          B_DRAM_0_15|         array|
|B_DRAM_0_15_ce0             |  out|    1|   ap_memory|          B_DRAM_0_15|         array|
|B_DRAM_0_15_d0              |  out|   32|   ap_memory|          B_DRAM_0_15|         array|
|B_DRAM_0_15_q0              |   in|   32|   ap_memory|          B_DRAM_0_15|         array|
|B_DRAM_0_15_we0             |  out|    1|   ap_memory|          B_DRAM_0_15|         array|
|B_DRAM_0_15_address1        |  out|    5|   ap_memory|          B_DRAM_0_15|         array|
|B_DRAM_0_15_ce1             |  out|    1|   ap_memory|          B_DRAM_0_15|         array|
|B_DRAM_0_15_d1              |  out|   32|   ap_memory|          B_DRAM_0_15|         array|
|B_DRAM_0_15_q1              |   in|   32|   ap_memory|          B_DRAM_0_15|         array|
|B_DRAM_0_15_we1             |  out|    1|   ap_memory|          B_DRAM_0_15|         array|
|B_DRAM_0_15_address2        |  out|    5|   ap_memory|          B_DRAM_0_15|         array|
|B_DRAM_0_15_ce2             |  out|    1|   ap_memory|          B_DRAM_0_15|         array|
|B_DRAM_0_15_d2              |  out|   32|   ap_memory|          B_DRAM_0_15|         array|
|B_DRAM_0_15_q2              |   in|   32|   ap_memory|          B_DRAM_0_15|         array|
|B_DRAM_0_15_we2             |  out|    1|   ap_memory|          B_DRAM_0_15|         array|
|B_DRAM_0_15_address3        |  out|    5|   ap_memory|          B_DRAM_0_15|         array|
|B_DRAM_0_15_ce3             |  out|    1|   ap_memory|          B_DRAM_0_15|         array|
|B_DRAM_0_15_d3              |  out|   32|   ap_memory|          B_DRAM_0_15|         array|
|B_DRAM_0_15_q3              |   in|   32|   ap_memory|          B_DRAM_0_15|         array|
|B_DRAM_0_15_we3             |  out|    1|   ap_memory|          B_DRAM_0_15|         array|
|B_DRAM_0_15_address4        |  out|    5|   ap_memory|          B_DRAM_0_15|         array|
|B_DRAM_0_15_ce4             |  out|    1|   ap_memory|          B_DRAM_0_15|         array|
|B_DRAM_0_15_d4              |  out|   32|   ap_memory|          B_DRAM_0_15|         array|
|B_DRAM_0_15_q4              |   in|   32|   ap_memory|          B_DRAM_0_15|         array|
|B_DRAM_0_15_we4             |  out|    1|   ap_memory|          B_DRAM_0_15|         array|
|B_DRAM_0_15_address5        |  out|    5|   ap_memory|          B_DRAM_0_15|         array|
|B_DRAM_0_15_ce5             |  out|    1|   ap_memory|          B_DRAM_0_15|         array|
|B_DRAM_0_15_d5              |  out|   32|   ap_memory|          B_DRAM_0_15|         array|
|B_DRAM_0_15_q5              |   in|   32|   ap_memory|          B_DRAM_0_15|         array|
|B_DRAM_0_15_we5             |  out|    1|   ap_memory|          B_DRAM_0_15|         array|
|B_DRAM_0_15_address6        |  out|    5|   ap_memory|          B_DRAM_0_15|         array|
|B_DRAM_0_15_ce6             |  out|    1|   ap_memory|          B_DRAM_0_15|         array|
|B_DRAM_0_15_d6              |  out|   32|   ap_memory|          B_DRAM_0_15|         array|
|B_DRAM_0_15_q6              |   in|   32|   ap_memory|          B_DRAM_0_15|         array|
|B_DRAM_0_15_we6             |  out|    1|   ap_memory|          B_DRAM_0_15|         array|
|B_DRAM_0_15_address7        |  out|    5|   ap_memory|          B_DRAM_0_15|         array|
|B_DRAM_0_15_ce7             |  out|    1|   ap_memory|          B_DRAM_0_15|         array|
|B_DRAM_0_15_d7              |  out|   32|   ap_memory|          B_DRAM_0_15|         array|
|B_DRAM_0_15_q7              |   in|   32|   ap_memory|          B_DRAM_0_15|         array|
|B_DRAM_0_15_we7             |  out|    1|   ap_memory|          B_DRAM_0_15|         array|
|B_DRAM_0_15_address8        |  out|    5|   ap_memory|          B_DRAM_0_15|         array|
|B_DRAM_0_15_ce8             |  out|    1|   ap_memory|          B_DRAM_0_15|         array|
|B_DRAM_0_15_d8              |  out|   32|   ap_memory|          B_DRAM_0_15|         array|
|B_DRAM_0_15_q8              |   in|   32|   ap_memory|          B_DRAM_0_15|         array|
|B_DRAM_0_15_we8             |  out|    1|   ap_memory|          B_DRAM_0_15|         array|
|B_DRAM_0_15_address9        |  out|    5|   ap_memory|          B_DRAM_0_15|         array|
|B_DRAM_0_15_ce9             |  out|    1|   ap_memory|          B_DRAM_0_15|         array|
|B_DRAM_0_15_d9              |  out|   32|   ap_memory|          B_DRAM_0_15|         array|
|B_DRAM_0_15_q9              |   in|   32|   ap_memory|          B_DRAM_0_15|         array|
|B_DRAM_0_15_we9             |  out|    1|   ap_memory|          B_DRAM_0_15|         array|
|B_DRAM_0_15_address10       |  out|    5|   ap_memory|          B_DRAM_0_15|         array|
|B_DRAM_0_15_ce10            |  out|    1|   ap_memory|          B_DRAM_0_15|         array|
|B_DRAM_0_15_d10             |  out|   32|   ap_memory|          B_DRAM_0_15|         array|
|B_DRAM_0_15_q10             |   in|   32|   ap_memory|          B_DRAM_0_15|         array|
|B_DRAM_0_15_we10            |  out|    1|   ap_memory|          B_DRAM_0_15|         array|
|B_DRAM_0_15_address11       |  out|    5|   ap_memory|          B_DRAM_0_15|         array|
|B_DRAM_0_15_ce11            |  out|    1|   ap_memory|          B_DRAM_0_15|         array|
|B_DRAM_0_15_d11             |  out|   32|   ap_memory|          B_DRAM_0_15|         array|
|B_DRAM_0_15_q11             |   in|   32|   ap_memory|          B_DRAM_0_15|         array|
|B_DRAM_0_15_we11            |  out|    1|   ap_memory|          B_DRAM_0_15|         array|
|B_DRAM_0_15_address12       |  out|    5|   ap_memory|          B_DRAM_0_15|         array|
|B_DRAM_0_15_ce12            |  out|    1|   ap_memory|          B_DRAM_0_15|         array|
|B_DRAM_0_15_d12             |  out|   32|   ap_memory|          B_DRAM_0_15|         array|
|B_DRAM_0_15_q12             |   in|   32|   ap_memory|          B_DRAM_0_15|         array|
|B_DRAM_0_15_we12            |  out|    1|   ap_memory|          B_DRAM_0_15|         array|
|B_DRAM_0_15_address13       |  out|    5|   ap_memory|          B_DRAM_0_15|         array|
|B_DRAM_0_15_ce13            |  out|    1|   ap_memory|          B_DRAM_0_15|         array|
|B_DRAM_0_15_d13             |  out|   32|   ap_memory|          B_DRAM_0_15|         array|
|B_DRAM_0_15_q13             |   in|   32|   ap_memory|          B_DRAM_0_15|         array|
|B_DRAM_0_15_we13            |  out|    1|   ap_memory|          B_DRAM_0_15|         array|
|B_DRAM_0_15_address14       |  out|    5|   ap_memory|          B_DRAM_0_15|         array|
|B_DRAM_0_15_ce14            |  out|    1|   ap_memory|          B_DRAM_0_15|         array|
|B_DRAM_0_15_d14             |  out|   32|   ap_memory|          B_DRAM_0_15|         array|
|B_DRAM_0_15_q14             |   in|   32|   ap_memory|          B_DRAM_0_15|         array|
|B_DRAM_0_15_we14            |  out|    1|   ap_memory|          B_DRAM_0_15|         array|
|B_DRAM_0_15_address15       |  out|    5|   ap_memory|          B_DRAM_0_15|         array|
|B_DRAM_0_15_ce15            |  out|    1|   ap_memory|          B_DRAM_0_15|         array|
|B_DRAM_0_15_d15             |  out|   32|   ap_memory|          B_DRAM_0_15|         array|
|B_DRAM_0_15_q15             |   in|   32|   ap_memory|          B_DRAM_0_15|         array|
|B_DRAM_0_15_we15            |  out|    1|   ap_memory|          B_DRAM_0_15|         array|
|B_DRAM_0_15_address16       |  out|    5|   ap_memory|          B_DRAM_0_15|         array|
|B_DRAM_0_15_ce16            |  out|    1|   ap_memory|          B_DRAM_0_15|         array|
|B_DRAM_0_15_d16             |  out|   32|   ap_memory|          B_DRAM_0_15|         array|
|B_DRAM_0_15_q16             |   in|   32|   ap_memory|          B_DRAM_0_15|         array|
|B_DRAM_0_15_we16            |  out|    1|   ap_memory|          B_DRAM_0_15|         array|
|B_DRAM_1_0_address0         |  out|    5|   ap_memory|           B_DRAM_1_0|         array|
|B_DRAM_1_0_ce0              |  out|    1|   ap_memory|           B_DRAM_1_0|         array|
|B_DRAM_1_0_d0               |  out|   32|   ap_memory|           B_DRAM_1_0|         array|
|B_DRAM_1_0_q0               |   in|   32|   ap_memory|           B_DRAM_1_0|         array|
|B_DRAM_1_0_we0              |  out|    1|   ap_memory|           B_DRAM_1_0|         array|
|B_DRAM_1_0_address1         |  out|    5|   ap_memory|           B_DRAM_1_0|         array|
|B_DRAM_1_0_ce1              |  out|    1|   ap_memory|           B_DRAM_1_0|         array|
|B_DRAM_1_0_d1               |  out|   32|   ap_memory|           B_DRAM_1_0|         array|
|B_DRAM_1_0_q1               |   in|   32|   ap_memory|           B_DRAM_1_0|         array|
|B_DRAM_1_0_we1              |  out|    1|   ap_memory|           B_DRAM_1_0|         array|
|B_DRAM_1_0_address2         |  out|    5|   ap_memory|           B_DRAM_1_0|         array|
|B_DRAM_1_0_ce2              |  out|    1|   ap_memory|           B_DRAM_1_0|         array|
|B_DRAM_1_0_d2               |  out|   32|   ap_memory|           B_DRAM_1_0|         array|
|B_DRAM_1_0_q2               |   in|   32|   ap_memory|           B_DRAM_1_0|         array|
|B_DRAM_1_0_we2              |  out|    1|   ap_memory|           B_DRAM_1_0|         array|
|B_DRAM_1_0_address3         |  out|    5|   ap_memory|           B_DRAM_1_0|         array|
|B_DRAM_1_0_ce3              |  out|    1|   ap_memory|           B_DRAM_1_0|         array|
|B_DRAM_1_0_d3               |  out|   32|   ap_memory|           B_DRAM_1_0|         array|
|B_DRAM_1_0_q3               |   in|   32|   ap_memory|           B_DRAM_1_0|         array|
|B_DRAM_1_0_we3              |  out|    1|   ap_memory|           B_DRAM_1_0|         array|
|B_DRAM_1_0_address4         |  out|    5|   ap_memory|           B_DRAM_1_0|         array|
|B_DRAM_1_0_ce4              |  out|    1|   ap_memory|           B_DRAM_1_0|         array|
|B_DRAM_1_0_d4               |  out|   32|   ap_memory|           B_DRAM_1_0|         array|
|B_DRAM_1_0_q4               |   in|   32|   ap_memory|           B_DRAM_1_0|         array|
|B_DRAM_1_0_we4              |  out|    1|   ap_memory|           B_DRAM_1_0|         array|
|B_DRAM_1_0_address5         |  out|    5|   ap_memory|           B_DRAM_1_0|         array|
|B_DRAM_1_0_ce5              |  out|    1|   ap_memory|           B_DRAM_1_0|         array|
|B_DRAM_1_0_d5               |  out|   32|   ap_memory|           B_DRAM_1_0|         array|
|B_DRAM_1_0_q5               |   in|   32|   ap_memory|           B_DRAM_1_0|         array|
|B_DRAM_1_0_we5              |  out|    1|   ap_memory|           B_DRAM_1_0|         array|
|B_DRAM_1_0_address6         |  out|    5|   ap_memory|           B_DRAM_1_0|         array|
|B_DRAM_1_0_ce6              |  out|    1|   ap_memory|           B_DRAM_1_0|         array|
|B_DRAM_1_0_d6               |  out|   32|   ap_memory|           B_DRAM_1_0|         array|
|B_DRAM_1_0_q6               |   in|   32|   ap_memory|           B_DRAM_1_0|         array|
|B_DRAM_1_0_we6              |  out|    1|   ap_memory|           B_DRAM_1_0|         array|
|B_DRAM_1_0_address7         |  out|    5|   ap_memory|           B_DRAM_1_0|         array|
|B_DRAM_1_0_ce7              |  out|    1|   ap_memory|           B_DRAM_1_0|         array|
|B_DRAM_1_0_d7               |  out|   32|   ap_memory|           B_DRAM_1_0|         array|
|B_DRAM_1_0_q7               |   in|   32|   ap_memory|           B_DRAM_1_0|         array|
|B_DRAM_1_0_we7              |  out|    1|   ap_memory|           B_DRAM_1_0|         array|
|B_DRAM_1_0_address8         |  out|    5|   ap_memory|           B_DRAM_1_0|         array|
|B_DRAM_1_0_ce8              |  out|    1|   ap_memory|           B_DRAM_1_0|         array|
|B_DRAM_1_0_d8               |  out|   32|   ap_memory|           B_DRAM_1_0|         array|
|B_DRAM_1_0_q8               |   in|   32|   ap_memory|           B_DRAM_1_0|         array|
|B_DRAM_1_0_we8              |  out|    1|   ap_memory|           B_DRAM_1_0|         array|
|B_DRAM_1_0_address9         |  out|    5|   ap_memory|           B_DRAM_1_0|         array|
|B_DRAM_1_0_ce9              |  out|    1|   ap_memory|           B_DRAM_1_0|         array|
|B_DRAM_1_0_d9               |  out|   32|   ap_memory|           B_DRAM_1_0|         array|
|B_DRAM_1_0_q9               |   in|   32|   ap_memory|           B_DRAM_1_0|         array|
|B_DRAM_1_0_we9              |  out|    1|   ap_memory|           B_DRAM_1_0|         array|
|B_DRAM_1_0_address10        |  out|    5|   ap_memory|           B_DRAM_1_0|         array|
|B_DRAM_1_0_ce10             |  out|    1|   ap_memory|           B_DRAM_1_0|         array|
|B_DRAM_1_0_d10              |  out|   32|   ap_memory|           B_DRAM_1_0|         array|
|B_DRAM_1_0_q10              |   in|   32|   ap_memory|           B_DRAM_1_0|         array|
|B_DRAM_1_0_we10             |  out|    1|   ap_memory|           B_DRAM_1_0|         array|
|B_DRAM_1_0_address11        |  out|    5|   ap_memory|           B_DRAM_1_0|         array|
|B_DRAM_1_0_ce11             |  out|    1|   ap_memory|           B_DRAM_1_0|         array|
|B_DRAM_1_0_d11              |  out|   32|   ap_memory|           B_DRAM_1_0|         array|
|B_DRAM_1_0_q11              |   in|   32|   ap_memory|           B_DRAM_1_0|         array|
|B_DRAM_1_0_we11             |  out|    1|   ap_memory|           B_DRAM_1_0|         array|
|B_DRAM_1_0_address12        |  out|    5|   ap_memory|           B_DRAM_1_0|         array|
|B_DRAM_1_0_ce12             |  out|    1|   ap_memory|           B_DRAM_1_0|         array|
|B_DRAM_1_0_d12              |  out|   32|   ap_memory|           B_DRAM_1_0|         array|
|B_DRAM_1_0_q12              |   in|   32|   ap_memory|           B_DRAM_1_0|         array|
|B_DRAM_1_0_we12             |  out|    1|   ap_memory|           B_DRAM_1_0|         array|
|B_DRAM_1_0_address13        |  out|    5|   ap_memory|           B_DRAM_1_0|         array|
|B_DRAM_1_0_ce13             |  out|    1|   ap_memory|           B_DRAM_1_0|         array|
|B_DRAM_1_0_d13              |  out|   32|   ap_memory|           B_DRAM_1_0|         array|
|B_DRAM_1_0_q13              |   in|   32|   ap_memory|           B_DRAM_1_0|         array|
|B_DRAM_1_0_we13             |  out|    1|   ap_memory|           B_DRAM_1_0|         array|
|B_DRAM_1_0_address14        |  out|    5|   ap_memory|           B_DRAM_1_0|         array|
|B_DRAM_1_0_ce14             |  out|    1|   ap_memory|           B_DRAM_1_0|         array|
|B_DRAM_1_0_d14              |  out|   32|   ap_memory|           B_DRAM_1_0|         array|
|B_DRAM_1_0_q14              |   in|   32|   ap_memory|           B_DRAM_1_0|         array|
|B_DRAM_1_0_we14             |  out|    1|   ap_memory|           B_DRAM_1_0|         array|
|B_DRAM_1_0_address15        |  out|    5|   ap_memory|           B_DRAM_1_0|         array|
|B_DRAM_1_0_ce15             |  out|    1|   ap_memory|           B_DRAM_1_0|         array|
|B_DRAM_1_0_d15              |  out|   32|   ap_memory|           B_DRAM_1_0|         array|
|B_DRAM_1_0_q15              |   in|   32|   ap_memory|           B_DRAM_1_0|         array|
|B_DRAM_1_0_we15             |  out|    1|   ap_memory|           B_DRAM_1_0|         array|
|B_DRAM_1_0_address16        |  out|    5|   ap_memory|           B_DRAM_1_0|         array|
|B_DRAM_1_0_ce16             |  out|    1|   ap_memory|           B_DRAM_1_0|         array|
|B_DRAM_1_0_d16              |  out|   32|   ap_memory|           B_DRAM_1_0|         array|
|B_DRAM_1_0_q16              |   in|   32|   ap_memory|           B_DRAM_1_0|         array|
|B_DRAM_1_0_we16             |  out|    1|   ap_memory|           B_DRAM_1_0|         array|
|B_DRAM_1_1_address0         |  out|    5|   ap_memory|           B_DRAM_1_1|         array|
|B_DRAM_1_1_ce0              |  out|    1|   ap_memory|           B_DRAM_1_1|         array|
|B_DRAM_1_1_d0               |  out|   32|   ap_memory|           B_DRAM_1_1|         array|
|B_DRAM_1_1_q0               |   in|   32|   ap_memory|           B_DRAM_1_1|         array|
|B_DRAM_1_1_we0              |  out|    1|   ap_memory|           B_DRAM_1_1|         array|
|B_DRAM_1_1_address1         |  out|    5|   ap_memory|           B_DRAM_1_1|         array|
|B_DRAM_1_1_ce1              |  out|    1|   ap_memory|           B_DRAM_1_1|         array|
|B_DRAM_1_1_d1               |  out|   32|   ap_memory|           B_DRAM_1_1|         array|
|B_DRAM_1_1_q1               |   in|   32|   ap_memory|           B_DRAM_1_1|         array|
|B_DRAM_1_1_we1              |  out|    1|   ap_memory|           B_DRAM_1_1|         array|
|B_DRAM_1_1_address2         |  out|    5|   ap_memory|           B_DRAM_1_1|         array|
|B_DRAM_1_1_ce2              |  out|    1|   ap_memory|           B_DRAM_1_1|         array|
|B_DRAM_1_1_d2               |  out|   32|   ap_memory|           B_DRAM_1_1|         array|
|B_DRAM_1_1_q2               |   in|   32|   ap_memory|           B_DRAM_1_1|         array|
|B_DRAM_1_1_we2              |  out|    1|   ap_memory|           B_DRAM_1_1|         array|
|B_DRAM_1_1_address3         |  out|    5|   ap_memory|           B_DRAM_1_1|         array|
|B_DRAM_1_1_ce3              |  out|    1|   ap_memory|           B_DRAM_1_1|         array|
|B_DRAM_1_1_d3               |  out|   32|   ap_memory|           B_DRAM_1_1|         array|
|B_DRAM_1_1_q3               |   in|   32|   ap_memory|           B_DRAM_1_1|         array|
|B_DRAM_1_1_we3              |  out|    1|   ap_memory|           B_DRAM_1_1|         array|
|B_DRAM_1_1_address4         |  out|    5|   ap_memory|           B_DRAM_1_1|         array|
|B_DRAM_1_1_ce4              |  out|    1|   ap_memory|           B_DRAM_1_1|         array|
|B_DRAM_1_1_d4               |  out|   32|   ap_memory|           B_DRAM_1_1|         array|
|B_DRAM_1_1_q4               |   in|   32|   ap_memory|           B_DRAM_1_1|         array|
|B_DRAM_1_1_we4              |  out|    1|   ap_memory|           B_DRAM_1_1|         array|
|B_DRAM_1_1_address5         |  out|    5|   ap_memory|           B_DRAM_1_1|         array|
|B_DRAM_1_1_ce5              |  out|    1|   ap_memory|           B_DRAM_1_1|         array|
|B_DRAM_1_1_d5               |  out|   32|   ap_memory|           B_DRAM_1_1|         array|
|B_DRAM_1_1_q5               |   in|   32|   ap_memory|           B_DRAM_1_1|         array|
|B_DRAM_1_1_we5              |  out|    1|   ap_memory|           B_DRAM_1_1|         array|
|B_DRAM_1_1_address6         |  out|    5|   ap_memory|           B_DRAM_1_1|         array|
|B_DRAM_1_1_ce6              |  out|    1|   ap_memory|           B_DRAM_1_1|         array|
|B_DRAM_1_1_d6               |  out|   32|   ap_memory|           B_DRAM_1_1|         array|
|B_DRAM_1_1_q6               |   in|   32|   ap_memory|           B_DRAM_1_1|         array|
|B_DRAM_1_1_we6              |  out|    1|   ap_memory|           B_DRAM_1_1|         array|
|B_DRAM_1_1_address7         |  out|    5|   ap_memory|           B_DRAM_1_1|         array|
|B_DRAM_1_1_ce7              |  out|    1|   ap_memory|           B_DRAM_1_1|         array|
|B_DRAM_1_1_d7               |  out|   32|   ap_memory|           B_DRAM_1_1|         array|
|B_DRAM_1_1_q7               |   in|   32|   ap_memory|           B_DRAM_1_1|         array|
|B_DRAM_1_1_we7              |  out|    1|   ap_memory|           B_DRAM_1_1|         array|
|B_DRAM_1_1_address8         |  out|    5|   ap_memory|           B_DRAM_1_1|         array|
|B_DRAM_1_1_ce8              |  out|    1|   ap_memory|           B_DRAM_1_1|         array|
|B_DRAM_1_1_d8               |  out|   32|   ap_memory|           B_DRAM_1_1|         array|
|B_DRAM_1_1_q8               |   in|   32|   ap_memory|           B_DRAM_1_1|         array|
|B_DRAM_1_1_we8              |  out|    1|   ap_memory|           B_DRAM_1_1|         array|
|B_DRAM_1_1_address9         |  out|    5|   ap_memory|           B_DRAM_1_1|         array|
|B_DRAM_1_1_ce9              |  out|    1|   ap_memory|           B_DRAM_1_1|         array|
|B_DRAM_1_1_d9               |  out|   32|   ap_memory|           B_DRAM_1_1|         array|
|B_DRAM_1_1_q9               |   in|   32|   ap_memory|           B_DRAM_1_1|         array|
|B_DRAM_1_1_we9              |  out|    1|   ap_memory|           B_DRAM_1_1|         array|
|B_DRAM_1_1_address10        |  out|    5|   ap_memory|           B_DRAM_1_1|         array|
|B_DRAM_1_1_ce10             |  out|    1|   ap_memory|           B_DRAM_1_1|         array|
|B_DRAM_1_1_d10              |  out|   32|   ap_memory|           B_DRAM_1_1|         array|
|B_DRAM_1_1_q10              |   in|   32|   ap_memory|           B_DRAM_1_1|         array|
|B_DRAM_1_1_we10             |  out|    1|   ap_memory|           B_DRAM_1_1|         array|
|B_DRAM_1_1_address11        |  out|    5|   ap_memory|           B_DRAM_1_1|         array|
|B_DRAM_1_1_ce11             |  out|    1|   ap_memory|           B_DRAM_1_1|         array|
|B_DRAM_1_1_d11              |  out|   32|   ap_memory|           B_DRAM_1_1|         array|
|B_DRAM_1_1_q11              |   in|   32|   ap_memory|           B_DRAM_1_1|         array|
|B_DRAM_1_1_we11             |  out|    1|   ap_memory|           B_DRAM_1_1|         array|
|B_DRAM_1_1_address12        |  out|    5|   ap_memory|           B_DRAM_1_1|         array|
|B_DRAM_1_1_ce12             |  out|    1|   ap_memory|           B_DRAM_1_1|         array|
|B_DRAM_1_1_d12              |  out|   32|   ap_memory|           B_DRAM_1_1|         array|
|B_DRAM_1_1_q12              |   in|   32|   ap_memory|           B_DRAM_1_1|         array|
|B_DRAM_1_1_we12             |  out|    1|   ap_memory|           B_DRAM_1_1|         array|
|B_DRAM_1_1_address13        |  out|    5|   ap_memory|           B_DRAM_1_1|         array|
|B_DRAM_1_1_ce13             |  out|    1|   ap_memory|           B_DRAM_1_1|         array|
|B_DRAM_1_1_d13              |  out|   32|   ap_memory|           B_DRAM_1_1|         array|
|B_DRAM_1_1_q13              |   in|   32|   ap_memory|           B_DRAM_1_1|         array|
|B_DRAM_1_1_we13             |  out|    1|   ap_memory|           B_DRAM_1_1|         array|
|B_DRAM_1_1_address14        |  out|    5|   ap_memory|           B_DRAM_1_1|         array|
|B_DRAM_1_1_ce14             |  out|    1|   ap_memory|           B_DRAM_1_1|         array|
|B_DRAM_1_1_d14              |  out|   32|   ap_memory|           B_DRAM_1_1|         array|
|B_DRAM_1_1_q14              |   in|   32|   ap_memory|           B_DRAM_1_1|         array|
|B_DRAM_1_1_we14             |  out|    1|   ap_memory|           B_DRAM_1_1|         array|
|B_DRAM_1_1_address15        |  out|    5|   ap_memory|           B_DRAM_1_1|         array|
|B_DRAM_1_1_ce15             |  out|    1|   ap_memory|           B_DRAM_1_1|         array|
|B_DRAM_1_1_d15              |  out|   32|   ap_memory|           B_DRAM_1_1|         array|
|B_DRAM_1_1_q15              |   in|   32|   ap_memory|           B_DRAM_1_1|         array|
|B_DRAM_1_1_we15             |  out|    1|   ap_memory|           B_DRAM_1_1|         array|
|B_DRAM_1_1_address16        |  out|    5|   ap_memory|           B_DRAM_1_1|         array|
|B_DRAM_1_1_ce16             |  out|    1|   ap_memory|           B_DRAM_1_1|         array|
|B_DRAM_1_1_d16              |  out|   32|   ap_memory|           B_DRAM_1_1|         array|
|B_DRAM_1_1_q16              |   in|   32|   ap_memory|           B_DRAM_1_1|         array|
|B_DRAM_1_1_we16             |  out|    1|   ap_memory|           B_DRAM_1_1|         array|
|B_DRAM_1_2_address0         |  out|    5|   ap_memory|           B_DRAM_1_2|         array|
|B_DRAM_1_2_ce0              |  out|    1|   ap_memory|           B_DRAM_1_2|         array|
|B_DRAM_1_2_d0               |  out|   32|   ap_memory|           B_DRAM_1_2|         array|
|B_DRAM_1_2_q0               |   in|   32|   ap_memory|           B_DRAM_1_2|         array|
|B_DRAM_1_2_we0              |  out|    1|   ap_memory|           B_DRAM_1_2|         array|
|B_DRAM_1_2_address1         |  out|    5|   ap_memory|           B_DRAM_1_2|         array|
|B_DRAM_1_2_ce1              |  out|    1|   ap_memory|           B_DRAM_1_2|         array|
|B_DRAM_1_2_d1               |  out|   32|   ap_memory|           B_DRAM_1_2|         array|
|B_DRAM_1_2_q1               |   in|   32|   ap_memory|           B_DRAM_1_2|         array|
|B_DRAM_1_2_we1              |  out|    1|   ap_memory|           B_DRAM_1_2|         array|
|B_DRAM_1_2_address2         |  out|    5|   ap_memory|           B_DRAM_1_2|         array|
|B_DRAM_1_2_ce2              |  out|    1|   ap_memory|           B_DRAM_1_2|         array|
|B_DRAM_1_2_d2               |  out|   32|   ap_memory|           B_DRAM_1_2|         array|
|B_DRAM_1_2_q2               |   in|   32|   ap_memory|           B_DRAM_1_2|         array|
|B_DRAM_1_2_we2              |  out|    1|   ap_memory|           B_DRAM_1_2|         array|
|B_DRAM_1_2_address3         |  out|    5|   ap_memory|           B_DRAM_1_2|         array|
|B_DRAM_1_2_ce3              |  out|    1|   ap_memory|           B_DRAM_1_2|         array|
|B_DRAM_1_2_d3               |  out|   32|   ap_memory|           B_DRAM_1_2|         array|
|B_DRAM_1_2_q3               |   in|   32|   ap_memory|           B_DRAM_1_2|         array|
|B_DRAM_1_2_we3              |  out|    1|   ap_memory|           B_DRAM_1_2|         array|
|B_DRAM_1_2_address4         |  out|    5|   ap_memory|           B_DRAM_1_2|         array|
|B_DRAM_1_2_ce4              |  out|    1|   ap_memory|           B_DRAM_1_2|         array|
|B_DRAM_1_2_d4               |  out|   32|   ap_memory|           B_DRAM_1_2|         array|
|B_DRAM_1_2_q4               |   in|   32|   ap_memory|           B_DRAM_1_2|         array|
|B_DRAM_1_2_we4              |  out|    1|   ap_memory|           B_DRAM_1_2|         array|
|B_DRAM_1_2_address5         |  out|    5|   ap_memory|           B_DRAM_1_2|         array|
|B_DRAM_1_2_ce5              |  out|    1|   ap_memory|           B_DRAM_1_2|         array|
|B_DRAM_1_2_d5               |  out|   32|   ap_memory|           B_DRAM_1_2|         array|
|B_DRAM_1_2_q5               |   in|   32|   ap_memory|           B_DRAM_1_2|         array|
|B_DRAM_1_2_we5              |  out|    1|   ap_memory|           B_DRAM_1_2|         array|
|B_DRAM_1_2_address6         |  out|    5|   ap_memory|           B_DRAM_1_2|         array|
|B_DRAM_1_2_ce6              |  out|    1|   ap_memory|           B_DRAM_1_2|         array|
|B_DRAM_1_2_d6               |  out|   32|   ap_memory|           B_DRAM_1_2|         array|
|B_DRAM_1_2_q6               |   in|   32|   ap_memory|           B_DRAM_1_2|         array|
|B_DRAM_1_2_we6              |  out|    1|   ap_memory|           B_DRAM_1_2|         array|
|B_DRAM_1_2_address7         |  out|    5|   ap_memory|           B_DRAM_1_2|         array|
|B_DRAM_1_2_ce7              |  out|    1|   ap_memory|           B_DRAM_1_2|         array|
|B_DRAM_1_2_d7               |  out|   32|   ap_memory|           B_DRAM_1_2|         array|
|B_DRAM_1_2_q7               |   in|   32|   ap_memory|           B_DRAM_1_2|         array|
|B_DRAM_1_2_we7              |  out|    1|   ap_memory|           B_DRAM_1_2|         array|
|B_DRAM_1_2_address8         |  out|    5|   ap_memory|           B_DRAM_1_2|         array|
|B_DRAM_1_2_ce8              |  out|    1|   ap_memory|           B_DRAM_1_2|         array|
|B_DRAM_1_2_d8               |  out|   32|   ap_memory|           B_DRAM_1_2|         array|
|B_DRAM_1_2_q8               |   in|   32|   ap_memory|           B_DRAM_1_2|         array|
|B_DRAM_1_2_we8              |  out|    1|   ap_memory|           B_DRAM_1_2|         array|
|B_DRAM_1_2_address9         |  out|    5|   ap_memory|           B_DRAM_1_2|         array|
|B_DRAM_1_2_ce9              |  out|    1|   ap_memory|           B_DRAM_1_2|         array|
|B_DRAM_1_2_d9               |  out|   32|   ap_memory|           B_DRAM_1_2|         array|
|B_DRAM_1_2_q9               |   in|   32|   ap_memory|           B_DRAM_1_2|         array|
|B_DRAM_1_2_we9              |  out|    1|   ap_memory|           B_DRAM_1_2|         array|
|B_DRAM_1_2_address10        |  out|    5|   ap_memory|           B_DRAM_1_2|         array|
|B_DRAM_1_2_ce10             |  out|    1|   ap_memory|           B_DRAM_1_2|         array|
|B_DRAM_1_2_d10              |  out|   32|   ap_memory|           B_DRAM_1_2|         array|
|B_DRAM_1_2_q10              |   in|   32|   ap_memory|           B_DRAM_1_2|         array|
|B_DRAM_1_2_we10             |  out|    1|   ap_memory|           B_DRAM_1_2|         array|
|B_DRAM_1_2_address11        |  out|    5|   ap_memory|           B_DRAM_1_2|         array|
|B_DRAM_1_2_ce11             |  out|    1|   ap_memory|           B_DRAM_1_2|         array|
|B_DRAM_1_2_d11              |  out|   32|   ap_memory|           B_DRAM_1_2|         array|
|B_DRAM_1_2_q11              |   in|   32|   ap_memory|           B_DRAM_1_2|         array|
|B_DRAM_1_2_we11             |  out|    1|   ap_memory|           B_DRAM_1_2|         array|
|B_DRAM_1_2_address12        |  out|    5|   ap_memory|           B_DRAM_1_2|         array|
|B_DRAM_1_2_ce12             |  out|    1|   ap_memory|           B_DRAM_1_2|         array|
|B_DRAM_1_2_d12              |  out|   32|   ap_memory|           B_DRAM_1_2|         array|
|B_DRAM_1_2_q12              |   in|   32|   ap_memory|           B_DRAM_1_2|         array|
|B_DRAM_1_2_we12             |  out|    1|   ap_memory|           B_DRAM_1_2|         array|
|B_DRAM_1_2_address13        |  out|    5|   ap_memory|           B_DRAM_1_2|         array|
|B_DRAM_1_2_ce13             |  out|    1|   ap_memory|           B_DRAM_1_2|         array|
|B_DRAM_1_2_d13              |  out|   32|   ap_memory|           B_DRAM_1_2|         array|
|B_DRAM_1_2_q13              |   in|   32|   ap_memory|           B_DRAM_1_2|         array|
|B_DRAM_1_2_we13             |  out|    1|   ap_memory|           B_DRAM_1_2|         array|
|B_DRAM_1_2_address14        |  out|    5|   ap_memory|           B_DRAM_1_2|         array|
|B_DRAM_1_2_ce14             |  out|    1|   ap_memory|           B_DRAM_1_2|         array|
|B_DRAM_1_2_d14              |  out|   32|   ap_memory|           B_DRAM_1_2|         array|
|B_DRAM_1_2_q14              |   in|   32|   ap_memory|           B_DRAM_1_2|         array|
|B_DRAM_1_2_we14             |  out|    1|   ap_memory|           B_DRAM_1_2|         array|
|B_DRAM_1_2_address15        |  out|    5|   ap_memory|           B_DRAM_1_2|         array|
|B_DRAM_1_2_ce15             |  out|    1|   ap_memory|           B_DRAM_1_2|         array|
|B_DRAM_1_2_d15              |  out|   32|   ap_memory|           B_DRAM_1_2|         array|
|B_DRAM_1_2_q15              |   in|   32|   ap_memory|           B_DRAM_1_2|         array|
|B_DRAM_1_2_we15             |  out|    1|   ap_memory|           B_DRAM_1_2|         array|
|B_DRAM_1_2_address16        |  out|    5|   ap_memory|           B_DRAM_1_2|         array|
|B_DRAM_1_2_ce16             |  out|    1|   ap_memory|           B_DRAM_1_2|         array|
|B_DRAM_1_2_d16              |  out|   32|   ap_memory|           B_DRAM_1_2|         array|
|B_DRAM_1_2_q16              |   in|   32|   ap_memory|           B_DRAM_1_2|         array|
|B_DRAM_1_2_we16             |  out|    1|   ap_memory|           B_DRAM_1_2|         array|
|B_DRAM_1_3_address0         |  out|    5|   ap_memory|           B_DRAM_1_3|         array|
|B_DRAM_1_3_ce0              |  out|    1|   ap_memory|           B_DRAM_1_3|         array|
|B_DRAM_1_3_d0               |  out|   32|   ap_memory|           B_DRAM_1_3|         array|
|B_DRAM_1_3_q0               |   in|   32|   ap_memory|           B_DRAM_1_3|         array|
|B_DRAM_1_3_we0              |  out|    1|   ap_memory|           B_DRAM_1_3|         array|
|B_DRAM_1_3_address1         |  out|    5|   ap_memory|           B_DRAM_1_3|         array|
|B_DRAM_1_3_ce1              |  out|    1|   ap_memory|           B_DRAM_1_3|         array|
|B_DRAM_1_3_d1               |  out|   32|   ap_memory|           B_DRAM_1_3|         array|
|B_DRAM_1_3_q1               |   in|   32|   ap_memory|           B_DRAM_1_3|         array|
|B_DRAM_1_3_we1              |  out|    1|   ap_memory|           B_DRAM_1_3|         array|
|B_DRAM_1_3_address2         |  out|    5|   ap_memory|           B_DRAM_1_3|         array|
|B_DRAM_1_3_ce2              |  out|    1|   ap_memory|           B_DRAM_1_3|         array|
|B_DRAM_1_3_d2               |  out|   32|   ap_memory|           B_DRAM_1_3|         array|
|B_DRAM_1_3_q2               |   in|   32|   ap_memory|           B_DRAM_1_3|         array|
|B_DRAM_1_3_we2              |  out|    1|   ap_memory|           B_DRAM_1_3|         array|
|B_DRAM_1_3_address3         |  out|    5|   ap_memory|           B_DRAM_1_3|         array|
|B_DRAM_1_3_ce3              |  out|    1|   ap_memory|           B_DRAM_1_3|         array|
|B_DRAM_1_3_d3               |  out|   32|   ap_memory|           B_DRAM_1_3|         array|
|B_DRAM_1_3_q3               |   in|   32|   ap_memory|           B_DRAM_1_3|         array|
|B_DRAM_1_3_we3              |  out|    1|   ap_memory|           B_DRAM_1_3|         array|
|B_DRAM_1_3_address4         |  out|    5|   ap_memory|           B_DRAM_1_3|         array|
|B_DRAM_1_3_ce4              |  out|    1|   ap_memory|           B_DRAM_1_3|         array|
|B_DRAM_1_3_d4               |  out|   32|   ap_memory|           B_DRAM_1_3|         array|
|B_DRAM_1_3_q4               |   in|   32|   ap_memory|           B_DRAM_1_3|         array|
|B_DRAM_1_3_we4              |  out|    1|   ap_memory|           B_DRAM_1_3|         array|
|B_DRAM_1_3_address5         |  out|    5|   ap_memory|           B_DRAM_1_3|         array|
|B_DRAM_1_3_ce5              |  out|    1|   ap_memory|           B_DRAM_1_3|         array|
|B_DRAM_1_3_d5               |  out|   32|   ap_memory|           B_DRAM_1_3|         array|
|B_DRAM_1_3_q5               |   in|   32|   ap_memory|           B_DRAM_1_3|         array|
|B_DRAM_1_3_we5              |  out|    1|   ap_memory|           B_DRAM_1_3|         array|
|B_DRAM_1_3_address6         |  out|    5|   ap_memory|           B_DRAM_1_3|         array|
|B_DRAM_1_3_ce6              |  out|    1|   ap_memory|           B_DRAM_1_3|         array|
|B_DRAM_1_3_d6               |  out|   32|   ap_memory|           B_DRAM_1_3|         array|
|B_DRAM_1_3_q6               |   in|   32|   ap_memory|           B_DRAM_1_3|         array|
|B_DRAM_1_3_we6              |  out|    1|   ap_memory|           B_DRAM_1_3|         array|
|B_DRAM_1_3_address7         |  out|    5|   ap_memory|           B_DRAM_1_3|         array|
|B_DRAM_1_3_ce7              |  out|    1|   ap_memory|           B_DRAM_1_3|         array|
|B_DRAM_1_3_d7               |  out|   32|   ap_memory|           B_DRAM_1_3|         array|
|B_DRAM_1_3_q7               |   in|   32|   ap_memory|           B_DRAM_1_3|         array|
|B_DRAM_1_3_we7              |  out|    1|   ap_memory|           B_DRAM_1_3|         array|
|B_DRAM_1_3_address8         |  out|    5|   ap_memory|           B_DRAM_1_3|         array|
|B_DRAM_1_3_ce8              |  out|    1|   ap_memory|           B_DRAM_1_3|         array|
|B_DRAM_1_3_d8               |  out|   32|   ap_memory|           B_DRAM_1_3|         array|
|B_DRAM_1_3_q8               |   in|   32|   ap_memory|           B_DRAM_1_3|         array|
|B_DRAM_1_3_we8              |  out|    1|   ap_memory|           B_DRAM_1_3|         array|
|B_DRAM_1_3_address9         |  out|    5|   ap_memory|           B_DRAM_1_3|         array|
|B_DRAM_1_3_ce9              |  out|    1|   ap_memory|           B_DRAM_1_3|         array|
|B_DRAM_1_3_d9               |  out|   32|   ap_memory|           B_DRAM_1_3|         array|
|B_DRAM_1_3_q9               |   in|   32|   ap_memory|           B_DRAM_1_3|         array|
|B_DRAM_1_3_we9              |  out|    1|   ap_memory|           B_DRAM_1_3|         array|
|B_DRAM_1_3_address10        |  out|    5|   ap_memory|           B_DRAM_1_3|         array|
|B_DRAM_1_3_ce10             |  out|    1|   ap_memory|           B_DRAM_1_3|         array|
|B_DRAM_1_3_d10              |  out|   32|   ap_memory|           B_DRAM_1_3|         array|
|B_DRAM_1_3_q10              |   in|   32|   ap_memory|           B_DRAM_1_3|         array|
|B_DRAM_1_3_we10             |  out|    1|   ap_memory|           B_DRAM_1_3|         array|
|B_DRAM_1_3_address11        |  out|    5|   ap_memory|           B_DRAM_1_3|         array|
|B_DRAM_1_3_ce11             |  out|    1|   ap_memory|           B_DRAM_1_3|         array|
|B_DRAM_1_3_d11              |  out|   32|   ap_memory|           B_DRAM_1_3|         array|
|B_DRAM_1_3_q11              |   in|   32|   ap_memory|           B_DRAM_1_3|         array|
|B_DRAM_1_3_we11             |  out|    1|   ap_memory|           B_DRAM_1_3|         array|
|B_DRAM_1_3_address12        |  out|    5|   ap_memory|           B_DRAM_1_3|         array|
|B_DRAM_1_3_ce12             |  out|    1|   ap_memory|           B_DRAM_1_3|         array|
|B_DRAM_1_3_d12              |  out|   32|   ap_memory|           B_DRAM_1_3|         array|
|B_DRAM_1_3_q12              |   in|   32|   ap_memory|           B_DRAM_1_3|         array|
|B_DRAM_1_3_we12             |  out|    1|   ap_memory|           B_DRAM_1_3|         array|
|B_DRAM_1_3_address13        |  out|    5|   ap_memory|           B_DRAM_1_3|         array|
|B_DRAM_1_3_ce13             |  out|    1|   ap_memory|           B_DRAM_1_3|         array|
|B_DRAM_1_3_d13              |  out|   32|   ap_memory|           B_DRAM_1_3|         array|
|B_DRAM_1_3_q13              |   in|   32|   ap_memory|           B_DRAM_1_3|         array|
|B_DRAM_1_3_we13             |  out|    1|   ap_memory|           B_DRAM_1_3|         array|
|B_DRAM_1_3_address14        |  out|    5|   ap_memory|           B_DRAM_1_3|         array|
|B_DRAM_1_3_ce14             |  out|    1|   ap_memory|           B_DRAM_1_3|         array|
|B_DRAM_1_3_d14              |  out|   32|   ap_memory|           B_DRAM_1_3|         array|
|B_DRAM_1_3_q14              |   in|   32|   ap_memory|           B_DRAM_1_3|         array|
|B_DRAM_1_3_we14             |  out|    1|   ap_memory|           B_DRAM_1_3|         array|
|B_DRAM_1_3_address15        |  out|    5|   ap_memory|           B_DRAM_1_3|         array|
|B_DRAM_1_3_ce15             |  out|    1|   ap_memory|           B_DRAM_1_3|         array|
|B_DRAM_1_3_d15              |  out|   32|   ap_memory|           B_DRAM_1_3|         array|
|B_DRAM_1_3_q15              |   in|   32|   ap_memory|           B_DRAM_1_3|         array|
|B_DRAM_1_3_we15             |  out|    1|   ap_memory|           B_DRAM_1_3|         array|
|B_DRAM_1_3_address16        |  out|    5|   ap_memory|           B_DRAM_1_3|         array|
|B_DRAM_1_3_ce16             |  out|    1|   ap_memory|           B_DRAM_1_3|         array|
|B_DRAM_1_3_d16              |  out|   32|   ap_memory|           B_DRAM_1_3|         array|
|B_DRAM_1_3_q16              |   in|   32|   ap_memory|           B_DRAM_1_3|         array|
|B_DRAM_1_3_we16             |  out|    1|   ap_memory|           B_DRAM_1_3|         array|
|B_DRAM_1_4_address0         |  out|    5|   ap_memory|           B_DRAM_1_4|         array|
|B_DRAM_1_4_ce0              |  out|    1|   ap_memory|           B_DRAM_1_4|         array|
|B_DRAM_1_4_d0               |  out|   32|   ap_memory|           B_DRAM_1_4|         array|
|B_DRAM_1_4_q0               |   in|   32|   ap_memory|           B_DRAM_1_4|         array|
|B_DRAM_1_4_we0              |  out|    1|   ap_memory|           B_DRAM_1_4|         array|
|B_DRAM_1_4_address1         |  out|    5|   ap_memory|           B_DRAM_1_4|         array|
|B_DRAM_1_4_ce1              |  out|    1|   ap_memory|           B_DRAM_1_4|         array|
|B_DRAM_1_4_d1               |  out|   32|   ap_memory|           B_DRAM_1_4|         array|
|B_DRAM_1_4_q1               |   in|   32|   ap_memory|           B_DRAM_1_4|         array|
|B_DRAM_1_4_we1              |  out|    1|   ap_memory|           B_DRAM_1_4|         array|
|B_DRAM_1_4_address2         |  out|    5|   ap_memory|           B_DRAM_1_4|         array|
|B_DRAM_1_4_ce2              |  out|    1|   ap_memory|           B_DRAM_1_4|         array|
|B_DRAM_1_4_d2               |  out|   32|   ap_memory|           B_DRAM_1_4|         array|
|B_DRAM_1_4_q2               |   in|   32|   ap_memory|           B_DRAM_1_4|         array|
|B_DRAM_1_4_we2              |  out|    1|   ap_memory|           B_DRAM_1_4|         array|
|B_DRAM_1_4_address3         |  out|    5|   ap_memory|           B_DRAM_1_4|         array|
|B_DRAM_1_4_ce3              |  out|    1|   ap_memory|           B_DRAM_1_4|         array|
|B_DRAM_1_4_d3               |  out|   32|   ap_memory|           B_DRAM_1_4|         array|
|B_DRAM_1_4_q3               |   in|   32|   ap_memory|           B_DRAM_1_4|         array|
|B_DRAM_1_4_we3              |  out|    1|   ap_memory|           B_DRAM_1_4|         array|
|B_DRAM_1_4_address4         |  out|    5|   ap_memory|           B_DRAM_1_4|         array|
|B_DRAM_1_4_ce4              |  out|    1|   ap_memory|           B_DRAM_1_4|         array|
|B_DRAM_1_4_d4               |  out|   32|   ap_memory|           B_DRAM_1_4|         array|
|B_DRAM_1_4_q4               |   in|   32|   ap_memory|           B_DRAM_1_4|         array|
|B_DRAM_1_4_we4              |  out|    1|   ap_memory|           B_DRAM_1_4|         array|
|B_DRAM_1_4_address5         |  out|    5|   ap_memory|           B_DRAM_1_4|         array|
|B_DRAM_1_4_ce5              |  out|    1|   ap_memory|           B_DRAM_1_4|         array|
|B_DRAM_1_4_d5               |  out|   32|   ap_memory|           B_DRAM_1_4|         array|
|B_DRAM_1_4_q5               |   in|   32|   ap_memory|           B_DRAM_1_4|         array|
|B_DRAM_1_4_we5              |  out|    1|   ap_memory|           B_DRAM_1_4|         array|
|B_DRAM_1_4_address6         |  out|    5|   ap_memory|           B_DRAM_1_4|         array|
|B_DRAM_1_4_ce6              |  out|    1|   ap_memory|           B_DRAM_1_4|         array|
|B_DRAM_1_4_d6               |  out|   32|   ap_memory|           B_DRAM_1_4|         array|
|B_DRAM_1_4_q6               |   in|   32|   ap_memory|           B_DRAM_1_4|         array|
|B_DRAM_1_4_we6              |  out|    1|   ap_memory|           B_DRAM_1_4|         array|
|B_DRAM_1_4_address7         |  out|    5|   ap_memory|           B_DRAM_1_4|         array|
|B_DRAM_1_4_ce7              |  out|    1|   ap_memory|           B_DRAM_1_4|         array|
|B_DRAM_1_4_d7               |  out|   32|   ap_memory|           B_DRAM_1_4|         array|
|B_DRAM_1_4_q7               |   in|   32|   ap_memory|           B_DRAM_1_4|         array|
|B_DRAM_1_4_we7              |  out|    1|   ap_memory|           B_DRAM_1_4|         array|
|B_DRAM_1_4_address8         |  out|    5|   ap_memory|           B_DRAM_1_4|         array|
|B_DRAM_1_4_ce8              |  out|    1|   ap_memory|           B_DRAM_1_4|         array|
|B_DRAM_1_4_d8               |  out|   32|   ap_memory|           B_DRAM_1_4|         array|
|B_DRAM_1_4_q8               |   in|   32|   ap_memory|           B_DRAM_1_4|         array|
|B_DRAM_1_4_we8              |  out|    1|   ap_memory|           B_DRAM_1_4|         array|
|B_DRAM_1_4_address9         |  out|    5|   ap_memory|           B_DRAM_1_4|         array|
|B_DRAM_1_4_ce9              |  out|    1|   ap_memory|           B_DRAM_1_4|         array|
|B_DRAM_1_4_d9               |  out|   32|   ap_memory|           B_DRAM_1_4|         array|
|B_DRAM_1_4_q9               |   in|   32|   ap_memory|           B_DRAM_1_4|         array|
|B_DRAM_1_4_we9              |  out|    1|   ap_memory|           B_DRAM_1_4|         array|
|B_DRAM_1_4_address10        |  out|    5|   ap_memory|           B_DRAM_1_4|         array|
|B_DRAM_1_4_ce10             |  out|    1|   ap_memory|           B_DRAM_1_4|         array|
|B_DRAM_1_4_d10              |  out|   32|   ap_memory|           B_DRAM_1_4|         array|
|B_DRAM_1_4_q10              |   in|   32|   ap_memory|           B_DRAM_1_4|         array|
|B_DRAM_1_4_we10             |  out|    1|   ap_memory|           B_DRAM_1_4|         array|
|B_DRAM_1_4_address11        |  out|    5|   ap_memory|           B_DRAM_1_4|         array|
|B_DRAM_1_4_ce11             |  out|    1|   ap_memory|           B_DRAM_1_4|         array|
|B_DRAM_1_4_d11              |  out|   32|   ap_memory|           B_DRAM_1_4|         array|
|B_DRAM_1_4_q11              |   in|   32|   ap_memory|           B_DRAM_1_4|         array|
|B_DRAM_1_4_we11             |  out|    1|   ap_memory|           B_DRAM_1_4|         array|
|B_DRAM_1_4_address12        |  out|    5|   ap_memory|           B_DRAM_1_4|         array|
|B_DRAM_1_4_ce12             |  out|    1|   ap_memory|           B_DRAM_1_4|         array|
|B_DRAM_1_4_d12              |  out|   32|   ap_memory|           B_DRAM_1_4|         array|
|B_DRAM_1_4_q12              |   in|   32|   ap_memory|           B_DRAM_1_4|         array|
|B_DRAM_1_4_we12             |  out|    1|   ap_memory|           B_DRAM_1_4|         array|
|B_DRAM_1_4_address13        |  out|    5|   ap_memory|           B_DRAM_1_4|         array|
|B_DRAM_1_4_ce13             |  out|    1|   ap_memory|           B_DRAM_1_4|         array|
|B_DRAM_1_4_d13              |  out|   32|   ap_memory|           B_DRAM_1_4|         array|
|B_DRAM_1_4_q13              |   in|   32|   ap_memory|           B_DRAM_1_4|         array|
|B_DRAM_1_4_we13             |  out|    1|   ap_memory|           B_DRAM_1_4|         array|
|B_DRAM_1_4_address14        |  out|    5|   ap_memory|           B_DRAM_1_4|         array|
|B_DRAM_1_4_ce14             |  out|    1|   ap_memory|           B_DRAM_1_4|         array|
|B_DRAM_1_4_d14              |  out|   32|   ap_memory|           B_DRAM_1_4|         array|
|B_DRAM_1_4_q14              |   in|   32|   ap_memory|           B_DRAM_1_4|         array|
|B_DRAM_1_4_we14             |  out|    1|   ap_memory|           B_DRAM_1_4|         array|
|B_DRAM_1_4_address15        |  out|    5|   ap_memory|           B_DRAM_1_4|         array|
|B_DRAM_1_4_ce15             |  out|    1|   ap_memory|           B_DRAM_1_4|         array|
|B_DRAM_1_4_d15              |  out|   32|   ap_memory|           B_DRAM_1_4|         array|
|B_DRAM_1_4_q15              |   in|   32|   ap_memory|           B_DRAM_1_4|         array|
|B_DRAM_1_4_we15             |  out|    1|   ap_memory|           B_DRAM_1_4|         array|
|B_DRAM_1_4_address16        |  out|    5|   ap_memory|           B_DRAM_1_4|         array|
|B_DRAM_1_4_ce16             |  out|    1|   ap_memory|           B_DRAM_1_4|         array|
|B_DRAM_1_4_d16              |  out|   32|   ap_memory|           B_DRAM_1_4|         array|
|B_DRAM_1_4_q16              |   in|   32|   ap_memory|           B_DRAM_1_4|         array|
|B_DRAM_1_4_we16             |  out|    1|   ap_memory|           B_DRAM_1_4|         array|
|B_DRAM_1_5_address0         |  out|    5|   ap_memory|           B_DRAM_1_5|         array|
|B_DRAM_1_5_ce0              |  out|    1|   ap_memory|           B_DRAM_1_5|         array|
|B_DRAM_1_5_d0               |  out|   32|   ap_memory|           B_DRAM_1_5|         array|
|B_DRAM_1_5_q0               |   in|   32|   ap_memory|           B_DRAM_1_5|         array|
|B_DRAM_1_5_we0              |  out|    1|   ap_memory|           B_DRAM_1_5|         array|
|B_DRAM_1_5_address1         |  out|    5|   ap_memory|           B_DRAM_1_5|         array|
|B_DRAM_1_5_ce1              |  out|    1|   ap_memory|           B_DRAM_1_5|         array|
|B_DRAM_1_5_d1               |  out|   32|   ap_memory|           B_DRAM_1_5|         array|
|B_DRAM_1_5_q1               |   in|   32|   ap_memory|           B_DRAM_1_5|         array|
|B_DRAM_1_5_we1              |  out|    1|   ap_memory|           B_DRAM_1_5|         array|
|B_DRAM_1_5_address2         |  out|    5|   ap_memory|           B_DRAM_1_5|         array|
|B_DRAM_1_5_ce2              |  out|    1|   ap_memory|           B_DRAM_1_5|         array|
|B_DRAM_1_5_d2               |  out|   32|   ap_memory|           B_DRAM_1_5|         array|
|B_DRAM_1_5_q2               |   in|   32|   ap_memory|           B_DRAM_1_5|         array|
|B_DRAM_1_5_we2              |  out|    1|   ap_memory|           B_DRAM_1_5|         array|
|B_DRAM_1_5_address3         |  out|    5|   ap_memory|           B_DRAM_1_5|         array|
|B_DRAM_1_5_ce3              |  out|    1|   ap_memory|           B_DRAM_1_5|         array|
|B_DRAM_1_5_d3               |  out|   32|   ap_memory|           B_DRAM_1_5|         array|
|B_DRAM_1_5_q3               |   in|   32|   ap_memory|           B_DRAM_1_5|         array|
|B_DRAM_1_5_we3              |  out|    1|   ap_memory|           B_DRAM_1_5|         array|
|B_DRAM_1_5_address4         |  out|    5|   ap_memory|           B_DRAM_1_5|         array|
|B_DRAM_1_5_ce4              |  out|    1|   ap_memory|           B_DRAM_1_5|         array|
|B_DRAM_1_5_d4               |  out|   32|   ap_memory|           B_DRAM_1_5|         array|
|B_DRAM_1_5_q4               |   in|   32|   ap_memory|           B_DRAM_1_5|         array|
|B_DRAM_1_5_we4              |  out|    1|   ap_memory|           B_DRAM_1_5|         array|
|B_DRAM_1_5_address5         |  out|    5|   ap_memory|           B_DRAM_1_5|         array|
|B_DRAM_1_5_ce5              |  out|    1|   ap_memory|           B_DRAM_1_5|         array|
|B_DRAM_1_5_d5               |  out|   32|   ap_memory|           B_DRAM_1_5|         array|
|B_DRAM_1_5_q5               |   in|   32|   ap_memory|           B_DRAM_1_5|         array|
|B_DRAM_1_5_we5              |  out|    1|   ap_memory|           B_DRAM_1_5|         array|
|B_DRAM_1_5_address6         |  out|    5|   ap_memory|           B_DRAM_1_5|         array|
|B_DRAM_1_5_ce6              |  out|    1|   ap_memory|           B_DRAM_1_5|         array|
|B_DRAM_1_5_d6               |  out|   32|   ap_memory|           B_DRAM_1_5|         array|
|B_DRAM_1_5_q6               |   in|   32|   ap_memory|           B_DRAM_1_5|         array|
|B_DRAM_1_5_we6              |  out|    1|   ap_memory|           B_DRAM_1_5|         array|
|B_DRAM_1_5_address7         |  out|    5|   ap_memory|           B_DRAM_1_5|         array|
|B_DRAM_1_5_ce7              |  out|    1|   ap_memory|           B_DRAM_1_5|         array|
|B_DRAM_1_5_d7               |  out|   32|   ap_memory|           B_DRAM_1_5|         array|
|B_DRAM_1_5_q7               |   in|   32|   ap_memory|           B_DRAM_1_5|         array|
|B_DRAM_1_5_we7              |  out|    1|   ap_memory|           B_DRAM_1_5|         array|
|B_DRAM_1_5_address8         |  out|    5|   ap_memory|           B_DRAM_1_5|         array|
|B_DRAM_1_5_ce8              |  out|    1|   ap_memory|           B_DRAM_1_5|         array|
|B_DRAM_1_5_d8               |  out|   32|   ap_memory|           B_DRAM_1_5|         array|
|B_DRAM_1_5_q8               |   in|   32|   ap_memory|           B_DRAM_1_5|         array|
|B_DRAM_1_5_we8              |  out|    1|   ap_memory|           B_DRAM_1_5|         array|
|B_DRAM_1_5_address9         |  out|    5|   ap_memory|           B_DRAM_1_5|         array|
|B_DRAM_1_5_ce9              |  out|    1|   ap_memory|           B_DRAM_1_5|         array|
|B_DRAM_1_5_d9               |  out|   32|   ap_memory|           B_DRAM_1_5|         array|
|B_DRAM_1_5_q9               |   in|   32|   ap_memory|           B_DRAM_1_5|         array|
|B_DRAM_1_5_we9              |  out|    1|   ap_memory|           B_DRAM_1_5|         array|
|B_DRAM_1_5_address10        |  out|    5|   ap_memory|           B_DRAM_1_5|         array|
|B_DRAM_1_5_ce10             |  out|    1|   ap_memory|           B_DRAM_1_5|         array|
|B_DRAM_1_5_d10              |  out|   32|   ap_memory|           B_DRAM_1_5|         array|
|B_DRAM_1_5_q10              |   in|   32|   ap_memory|           B_DRAM_1_5|         array|
|B_DRAM_1_5_we10             |  out|    1|   ap_memory|           B_DRAM_1_5|         array|
|B_DRAM_1_5_address11        |  out|    5|   ap_memory|           B_DRAM_1_5|         array|
|B_DRAM_1_5_ce11             |  out|    1|   ap_memory|           B_DRAM_1_5|         array|
|B_DRAM_1_5_d11              |  out|   32|   ap_memory|           B_DRAM_1_5|         array|
|B_DRAM_1_5_q11              |   in|   32|   ap_memory|           B_DRAM_1_5|         array|
|B_DRAM_1_5_we11             |  out|    1|   ap_memory|           B_DRAM_1_5|         array|
|B_DRAM_1_5_address12        |  out|    5|   ap_memory|           B_DRAM_1_5|         array|
|B_DRAM_1_5_ce12             |  out|    1|   ap_memory|           B_DRAM_1_5|         array|
|B_DRAM_1_5_d12              |  out|   32|   ap_memory|           B_DRAM_1_5|         array|
|B_DRAM_1_5_q12              |   in|   32|   ap_memory|           B_DRAM_1_5|         array|
|B_DRAM_1_5_we12             |  out|    1|   ap_memory|           B_DRAM_1_5|         array|
|B_DRAM_1_5_address13        |  out|    5|   ap_memory|           B_DRAM_1_5|         array|
|B_DRAM_1_5_ce13             |  out|    1|   ap_memory|           B_DRAM_1_5|         array|
|B_DRAM_1_5_d13              |  out|   32|   ap_memory|           B_DRAM_1_5|         array|
|B_DRAM_1_5_q13              |   in|   32|   ap_memory|           B_DRAM_1_5|         array|
|B_DRAM_1_5_we13             |  out|    1|   ap_memory|           B_DRAM_1_5|         array|
|B_DRAM_1_5_address14        |  out|    5|   ap_memory|           B_DRAM_1_5|         array|
|B_DRAM_1_5_ce14             |  out|    1|   ap_memory|           B_DRAM_1_5|         array|
|B_DRAM_1_5_d14              |  out|   32|   ap_memory|           B_DRAM_1_5|         array|
|B_DRAM_1_5_q14              |   in|   32|   ap_memory|           B_DRAM_1_5|         array|
|B_DRAM_1_5_we14             |  out|    1|   ap_memory|           B_DRAM_1_5|         array|
|B_DRAM_1_5_address15        |  out|    5|   ap_memory|           B_DRAM_1_5|         array|
|B_DRAM_1_5_ce15             |  out|    1|   ap_memory|           B_DRAM_1_5|         array|
|B_DRAM_1_5_d15              |  out|   32|   ap_memory|           B_DRAM_1_5|         array|
|B_DRAM_1_5_q15              |   in|   32|   ap_memory|           B_DRAM_1_5|         array|
|B_DRAM_1_5_we15             |  out|    1|   ap_memory|           B_DRAM_1_5|         array|
|B_DRAM_1_5_address16        |  out|    5|   ap_memory|           B_DRAM_1_5|         array|
|B_DRAM_1_5_ce16             |  out|    1|   ap_memory|           B_DRAM_1_5|         array|
|B_DRAM_1_5_d16              |  out|   32|   ap_memory|           B_DRAM_1_5|         array|
|B_DRAM_1_5_q16              |   in|   32|   ap_memory|           B_DRAM_1_5|         array|
|B_DRAM_1_5_we16             |  out|    1|   ap_memory|           B_DRAM_1_5|         array|
|B_DRAM_1_6_address0         |  out|    5|   ap_memory|           B_DRAM_1_6|         array|
|B_DRAM_1_6_ce0              |  out|    1|   ap_memory|           B_DRAM_1_6|         array|
|B_DRAM_1_6_d0               |  out|   32|   ap_memory|           B_DRAM_1_6|         array|
|B_DRAM_1_6_q0               |   in|   32|   ap_memory|           B_DRAM_1_6|         array|
|B_DRAM_1_6_we0              |  out|    1|   ap_memory|           B_DRAM_1_6|         array|
|B_DRAM_1_6_address1         |  out|    5|   ap_memory|           B_DRAM_1_6|         array|
|B_DRAM_1_6_ce1              |  out|    1|   ap_memory|           B_DRAM_1_6|         array|
|B_DRAM_1_6_d1               |  out|   32|   ap_memory|           B_DRAM_1_6|         array|
|B_DRAM_1_6_q1               |   in|   32|   ap_memory|           B_DRAM_1_6|         array|
|B_DRAM_1_6_we1              |  out|    1|   ap_memory|           B_DRAM_1_6|         array|
|B_DRAM_1_6_address2         |  out|    5|   ap_memory|           B_DRAM_1_6|         array|
|B_DRAM_1_6_ce2              |  out|    1|   ap_memory|           B_DRAM_1_6|         array|
|B_DRAM_1_6_d2               |  out|   32|   ap_memory|           B_DRAM_1_6|         array|
|B_DRAM_1_6_q2               |   in|   32|   ap_memory|           B_DRAM_1_6|         array|
|B_DRAM_1_6_we2              |  out|    1|   ap_memory|           B_DRAM_1_6|         array|
|B_DRAM_1_6_address3         |  out|    5|   ap_memory|           B_DRAM_1_6|         array|
|B_DRAM_1_6_ce3              |  out|    1|   ap_memory|           B_DRAM_1_6|         array|
|B_DRAM_1_6_d3               |  out|   32|   ap_memory|           B_DRAM_1_6|         array|
|B_DRAM_1_6_q3               |   in|   32|   ap_memory|           B_DRAM_1_6|         array|
|B_DRAM_1_6_we3              |  out|    1|   ap_memory|           B_DRAM_1_6|         array|
|B_DRAM_1_6_address4         |  out|    5|   ap_memory|           B_DRAM_1_6|         array|
|B_DRAM_1_6_ce4              |  out|    1|   ap_memory|           B_DRAM_1_6|         array|
|B_DRAM_1_6_d4               |  out|   32|   ap_memory|           B_DRAM_1_6|         array|
|B_DRAM_1_6_q4               |   in|   32|   ap_memory|           B_DRAM_1_6|         array|
|B_DRAM_1_6_we4              |  out|    1|   ap_memory|           B_DRAM_1_6|         array|
|B_DRAM_1_6_address5         |  out|    5|   ap_memory|           B_DRAM_1_6|         array|
|B_DRAM_1_6_ce5              |  out|    1|   ap_memory|           B_DRAM_1_6|         array|
|B_DRAM_1_6_d5               |  out|   32|   ap_memory|           B_DRAM_1_6|         array|
|B_DRAM_1_6_q5               |   in|   32|   ap_memory|           B_DRAM_1_6|         array|
|B_DRAM_1_6_we5              |  out|    1|   ap_memory|           B_DRAM_1_6|         array|
|B_DRAM_1_6_address6         |  out|    5|   ap_memory|           B_DRAM_1_6|         array|
|B_DRAM_1_6_ce6              |  out|    1|   ap_memory|           B_DRAM_1_6|         array|
|B_DRAM_1_6_d6               |  out|   32|   ap_memory|           B_DRAM_1_6|         array|
|B_DRAM_1_6_q6               |   in|   32|   ap_memory|           B_DRAM_1_6|         array|
|B_DRAM_1_6_we6              |  out|    1|   ap_memory|           B_DRAM_1_6|         array|
|B_DRAM_1_6_address7         |  out|    5|   ap_memory|           B_DRAM_1_6|         array|
|B_DRAM_1_6_ce7              |  out|    1|   ap_memory|           B_DRAM_1_6|         array|
|B_DRAM_1_6_d7               |  out|   32|   ap_memory|           B_DRAM_1_6|         array|
|B_DRAM_1_6_q7               |   in|   32|   ap_memory|           B_DRAM_1_6|         array|
|B_DRAM_1_6_we7              |  out|    1|   ap_memory|           B_DRAM_1_6|         array|
|B_DRAM_1_6_address8         |  out|    5|   ap_memory|           B_DRAM_1_6|         array|
|B_DRAM_1_6_ce8              |  out|    1|   ap_memory|           B_DRAM_1_6|         array|
|B_DRAM_1_6_d8               |  out|   32|   ap_memory|           B_DRAM_1_6|         array|
|B_DRAM_1_6_q8               |   in|   32|   ap_memory|           B_DRAM_1_6|         array|
|B_DRAM_1_6_we8              |  out|    1|   ap_memory|           B_DRAM_1_6|         array|
|B_DRAM_1_6_address9         |  out|    5|   ap_memory|           B_DRAM_1_6|         array|
|B_DRAM_1_6_ce9              |  out|    1|   ap_memory|           B_DRAM_1_6|         array|
|B_DRAM_1_6_d9               |  out|   32|   ap_memory|           B_DRAM_1_6|         array|
|B_DRAM_1_6_q9               |   in|   32|   ap_memory|           B_DRAM_1_6|         array|
|B_DRAM_1_6_we9              |  out|    1|   ap_memory|           B_DRAM_1_6|         array|
|B_DRAM_1_6_address10        |  out|    5|   ap_memory|           B_DRAM_1_6|         array|
|B_DRAM_1_6_ce10             |  out|    1|   ap_memory|           B_DRAM_1_6|         array|
|B_DRAM_1_6_d10              |  out|   32|   ap_memory|           B_DRAM_1_6|         array|
|B_DRAM_1_6_q10              |   in|   32|   ap_memory|           B_DRAM_1_6|         array|
|B_DRAM_1_6_we10             |  out|    1|   ap_memory|           B_DRAM_1_6|         array|
|B_DRAM_1_6_address11        |  out|    5|   ap_memory|           B_DRAM_1_6|         array|
|B_DRAM_1_6_ce11             |  out|    1|   ap_memory|           B_DRAM_1_6|         array|
|B_DRAM_1_6_d11              |  out|   32|   ap_memory|           B_DRAM_1_6|         array|
|B_DRAM_1_6_q11              |   in|   32|   ap_memory|           B_DRAM_1_6|         array|
|B_DRAM_1_6_we11             |  out|    1|   ap_memory|           B_DRAM_1_6|         array|
|B_DRAM_1_6_address12        |  out|    5|   ap_memory|           B_DRAM_1_6|         array|
|B_DRAM_1_6_ce12             |  out|    1|   ap_memory|           B_DRAM_1_6|         array|
|B_DRAM_1_6_d12              |  out|   32|   ap_memory|           B_DRAM_1_6|         array|
|B_DRAM_1_6_q12              |   in|   32|   ap_memory|           B_DRAM_1_6|         array|
|B_DRAM_1_6_we12             |  out|    1|   ap_memory|           B_DRAM_1_6|         array|
|B_DRAM_1_6_address13        |  out|    5|   ap_memory|           B_DRAM_1_6|         array|
|B_DRAM_1_6_ce13             |  out|    1|   ap_memory|           B_DRAM_1_6|         array|
|B_DRAM_1_6_d13              |  out|   32|   ap_memory|           B_DRAM_1_6|         array|
|B_DRAM_1_6_q13              |   in|   32|   ap_memory|           B_DRAM_1_6|         array|
|B_DRAM_1_6_we13             |  out|    1|   ap_memory|           B_DRAM_1_6|         array|
|B_DRAM_1_6_address14        |  out|    5|   ap_memory|           B_DRAM_1_6|         array|
|B_DRAM_1_6_ce14             |  out|    1|   ap_memory|           B_DRAM_1_6|         array|
|B_DRAM_1_6_d14              |  out|   32|   ap_memory|           B_DRAM_1_6|         array|
|B_DRAM_1_6_q14              |   in|   32|   ap_memory|           B_DRAM_1_6|         array|
|B_DRAM_1_6_we14             |  out|    1|   ap_memory|           B_DRAM_1_6|         array|
|B_DRAM_1_6_address15        |  out|    5|   ap_memory|           B_DRAM_1_6|         array|
|B_DRAM_1_6_ce15             |  out|    1|   ap_memory|           B_DRAM_1_6|         array|
|B_DRAM_1_6_d15              |  out|   32|   ap_memory|           B_DRAM_1_6|         array|
|B_DRAM_1_6_q15              |   in|   32|   ap_memory|           B_DRAM_1_6|         array|
|B_DRAM_1_6_we15             |  out|    1|   ap_memory|           B_DRAM_1_6|         array|
|B_DRAM_1_6_address16        |  out|    5|   ap_memory|           B_DRAM_1_6|         array|
|B_DRAM_1_6_ce16             |  out|    1|   ap_memory|           B_DRAM_1_6|         array|
|B_DRAM_1_6_d16              |  out|   32|   ap_memory|           B_DRAM_1_6|         array|
|B_DRAM_1_6_q16              |   in|   32|   ap_memory|           B_DRAM_1_6|         array|
|B_DRAM_1_6_we16             |  out|    1|   ap_memory|           B_DRAM_1_6|         array|
|B_DRAM_1_7_address0         |  out|    5|   ap_memory|           B_DRAM_1_7|         array|
|B_DRAM_1_7_ce0              |  out|    1|   ap_memory|           B_DRAM_1_7|         array|
|B_DRAM_1_7_d0               |  out|   32|   ap_memory|           B_DRAM_1_7|         array|
|B_DRAM_1_7_q0               |   in|   32|   ap_memory|           B_DRAM_1_7|         array|
|B_DRAM_1_7_we0              |  out|    1|   ap_memory|           B_DRAM_1_7|         array|
|B_DRAM_1_7_address1         |  out|    5|   ap_memory|           B_DRAM_1_7|         array|
|B_DRAM_1_7_ce1              |  out|    1|   ap_memory|           B_DRAM_1_7|         array|
|B_DRAM_1_7_d1               |  out|   32|   ap_memory|           B_DRAM_1_7|         array|
|B_DRAM_1_7_q1               |   in|   32|   ap_memory|           B_DRAM_1_7|         array|
|B_DRAM_1_7_we1              |  out|    1|   ap_memory|           B_DRAM_1_7|         array|
|B_DRAM_1_7_address2         |  out|    5|   ap_memory|           B_DRAM_1_7|         array|
|B_DRAM_1_7_ce2              |  out|    1|   ap_memory|           B_DRAM_1_7|         array|
|B_DRAM_1_7_d2               |  out|   32|   ap_memory|           B_DRAM_1_7|         array|
|B_DRAM_1_7_q2               |   in|   32|   ap_memory|           B_DRAM_1_7|         array|
|B_DRAM_1_7_we2              |  out|    1|   ap_memory|           B_DRAM_1_7|         array|
|B_DRAM_1_7_address3         |  out|    5|   ap_memory|           B_DRAM_1_7|         array|
|B_DRAM_1_7_ce3              |  out|    1|   ap_memory|           B_DRAM_1_7|         array|
|B_DRAM_1_7_d3               |  out|   32|   ap_memory|           B_DRAM_1_7|         array|
|B_DRAM_1_7_q3               |   in|   32|   ap_memory|           B_DRAM_1_7|         array|
|B_DRAM_1_7_we3              |  out|    1|   ap_memory|           B_DRAM_1_7|         array|
|B_DRAM_1_7_address4         |  out|    5|   ap_memory|           B_DRAM_1_7|         array|
|B_DRAM_1_7_ce4              |  out|    1|   ap_memory|           B_DRAM_1_7|         array|
|B_DRAM_1_7_d4               |  out|   32|   ap_memory|           B_DRAM_1_7|         array|
|B_DRAM_1_7_q4               |   in|   32|   ap_memory|           B_DRAM_1_7|         array|
|B_DRAM_1_7_we4              |  out|    1|   ap_memory|           B_DRAM_1_7|         array|
|B_DRAM_1_7_address5         |  out|    5|   ap_memory|           B_DRAM_1_7|         array|
|B_DRAM_1_7_ce5              |  out|    1|   ap_memory|           B_DRAM_1_7|         array|
|B_DRAM_1_7_d5               |  out|   32|   ap_memory|           B_DRAM_1_7|         array|
|B_DRAM_1_7_q5               |   in|   32|   ap_memory|           B_DRAM_1_7|         array|
|B_DRAM_1_7_we5              |  out|    1|   ap_memory|           B_DRAM_1_7|         array|
|B_DRAM_1_7_address6         |  out|    5|   ap_memory|           B_DRAM_1_7|         array|
|B_DRAM_1_7_ce6              |  out|    1|   ap_memory|           B_DRAM_1_7|         array|
|B_DRAM_1_7_d6               |  out|   32|   ap_memory|           B_DRAM_1_7|         array|
|B_DRAM_1_7_q6               |   in|   32|   ap_memory|           B_DRAM_1_7|         array|
|B_DRAM_1_7_we6              |  out|    1|   ap_memory|           B_DRAM_1_7|         array|
|B_DRAM_1_7_address7         |  out|    5|   ap_memory|           B_DRAM_1_7|         array|
|B_DRAM_1_7_ce7              |  out|    1|   ap_memory|           B_DRAM_1_7|         array|
|B_DRAM_1_7_d7               |  out|   32|   ap_memory|           B_DRAM_1_7|         array|
|B_DRAM_1_7_q7               |   in|   32|   ap_memory|           B_DRAM_1_7|         array|
|B_DRAM_1_7_we7              |  out|    1|   ap_memory|           B_DRAM_1_7|         array|
|B_DRAM_1_7_address8         |  out|    5|   ap_memory|           B_DRAM_1_7|         array|
|B_DRAM_1_7_ce8              |  out|    1|   ap_memory|           B_DRAM_1_7|         array|
|B_DRAM_1_7_d8               |  out|   32|   ap_memory|           B_DRAM_1_7|         array|
|B_DRAM_1_7_q8               |   in|   32|   ap_memory|           B_DRAM_1_7|         array|
|B_DRAM_1_7_we8              |  out|    1|   ap_memory|           B_DRAM_1_7|         array|
|B_DRAM_1_7_address9         |  out|    5|   ap_memory|           B_DRAM_1_7|         array|
|B_DRAM_1_7_ce9              |  out|    1|   ap_memory|           B_DRAM_1_7|         array|
|B_DRAM_1_7_d9               |  out|   32|   ap_memory|           B_DRAM_1_7|         array|
|B_DRAM_1_7_q9               |   in|   32|   ap_memory|           B_DRAM_1_7|         array|
|B_DRAM_1_7_we9              |  out|    1|   ap_memory|           B_DRAM_1_7|         array|
|B_DRAM_1_7_address10        |  out|    5|   ap_memory|           B_DRAM_1_7|         array|
|B_DRAM_1_7_ce10             |  out|    1|   ap_memory|           B_DRAM_1_7|         array|
|B_DRAM_1_7_d10              |  out|   32|   ap_memory|           B_DRAM_1_7|         array|
|B_DRAM_1_7_q10              |   in|   32|   ap_memory|           B_DRAM_1_7|         array|
|B_DRAM_1_7_we10             |  out|    1|   ap_memory|           B_DRAM_1_7|         array|
|B_DRAM_1_7_address11        |  out|    5|   ap_memory|           B_DRAM_1_7|         array|
|B_DRAM_1_7_ce11             |  out|    1|   ap_memory|           B_DRAM_1_7|         array|
|B_DRAM_1_7_d11              |  out|   32|   ap_memory|           B_DRAM_1_7|         array|
|B_DRAM_1_7_q11              |   in|   32|   ap_memory|           B_DRAM_1_7|         array|
|B_DRAM_1_7_we11             |  out|    1|   ap_memory|           B_DRAM_1_7|         array|
|B_DRAM_1_7_address12        |  out|    5|   ap_memory|           B_DRAM_1_7|         array|
|B_DRAM_1_7_ce12             |  out|    1|   ap_memory|           B_DRAM_1_7|         array|
|B_DRAM_1_7_d12              |  out|   32|   ap_memory|           B_DRAM_1_7|         array|
|B_DRAM_1_7_q12              |   in|   32|   ap_memory|           B_DRAM_1_7|         array|
|B_DRAM_1_7_we12             |  out|    1|   ap_memory|           B_DRAM_1_7|         array|
|B_DRAM_1_7_address13        |  out|    5|   ap_memory|           B_DRAM_1_7|         array|
|B_DRAM_1_7_ce13             |  out|    1|   ap_memory|           B_DRAM_1_7|         array|
|B_DRAM_1_7_d13              |  out|   32|   ap_memory|           B_DRAM_1_7|         array|
|B_DRAM_1_7_q13              |   in|   32|   ap_memory|           B_DRAM_1_7|         array|
|B_DRAM_1_7_we13             |  out|    1|   ap_memory|           B_DRAM_1_7|         array|
|B_DRAM_1_7_address14        |  out|    5|   ap_memory|           B_DRAM_1_7|         array|
|B_DRAM_1_7_ce14             |  out|    1|   ap_memory|           B_DRAM_1_7|         array|
|B_DRAM_1_7_d14              |  out|   32|   ap_memory|           B_DRAM_1_7|         array|
|B_DRAM_1_7_q14              |   in|   32|   ap_memory|           B_DRAM_1_7|         array|
|B_DRAM_1_7_we14             |  out|    1|   ap_memory|           B_DRAM_1_7|         array|
|B_DRAM_1_7_address15        |  out|    5|   ap_memory|           B_DRAM_1_7|         array|
|B_DRAM_1_7_ce15             |  out|    1|   ap_memory|           B_DRAM_1_7|         array|
|B_DRAM_1_7_d15              |  out|   32|   ap_memory|           B_DRAM_1_7|         array|
|B_DRAM_1_7_q15              |   in|   32|   ap_memory|           B_DRAM_1_7|         array|
|B_DRAM_1_7_we15             |  out|    1|   ap_memory|           B_DRAM_1_7|         array|
|B_DRAM_1_7_address16        |  out|    5|   ap_memory|           B_DRAM_1_7|         array|
|B_DRAM_1_7_ce16             |  out|    1|   ap_memory|           B_DRAM_1_7|         array|
|B_DRAM_1_7_d16              |  out|   32|   ap_memory|           B_DRAM_1_7|         array|
|B_DRAM_1_7_q16              |   in|   32|   ap_memory|           B_DRAM_1_7|         array|
|B_DRAM_1_7_we16             |  out|    1|   ap_memory|           B_DRAM_1_7|         array|
|B_DRAM_1_8_address0         |  out|    5|   ap_memory|           B_DRAM_1_8|         array|
|B_DRAM_1_8_ce0              |  out|    1|   ap_memory|           B_DRAM_1_8|         array|
|B_DRAM_1_8_d0               |  out|   32|   ap_memory|           B_DRAM_1_8|         array|
|B_DRAM_1_8_q0               |   in|   32|   ap_memory|           B_DRAM_1_8|         array|
|B_DRAM_1_8_we0              |  out|    1|   ap_memory|           B_DRAM_1_8|         array|
|B_DRAM_1_8_address1         |  out|    5|   ap_memory|           B_DRAM_1_8|         array|
|B_DRAM_1_8_ce1              |  out|    1|   ap_memory|           B_DRAM_1_8|         array|
|B_DRAM_1_8_d1               |  out|   32|   ap_memory|           B_DRAM_1_8|         array|
|B_DRAM_1_8_q1               |   in|   32|   ap_memory|           B_DRAM_1_8|         array|
|B_DRAM_1_8_we1              |  out|    1|   ap_memory|           B_DRAM_1_8|         array|
|B_DRAM_1_8_address2         |  out|    5|   ap_memory|           B_DRAM_1_8|         array|
|B_DRAM_1_8_ce2              |  out|    1|   ap_memory|           B_DRAM_1_8|         array|
|B_DRAM_1_8_d2               |  out|   32|   ap_memory|           B_DRAM_1_8|         array|
|B_DRAM_1_8_q2               |   in|   32|   ap_memory|           B_DRAM_1_8|         array|
|B_DRAM_1_8_we2              |  out|    1|   ap_memory|           B_DRAM_1_8|         array|
|B_DRAM_1_8_address3         |  out|    5|   ap_memory|           B_DRAM_1_8|         array|
|B_DRAM_1_8_ce3              |  out|    1|   ap_memory|           B_DRAM_1_8|         array|
|B_DRAM_1_8_d3               |  out|   32|   ap_memory|           B_DRAM_1_8|         array|
|B_DRAM_1_8_q3               |   in|   32|   ap_memory|           B_DRAM_1_8|         array|
|B_DRAM_1_8_we3              |  out|    1|   ap_memory|           B_DRAM_1_8|         array|
|B_DRAM_1_8_address4         |  out|    5|   ap_memory|           B_DRAM_1_8|         array|
|B_DRAM_1_8_ce4              |  out|    1|   ap_memory|           B_DRAM_1_8|         array|
|B_DRAM_1_8_d4               |  out|   32|   ap_memory|           B_DRAM_1_8|         array|
|B_DRAM_1_8_q4               |   in|   32|   ap_memory|           B_DRAM_1_8|         array|
|B_DRAM_1_8_we4              |  out|    1|   ap_memory|           B_DRAM_1_8|         array|
|B_DRAM_1_8_address5         |  out|    5|   ap_memory|           B_DRAM_1_8|         array|
|B_DRAM_1_8_ce5              |  out|    1|   ap_memory|           B_DRAM_1_8|         array|
|B_DRAM_1_8_d5               |  out|   32|   ap_memory|           B_DRAM_1_8|         array|
|B_DRAM_1_8_q5               |   in|   32|   ap_memory|           B_DRAM_1_8|         array|
|B_DRAM_1_8_we5              |  out|    1|   ap_memory|           B_DRAM_1_8|         array|
|B_DRAM_1_8_address6         |  out|    5|   ap_memory|           B_DRAM_1_8|         array|
|B_DRAM_1_8_ce6              |  out|    1|   ap_memory|           B_DRAM_1_8|         array|
|B_DRAM_1_8_d6               |  out|   32|   ap_memory|           B_DRAM_1_8|         array|
|B_DRAM_1_8_q6               |   in|   32|   ap_memory|           B_DRAM_1_8|         array|
|B_DRAM_1_8_we6              |  out|    1|   ap_memory|           B_DRAM_1_8|         array|
|B_DRAM_1_8_address7         |  out|    5|   ap_memory|           B_DRAM_1_8|         array|
|B_DRAM_1_8_ce7              |  out|    1|   ap_memory|           B_DRAM_1_8|         array|
|B_DRAM_1_8_d7               |  out|   32|   ap_memory|           B_DRAM_1_8|         array|
|B_DRAM_1_8_q7               |   in|   32|   ap_memory|           B_DRAM_1_8|         array|
|B_DRAM_1_8_we7              |  out|    1|   ap_memory|           B_DRAM_1_8|         array|
|B_DRAM_1_8_address8         |  out|    5|   ap_memory|           B_DRAM_1_8|         array|
|B_DRAM_1_8_ce8              |  out|    1|   ap_memory|           B_DRAM_1_8|         array|
|B_DRAM_1_8_d8               |  out|   32|   ap_memory|           B_DRAM_1_8|         array|
|B_DRAM_1_8_q8               |   in|   32|   ap_memory|           B_DRAM_1_8|         array|
|B_DRAM_1_8_we8              |  out|    1|   ap_memory|           B_DRAM_1_8|         array|
|B_DRAM_1_8_address9         |  out|    5|   ap_memory|           B_DRAM_1_8|         array|
|B_DRAM_1_8_ce9              |  out|    1|   ap_memory|           B_DRAM_1_8|         array|
|B_DRAM_1_8_d9               |  out|   32|   ap_memory|           B_DRAM_1_8|         array|
|B_DRAM_1_8_q9               |   in|   32|   ap_memory|           B_DRAM_1_8|         array|
|B_DRAM_1_8_we9              |  out|    1|   ap_memory|           B_DRAM_1_8|         array|
|B_DRAM_1_8_address10        |  out|    5|   ap_memory|           B_DRAM_1_8|         array|
|B_DRAM_1_8_ce10             |  out|    1|   ap_memory|           B_DRAM_1_8|         array|
|B_DRAM_1_8_d10              |  out|   32|   ap_memory|           B_DRAM_1_8|         array|
|B_DRAM_1_8_q10              |   in|   32|   ap_memory|           B_DRAM_1_8|         array|
|B_DRAM_1_8_we10             |  out|    1|   ap_memory|           B_DRAM_1_8|         array|
|B_DRAM_1_8_address11        |  out|    5|   ap_memory|           B_DRAM_1_8|         array|
|B_DRAM_1_8_ce11             |  out|    1|   ap_memory|           B_DRAM_1_8|         array|
|B_DRAM_1_8_d11              |  out|   32|   ap_memory|           B_DRAM_1_8|         array|
|B_DRAM_1_8_q11              |   in|   32|   ap_memory|           B_DRAM_1_8|         array|
|B_DRAM_1_8_we11             |  out|    1|   ap_memory|           B_DRAM_1_8|         array|
|B_DRAM_1_8_address12        |  out|    5|   ap_memory|           B_DRAM_1_8|         array|
|B_DRAM_1_8_ce12             |  out|    1|   ap_memory|           B_DRAM_1_8|         array|
|B_DRAM_1_8_d12              |  out|   32|   ap_memory|           B_DRAM_1_8|         array|
|B_DRAM_1_8_q12              |   in|   32|   ap_memory|           B_DRAM_1_8|         array|
|B_DRAM_1_8_we12             |  out|    1|   ap_memory|           B_DRAM_1_8|         array|
|B_DRAM_1_8_address13        |  out|    5|   ap_memory|           B_DRAM_1_8|         array|
|B_DRAM_1_8_ce13             |  out|    1|   ap_memory|           B_DRAM_1_8|         array|
|B_DRAM_1_8_d13              |  out|   32|   ap_memory|           B_DRAM_1_8|         array|
|B_DRAM_1_8_q13              |   in|   32|   ap_memory|           B_DRAM_1_8|         array|
|B_DRAM_1_8_we13             |  out|    1|   ap_memory|           B_DRAM_1_8|         array|
|B_DRAM_1_8_address14        |  out|    5|   ap_memory|           B_DRAM_1_8|         array|
|B_DRAM_1_8_ce14             |  out|    1|   ap_memory|           B_DRAM_1_8|         array|
|B_DRAM_1_8_d14              |  out|   32|   ap_memory|           B_DRAM_1_8|         array|
|B_DRAM_1_8_q14              |   in|   32|   ap_memory|           B_DRAM_1_8|         array|
|B_DRAM_1_8_we14             |  out|    1|   ap_memory|           B_DRAM_1_8|         array|
|B_DRAM_1_8_address15        |  out|    5|   ap_memory|           B_DRAM_1_8|         array|
|B_DRAM_1_8_ce15             |  out|    1|   ap_memory|           B_DRAM_1_8|         array|
|B_DRAM_1_8_d15              |  out|   32|   ap_memory|           B_DRAM_1_8|         array|
|B_DRAM_1_8_q15              |   in|   32|   ap_memory|           B_DRAM_1_8|         array|
|B_DRAM_1_8_we15             |  out|    1|   ap_memory|           B_DRAM_1_8|         array|
|B_DRAM_1_8_address16        |  out|    5|   ap_memory|           B_DRAM_1_8|         array|
|B_DRAM_1_8_ce16             |  out|    1|   ap_memory|           B_DRAM_1_8|         array|
|B_DRAM_1_8_d16              |  out|   32|   ap_memory|           B_DRAM_1_8|         array|
|B_DRAM_1_8_q16              |   in|   32|   ap_memory|           B_DRAM_1_8|         array|
|B_DRAM_1_8_we16             |  out|    1|   ap_memory|           B_DRAM_1_8|         array|
|B_DRAM_1_9_address0         |  out|    5|   ap_memory|           B_DRAM_1_9|         array|
|B_DRAM_1_9_ce0              |  out|    1|   ap_memory|           B_DRAM_1_9|         array|
|B_DRAM_1_9_d0               |  out|   32|   ap_memory|           B_DRAM_1_9|         array|
|B_DRAM_1_9_q0               |   in|   32|   ap_memory|           B_DRAM_1_9|         array|
|B_DRAM_1_9_we0              |  out|    1|   ap_memory|           B_DRAM_1_9|         array|
|B_DRAM_1_9_address1         |  out|    5|   ap_memory|           B_DRAM_1_9|         array|
|B_DRAM_1_9_ce1              |  out|    1|   ap_memory|           B_DRAM_1_9|         array|
|B_DRAM_1_9_d1               |  out|   32|   ap_memory|           B_DRAM_1_9|         array|
|B_DRAM_1_9_q1               |   in|   32|   ap_memory|           B_DRAM_1_9|         array|
|B_DRAM_1_9_we1              |  out|    1|   ap_memory|           B_DRAM_1_9|         array|
|B_DRAM_1_9_address2         |  out|    5|   ap_memory|           B_DRAM_1_9|         array|
|B_DRAM_1_9_ce2              |  out|    1|   ap_memory|           B_DRAM_1_9|         array|
|B_DRAM_1_9_d2               |  out|   32|   ap_memory|           B_DRAM_1_9|         array|
|B_DRAM_1_9_q2               |   in|   32|   ap_memory|           B_DRAM_1_9|         array|
|B_DRAM_1_9_we2              |  out|    1|   ap_memory|           B_DRAM_1_9|         array|
|B_DRAM_1_9_address3         |  out|    5|   ap_memory|           B_DRAM_1_9|         array|
|B_DRAM_1_9_ce3              |  out|    1|   ap_memory|           B_DRAM_1_9|         array|
|B_DRAM_1_9_d3               |  out|   32|   ap_memory|           B_DRAM_1_9|         array|
|B_DRAM_1_9_q3               |   in|   32|   ap_memory|           B_DRAM_1_9|         array|
|B_DRAM_1_9_we3              |  out|    1|   ap_memory|           B_DRAM_1_9|         array|
|B_DRAM_1_9_address4         |  out|    5|   ap_memory|           B_DRAM_1_9|         array|
|B_DRAM_1_9_ce4              |  out|    1|   ap_memory|           B_DRAM_1_9|         array|
|B_DRAM_1_9_d4               |  out|   32|   ap_memory|           B_DRAM_1_9|         array|
|B_DRAM_1_9_q4               |   in|   32|   ap_memory|           B_DRAM_1_9|         array|
|B_DRAM_1_9_we4              |  out|    1|   ap_memory|           B_DRAM_1_9|         array|
|B_DRAM_1_9_address5         |  out|    5|   ap_memory|           B_DRAM_1_9|         array|
|B_DRAM_1_9_ce5              |  out|    1|   ap_memory|           B_DRAM_1_9|         array|
|B_DRAM_1_9_d5               |  out|   32|   ap_memory|           B_DRAM_1_9|         array|
|B_DRAM_1_9_q5               |   in|   32|   ap_memory|           B_DRAM_1_9|         array|
|B_DRAM_1_9_we5              |  out|    1|   ap_memory|           B_DRAM_1_9|         array|
|B_DRAM_1_9_address6         |  out|    5|   ap_memory|           B_DRAM_1_9|         array|
|B_DRAM_1_9_ce6              |  out|    1|   ap_memory|           B_DRAM_1_9|         array|
|B_DRAM_1_9_d6               |  out|   32|   ap_memory|           B_DRAM_1_9|         array|
|B_DRAM_1_9_q6               |   in|   32|   ap_memory|           B_DRAM_1_9|         array|
|B_DRAM_1_9_we6              |  out|    1|   ap_memory|           B_DRAM_1_9|         array|
|B_DRAM_1_9_address7         |  out|    5|   ap_memory|           B_DRAM_1_9|         array|
|B_DRAM_1_9_ce7              |  out|    1|   ap_memory|           B_DRAM_1_9|         array|
|B_DRAM_1_9_d7               |  out|   32|   ap_memory|           B_DRAM_1_9|         array|
|B_DRAM_1_9_q7               |   in|   32|   ap_memory|           B_DRAM_1_9|         array|
|B_DRAM_1_9_we7              |  out|    1|   ap_memory|           B_DRAM_1_9|         array|
|B_DRAM_1_9_address8         |  out|    5|   ap_memory|           B_DRAM_1_9|         array|
|B_DRAM_1_9_ce8              |  out|    1|   ap_memory|           B_DRAM_1_9|         array|
|B_DRAM_1_9_d8               |  out|   32|   ap_memory|           B_DRAM_1_9|         array|
|B_DRAM_1_9_q8               |   in|   32|   ap_memory|           B_DRAM_1_9|         array|
|B_DRAM_1_9_we8              |  out|    1|   ap_memory|           B_DRAM_1_9|         array|
|B_DRAM_1_9_address9         |  out|    5|   ap_memory|           B_DRAM_1_9|         array|
|B_DRAM_1_9_ce9              |  out|    1|   ap_memory|           B_DRAM_1_9|         array|
|B_DRAM_1_9_d9               |  out|   32|   ap_memory|           B_DRAM_1_9|         array|
|B_DRAM_1_9_q9               |   in|   32|   ap_memory|           B_DRAM_1_9|         array|
|B_DRAM_1_9_we9              |  out|    1|   ap_memory|           B_DRAM_1_9|         array|
|B_DRAM_1_9_address10        |  out|    5|   ap_memory|           B_DRAM_1_9|         array|
|B_DRAM_1_9_ce10             |  out|    1|   ap_memory|           B_DRAM_1_9|         array|
|B_DRAM_1_9_d10              |  out|   32|   ap_memory|           B_DRAM_1_9|         array|
|B_DRAM_1_9_q10              |   in|   32|   ap_memory|           B_DRAM_1_9|         array|
|B_DRAM_1_9_we10             |  out|    1|   ap_memory|           B_DRAM_1_9|         array|
|B_DRAM_1_9_address11        |  out|    5|   ap_memory|           B_DRAM_1_9|         array|
|B_DRAM_1_9_ce11             |  out|    1|   ap_memory|           B_DRAM_1_9|         array|
|B_DRAM_1_9_d11              |  out|   32|   ap_memory|           B_DRAM_1_9|         array|
|B_DRAM_1_9_q11              |   in|   32|   ap_memory|           B_DRAM_1_9|         array|
|B_DRAM_1_9_we11             |  out|    1|   ap_memory|           B_DRAM_1_9|         array|
|B_DRAM_1_9_address12        |  out|    5|   ap_memory|           B_DRAM_1_9|         array|
|B_DRAM_1_9_ce12             |  out|    1|   ap_memory|           B_DRAM_1_9|         array|
|B_DRAM_1_9_d12              |  out|   32|   ap_memory|           B_DRAM_1_9|         array|
|B_DRAM_1_9_q12              |   in|   32|   ap_memory|           B_DRAM_1_9|         array|
|B_DRAM_1_9_we12             |  out|    1|   ap_memory|           B_DRAM_1_9|         array|
|B_DRAM_1_9_address13        |  out|    5|   ap_memory|           B_DRAM_1_9|         array|
|B_DRAM_1_9_ce13             |  out|    1|   ap_memory|           B_DRAM_1_9|         array|
|B_DRAM_1_9_d13              |  out|   32|   ap_memory|           B_DRAM_1_9|         array|
|B_DRAM_1_9_q13              |   in|   32|   ap_memory|           B_DRAM_1_9|         array|
|B_DRAM_1_9_we13             |  out|    1|   ap_memory|           B_DRAM_1_9|         array|
|B_DRAM_1_9_address14        |  out|    5|   ap_memory|           B_DRAM_1_9|         array|
|B_DRAM_1_9_ce14             |  out|    1|   ap_memory|           B_DRAM_1_9|         array|
|B_DRAM_1_9_d14              |  out|   32|   ap_memory|           B_DRAM_1_9|         array|
|B_DRAM_1_9_q14              |   in|   32|   ap_memory|           B_DRAM_1_9|         array|
|B_DRAM_1_9_we14             |  out|    1|   ap_memory|           B_DRAM_1_9|         array|
|B_DRAM_1_9_address15        |  out|    5|   ap_memory|           B_DRAM_1_9|         array|
|B_DRAM_1_9_ce15             |  out|    1|   ap_memory|           B_DRAM_1_9|         array|
|B_DRAM_1_9_d15              |  out|   32|   ap_memory|           B_DRAM_1_9|         array|
|B_DRAM_1_9_q15              |   in|   32|   ap_memory|           B_DRAM_1_9|         array|
|B_DRAM_1_9_we15             |  out|    1|   ap_memory|           B_DRAM_1_9|         array|
|B_DRAM_1_9_address16        |  out|    5|   ap_memory|           B_DRAM_1_9|         array|
|B_DRAM_1_9_ce16             |  out|    1|   ap_memory|           B_DRAM_1_9|         array|
|B_DRAM_1_9_d16              |  out|   32|   ap_memory|           B_DRAM_1_9|         array|
|B_DRAM_1_9_q16              |   in|   32|   ap_memory|           B_DRAM_1_9|         array|
|B_DRAM_1_9_we16             |  out|    1|   ap_memory|           B_DRAM_1_9|         array|
|B_DRAM_1_10_address0        |  out|    5|   ap_memory|          B_DRAM_1_10|         array|
|B_DRAM_1_10_ce0             |  out|    1|   ap_memory|          B_DRAM_1_10|         array|
|B_DRAM_1_10_d0              |  out|   32|   ap_memory|          B_DRAM_1_10|         array|
|B_DRAM_1_10_q0              |   in|   32|   ap_memory|          B_DRAM_1_10|         array|
|B_DRAM_1_10_we0             |  out|    1|   ap_memory|          B_DRAM_1_10|         array|
|B_DRAM_1_10_address1        |  out|    5|   ap_memory|          B_DRAM_1_10|         array|
|B_DRAM_1_10_ce1             |  out|    1|   ap_memory|          B_DRAM_1_10|         array|
|B_DRAM_1_10_d1              |  out|   32|   ap_memory|          B_DRAM_1_10|         array|
|B_DRAM_1_10_q1              |   in|   32|   ap_memory|          B_DRAM_1_10|         array|
|B_DRAM_1_10_we1             |  out|    1|   ap_memory|          B_DRAM_1_10|         array|
|B_DRAM_1_10_address2        |  out|    5|   ap_memory|          B_DRAM_1_10|         array|
|B_DRAM_1_10_ce2             |  out|    1|   ap_memory|          B_DRAM_1_10|         array|
|B_DRAM_1_10_d2              |  out|   32|   ap_memory|          B_DRAM_1_10|         array|
|B_DRAM_1_10_q2              |   in|   32|   ap_memory|          B_DRAM_1_10|         array|
|B_DRAM_1_10_we2             |  out|    1|   ap_memory|          B_DRAM_1_10|         array|
|B_DRAM_1_10_address3        |  out|    5|   ap_memory|          B_DRAM_1_10|         array|
|B_DRAM_1_10_ce3             |  out|    1|   ap_memory|          B_DRAM_1_10|         array|
|B_DRAM_1_10_d3              |  out|   32|   ap_memory|          B_DRAM_1_10|         array|
|B_DRAM_1_10_q3              |   in|   32|   ap_memory|          B_DRAM_1_10|         array|
|B_DRAM_1_10_we3             |  out|    1|   ap_memory|          B_DRAM_1_10|         array|
|B_DRAM_1_10_address4        |  out|    5|   ap_memory|          B_DRAM_1_10|         array|
|B_DRAM_1_10_ce4             |  out|    1|   ap_memory|          B_DRAM_1_10|         array|
|B_DRAM_1_10_d4              |  out|   32|   ap_memory|          B_DRAM_1_10|         array|
|B_DRAM_1_10_q4              |   in|   32|   ap_memory|          B_DRAM_1_10|         array|
|B_DRAM_1_10_we4             |  out|    1|   ap_memory|          B_DRAM_1_10|         array|
|B_DRAM_1_10_address5        |  out|    5|   ap_memory|          B_DRAM_1_10|         array|
|B_DRAM_1_10_ce5             |  out|    1|   ap_memory|          B_DRAM_1_10|         array|
|B_DRAM_1_10_d5              |  out|   32|   ap_memory|          B_DRAM_1_10|         array|
|B_DRAM_1_10_q5              |   in|   32|   ap_memory|          B_DRAM_1_10|         array|
|B_DRAM_1_10_we5             |  out|    1|   ap_memory|          B_DRAM_1_10|         array|
|B_DRAM_1_10_address6        |  out|    5|   ap_memory|          B_DRAM_1_10|         array|
|B_DRAM_1_10_ce6             |  out|    1|   ap_memory|          B_DRAM_1_10|         array|
|B_DRAM_1_10_d6              |  out|   32|   ap_memory|          B_DRAM_1_10|         array|
|B_DRAM_1_10_q6              |   in|   32|   ap_memory|          B_DRAM_1_10|         array|
|B_DRAM_1_10_we6             |  out|    1|   ap_memory|          B_DRAM_1_10|         array|
|B_DRAM_1_10_address7        |  out|    5|   ap_memory|          B_DRAM_1_10|         array|
|B_DRAM_1_10_ce7             |  out|    1|   ap_memory|          B_DRAM_1_10|         array|
|B_DRAM_1_10_d7              |  out|   32|   ap_memory|          B_DRAM_1_10|         array|
|B_DRAM_1_10_q7              |   in|   32|   ap_memory|          B_DRAM_1_10|         array|
|B_DRAM_1_10_we7             |  out|    1|   ap_memory|          B_DRAM_1_10|         array|
|B_DRAM_1_10_address8        |  out|    5|   ap_memory|          B_DRAM_1_10|         array|
|B_DRAM_1_10_ce8             |  out|    1|   ap_memory|          B_DRAM_1_10|         array|
|B_DRAM_1_10_d8              |  out|   32|   ap_memory|          B_DRAM_1_10|         array|
|B_DRAM_1_10_q8              |   in|   32|   ap_memory|          B_DRAM_1_10|         array|
|B_DRAM_1_10_we8             |  out|    1|   ap_memory|          B_DRAM_1_10|         array|
|B_DRAM_1_10_address9        |  out|    5|   ap_memory|          B_DRAM_1_10|         array|
|B_DRAM_1_10_ce9             |  out|    1|   ap_memory|          B_DRAM_1_10|         array|
|B_DRAM_1_10_d9              |  out|   32|   ap_memory|          B_DRAM_1_10|         array|
|B_DRAM_1_10_q9              |   in|   32|   ap_memory|          B_DRAM_1_10|         array|
|B_DRAM_1_10_we9             |  out|    1|   ap_memory|          B_DRAM_1_10|         array|
|B_DRAM_1_10_address10       |  out|    5|   ap_memory|          B_DRAM_1_10|         array|
|B_DRAM_1_10_ce10            |  out|    1|   ap_memory|          B_DRAM_1_10|         array|
|B_DRAM_1_10_d10             |  out|   32|   ap_memory|          B_DRAM_1_10|         array|
|B_DRAM_1_10_q10             |   in|   32|   ap_memory|          B_DRAM_1_10|         array|
|B_DRAM_1_10_we10            |  out|    1|   ap_memory|          B_DRAM_1_10|         array|
|B_DRAM_1_10_address11       |  out|    5|   ap_memory|          B_DRAM_1_10|         array|
|B_DRAM_1_10_ce11            |  out|    1|   ap_memory|          B_DRAM_1_10|         array|
|B_DRAM_1_10_d11             |  out|   32|   ap_memory|          B_DRAM_1_10|         array|
|B_DRAM_1_10_q11             |   in|   32|   ap_memory|          B_DRAM_1_10|         array|
|B_DRAM_1_10_we11            |  out|    1|   ap_memory|          B_DRAM_1_10|         array|
|B_DRAM_1_10_address12       |  out|    5|   ap_memory|          B_DRAM_1_10|         array|
|B_DRAM_1_10_ce12            |  out|    1|   ap_memory|          B_DRAM_1_10|         array|
|B_DRAM_1_10_d12             |  out|   32|   ap_memory|          B_DRAM_1_10|         array|
|B_DRAM_1_10_q12             |   in|   32|   ap_memory|          B_DRAM_1_10|         array|
|B_DRAM_1_10_we12            |  out|    1|   ap_memory|          B_DRAM_1_10|         array|
|B_DRAM_1_10_address13       |  out|    5|   ap_memory|          B_DRAM_1_10|         array|
|B_DRAM_1_10_ce13            |  out|    1|   ap_memory|          B_DRAM_1_10|         array|
|B_DRAM_1_10_d13             |  out|   32|   ap_memory|          B_DRAM_1_10|         array|
|B_DRAM_1_10_q13             |   in|   32|   ap_memory|          B_DRAM_1_10|         array|
|B_DRAM_1_10_we13            |  out|    1|   ap_memory|          B_DRAM_1_10|         array|
|B_DRAM_1_10_address14       |  out|    5|   ap_memory|          B_DRAM_1_10|         array|
|B_DRAM_1_10_ce14            |  out|    1|   ap_memory|          B_DRAM_1_10|         array|
|B_DRAM_1_10_d14             |  out|   32|   ap_memory|          B_DRAM_1_10|         array|
|B_DRAM_1_10_q14             |   in|   32|   ap_memory|          B_DRAM_1_10|         array|
|B_DRAM_1_10_we14            |  out|    1|   ap_memory|          B_DRAM_1_10|         array|
|B_DRAM_1_10_address15       |  out|    5|   ap_memory|          B_DRAM_1_10|         array|
|B_DRAM_1_10_ce15            |  out|    1|   ap_memory|          B_DRAM_1_10|         array|
|B_DRAM_1_10_d15             |  out|   32|   ap_memory|          B_DRAM_1_10|         array|
|B_DRAM_1_10_q15             |   in|   32|   ap_memory|          B_DRAM_1_10|         array|
|B_DRAM_1_10_we15            |  out|    1|   ap_memory|          B_DRAM_1_10|         array|
|B_DRAM_1_10_address16       |  out|    5|   ap_memory|          B_DRAM_1_10|         array|
|B_DRAM_1_10_ce16            |  out|    1|   ap_memory|          B_DRAM_1_10|         array|
|B_DRAM_1_10_d16             |  out|   32|   ap_memory|          B_DRAM_1_10|         array|
|B_DRAM_1_10_q16             |   in|   32|   ap_memory|          B_DRAM_1_10|         array|
|B_DRAM_1_10_we16            |  out|    1|   ap_memory|          B_DRAM_1_10|         array|
|B_DRAM_1_11_address0        |  out|    5|   ap_memory|          B_DRAM_1_11|         array|
|B_DRAM_1_11_ce0             |  out|    1|   ap_memory|          B_DRAM_1_11|         array|
|B_DRAM_1_11_d0              |  out|   32|   ap_memory|          B_DRAM_1_11|         array|
|B_DRAM_1_11_q0              |   in|   32|   ap_memory|          B_DRAM_1_11|         array|
|B_DRAM_1_11_we0             |  out|    1|   ap_memory|          B_DRAM_1_11|         array|
|B_DRAM_1_11_address1        |  out|    5|   ap_memory|          B_DRAM_1_11|         array|
|B_DRAM_1_11_ce1             |  out|    1|   ap_memory|          B_DRAM_1_11|         array|
|B_DRAM_1_11_d1              |  out|   32|   ap_memory|          B_DRAM_1_11|         array|
|B_DRAM_1_11_q1              |   in|   32|   ap_memory|          B_DRAM_1_11|         array|
|B_DRAM_1_11_we1             |  out|    1|   ap_memory|          B_DRAM_1_11|         array|
|B_DRAM_1_11_address2        |  out|    5|   ap_memory|          B_DRAM_1_11|         array|
|B_DRAM_1_11_ce2             |  out|    1|   ap_memory|          B_DRAM_1_11|         array|
|B_DRAM_1_11_d2              |  out|   32|   ap_memory|          B_DRAM_1_11|         array|
|B_DRAM_1_11_q2              |   in|   32|   ap_memory|          B_DRAM_1_11|         array|
|B_DRAM_1_11_we2             |  out|    1|   ap_memory|          B_DRAM_1_11|         array|
|B_DRAM_1_11_address3        |  out|    5|   ap_memory|          B_DRAM_1_11|         array|
|B_DRAM_1_11_ce3             |  out|    1|   ap_memory|          B_DRAM_1_11|         array|
|B_DRAM_1_11_d3              |  out|   32|   ap_memory|          B_DRAM_1_11|         array|
|B_DRAM_1_11_q3              |   in|   32|   ap_memory|          B_DRAM_1_11|         array|
|B_DRAM_1_11_we3             |  out|    1|   ap_memory|          B_DRAM_1_11|         array|
|B_DRAM_1_11_address4        |  out|    5|   ap_memory|          B_DRAM_1_11|         array|
|B_DRAM_1_11_ce4             |  out|    1|   ap_memory|          B_DRAM_1_11|         array|
|B_DRAM_1_11_d4              |  out|   32|   ap_memory|          B_DRAM_1_11|         array|
|B_DRAM_1_11_q4              |   in|   32|   ap_memory|          B_DRAM_1_11|         array|
|B_DRAM_1_11_we4             |  out|    1|   ap_memory|          B_DRAM_1_11|         array|
|B_DRAM_1_11_address5        |  out|    5|   ap_memory|          B_DRAM_1_11|         array|
|B_DRAM_1_11_ce5             |  out|    1|   ap_memory|          B_DRAM_1_11|         array|
|B_DRAM_1_11_d5              |  out|   32|   ap_memory|          B_DRAM_1_11|         array|
|B_DRAM_1_11_q5              |   in|   32|   ap_memory|          B_DRAM_1_11|         array|
|B_DRAM_1_11_we5             |  out|    1|   ap_memory|          B_DRAM_1_11|         array|
|B_DRAM_1_11_address6        |  out|    5|   ap_memory|          B_DRAM_1_11|         array|
|B_DRAM_1_11_ce6             |  out|    1|   ap_memory|          B_DRAM_1_11|         array|
|B_DRAM_1_11_d6              |  out|   32|   ap_memory|          B_DRAM_1_11|         array|
|B_DRAM_1_11_q6              |   in|   32|   ap_memory|          B_DRAM_1_11|         array|
|B_DRAM_1_11_we6             |  out|    1|   ap_memory|          B_DRAM_1_11|         array|
|B_DRAM_1_11_address7        |  out|    5|   ap_memory|          B_DRAM_1_11|         array|
|B_DRAM_1_11_ce7             |  out|    1|   ap_memory|          B_DRAM_1_11|         array|
|B_DRAM_1_11_d7              |  out|   32|   ap_memory|          B_DRAM_1_11|         array|
|B_DRAM_1_11_q7              |   in|   32|   ap_memory|          B_DRAM_1_11|         array|
|B_DRAM_1_11_we7             |  out|    1|   ap_memory|          B_DRAM_1_11|         array|
|B_DRAM_1_11_address8        |  out|    5|   ap_memory|          B_DRAM_1_11|         array|
|B_DRAM_1_11_ce8             |  out|    1|   ap_memory|          B_DRAM_1_11|         array|
|B_DRAM_1_11_d8              |  out|   32|   ap_memory|          B_DRAM_1_11|         array|
|B_DRAM_1_11_q8              |   in|   32|   ap_memory|          B_DRAM_1_11|         array|
|B_DRAM_1_11_we8             |  out|    1|   ap_memory|          B_DRAM_1_11|         array|
|B_DRAM_1_11_address9        |  out|    5|   ap_memory|          B_DRAM_1_11|         array|
|B_DRAM_1_11_ce9             |  out|    1|   ap_memory|          B_DRAM_1_11|         array|
|B_DRAM_1_11_d9              |  out|   32|   ap_memory|          B_DRAM_1_11|         array|
|B_DRAM_1_11_q9              |   in|   32|   ap_memory|          B_DRAM_1_11|         array|
|B_DRAM_1_11_we9             |  out|    1|   ap_memory|          B_DRAM_1_11|         array|
|B_DRAM_1_11_address10       |  out|    5|   ap_memory|          B_DRAM_1_11|         array|
|B_DRAM_1_11_ce10            |  out|    1|   ap_memory|          B_DRAM_1_11|         array|
|B_DRAM_1_11_d10             |  out|   32|   ap_memory|          B_DRAM_1_11|         array|
|B_DRAM_1_11_q10             |   in|   32|   ap_memory|          B_DRAM_1_11|         array|
|B_DRAM_1_11_we10            |  out|    1|   ap_memory|          B_DRAM_1_11|         array|
|B_DRAM_1_11_address11       |  out|    5|   ap_memory|          B_DRAM_1_11|         array|
|B_DRAM_1_11_ce11            |  out|    1|   ap_memory|          B_DRAM_1_11|         array|
|B_DRAM_1_11_d11             |  out|   32|   ap_memory|          B_DRAM_1_11|         array|
|B_DRAM_1_11_q11             |   in|   32|   ap_memory|          B_DRAM_1_11|         array|
|B_DRAM_1_11_we11            |  out|    1|   ap_memory|          B_DRAM_1_11|         array|
|B_DRAM_1_11_address12       |  out|    5|   ap_memory|          B_DRAM_1_11|         array|
|B_DRAM_1_11_ce12            |  out|    1|   ap_memory|          B_DRAM_1_11|         array|
|B_DRAM_1_11_d12             |  out|   32|   ap_memory|          B_DRAM_1_11|         array|
|B_DRAM_1_11_q12             |   in|   32|   ap_memory|          B_DRAM_1_11|         array|
|B_DRAM_1_11_we12            |  out|    1|   ap_memory|          B_DRAM_1_11|         array|
|B_DRAM_1_11_address13       |  out|    5|   ap_memory|          B_DRAM_1_11|         array|
|B_DRAM_1_11_ce13            |  out|    1|   ap_memory|          B_DRAM_1_11|         array|
|B_DRAM_1_11_d13             |  out|   32|   ap_memory|          B_DRAM_1_11|         array|
|B_DRAM_1_11_q13             |   in|   32|   ap_memory|          B_DRAM_1_11|         array|
|B_DRAM_1_11_we13            |  out|    1|   ap_memory|          B_DRAM_1_11|         array|
|B_DRAM_1_11_address14       |  out|    5|   ap_memory|          B_DRAM_1_11|         array|
|B_DRAM_1_11_ce14            |  out|    1|   ap_memory|          B_DRAM_1_11|         array|
|B_DRAM_1_11_d14             |  out|   32|   ap_memory|          B_DRAM_1_11|         array|
|B_DRAM_1_11_q14             |   in|   32|   ap_memory|          B_DRAM_1_11|         array|
|B_DRAM_1_11_we14            |  out|    1|   ap_memory|          B_DRAM_1_11|         array|
|B_DRAM_1_11_address15       |  out|    5|   ap_memory|          B_DRAM_1_11|         array|
|B_DRAM_1_11_ce15            |  out|    1|   ap_memory|          B_DRAM_1_11|         array|
|B_DRAM_1_11_d15             |  out|   32|   ap_memory|          B_DRAM_1_11|         array|
|B_DRAM_1_11_q15             |   in|   32|   ap_memory|          B_DRAM_1_11|         array|
|B_DRAM_1_11_we15            |  out|    1|   ap_memory|          B_DRAM_1_11|         array|
|B_DRAM_1_11_address16       |  out|    5|   ap_memory|          B_DRAM_1_11|         array|
|B_DRAM_1_11_ce16            |  out|    1|   ap_memory|          B_DRAM_1_11|         array|
|B_DRAM_1_11_d16             |  out|   32|   ap_memory|          B_DRAM_1_11|         array|
|B_DRAM_1_11_q16             |   in|   32|   ap_memory|          B_DRAM_1_11|         array|
|B_DRAM_1_11_we16            |  out|    1|   ap_memory|          B_DRAM_1_11|         array|
|B_DRAM_1_12_address0        |  out|    5|   ap_memory|          B_DRAM_1_12|         array|
|B_DRAM_1_12_ce0             |  out|    1|   ap_memory|          B_DRAM_1_12|         array|
|B_DRAM_1_12_d0              |  out|   32|   ap_memory|          B_DRAM_1_12|         array|
|B_DRAM_1_12_q0              |   in|   32|   ap_memory|          B_DRAM_1_12|         array|
|B_DRAM_1_12_we0             |  out|    1|   ap_memory|          B_DRAM_1_12|         array|
|B_DRAM_1_12_address1        |  out|    5|   ap_memory|          B_DRAM_1_12|         array|
|B_DRAM_1_12_ce1             |  out|    1|   ap_memory|          B_DRAM_1_12|         array|
|B_DRAM_1_12_d1              |  out|   32|   ap_memory|          B_DRAM_1_12|         array|
|B_DRAM_1_12_q1              |   in|   32|   ap_memory|          B_DRAM_1_12|         array|
|B_DRAM_1_12_we1             |  out|    1|   ap_memory|          B_DRAM_1_12|         array|
|B_DRAM_1_12_address2        |  out|    5|   ap_memory|          B_DRAM_1_12|         array|
|B_DRAM_1_12_ce2             |  out|    1|   ap_memory|          B_DRAM_1_12|         array|
|B_DRAM_1_12_d2              |  out|   32|   ap_memory|          B_DRAM_1_12|         array|
|B_DRAM_1_12_q2              |   in|   32|   ap_memory|          B_DRAM_1_12|         array|
|B_DRAM_1_12_we2             |  out|    1|   ap_memory|          B_DRAM_1_12|         array|
|B_DRAM_1_12_address3        |  out|    5|   ap_memory|          B_DRAM_1_12|         array|
|B_DRAM_1_12_ce3             |  out|    1|   ap_memory|          B_DRAM_1_12|         array|
|B_DRAM_1_12_d3              |  out|   32|   ap_memory|          B_DRAM_1_12|         array|
|B_DRAM_1_12_q3              |   in|   32|   ap_memory|          B_DRAM_1_12|         array|
|B_DRAM_1_12_we3             |  out|    1|   ap_memory|          B_DRAM_1_12|         array|
|B_DRAM_1_12_address4        |  out|    5|   ap_memory|          B_DRAM_1_12|         array|
|B_DRAM_1_12_ce4             |  out|    1|   ap_memory|          B_DRAM_1_12|         array|
|B_DRAM_1_12_d4              |  out|   32|   ap_memory|          B_DRAM_1_12|         array|
|B_DRAM_1_12_q4              |   in|   32|   ap_memory|          B_DRAM_1_12|         array|
|B_DRAM_1_12_we4             |  out|    1|   ap_memory|          B_DRAM_1_12|         array|
|B_DRAM_1_12_address5        |  out|    5|   ap_memory|          B_DRAM_1_12|         array|
|B_DRAM_1_12_ce5             |  out|    1|   ap_memory|          B_DRAM_1_12|         array|
|B_DRAM_1_12_d5              |  out|   32|   ap_memory|          B_DRAM_1_12|         array|
|B_DRAM_1_12_q5              |   in|   32|   ap_memory|          B_DRAM_1_12|         array|
|B_DRAM_1_12_we5             |  out|    1|   ap_memory|          B_DRAM_1_12|         array|
|B_DRAM_1_12_address6        |  out|    5|   ap_memory|          B_DRAM_1_12|         array|
|B_DRAM_1_12_ce6             |  out|    1|   ap_memory|          B_DRAM_1_12|         array|
|B_DRAM_1_12_d6              |  out|   32|   ap_memory|          B_DRAM_1_12|         array|
|B_DRAM_1_12_q6              |   in|   32|   ap_memory|          B_DRAM_1_12|         array|
|B_DRAM_1_12_we6             |  out|    1|   ap_memory|          B_DRAM_1_12|         array|
|B_DRAM_1_12_address7        |  out|    5|   ap_memory|          B_DRAM_1_12|         array|
|B_DRAM_1_12_ce7             |  out|    1|   ap_memory|          B_DRAM_1_12|         array|
|B_DRAM_1_12_d7              |  out|   32|   ap_memory|          B_DRAM_1_12|         array|
|B_DRAM_1_12_q7              |   in|   32|   ap_memory|          B_DRAM_1_12|         array|
|B_DRAM_1_12_we7             |  out|    1|   ap_memory|          B_DRAM_1_12|         array|
|B_DRAM_1_12_address8        |  out|    5|   ap_memory|          B_DRAM_1_12|         array|
|B_DRAM_1_12_ce8             |  out|    1|   ap_memory|          B_DRAM_1_12|         array|
|B_DRAM_1_12_d8              |  out|   32|   ap_memory|          B_DRAM_1_12|         array|
|B_DRAM_1_12_q8              |   in|   32|   ap_memory|          B_DRAM_1_12|         array|
|B_DRAM_1_12_we8             |  out|    1|   ap_memory|          B_DRAM_1_12|         array|
|B_DRAM_1_12_address9        |  out|    5|   ap_memory|          B_DRAM_1_12|         array|
|B_DRAM_1_12_ce9             |  out|    1|   ap_memory|          B_DRAM_1_12|         array|
|B_DRAM_1_12_d9              |  out|   32|   ap_memory|          B_DRAM_1_12|         array|
|B_DRAM_1_12_q9              |   in|   32|   ap_memory|          B_DRAM_1_12|         array|
|B_DRAM_1_12_we9             |  out|    1|   ap_memory|          B_DRAM_1_12|         array|
|B_DRAM_1_12_address10       |  out|    5|   ap_memory|          B_DRAM_1_12|         array|
|B_DRAM_1_12_ce10            |  out|    1|   ap_memory|          B_DRAM_1_12|         array|
|B_DRAM_1_12_d10             |  out|   32|   ap_memory|          B_DRAM_1_12|         array|
|B_DRAM_1_12_q10             |   in|   32|   ap_memory|          B_DRAM_1_12|         array|
|B_DRAM_1_12_we10            |  out|    1|   ap_memory|          B_DRAM_1_12|         array|
|B_DRAM_1_12_address11       |  out|    5|   ap_memory|          B_DRAM_1_12|         array|
|B_DRAM_1_12_ce11            |  out|    1|   ap_memory|          B_DRAM_1_12|         array|
|B_DRAM_1_12_d11             |  out|   32|   ap_memory|          B_DRAM_1_12|         array|
|B_DRAM_1_12_q11             |   in|   32|   ap_memory|          B_DRAM_1_12|         array|
|B_DRAM_1_12_we11            |  out|    1|   ap_memory|          B_DRAM_1_12|         array|
|B_DRAM_1_12_address12       |  out|    5|   ap_memory|          B_DRAM_1_12|         array|
|B_DRAM_1_12_ce12            |  out|    1|   ap_memory|          B_DRAM_1_12|         array|
|B_DRAM_1_12_d12             |  out|   32|   ap_memory|          B_DRAM_1_12|         array|
|B_DRAM_1_12_q12             |   in|   32|   ap_memory|          B_DRAM_1_12|         array|
|B_DRAM_1_12_we12            |  out|    1|   ap_memory|          B_DRAM_1_12|         array|
|B_DRAM_1_12_address13       |  out|    5|   ap_memory|          B_DRAM_1_12|         array|
|B_DRAM_1_12_ce13            |  out|    1|   ap_memory|          B_DRAM_1_12|         array|
|B_DRAM_1_12_d13             |  out|   32|   ap_memory|          B_DRAM_1_12|         array|
|B_DRAM_1_12_q13             |   in|   32|   ap_memory|          B_DRAM_1_12|         array|
|B_DRAM_1_12_we13            |  out|    1|   ap_memory|          B_DRAM_1_12|         array|
|B_DRAM_1_12_address14       |  out|    5|   ap_memory|          B_DRAM_1_12|         array|
|B_DRAM_1_12_ce14            |  out|    1|   ap_memory|          B_DRAM_1_12|         array|
|B_DRAM_1_12_d14             |  out|   32|   ap_memory|          B_DRAM_1_12|         array|
|B_DRAM_1_12_q14             |   in|   32|   ap_memory|          B_DRAM_1_12|         array|
|B_DRAM_1_12_we14            |  out|    1|   ap_memory|          B_DRAM_1_12|         array|
|B_DRAM_1_12_address15       |  out|    5|   ap_memory|          B_DRAM_1_12|         array|
|B_DRAM_1_12_ce15            |  out|    1|   ap_memory|          B_DRAM_1_12|         array|
|B_DRAM_1_12_d15             |  out|   32|   ap_memory|          B_DRAM_1_12|         array|
|B_DRAM_1_12_q15             |   in|   32|   ap_memory|          B_DRAM_1_12|         array|
|B_DRAM_1_12_we15            |  out|    1|   ap_memory|          B_DRAM_1_12|         array|
|B_DRAM_1_12_address16       |  out|    5|   ap_memory|          B_DRAM_1_12|         array|
|B_DRAM_1_12_ce16            |  out|    1|   ap_memory|          B_DRAM_1_12|         array|
|B_DRAM_1_12_d16             |  out|   32|   ap_memory|          B_DRAM_1_12|         array|
|B_DRAM_1_12_q16             |   in|   32|   ap_memory|          B_DRAM_1_12|         array|
|B_DRAM_1_12_we16            |  out|    1|   ap_memory|          B_DRAM_1_12|         array|
|B_DRAM_1_13_address0        |  out|    5|   ap_memory|          B_DRAM_1_13|         array|
|B_DRAM_1_13_ce0             |  out|    1|   ap_memory|          B_DRAM_1_13|         array|
|B_DRAM_1_13_d0              |  out|   32|   ap_memory|          B_DRAM_1_13|         array|
|B_DRAM_1_13_q0              |   in|   32|   ap_memory|          B_DRAM_1_13|         array|
|B_DRAM_1_13_we0             |  out|    1|   ap_memory|          B_DRAM_1_13|         array|
|B_DRAM_1_13_address1        |  out|    5|   ap_memory|          B_DRAM_1_13|         array|
|B_DRAM_1_13_ce1             |  out|    1|   ap_memory|          B_DRAM_1_13|         array|
|B_DRAM_1_13_d1              |  out|   32|   ap_memory|          B_DRAM_1_13|         array|
|B_DRAM_1_13_q1              |   in|   32|   ap_memory|          B_DRAM_1_13|         array|
|B_DRAM_1_13_we1             |  out|    1|   ap_memory|          B_DRAM_1_13|         array|
|B_DRAM_1_13_address2        |  out|    5|   ap_memory|          B_DRAM_1_13|         array|
|B_DRAM_1_13_ce2             |  out|    1|   ap_memory|          B_DRAM_1_13|         array|
|B_DRAM_1_13_d2              |  out|   32|   ap_memory|          B_DRAM_1_13|         array|
|B_DRAM_1_13_q2              |   in|   32|   ap_memory|          B_DRAM_1_13|         array|
|B_DRAM_1_13_we2             |  out|    1|   ap_memory|          B_DRAM_1_13|         array|
|B_DRAM_1_13_address3        |  out|    5|   ap_memory|          B_DRAM_1_13|         array|
|B_DRAM_1_13_ce3             |  out|    1|   ap_memory|          B_DRAM_1_13|         array|
|B_DRAM_1_13_d3              |  out|   32|   ap_memory|          B_DRAM_1_13|         array|
|B_DRAM_1_13_q3              |   in|   32|   ap_memory|          B_DRAM_1_13|         array|
|B_DRAM_1_13_we3             |  out|    1|   ap_memory|          B_DRAM_1_13|         array|
|B_DRAM_1_13_address4        |  out|    5|   ap_memory|          B_DRAM_1_13|         array|
|B_DRAM_1_13_ce4             |  out|    1|   ap_memory|          B_DRAM_1_13|         array|
|B_DRAM_1_13_d4              |  out|   32|   ap_memory|          B_DRAM_1_13|         array|
|B_DRAM_1_13_q4              |   in|   32|   ap_memory|          B_DRAM_1_13|         array|
|B_DRAM_1_13_we4             |  out|    1|   ap_memory|          B_DRAM_1_13|         array|
|B_DRAM_1_13_address5        |  out|    5|   ap_memory|          B_DRAM_1_13|         array|
|B_DRAM_1_13_ce5             |  out|    1|   ap_memory|          B_DRAM_1_13|         array|
|B_DRAM_1_13_d5              |  out|   32|   ap_memory|          B_DRAM_1_13|         array|
|B_DRAM_1_13_q5              |   in|   32|   ap_memory|          B_DRAM_1_13|         array|
|B_DRAM_1_13_we5             |  out|    1|   ap_memory|          B_DRAM_1_13|         array|
|B_DRAM_1_13_address6        |  out|    5|   ap_memory|          B_DRAM_1_13|         array|
|B_DRAM_1_13_ce6             |  out|    1|   ap_memory|          B_DRAM_1_13|         array|
|B_DRAM_1_13_d6              |  out|   32|   ap_memory|          B_DRAM_1_13|         array|
|B_DRAM_1_13_q6              |   in|   32|   ap_memory|          B_DRAM_1_13|         array|
|B_DRAM_1_13_we6             |  out|    1|   ap_memory|          B_DRAM_1_13|         array|
|B_DRAM_1_13_address7        |  out|    5|   ap_memory|          B_DRAM_1_13|         array|
|B_DRAM_1_13_ce7             |  out|    1|   ap_memory|          B_DRAM_1_13|         array|
|B_DRAM_1_13_d7              |  out|   32|   ap_memory|          B_DRAM_1_13|         array|
|B_DRAM_1_13_q7              |   in|   32|   ap_memory|          B_DRAM_1_13|         array|
|B_DRAM_1_13_we7             |  out|    1|   ap_memory|          B_DRAM_1_13|         array|
|B_DRAM_1_13_address8        |  out|    5|   ap_memory|          B_DRAM_1_13|         array|
|B_DRAM_1_13_ce8             |  out|    1|   ap_memory|          B_DRAM_1_13|         array|
|B_DRAM_1_13_d8              |  out|   32|   ap_memory|          B_DRAM_1_13|         array|
|B_DRAM_1_13_q8              |   in|   32|   ap_memory|          B_DRAM_1_13|         array|
|B_DRAM_1_13_we8             |  out|    1|   ap_memory|          B_DRAM_1_13|         array|
|B_DRAM_1_13_address9        |  out|    5|   ap_memory|          B_DRAM_1_13|         array|
|B_DRAM_1_13_ce9             |  out|    1|   ap_memory|          B_DRAM_1_13|         array|
|B_DRAM_1_13_d9              |  out|   32|   ap_memory|          B_DRAM_1_13|         array|
|B_DRAM_1_13_q9              |   in|   32|   ap_memory|          B_DRAM_1_13|         array|
|B_DRAM_1_13_we9             |  out|    1|   ap_memory|          B_DRAM_1_13|         array|
|B_DRAM_1_13_address10       |  out|    5|   ap_memory|          B_DRAM_1_13|         array|
|B_DRAM_1_13_ce10            |  out|    1|   ap_memory|          B_DRAM_1_13|         array|
|B_DRAM_1_13_d10             |  out|   32|   ap_memory|          B_DRAM_1_13|         array|
|B_DRAM_1_13_q10             |   in|   32|   ap_memory|          B_DRAM_1_13|         array|
|B_DRAM_1_13_we10            |  out|    1|   ap_memory|          B_DRAM_1_13|         array|
|B_DRAM_1_13_address11       |  out|    5|   ap_memory|          B_DRAM_1_13|         array|
|B_DRAM_1_13_ce11            |  out|    1|   ap_memory|          B_DRAM_1_13|         array|
|B_DRAM_1_13_d11             |  out|   32|   ap_memory|          B_DRAM_1_13|         array|
|B_DRAM_1_13_q11             |   in|   32|   ap_memory|          B_DRAM_1_13|         array|
|B_DRAM_1_13_we11            |  out|    1|   ap_memory|          B_DRAM_1_13|         array|
|B_DRAM_1_13_address12       |  out|    5|   ap_memory|          B_DRAM_1_13|         array|
|B_DRAM_1_13_ce12            |  out|    1|   ap_memory|          B_DRAM_1_13|         array|
|B_DRAM_1_13_d12             |  out|   32|   ap_memory|          B_DRAM_1_13|         array|
|B_DRAM_1_13_q12             |   in|   32|   ap_memory|          B_DRAM_1_13|         array|
|B_DRAM_1_13_we12            |  out|    1|   ap_memory|          B_DRAM_1_13|         array|
|B_DRAM_1_13_address13       |  out|    5|   ap_memory|          B_DRAM_1_13|         array|
|B_DRAM_1_13_ce13            |  out|    1|   ap_memory|          B_DRAM_1_13|         array|
|B_DRAM_1_13_d13             |  out|   32|   ap_memory|          B_DRAM_1_13|         array|
|B_DRAM_1_13_q13             |   in|   32|   ap_memory|          B_DRAM_1_13|         array|
|B_DRAM_1_13_we13            |  out|    1|   ap_memory|          B_DRAM_1_13|         array|
|B_DRAM_1_13_address14       |  out|    5|   ap_memory|          B_DRAM_1_13|         array|
|B_DRAM_1_13_ce14            |  out|    1|   ap_memory|          B_DRAM_1_13|         array|
|B_DRAM_1_13_d14             |  out|   32|   ap_memory|          B_DRAM_1_13|         array|
|B_DRAM_1_13_q14             |   in|   32|   ap_memory|          B_DRAM_1_13|         array|
|B_DRAM_1_13_we14            |  out|    1|   ap_memory|          B_DRAM_1_13|         array|
|B_DRAM_1_13_address15       |  out|    5|   ap_memory|          B_DRAM_1_13|         array|
|B_DRAM_1_13_ce15            |  out|    1|   ap_memory|          B_DRAM_1_13|         array|
|B_DRAM_1_13_d15             |  out|   32|   ap_memory|          B_DRAM_1_13|         array|
|B_DRAM_1_13_q15             |   in|   32|   ap_memory|          B_DRAM_1_13|         array|
|B_DRAM_1_13_we15            |  out|    1|   ap_memory|          B_DRAM_1_13|         array|
|B_DRAM_1_13_address16       |  out|    5|   ap_memory|          B_DRAM_1_13|         array|
|B_DRAM_1_13_ce16            |  out|    1|   ap_memory|          B_DRAM_1_13|         array|
|B_DRAM_1_13_d16             |  out|   32|   ap_memory|          B_DRAM_1_13|         array|
|B_DRAM_1_13_q16             |   in|   32|   ap_memory|          B_DRAM_1_13|         array|
|B_DRAM_1_13_we16            |  out|    1|   ap_memory|          B_DRAM_1_13|         array|
|B_DRAM_1_14_address0        |  out|    5|   ap_memory|          B_DRAM_1_14|         array|
|B_DRAM_1_14_ce0             |  out|    1|   ap_memory|          B_DRAM_1_14|         array|
|B_DRAM_1_14_d0              |  out|   32|   ap_memory|          B_DRAM_1_14|         array|
|B_DRAM_1_14_q0              |   in|   32|   ap_memory|          B_DRAM_1_14|         array|
|B_DRAM_1_14_we0             |  out|    1|   ap_memory|          B_DRAM_1_14|         array|
|B_DRAM_1_14_address1        |  out|    5|   ap_memory|          B_DRAM_1_14|         array|
|B_DRAM_1_14_ce1             |  out|    1|   ap_memory|          B_DRAM_1_14|         array|
|B_DRAM_1_14_d1              |  out|   32|   ap_memory|          B_DRAM_1_14|         array|
|B_DRAM_1_14_q1              |   in|   32|   ap_memory|          B_DRAM_1_14|         array|
|B_DRAM_1_14_we1             |  out|    1|   ap_memory|          B_DRAM_1_14|         array|
|B_DRAM_1_14_address2        |  out|    5|   ap_memory|          B_DRAM_1_14|         array|
|B_DRAM_1_14_ce2             |  out|    1|   ap_memory|          B_DRAM_1_14|         array|
|B_DRAM_1_14_d2              |  out|   32|   ap_memory|          B_DRAM_1_14|         array|
|B_DRAM_1_14_q2              |   in|   32|   ap_memory|          B_DRAM_1_14|         array|
|B_DRAM_1_14_we2             |  out|    1|   ap_memory|          B_DRAM_1_14|         array|
|B_DRAM_1_14_address3        |  out|    5|   ap_memory|          B_DRAM_1_14|         array|
|B_DRAM_1_14_ce3             |  out|    1|   ap_memory|          B_DRAM_1_14|         array|
|B_DRAM_1_14_d3              |  out|   32|   ap_memory|          B_DRAM_1_14|         array|
|B_DRAM_1_14_q3              |   in|   32|   ap_memory|          B_DRAM_1_14|         array|
|B_DRAM_1_14_we3             |  out|    1|   ap_memory|          B_DRAM_1_14|         array|
|B_DRAM_1_14_address4        |  out|    5|   ap_memory|          B_DRAM_1_14|         array|
|B_DRAM_1_14_ce4             |  out|    1|   ap_memory|          B_DRAM_1_14|         array|
|B_DRAM_1_14_d4              |  out|   32|   ap_memory|          B_DRAM_1_14|         array|
|B_DRAM_1_14_q4              |   in|   32|   ap_memory|          B_DRAM_1_14|         array|
|B_DRAM_1_14_we4             |  out|    1|   ap_memory|          B_DRAM_1_14|         array|
|B_DRAM_1_14_address5        |  out|    5|   ap_memory|          B_DRAM_1_14|         array|
|B_DRAM_1_14_ce5             |  out|    1|   ap_memory|          B_DRAM_1_14|         array|
|B_DRAM_1_14_d5              |  out|   32|   ap_memory|          B_DRAM_1_14|         array|
|B_DRAM_1_14_q5              |   in|   32|   ap_memory|          B_DRAM_1_14|         array|
|B_DRAM_1_14_we5             |  out|    1|   ap_memory|          B_DRAM_1_14|         array|
|B_DRAM_1_14_address6        |  out|    5|   ap_memory|          B_DRAM_1_14|         array|
|B_DRAM_1_14_ce6             |  out|    1|   ap_memory|          B_DRAM_1_14|         array|
|B_DRAM_1_14_d6              |  out|   32|   ap_memory|          B_DRAM_1_14|         array|
|B_DRAM_1_14_q6              |   in|   32|   ap_memory|          B_DRAM_1_14|         array|
|B_DRAM_1_14_we6             |  out|    1|   ap_memory|          B_DRAM_1_14|         array|
|B_DRAM_1_14_address7        |  out|    5|   ap_memory|          B_DRAM_1_14|         array|
|B_DRAM_1_14_ce7             |  out|    1|   ap_memory|          B_DRAM_1_14|         array|
|B_DRAM_1_14_d7              |  out|   32|   ap_memory|          B_DRAM_1_14|         array|
|B_DRAM_1_14_q7              |   in|   32|   ap_memory|          B_DRAM_1_14|         array|
|B_DRAM_1_14_we7             |  out|    1|   ap_memory|          B_DRAM_1_14|         array|
|B_DRAM_1_14_address8        |  out|    5|   ap_memory|          B_DRAM_1_14|         array|
|B_DRAM_1_14_ce8             |  out|    1|   ap_memory|          B_DRAM_1_14|         array|
|B_DRAM_1_14_d8              |  out|   32|   ap_memory|          B_DRAM_1_14|         array|
|B_DRAM_1_14_q8              |   in|   32|   ap_memory|          B_DRAM_1_14|         array|
|B_DRAM_1_14_we8             |  out|    1|   ap_memory|          B_DRAM_1_14|         array|
|B_DRAM_1_14_address9        |  out|    5|   ap_memory|          B_DRAM_1_14|         array|
|B_DRAM_1_14_ce9             |  out|    1|   ap_memory|          B_DRAM_1_14|         array|
|B_DRAM_1_14_d9              |  out|   32|   ap_memory|          B_DRAM_1_14|         array|
|B_DRAM_1_14_q9              |   in|   32|   ap_memory|          B_DRAM_1_14|         array|
|B_DRAM_1_14_we9             |  out|    1|   ap_memory|          B_DRAM_1_14|         array|
|B_DRAM_1_14_address10       |  out|    5|   ap_memory|          B_DRAM_1_14|         array|
|B_DRAM_1_14_ce10            |  out|    1|   ap_memory|          B_DRAM_1_14|         array|
|B_DRAM_1_14_d10             |  out|   32|   ap_memory|          B_DRAM_1_14|         array|
|B_DRAM_1_14_q10             |   in|   32|   ap_memory|          B_DRAM_1_14|         array|
|B_DRAM_1_14_we10            |  out|    1|   ap_memory|          B_DRAM_1_14|         array|
|B_DRAM_1_14_address11       |  out|    5|   ap_memory|          B_DRAM_1_14|         array|
|B_DRAM_1_14_ce11            |  out|    1|   ap_memory|          B_DRAM_1_14|         array|
|B_DRAM_1_14_d11             |  out|   32|   ap_memory|          B_DRAM_1_14|         array|
|B_DRAM_1_14_q11             |   in|   32|   ap_memory|          B_DRAM_1_14|         array|
|B_DRAM_1_14_we11            |  out|    1|   ap_memory|          B_DRAM_1_14|         array|
|B_DRAM_1_14_address12       |  out|    5|   ap_memory|          B_DRAM_1_14|         array|
|B_DRAM_1_14_ce12            |  out|    1|   ap_memory|          B_DRAM_1_14|         array|
|B_DRAM_1_14_d12             |  out|   32|   ap_memory|          B_DRAM_1_14|         array|
|B_DRAM_1_14_q12             |   in|   32|   ap_memory|          B_DRAM_1_14|         array|
|B_DRAM_1_14_we12            |  out|    1|   ap_memory|          B_DRAM_1_14|         array|
|B_DRAM_1_14_address13       |  out|    5|   ap_memory|          B_DRAM_1_14|         array|
|B_DRAM_1_14_ce13            |  out|    1|   ap_memory|          B_DRAM_1_14|         array|
|B_DRAM_1_14_d13             |  out|   32|   ap_memory|          B_DRAM_1_14|         array|
|B_DRAM_1_14_q13             |   in|   32|   ap_memory|          B_DRAM_1_14|         array|
|B_DRAM_1_14_we13            |  out|    1|   ap_memory|          B_DRAM_1_14|         array|
|B_DRAM_1_14_address14       |  out|    5|   ap_memory|          B_DRAM_1_14|         array|
|B_DRAM_1_14_ce14            |  out|    1|   ap_memory|          B_DRAM_1_14|         array|
|B_DRAM_1_14_d14             |  out|   32|   ap_memory|          B_DRAM_1_14|         array|
|B_DRAM_1_14_q14             |   in|   32|   ap_memory|          B_DRAM_1_14|         array|
|B_DRAM_1_14_we14            |  out|    1|   ap_memory|          B_DRAM_1_14|         array|
|B_DRAM_1_14_address15       |  out|    5|   ap_memory|          B_DRAM_1_14|         array|
|B_DRAM_1_14_ce15            |  out|    1|   ap_memory|          B_DRAM_1_14|         array|
|B_DRAM_1_14_d15             |  out|   32|   ap_memory|          B_DRAM_1_14|         array|
|B_DRAM_1_14_q15             |   in|   32|   ap_memory|          B_DRAM_1_14|         array|
|B_DRAM_1_14_we15            |  out|    1|   ap_memory|          B_DRAM_1_14|         array|
|B_DRAM_1_14_address16       |  out|    5|   ap_memory|          B_DRAM_1_14|         array|
|B_DRAM_1_14_ce16            |  out|    1|   ap_memory|          B_DRAM_1_14|         array|
|B_DRAM_1_14_d16             |  out|   32|   ap_memory|          B_DRAM_1_14|         array|
|B_DRAM_1_14_q16             |   in|   32|   ap_memory|          B_DRAM_1_14|         array|
|B_DRAM_1_14_we16            |  out|    1|   ap_memory|          B_DRAM_1_14|         array|
|B_DRAM_1_15_address0        |  out|    5|   ap_memory|          B_DRAM_1_15|         array|
|B_DRAM_1_15_ce0             |  out|    1|   ap_memory|          B_DRAM_1_15|         array|
|B_DRAM_1_15_d0              |  out|   32|   ap_memory|          B_DRAM_1_15|         array|
|B_DRAM_1_15_q0              |   in|   32|   ap_memory|          B_DRAM_1_15|         array|
|B_DRAM_1_15_we0             |  out|    1|   ap_memory|          B_DRAM_1_15|         array|
|B_DRAM_1_15_address1        |  out|    5|   ap_memory|          B_DRAM_1_15|         array|
|B_DRAM_1_15_ce1             |  out|    1|   ap_memory|          B_DRAM_1_15|         array|
|B_DRAM_1_15_d1              |  out|   32|   ap_memory|          B_DRAM_1_15|         array|
|B_DRAM_1_15_q1              |   in|   32|   ap_memory|          B_DRAM_1_15|         array|
|B_DRAM_1_15_we1             |  out|    1|   ap_memory|          B_DRAM_1_15|         array|
|B_DRAM_1_15_address2        |  out|    5|   ap_memory|          B_DRAM_1_15|         array|
|B_DRAM_1_15_ce2             |  out|    1|   ap_memory|          B_DRAM_1_15|         array|
|B_DRAM_1_15_d2              |  out|   32|   ap_memory|          B_DRAM_1_15|         array|
|B_DRAM_1_15_q2              |   in|   32|   ap_memory|          B_DRAM_1_15|         array|
|B_DRAM_1_15_we2             |  out|    1|   ap_memory|          B_DRAM_1_15|         array|
|B_DRAM_1_15_address3        |  out|    5|   ap_memory|          B_DRAM_1_15|         array|
|B_DRAM_1_15_ce3             |  out|    1|   ap_memory|          B_DRAM_1_15|         array|
|B_DRAM_1_15_d3              |  out|   32|   ap_memory|          B_DRAM_1_15|         array|
|B_DRAM_1_15_q3              |   in|   32|   ap_memory|          B_DRAM_1_15|         array|
|B_DRAM_1_15_we3             |  out|    1|   ap_memory|          B_DRAM_1_15|         array|
|B_DRAM_1_15_address4        |  out|    5|   ap_memory|          B_DRAM_1_15|         array|
|B_DRAM_1_15_ce4             |  out|    1|   ap_memory|          B_DRAM_1_15|         array|
|B_DRAM_1_15_d4              |  out|   32|   ap_memory|          B_DRAM_1_15|         array|
|B_DRAM_1_15_q4              |   in|   32|   ap_memory|          B_DRAM_1_15|         array|
|B_DRAM_1_15_we4             |  out|    1|   ap_memory|          B_DRAM_1_15|         array|
|B_DRAM_1_15_address5        |  out|    5|   ap_memory|          B_DRAM_1_15|         array|
|B_DRAM_1_15_ce5             |  out|    1|   ap_memory|          B_DRAM_1_15|         array|
|B_DRAM_1_15_d5              |  out|   32|   ap_memory|          B_DRAM_1_15|         array|
|B_DRAM_1_15_q5              |   in|   32|   ap_memory|          B_DRAM_1_15|         array|
|B_DRAM_1_15_we5             |  out|    1|   ap_memory|          B_DRAM_1_15|         array|
|B_DRAM_1_15_address6        |  out|    5|   ap_memory|          B_DRAM_1_15|         array|
|B_DRAM_1_15_ce6             |  out|    1|   ap_memory|          B_DRAM_1_15|         array|
|B_DRAM_1_15_d6              |  out|   32|   ap_memory|          B_DRAM_1_15|         array|
|B_DRAM_1_15_q6              |   in|   32|   ap_memory|          B_DRAM_1_15|         array|
|B_DRAM_1_15_we6             |  out|    1|   ap_memory|          B_DRAM_1_15|         array|
|B_DRAM_1_15_address7        |  out|    5|   ap_memory|          B_DRAM_1_15|         array|
|B_DRAM_1_15_ce7             |  out|    1|   ap_memory|          B_DRAM_1_15|         array|
|B_DRAM_1_15_d7              |  out|   32|   ap_memory|          B_DRAM_1_15|         array|
|B_DRAM_1_15_q7              |   in|   32|   ap_memory|          B_DRAM_1_15|         array|
|B_DRAM_1_15_we7             |  out|    1|   ap_memory|          B_DRAM_1_15|         array|
|B_DRAM_1_15_address8        |  out|    5|   ap_memory|          B_DRAM_1_15|         array|
|B_DRAM_1_15_ce8             |  out|    1|   ap_memory|          B_DRAM_1_15|         array|
|B_DRAM_1_15_d8              |  out|   32|   ap_memory|          B_DRAM_1_15|         array|
|B_DRAM_1_15_q8              |   in|   32|   ap_memory|          B_DRAM_1_15|         array|
|B_DRAM_1_15_we8             |  out|    1|   ap_memory|          B_DRAM_1_15|         array|
|B_DRAM_1_15_address9        |  out|    5|   ap_memory|          B_DRAM_1_15|         array|
|B_DRAM_1_15_ce9             |  out|    1|   ap_memory|          B_DRAM_1_15|         array|
|B_DRAM_1_15_d9              |  out|   32|   ap_memory|          B_DRAM_1_15|         array|
|B_DRAM_1_15_q9              |   in|   32|   ap_memory|          B_DRAM_1_15|         array|
|B_DRAM_1_15_we9             |  out|    1|   ap_memory|          B_DRAM_1_15|         array|
|B_DRAM_1_15_address10       |  out|    5|   ap_memory|          B_DRAM_1_15|         array|
|B_DRAM_1_15_ce10            |  out|    1|   ap_memory|          B_DRAM_1_15|         array|
|B_DRAM_1_15_d10             |  out|   32|   ap_memory|          B_DRAM_1_15|         array|
|B_DRAM_1_15_q10             |   in|   32|   ap_memory|          B_DRAM_1_15|         array|
|B_DRAM_1_15_we10            |  out|    1|   ap_memory|          B_DRAM_1_15|         array|
|B_DRAM_1_15_address11       |  out|    5|   ap_memory|          B_DRAM_1_15|         array|
|B_DRAM_1_15_ce11            |  out|    1|   ap_memory|          B_DRAM_1_15|         array|
|B_DRAM_1_15_d11             |  out|   32|   ap_memory|          B_DRAM_1_15|         array|
|B_DRAM_1_15_q11             |   in|   32|   ap_memory|          B_DRAM_1_15|         array|
|B_DRAM_1_15_we11            |  out|    1|   ap_memory|          B_DRAM_1_15|         array|
|B_DRAM_1_15_address12       |  out|    5|   ap_memory|          B_DRAM_1_15|         array|
|B_DRAM_1_15_ce12            |  out|    1|   ap_memory|          B_DRAM_1_15|         array|
|B_DRAM_1_15_d12             |  out|   32|   ap_memory|          B_DRAM_1_15|         array|
|B_DRAM_1_15_q12             |   in|   32|   ap_memory|          B_DRAM_1_15|         array|
|B_DRAM_1_15_we12            |  out|    1|   ap_memory|          B_DRAM_1_15|         array|
|B_DRAM_1_15_address13       |  out|    5|   ap_memory|          B_DRAM_1_15|         array|
|B_DRAM_1_15_ce13            |  out|    1|   ap_memory|          B_DRAM_1_15|         array|
|B_DRAM_1_15_d13             |  out|   32|   ap_memory|          B_DRAM_1_15|         array|
|B_DRAM_1_15_q13             |   in|   32|   ap_memory|          B_DRAM_1_15|         array|
|B_DRAM_1_15_we13            |  out|    1|   ap_memory|          B_DRAM_1_15|         array|
|B_DRAM_1_15_address14       |  out|    5|   ap_memory|          B_DRAM_1_15|         array|
|B_DRAM_1_15_ce14            |  out|    1|   ap_memory|          B_DRAM_1_15|         array|
|B_DRAM_1_15_d14             |  out|   32|   ap_memory|          B_DRAM_1_15|         array|
|B_DRAM_1_15_q14             |   in|   32|   ap_memory|          B_DRAM_1_15|         array|
|B_DRAM_1_15_we14            |  out|    1|   ap_memory|          B_DRAM_1_15|         array|
|B_DRAM_1_15_address15       |  out|    5|   ap_memory|          B_DRAM_1_15|         array|
|B_DRAM_1_15_ce15            |  out|    1|   ap_memory|          B_DRAM_1_15|         array|
|B_DRAM_1_15_d15             |  out|   32|   ap_memory|          B_DRAM_1_15|         array|
|B_DRAM_1_15_q15             |   in|   32|   ap_memory|          B_DRAM_1_15|         array|
|B_DRAM_1_15_we15            |  out|    1|   ap_memory|          B_DRAM_1_15|         array|
|B_DRAM_1_15_address16       |  out|    5|   ap_memory|          B_DRAM_1_15|         array|
|B_DRAM_1_15_ce16            |  out|    1|   ap_memory|          B_DRAM_1_15|         array|
|B_DRAM_1_15_d16             |  out|   32|   ap_memory|          B_DRAM_1_15|         array|
|B_DRAM_1_15_q16             |   in|   32|   ap_memory|          B_DRAM_1_15|         array|
|B_DRAM_1_15_we16            |  out|    1|   ap_memory|          B_DRAM_1_15|         array|
|B_TILES_0_0_0_out           |  out|   32|     ap_none|    B_TILES_0_0_0_out|       pointer|
|B_TILES_0_0_0_out_ap_vld    |  out|    1|     ap_none|    B_TILES_0_0_0_out|       pointer|
|B_TILES_0_0_1_out           |  out|   32|     ap_none|    B_TILES_0_0_1_out|       pointer|
|B_TILES_0_0_1_out_ap_vld    |  out|    1|     ap_none|    B_TILES_0_0_1_out|       pointer|
|B_TILES_0_0_2_out           |  out|   32|     ap_none|    B_TILES_0_0_2_out|       pointer|
|B_TILES_0_0_2_out_ap_vld    |  out|    1|     ap_none|    B_TILES_0_0_2_out|       pointer|
|B_TILES_0_0_3_out           |  out|   32|     ap_none|    B_TILES_0_0_3_out|       pointer|
|B_TILES_0_0_3_out_ap_vld    |  out|    1|     ap_none|    B_TILES_0_0_3_out|       pointer|
|B_TILES_0_0_4_out           |  out|   32|     ap_none|    B_TILES_0_0_4_out|       pointer|
|B_TILES_0_0_4_out_ap_vld    |  out|    1|     ap_none|    B_TILES_0_0_4_out|       pointer|
|B_TILES_0_0_5_out           |  out|   32|     ap_none|    B_TILES_0_0_5_out|       pointer|
|B_TILES_0_0_5_out_ap_vld    |  out|    1|     ap_none|    B_TILES_0_0_5_out|       pointer|
|B_TILES_0_0_6_out           |  out|   32|     ap_none|    B_TILES_0_0_6_out|       pointer|
|B_TILES_0_0_6_out_ap_vld    |  out|    1|     ap_none|    B_TILES_0_0_6_out|       pointer|
|B_TILES_0_0_7_out           |  out|   32|     ap_none|    B_TILES_0_0_7_out|       pointer|
|B_TILES_0_0_7_out_ap_vld    |  out|    1|     ap_none|    B_TILES_0_0_7_out|       pointer|
|B_TILES_0_0_8_out           |  out|   32|     ap_none|    B_TILES_0_0_8_out|       pointer|
|B_TILES_0_0_8_out_ap_vld    |  out|    1|     ap_none|    B_TILES_0_0_8_out|       pointer|
|B_TILES_0_0_9_out           |  out|   32|     ap_none|    B_TILES_0_0_9_out|       pointer|
|B_TILES_0_0_9_out_ap_vld    |  out|    1|     ap_none|    B_TILES_0_0_9_out|       pointer|
|B_TILES_0_0_10_out          |  out|   32|     ap_none|   B_TILES_0_0_10_out|       pointer|
|B_TILES_0_0_10_out_ap_vld   |  out|    1|     ap_none|   B_TILES_0_0_10_out|       pointer|
|B_TILES_0_0_11_out          |  out|   32|     ap_none|   B_TILES_0_0_11_out|       pointer|
|B_TILES_0_0_11_out_ap_vld   |  out|    1|     ap_none|   B_TILES_0_0_11_out|       pointer|
|B_TILES_0_0_12_out          |  out|   32|     ap_none|   B_TILES_0_0_12_out|       pointer|
|B_TILES_0_0_12_out_ap_vld   |  out|    1|     ap_none|   B_TILES_0_0_12_out|       pointer|
|B_TILES_0_0_13_out          |  out|   32|     ap_none|   B_TILES_0_0_13_out|       pointer|
|B_TILES_0_0_13_out_ap_vld   |  out|    1|     ap_none|   B_TILES_0_0_13_out|       pointer|
|B_TILES_0_0_14_out          |  out|   32|     ap_none|   B_TILES_0_0_14_out|       pointer|
|B_TILES_0_0_14_out_ap_vld   |  out|    1|     ap_none|   B_TILES_0_0_14_out|       pointer|
|B_TILES_0_0_15_out          |  out|   32|     ap_none|   B_TILES_0_0_15_out|       pointer|
|B_TILES_0_0_15_out_ap_vld   |  out|    1|     ap_none|   B_TILES_0_0_15_out|       pointer|
|B_TILES_0_0_16_out          |  out|   32|     ap_none|   B_TILES_0_0_16_out|       pointer|
|B_TILES_0_0_16_out_ap_vld   |  out|    1|     ap_none|   B_TILES_0_0_16_out|       pointer|
|B_TILES_0_0_17_out          |  out|   32|     ap_none|   B_TILES_0_0_17_out|       pointer|
|B_TILES_0_0_17_out_ap_vld   |  out|    1|     ap_none|   B_TILES_0_0_17_out|       pointer|
|B_TILES_0_0_18_out          |  out|   32|     ap_none|   B_TILES_0_0_18_out|       pointer|
|B_TILES_0_0_18_out_ap_vld   |  out|    1|     ap_none|   B_TILES_0_0_18_out|       pointer|
|B_TILES_0_0_19_out          |  out|   32|     ap_none|   B_TILES_0_0_19_out|       pointer|
|B_TILES_0_0_19_out_ap_vld   |  out|    1|     ap_none|   B_TILES_0_0_19_out|       pointer|
|B_TILES_0_0_20_out          |  out|   32|     ap_none|   B_TILES_0_0_20_out|       pointer|
|B_TILES_0_0_20_out_ap_vld   |  out|    1|     ap_none|   B_TILES_0_0_20_out|       pointer|
|B_TILES_0_0_21_out          |  out|   32|     ap_none|   B_TILES_0_0_21_out|       pointer|
|B_TILES_0_0_21_out_ap_vld   |  out|    1|     ap_none|   B_TILES_0_0_21_out|       pointer|
|B_TILES_0_0_22_out          |  out|   32|     ap_none|   B_TILES_0_0_22_out|       pointer|
|B_TILES_0_0_22_out_ap_vld   |  out|    1|     ap_none|   B_TILES_0_0_22_out|       pointer|
|B_TILES_0_0_23_out          |  out|   32|     ap_none|   B_TILES_0_0_23_out|       pointer|
|B_TILES_0_0_23_out_ap_vld   |  out|    1|     ap_none|   B_TILES_0_0_23_out|       pointer|
|B_TILES_0_0_24_out          |  out|   32|     ap_none|   B_TILES_0_0_24_out|       pointer|
|B_TILES_0_0_24_out_ap_vld   |  out|    1|     ap_none|   B_TILES_0_0_24_out|       pointer|
|B_TILES_0_0_25_out          |  out|   32|     ap_none|   B_TILES_0_0_25_out|       pointer|
|B_TILES_0_0_25_out_ap_vld   |  out|    1|     ap_none|   B_TILES_0_0_25_out|       pointer|
|B_TILES_0_0_26_out          |  out|   32|     ap_none|   B_TILES_0_0_26_out|       pointer|
|B_TILES_0_0_26_out_ap_vld   |  out|    1|     ap_none|   B_TILES_0_0_26_out|       pointer|
|B_TILES_0_0_27_out          |  out|   32|     ap_none|   B_TILES_0_0_27_out|       pointer|
|B_TILES_0_0_27_out_ap_vld   |  out|    1|     ap_none|   B_TILES_0_0_27_out|       pointer|
|B_TILES_0_0_28_out          |  out|   32|     ap_none|   B_TILES_0_0_28_out|       pointer|
|B_TILES_0_0_28_out_ap_vld   |  out|    1|     ap_none|   B_TILES_0_0_28_out|       pointer|
|B_TILES_0_0_29_out          |  out|   32|     ap_none|   B_TILES_0_0_29_out|       pointer|
|B_TILES_0_0_29_out_ap_vld   |  out|    1|     ap_none|   B_TILES_0_0_29_out|       pointer|
|B_TILES_0_0_30_out          |  out|   32|     ap_none|   B_TILES_0_0_30_out|       pointer|
|B_TILES_0_0_30_out_ap_vld   |  out|    1|     ap_none|   B_TILES_0_0_30_out|       pointer|
|B_TILES_0_0_31_out          |  out|   32|     ap_none|   B_TILES_0_0_31_out|       pointer|
|B_TILES_0_0_31_out_ap_vld   |  out|    1|     ap_none|   B_TILES_0_0_31_out|       pointer|
|B_TILES_0_1_0_out           |  out|   32|     ap_none|    B_TILES_0_1_0_out|       pointer|
|B_TILES_0_1_0_out_ap_vld    |  out|    1|     ap_none|    B_TILES_0_1_0_out|       pointer|
|B_TILES_0_1_1_out           |  out|   32|     ap_none|    B_TILES_0_1_1_out|       pointer|
|B_TILES_0_1_1_out_ap_vld    |  out|    1|     ap_none|    B_TILES_0_1_1_out|       pointer|
|B_TILES_0_1_2_out           |  out|   32|     ap_none|    B_TILES_0_1_2_out|       pointer|
|B_TILES_0_1_2_out_ap_vld    |  out|    1|     ap_none|    B_TILES_0_1_2_out|       pointer|
|B_TILES_0_1_3_out           |  out|   32|     ap_none|    B_TILES_0_1_3_out|       pointer|
|B_TILES_0_1_3_out_ap_vld    |  out|    1|     ap_none|    B_TILES_0_1_3_out|       pointer|
|B_TILES_0_1_4_out           |  out|   32|     ap_none|    B_TILES_0_1_4_out|       pointer|
|B_TILES_0_1_4_out_ap_vld    |  out|    1|     ap_none|    B_TILES_0_1_4_out|       pointer|
|B_TILES_0_1_5_out           |  out|   32|     ap_none|    B_TILES_0_1_5_out|       pointer|
|B_TILES_0_1_5_out_ap_vld    |  out|    1|     ap_none|    B_TILES_0_1_5_out|       pointer|
|B_TILES_0_1_6_out           |  out|   32|     ap_none|    B_TILES_0_1_6_out|       pointer|
|B_TILES_0_1_6_out_ap_vld    |  out|    1|     ap_none|    B_TILES_0_1_6_out|       pointer|
|B_TILES_0_1_7_out           |  out|   32|     ap_none|    B_TILES_0_1_7_out|       pointer|
|B_TILES_0_1_7_out_ap_vld    |  out|    1|     ap_none|    B_TILES_0_1_7_out|       pointer|
|B_TILES_0_1_8_out           |  out|   32|     ap_none|    B_TILES_0_1_8_out|       pointer|
|B_TILES_0_1_8_out_ap_vld    |  out|    1|     ap_none|    B_TILES_0_1_8_out|       pointer|
|B_TILES_0_1_9_out           |  out|   32|     ap_none|    B_TILES_0_1_9_out|       pointer|
|B_TILES_0_1_9_out_ap_vld    |  out|    1|     ap_none|    B_TILES_0_1_9_out|       pointer|
|B_TILES_0_1_10_out          |  out|   32|     ap_none|   B_TILES_0_1_10_out|       pointer|
|B_TILES_0_1_10_out_ap_vld   |  out|    1|     ap_none|   B_TILES_0_1_10_out|       pointer|
|B_TILES_0_1_11_out          |  out|   32|     ap_none|   B_TILES_0_1_11_out|       pointer|
|B_TILES_0_1_11_out_ap_vld   |  out|    1|     ap_none|   B_TILES_0_1_11_out|       pointer|
|B_TILES_0_1_12_out          |  out|   32|     ap_none|   B_TILES_0_1_12_out|       pointer|
|B_TILES_0_1_12_out_ap_vld   |  out|    1|     ap_none|   B_TILES_0_1_12_out|       pointer|
|B_TILES_0_1_13_out          |  out|   32|     ap_none|   B_TILES_0_1_13_out|       pointer|
|B_TILES_0_1_13_out_ap_vld   |  out|    1|     ap_none|   B_TILES_0_1_13_out|       pointer|
|B_TILES_0_1_14_out          |  out|   32|     ap_none|   B_TILES_0_1_14_out|       pointer|
|B_TILES_0_1_14_out_ap_vld   |  out|    1|     ap_none|   B_TILES_0_1_14_out|       pointer|
|B_TILES_0_1_15_out          |  out|   32|     ap_none|   B_TILES_0_1_15_out|       pointer|
|B_TILES_0_1_15_out_ap_vld   |  out|    1|     ap_none|   B_TILES_0_1_15_out|       pointer|
|B_TILES_0_1_16_out          |  out|   32|     ap_none|   B_TILES_0_1_16_out|       pointer|
|B_TILES_0_1_16_out_ap_vld   |  out|    1|     ap_none|   B_TILES_0_1_16_out|       pointer|
|B_TILES_0_1_17_out          |  out|   32|     ap_none|   B_TILES_0_1_17_out|       pointer|
|B_TILES_0_1_17_out_ap_vld   |  out|    1|     ap_none|   B_TILES_0_1_17_out|       pointer|
|B_TILES_0_1_18_out          |  out|   32|     ap_none|   B_TILES_0_1_18_out|       pointer|
|B_TILES_0_1_18_out_ap_vld   |  out|    1|     ap_none|   B_TILES_0_1_18_out|       pointer|
|B_TILES_0_1_19_out          |  out|   32|     ap_none|   B_TILES_0_1_19_out|       pointer|
|B_TILES_0_1_19_out_ap_vld   |  out|    1|     ap_none|   B_TILES_0_1_19_out|       pointer|
|B_TILES_0_1_20_out          |  out|   32|     ap_none|   B_TILES_0_1_20_out|       pointer|
|B_TILES_0_1_20_out_ap_vld   |  out|    1|     ap_none|   B_TILES_0_1_20_out|       pointer|
|B_TILES_0_1_21_out          |  out|   32|     ap_none|   B_TILES_0_1_21_out|       pointer|
|B_TILES_0_1_21_out_ap_vld   |  out|    1|     ap_none|   B_TILES_0_1_21_out|       pointer|
|B_TILES_0_1_22_out          |  out|   32|     ap_none|   B_TILES_0_1_22_out|       pointer|
|B_TILES_0_1_22_out_ap_vld   |  out|    1|     ap_none|   B_TILES_0_1_22_out|       pointer|
|B_TILES_0_1_23_out          |  out|   32|     ap_none|   B_TILES_0_1_23_out|       pointer|
|B_TILES_0_1_23_out_ap_vld   |  out|    1|     ap_none|   B_TILES_0_1_23_out|       pointer|
|B_TILES_0_1_24_out          |  out|   32|     ap_none|   B_TILES_0_1_24_out|       pointer|
|B_TILES_0_1_24_out_ap_vld   |  out|    1|     ap_none|   B_TILES_0_1_24_out|       pointer|
|B_TILES_0_1_25_out          |  out|   32|     ap_none|   B_TILES_0_1_25_out|       pointer|
|B_TILES_0_1_25_out_ap_vld   |  out|    1|     ap_none|   B_TILES_0_1_25_out|       pointer|
|B_TILES_0_1_26_out          |  out|   32|     ap_none|   B_TILES_0_1_26_out|       pointer|
|B_TILES_0_1_26_out_ap_vld   |  out|    1|     ap_none|   B_TILES_0_1_26_out|       pointer|
|B_TILES_0_1_27_out          |  out|   32|     ap_none|   B_TILES_0_1_27_out|       pointer|
|B_TILES_0_1_27_out_ap_vld   |  out|    1|     ap_none|   B_TILES_0_1_27_out|       pointer|
|B_TILES_0_1_28_out          |  out|   32|     ap_none|   B_TILES_0_1_28_out|       pointer|
|B_TILES_0_1_28_out_ap_vld   |  out|    1|     ap_none|   B_TILES_0_1_28_out|       pointer|
|B_TILES_0_1_29_out          |  out|   32|     ap_none|   B_TILES_0_1_29_out|       pointer|
|B_TILES_0_1_29_out_ap_vld   |  out|    1|     ap_none|   B_TILES_0_1_29_out|       pointer|
|B_TILES_0_1_30_out          |  out|   32|     ap_none|   B_TILES_0_1_30_out|       pointer|
|B_TILES_0_1_30_out_ap_vld   |  out|    1|     ap_none|   B_TILES_0_1_30_out|       pointer|
|B_TILES_0_1_31_out          |  out|   32|     ap_none|   B_TILES_0_1_31_out|       pointer|
|B_TILES_0_1_31_out_ap_vld   |  out|    1|     ap_none|   B_TILES_0_1_31_out|       pointer|
|B_TILES_0_2_0_out           |  out|   32|     ap_none|    B_TILES_0_2_0_out|       pointer|
|B_TILES_0_2_0_out_ap_vld    |  out|    1|     ap_none|    B_TILES_0_2_0_out|       pointer|
|B_TILES_0_2_1_out           |  out|   32|     ap_none|    B_TILES_0_2_1_out|       pointer|
|B_TILES_0_2_1_out_ap_vld    |  out|    1|     ap_none|    B_TILES_0_2_1_out|       pointer|
|B_TILES_0_2_2_out           |  out|   32|     ap_none|    B_TILES_0_2_2_out|       pointer|
|B_TILES_0_2_2_out_ap_vld    |  out|    1|     ap_none|    B_TILES_0_2_2_out|       pointer|
|B_TILES_0_2_3_out           |  out|   32|     ap_none|    B_TILES_0_2_3_out|       pointer|
|B_TILES_0_2_3_out_ap_vld    |  out|    1|     ap_none|    B_TILES_0_2_3_out|       pointer|
|B_TILES_0_2_4_out           |  out|   32|     ap_none|    B_TILES_0_2_4_out|       pointer|
|B_TILES_0_2_4_out_ap_vld    |  out|    1|     ap_none|    B_TILES_0_2_4_out|       pointer|
|B_TILES_0_2_5_out           |  out|   32|     ap_none|    B_TILES_0_2_5_out|       pointer|
|B_TILES_0_2_5_out_ap_vld    |  out|    1|     ap_none|    B_TILES_0_2_5_out|       pointer|
|B_TILES_0_2_6_out           |  out|   32|     ap_none|    B_TILES_0_2_6_out|       pointer|
|B_TILES_0_2_6_out_ap_vld    |  out|    1|     ap_none|    B_TILES_0_2_6_out|       pointer|
|B_TILES_0_2_7_out           |  out|   32|     ap_none|    B_TILES_0_2_7_out|       pointer|
|B_TILES_0_2_7_out_ap_vld    |  out|    1|     ap_none|    B_TILES_0_2_7_out|       pointer|
|B_TILES_0_2_8_out           |  out|   32|     ap_none|    B_TILES_0_2_8_out|       pointer|
|B_TILES_0_2_8_out_ap_vld    |  out|    1|     ap_none|    B_TILES_0_2_8_out|       pointer|
|B_TILES_0_2_9_out           |  out|   32|     ap_none|    B_TILES_0_2_9_out|       pointer|
|B_TILES_0_2_9_out_ap_vld    |  out|    1|     ap_none|    B_TILES_0_2_9_out|       pointer|
|B_TILES_0_2_10_out          |  out|   32|     ap_none|   B_TILES_0_2_10_out|       pointer|
|B_TILES_0_2_10_out_ap_vld   |  out|    1|     ap_none|   B_TILES_0_2_10_out|       pointer|
|B_TILES_0_2_11_out          |  out|   32|     ap_none|   B_TILES_0_2_11_out|       pointer|
|B_TILES_0_2_11_out_ap_vld   |  out|    1|     ap_none|   B_TILES_0_2_11_out|       pointer|
|B_TILES_0_2_12_out          |  out|   32|     ap_none|   B_TILES_0_2_12_out|       pointer|
|B_TILES_0_2_12_out_ap_vld   |  out|    1|     ap_none|   B_TILES_0_2_12_out|       pointer|
|B_TILES_0_2_13_out          |  out|   32|     ap_none|   B_TILES_0_2_13_out|       pointer|
|B_TILES_0_2_13_out_ap_vld   |  out|    1|     ap_none|   B_TILES_0_2_13_out|       pointer|
|B_TILES_0_2_14_out          |  out|   32|     ap_none|   B_TILES_0_2_14_out|       pointer|
|B_TILES_0_2_14_out_ap_vld   |  out|    1|     ap_none|   B_TILES_0_2_14_out|       pointer|
|B_TILES_0_2_15_out          |  out|   32|     ap_none|   B_TILES_0_2_15_out|       pointer|
|B_TILES_0_2_15_out_ap_vld   |  out|    1|     ap_none|   B_TILES_0_2_15_out|       pointer|
|B_TILES_0_2_16_out          |  out|   32|     ap_none|   B_TILES_0_2_16_out|       pointer|
|B_TILES_0_2_16_out_ap_vld   |  out|    1|     ap_none|   B_TILES_0_2_16_out|       pointer|
|B_TILES_0_2_17_out          |  out|   32|     ap_none|   B_TILES_0_2_17_out|       pointer|
|B_TILES_0_2_17_out_ap_vld   |  out|    1|     ap_none|   B_TILES_0_2_17_out|       pointer|
|B_TILES_0_2_18_out          |  out|   32|     ap_none|   B_TILES_0_2_18_out|       pointer|
|B_TILES_0_2_18_out_ap_vld   |  out|    1|     ap_none|   B_TILES_0_2_18_out|       pointer|
|B_TILES_0_2_19_out          |  out|   32|     ap_none|   B_TILES_0_2_19_out|       pointer|
|B_TILES_0_2_19_out_ap_vld   |  out|    1|     ap_none|   B_TILES_0_2_19_out|       pointer|
|B_TILES_0_2_20_out          |  out|   32|     ap_none|   B_TILES_0_2_20_out|       pointer|
|B_TILES_0_2_20_out_ap_vld   |  out|    1|     ap_none|   B_TILES_0_2_20_out|       pointer|
|B_TILES_0_2_21_out          |  out|   32|     ap_none|   B_TILES_0_2_21_out|       pointer|
|B_TILES_0_2_21_out_ap_vld   |  out|    1|     ap_none|   B_TILES_0_2_21_out|       pointer|
|B_TILES_0_2_22_out          |  out|   32|     ap_none|   B_TILES_0_2_22_out|       pointer|
|B_TILES_0_2_22_out_ap_vld   |  out|    1|     ap_none|   B_TILES_0_2_22_out|       pointer|
|B_TILES_0_2_23_out          |  out|   32|     ap_none|   B_TILES_0_2_23_out|       pointer|
|B_TILES_0_2_23_out_ap_vld   |  out|    1|     ap_none|   B_TILES_0_2_23_out|       pointer|
|B_TILES_0_2_24_out          |  out|   32|     ap_none|   B_TILES_0_2_24_out|       pointer|
|B_TILES_0_2_24_out_ap_vld   |  out|    1|     ap_none|   B_TILES_0_2_24_out|       pointer|
|B_TILES_0_2_25_out          |  out|   32|     ap_none|   B_TILES_0_2_25_out|       pointer|
|B_TILES_0_2_25_out_ap_vld   |  out|    1|     ap_none|   B_TILES_0_2_25_out|       pointer|
|B_TILES_0_2_26_out          |  out|   32|     ap_none|   B_TILES_0_2_26_out|       pointer|
|B_TILES_0_2_26_out_ap_vld   |  out|    1|     ap_none|   B_TILES_0_2_26_out|       pointer|
|B_TILES_0_2_27_out          |  out|   32|     ap_none|   B_TILES_0_2_27_out|       pointer|
|B_TILES_0_2_27_out_ap_vld   |  out|    1|     ap_none|   B_TILES_0_2_27_out|       pointer|
|B_TILES_0_2_28_out          |  out|   32|     ap_none|   B_TILES_0_2_28_out|       pointer|
|B_TILES_0_2_28_out_ap_vld   |  out|    1|     ap_none|   B_TILES_0_2_28_out|       pointer|
|B_TILES_0_2_29_out          |  out|   32|     ap_none|   B_TILES_0_2_29_out|       pointer|
|B_TILES_0_2_29_out_ap_vld   |  out|    1|     ap_none|   B_TILES_0_2_29_out|       pointer|
|B_TILES_0_2_30_out          |  out|   32|     ap_none|   B_TILES_0_2_30_out|       pointer|
|B_TILES_0_2_30_out_ap_vld   |  out|    1|     ap_none|   B_TILES_0_2_30_out|       pointer|
|B_TILES_0_2_31_out          |  out|   32|     ap_none|   B_TILES_0_2_31_out|       pointer|
|B_TILES_0_2_31_out_ap_vld   |  out|    1|     ap_none|   B_TILES_0_2_31_out|       pointer|
|B_TILES_0_3_0_out           |  out|   32|     ap_none|    B_TILES_0_3_0_out|       pointer|
|B_TILES_0_3_0_out_ap_vld    |  out|    1|     ap_none|    B_TILES_0_3_0_out|       pointer|
|B_TILES_0_3_1_out           |  out|   32|     ap_none|    B_TILES_0_3_1_out|       pointer|
|B_TILES_0_3_1_out_ap_vld    |  out|    1|     ap_none|    B_TILES_0_3_1_out|       pointer|
|B_TILES_0_3_2_out           |  out|   32|     ap_none|    B_TILES_0_3_2_out|       pointer|
|B_TILES_0_3_2_out_ap_vld    |  out|    1|     ap_none|    B_TILES_0_3_2_out|       pointer|
|B_TILES_0_3_3_out           |  out|   32|     ap_none|    B_TILES_0_3_3_out|       pointer|
|B_TILES_0_3_3_out_ap_vld    |  out|    1|     ap_none|    B_TILES_0_3_3_out|       pointer|
|B_TILES_0_3_4_out           |  out|   32|     ap_none|    B_TILES_0_3_4_out|       pointer|
|B_TILES_0_3_4_out_ap_vld    |  out|    1|     ap_none|    B_TILES_0_3_4_out|       pointer|
|B_TILES_0_3_5_out           |  out|   32|     ap_none|    B_TILES_0_3_5_out|       pointer|
|B_TILES_0_3_5_out_ap_vld    |  out|    1|     ap_none|    B_TILES_0_3_5_out|       pointer|
|B_TILES_0_3_6_out           |  out|   32|     ap_none|    B_TILES_0_3_6_out|       pointer|
|B_TILES_0_3_6_out_ap_vld    |  out|    1|     ap_none|    B_TILES_0_3_6_out|       pointer|
|B_TILES_0_3_7_out           |  out|   32|     ap_none|    B_TILES_0_3_7_out|       pointer|
|B_TILES_0_3_7_out_ap_vld    |  out|    1|     ap_none|    B_TILES_0_3_7_out|       pointer|
|B_TILES_0_3_8_out           |  out|   32|     ap_none|    B_TILES_0_3_8_out|       pointer|
|B_TILES_0_3_8_out_ap_vld    |  out|    1|     ap_none|    B_TILES_0_3_8_out|       pointer|
|B_TILES_0_3_9_out           |  out|   32|     ap_none|    B_TILES_0_3_9_out|       pointer|
|B_TILES_0_3_9_out_ap_vld    |  out|    1|     ap_none|    B_TILES_0_3_9_out|       pointer|
|B_TILES_0_3_10_out          |  out|   32|     ap_none|   B_TILES_0_3_10_out|       pointer|
|B_TILES_0_3_10_out_ap_vld   |  out|    1|     ap_none|   B_TILES_0_3_10_out|       pointer|
|B_TILES_0_3_11_out          |  out|   32|     ap_none|   B_TILES_0_3_11_out|       pointer|
|B_TILES_0_3_11_out_ap_vld   |  out|    1|     ap_none|   B_TILES_0_3_11_out|       pointer|
|B_TILES_0_3_12_out          |  out|   32|     ap_none|   B_TILES_0_3_12_out|       pointer|
|B_TILES_0_3_12_out_ap_vld   |  out|    1|     ap_none|   B_TILES_0_3_12_out|       pointer|
|B_TILES_0_3_13_out          |  out|   32|     ap_none|   B_TILES_0_3_13_out|       pointer|
|B_TILES_0_3_13_out_ap_vld   |  out|    1|     ap_none|   B_TILES_0_3_13_out|       pointer|
|B_TILES_0_3_14_out          |  out|   32|     ap_none|   B_TILES_0_3_14_out|       pointer|
|B_TILES_0_3_14_out_ap_vld   |  out|    1|     ap_none|   B_TILES_0_3_14_out|       pointer|
|B_TILES_0_3_15_out          |  out|   32|     ap_none|   B_TILES_0_3_15_out|       pointer|
|B_TILES_0_3_15_out_ap_vld   |  out|    1|     ap_none|   B_TILES_0_3_15_out|       pointer|
|B_TILES_0_3_16_out          |  out|   32|     ap_none|   B_TILES_0_3_16_out|       pointer|
|B_TILES_0_3_16_out_ap_vld   |  out|    1|     ap_none|   B_TILES_0_3_16_out|       pointer|
|B_TILES_0_3_17_out          |  out|   32|     ap_none|   B_TILES_0_3_17_out|       pointer|
|B_TILES_0_3_17_out_ap_vld   |  out|    1|     ap_none|   B_TILES_0_3_17_out|       pointer|
|B_TILES_0_3_18_out          |  out|   32|     ap_none|   B_TILES_0_3_18_out|       pointer|
|B_TILES_0_3_18_out_ap_vld   |  out|    1|     ap_none|   B_TILES_0_3_18_out|       pointer|
|B_TILES_0_3_19_out          |  out|   32|     ap_none|   B_TILES_0_3_19_out|       pointer|
|B_TILES_0_3_19_out_ap_vld   |  out|    1|     ap_none|   B_TILES_0_3_19_out|       pointer|
|B_TILES_0_3_20_out          |  out|   32|     ap_none|   B_TILES_0_3_20_out|       pointer|
|B_TILES_0_3_20_out_ap_vld   |  out|    1|     ap_none|   B_TILES_0_3_20_out|       pointer|
|B_TILES_0_3_21_out          |  out|   32|     ap_none|   B_TILES_0_3_21_out|       pointer|
|B_TILES_0_3_21_out_ap_vld   |  out|    1|     ap_none|   B_TILES_0_3_21_out|       pointer|
|B_TILES_0_3_22_out          |  out|   32|     ap_none|   B_TILES_0_3_22_out|       pointer|
|B_TILES_0_3_22_out_ap_vld   |  out|    1|     ap_none|   B_TILES_0_3_22_out|       pointer|
|B_TILES_0_3_23_out          |  out|   32|     ap_none|   B_TILES_0_3_23_out|       pointer|
|B_TILES_0_3_23_out_ap_vld   |  out|    1|     ap_none|   B_TILES_0_3_23_out|       pointer|
|B_TILES_0_3_24_out          |  out|   32|     ap_none|   B_TILES_0_3_24_out|       pointer|
|B_TILES_0_3_24_out_ap_vld   |  out|    1|     ap_none|   B_TILES_0_3_24_out|       pointer|
|B_TILES_0_3_25_out          |  out|   32|     ap_none|   B_TILES_0_3_25_out|       pointer|
|B_TILES_0_3_25_out_ap_vld   |  out|    1|     ap_none|   B_TILES_0_3_25_out|       pointer|
|B_TILES_0_3_26_out          |  out|   32|     ap_none|   B_TILES_0_3_26_out|       pointer|
|B_TILES_0_3_26_out_ap_vld   |  out|    1|     ap_none|   B_TILES_0_3_26_out|       pointer|
|B_TILES_0_3_27_out          |  out|   32|     ap_none|   B_TILES_0_3_27_out|       pointer|
|B_TILES_0_3_27_out_ap_vld   |  out|    1|     ap_none|   B_TILES_0_3_27_out|       pointer|
|B_TILES_0_3_28_out          |  out|   32|     ap_none|   B_TILES_0_3_28_out|       pointer|
|B_TILES_0_3_28_out_ap_vld   |  out|    1|     ap_none|   B_TILES_0_3_28_out|       pointer|
|B_TILES_0_3_29_out          |  out|   32|     ap_none|   B_TILES_0_3_29_out|       pointer|
|B_TILES_0_3_29_out_ap_vld   |  out|    1|     ap_none|   B_TILES_0_3_29_out|       pointer|
|B_TILES_0_3_30_out          |  out|   32|     ap_none|   B_TILES_0_3_30_out|       pointer|
|B_TILES_0_3_30_out_ap_vld   |  out|    1|     ap_none|   B_TILES_0_3_30_out|       pointer|
|B_TILES_0_3_31_out          |  out|   32|     ap_none|   B_TILES_0_3_31_out|       pointer|
|B_TILES_0_3_31_out_ap_vld   |  out|    1|     ap_none|   B_TILES_0_3_31_out|       pointer|
|B_TILES_0_4_0_out           |  out|   32|     ap_none|    B_TILES_0_4_0_out|       pointer|
|B_TILES_0_4_0_out_ap_vld    |  out|    1|     ap_none|    B_TILES_0_4_0_out|       pointer|
|B_TILES_0_4_1_out           |  out|   32|     ap_none|    B_TILES_0_4_1_out|       pointer|
|B_TILES_0_4_1_out_ap_vld    |  out|    1|     ap_none|    B_TILES_0_4_1_out|       pointer|
|B_TILES_0_4_2_out           |  out|   32|     ap_none|    B_TILES_0_4_2_out|       pointer|
|B_TILES_0_4_2_out_ap_vld    |  out|    1|     ap_none|    B_TILES_0_4_2_out|       pointer|
|B_TILES_0_4_3_out           |  out|   32|     ap_none|    B_TILES_0_4_3_out|       pointer|
|B_TILES_0_4_3_out_ap_vld    |  out|    1|     ap_none|    B_TILES_0_4_3_out|       pointer|
|B_TILES_0_4_4_out           |  out|   32|     ap_none|    B_TILES_0_4_4_out|       pointer|
|B_TILES_0_4_4_out_ap_vld    |  out|    1|     ap_none|    B_TILES_0_4_4_out|       pointer|
|B_TILES_0_4_5_out           |  out|   32|     ap_none|    B_TILES_0_4_5_out|       pointer|
|B_TILES_0_4_5_out_ap_vld    |  out|    1|     ap_none|    B_TILES_0_4_5_out|       pointer|
|B_TILES_0_4_6_out           |  out|   32|     ap_none|    B_TILES_0_4_6_out|       pointer|
|B_TILES_0_4_6_out_ap_vld    |  out|    1|     ap_none|    B_TILES_0_4_6_out|       pointer|
|B_TILES_0_4_7_out           |  out|   32|     ap_none|    B_TILES_0_4_7_out|       pointer|
|B_TILES_0_4_7_out_ap_vld    |  out|    1|     ap_none|    B_TILES_0_4_7_out|       pointer|
|B_TILES_0_4_8_out           |  out|   32|     ap_none|    B_TILES_0_4_8_out|       pointer|
|B_TILES_0_4_8_out_ap_vld    |  out|    1|     ap_none|    B_TILES_0_4_8_out|       pointer|
|B_TILES_0_4_9_out           |  out|   32|     ap_none|    B_TILES_0_4_9_out|       pointer|
|B_TILES_0_4_9_out_ap_vld    |  out|    1|     ap_none|    B_TILES_0_4_9_out|       pointer|
|B_TILES_0_4_10_out          |  out|   32|     ap_none|   B_TILES_0_4_10_out|       pointer|
|B_TILES_0_4_10_out_ap_vld   |  out|    1|     ap_none|   B_TILES_0_4_10_out|       pointer|
|B_TILES_0_4_11_out          |  out|   32|     ap_none|   B_TILES_0_4_11_out|       pointer|
|B_TILES_0_4_11_out_ap_vld   |  out|    1|     ap_none|   B_TILES_0_4_11_out|       pointer|
|B_TILES_0_4_12_out          |  out|   32|     ap_none|   B_TILES_0_4_12_out|       pointer|
|B_TILES_0_4_12_out_ap_vld   |  out|    1|     ap_none|   B_TILES_0_4_12_out|       pointer|
|B_TILES_0_4_13_out          |  out|   32|     ap_none|   B_TILES_0_4_13_out|       pointer|
|B_TILES_0_4_13_out_ap_vld   |  out|    1|     ap_none|   B_TILES_0_4_13_out|       pointer|
|B_TILES_0_4_14_out          |  out|   32|     ap_none|   B_TILES_0_4_14_out|       pointer|
|B_TILES_0_4_14_out_ap_vld   |  out|    1|     ap_none|   B_TILES_0_4_14_out|       pointer|
|B_TILES_0_4_15_out          |  out|   32|     ap_none|   B_TILES_0_4_15_out|       pointer|
|B_TILES_0_4_15_out_ap_vld   |  out|    1|     ap_none|   B_TILES_0_4_15_out|       pointer|
|B_TILES_0_4_16_out          |  out|   32|     ap_none|   B_TILES_0_4_16_out|       pointer|
|B_TILES_0_4_16_out_ap_vld   |  out|    1|     ap_none|   B_TILES_0_4_16_out|       pointer|
|B_TILES_0_4_17_out          |  out|   32|     ap_none|   B_TILES_0_4_17_out|       pointer|
|B_TILES_0_4_17_out_ap_vld   |  out|    1|     ap_none|   B_TILES_0_4_17_out|       pointer|
|B_TILES_0_4_18_out          |  out|   32|     ap_none|   B_TILES_0_4_18_out|       pointer|
|B_TILES_0_4_18_out_ap_vld   |  out|    1|     ap_none|   B_TILES_0_4_18_out|       pointer|
|B_TILES_0_4_19_out          |  out|   32|     ap_none|   B_TILES_0_4_19_out|       pointer|
|B_TILES_0_4_19_out_ap_vld   |  out|    1|     ap_none|   B_TILES_0_4_19_out|       pointer|
|B_TILES_0_4_20_out          |  out|   32|     ap_none|   B_TILES_0_4_20_out|       pointer|
|B_TILES_0_4_20_out_ap_vld   |  out|    1|     ap_none|   B_TILES_0_4_20_out|       pointer|
|B_TILES_0_4_21_out          |  out|   32|     ap_none|   B_TILES_0_4_21_out|       pointer|
|B_TILES_0_4_21_out_ap_vld   |  out|    1|     ap_none|   B_TILES_0_4_21_out|       pointer|
|B_TILES_0_4_22_out          |  out|   32|     ap_none|   B_TILES_0_4_22_out|       pointer|
|B_TILES_0_4_22_out_ap_vld   |  out|    1|     ap_none|   B_TILES_0_4_22_out|       pointer|
|B_TILES_0_4_23_out          |  out|   32|     ap_none|   B_TILES_0_4_23_out|       pointer|
|B_TILES_0_4_23_out_ap_vld   |  out|    1|     ap_none|   B_TILES_0_4_23_out|       pointer|
|B_TILES_0_4_24_out          |  out|   32|     ap_none|   B_TILES_0_4_24_out|       pointer|
|B_TILES_0_4_24_out_ap_vld   |  out|    1|     ap_none|   B_TILES_0_4_24_out|       pointer|
|B_TILES_0_4_25_out          |  out|   32|     ap_none|   B_TILES_0_4_25_out|       pointer|
|B_TILES_0_4_25_out_ap_vld   |  out|    1|     ap_none|   B_TILES_0_4_25_out|       pointer|
|B_TILES_0_4_26_out          |  out|   32|     ap_none|   B_TILES_0_4_26_out|       pointer|
|B_TILES_0_4_26_out_ap_vld   |  out|    1|     ap_none|   B_TILES_0_4_26_out|       pointer|
|B_TILES_0_4_27_out          |  out|   32|     ap_none|   B_TILES_0_4_27_out|       pointer|
|B_TILES_0_4_27_out_ap_vld   |  out|    1|     ap_none|   B_TILES_0_4_27_out|       pointer|
|B_TILES_0_4_28_out          |  out|   32|     ap_none|   B_TILES_0_4_28_out|       pointer|
|B_TILES_0_4_28_out_ap_vld   |  out|    1|     ap_none|   B_TILES_0_4_28_out|       pointer|
|B_TILES_0_4_29_out          |  out|   32|     ap_none|   B_TILES_0_4_29_out|       pointer|
|B_TILES_0_4_29_out_ap_vld   |  out|    1|     ap_none|   B_TILES_0_4_29_out|       pointer|
|B_TILES_0_4_30_out          |  out|   32|     ap_none|   B_TILES_0_4_30_out|       pointer|
|B_TILES_0_4_30_out_ap_vld   |  out|    1|     ap_none|   B_TILES_0_4_30_out|       pointer|
|B_TILES_0_4_31_out          |  out|   32|     ap_none|   B_TILES_0_4_31_out|       pointer|
|B_TILES_0_4_31_out_ap_vld   |  out|    1|     ap_none|   B_TILES_0_4_31_out|       pointer|
|B_TILES_0_5_0_out           |  out|   32|     ap_none|    B_TILES_0_5_0_out|       pointer|
|B_TILES_0_5_0_out_ap_vld    |  out|    1|     ap_none|    B_TILES_0_5_0_out|       pointer|
|B_TILES_0_5_1_out           |  out|   32|     ap_none|    B_TILES_0_5_1_out|       pointer|
|B_TILES_0_5_1_out_ap_vld    |  out|    1|     ap_none|    B_TILES_0_5_1_out|       pointer|
|B_TILES_0_5_2_out           |  out|   32|     ap_none|    B_TILES_0_5_2_out|       pointer|
|B_TILES_0_5_2_out_ap_vld    |  out|    1|     ap_none|    B_TILES_0_5_2_out|       pointer|
|B_TILES_0_5_3_out           |  out|   32|     ap_none|    B_TILES_0_5_3_out|       pointer|
|B_TILES_0_5_3_out_ap_vld    |  out|    1|     ap_none|    B_TILES_0_5_3_out|       pointer|
|B_TILES_0_5_4_out           |  out|   32|     ap_none|    B_TILES_0_5_4_out|       pointer|
|B_TILES_0_5_4_out_ap_vld    |  out|    1|     ap_none|    B_TILES_0_5_4_out|       pointer|
|B_TILES_0_5_5_out           |  out|   32|     ap_none|    B_TILES_0_5_5_out|       pointer|
|B_TILES_0_5_5_out_ap_vld    |  out|    1|     ap_none|    B_TILES_0_5_5_out|       pointer|
|B_TILES_0_5_6_out           |  out|   32|     ap_none|    B_TILES_0_5_6_out|       pointer|
|B_TILES_0_5_6_out_ap_vld    |  out|    1|     ap_none|    B_TILES_0_5_6_out|       pointer|
|B_TILES_0_5_7_out           |  out|   32|     ap_none|    B_TILES_0_5_7_out|       pointer|
|B_TILES_0_5_7_out_ap_vld    |  out|    1|     ap_none|    B_TILES_0_5_7_out|       pointer|
|B_TILES_0_5_8_out           |  out|   32|     ap_none|    B_TILES_0_5_8_out|       pointer|
|B_TILES_0_5_8_out_ap_vld    |  out|    1|     ap_none|    B_TILES_0_5_8_out|       pointer|
|B_TILES_0_5_9_out           |  out|   32|     ap_none|    B_TILES_0_5_9_out|       pointer|
|B_TILES_0_5_9_out_ap_vld    |  out|    1|     ap_none|    B_TILES_0_5_9_out|       pointer|
|B_TILES_0_5_10_out          |  out|   32|     ap_none|   B_TILES_0_5_10_out|       pointer|
|B_TILES_0_5_10_out_ap_vld   |  out|    1|     ap_none|   B_TILES_0_5_10_out|       pointer|
|B_TILES_0_5_11_out          |  out|   32|     ap_none|   B_TILES_0_5_11_out|       pointer|
|B_TILES_0_5_11_out_ap_vld   |  out|    1|     ap_none|   B_TILES_0_5_11_out|       pointer|
|B_TILES_0_5_12_out          |  out|   32|     ap_none|   B_TILES_0_5_12_out|       pointer|
|B_TILES_0_5_12_out_ap_vld   |  out|    1|     ap_none|   B_TILES_0_5_12_out|       pointer|
|B_TILES_0_5_13_out          |  out|   32|     ap_none|   B_TILES_0_5_13_out|       pointer|
|B_TILES_0_5_13_out_ap_vld   |  out|    1|     ap_none|   B_TILES_0_5_13_out|       pointer|
|B_TILES_0_5_14_out          |  out|   32|     ap_none|   B_TILES_0_5_14_out|       pointer|
|B_TILES_0_5_14_out_ap_vld   |  out|    1|     ap_none|   B_TILES_0_5_14_out|       pointer|
|B_TILES_0_5_15_out          |  out|   32|     ap_none|   B_TILES_0_5_15_out|       pointer|
|B_TILES_0_5_15_out_ap_vld   |  out|    1|     ap_none|   B_TILES_0_5_15_out|       pointer|
|B_TILES_0_5_16_out          |  out|   32|     ap_none|   B_TILES_0_5_16_out|       pointer|
|B_TILES_0_5_16_out_ap_vld   |  out|    1|     ap_none|   B_TILES_0_5_16_out|       pointer|
|B_TILES_0_5_17_out          |  out|   32|     ap_none|   B_TILES_0_5_17_out|       pointer|
|B_TILES_0_5_17_out_ap_vld   |  out|    1|     ap_none|   B_TILES_0_5_17_out|       pointer|
|B_TILES_0_5_18_out          |  out|   32|     ap_none|   B_TILES_0_5_18_out|       pointer|
|B_TILES_0_5_18_out_ap_vld   |  out|    1|     ap_none|   B_TILES_0_5_18_out|       pointer|
|B_TILES_0_5_19_out          |  out|   32|     ap_none|   B_TILES_0_5_19_out|       pointer|
|B_TILES_0_5_19_out_ap_vld   |  out|    1|     ap_none|   B_TILES_0_5_19_out|       pointer|
|B_TILES_0_5_20_out          |  out|   32|     ap_none|   B_TILES_0_5_20_out|       pointer|
|B_TILES_0_5_20_out_ap_vld   |  out|    1|     ap_none|   B_TILES_0_5_20_out|       pointer|
|B_TILES_0_5_21_out          |  out|   32|     ap_none|   B_TILES_0_5_21_out|       pointer|
|B_TILES_0_5_21_out_ap_vld   |  out|    1|     ap_none|   B_TILES_0_5_21_out|       pointer|
|B_TILES_0_5_22_out          |  out|   32|     ap_none|   B_TILES_0_5_22_out|       pointer|
|B_TILES_0_5_22_out_ap_vld   |  out|    1|     ap_none|   B_TILES_0_5_22_out|       pointer|
|B_TILES_0_5_23_out          |  out|   32|     ap_none|   B_TILES_0_5_23_out|       pointer|
|B_TILES_0_5_23_out_ap_vld   |  out|    1|     ap_none|   B_TILES_0_5_23_out|       pointer|
|B_TILES_0_5_24_out          |  out|   32|     ap_none|   B_TILES_0_5_24_out|       pointer|
|B_TILES_0_5_24_out_ap_vld   |  out|    1|     ap_none|   B_TILES_0_5_24_out|       pointer|
|B_TILES_0_5_25_out          |  out|   32|     ap_none|   B_TILES_0_5_25_out|       pointer|
|B_TILES_0_5_25_out_ap_vld   |  out|    1|     ap_none|   B_TILES_0_5_25_out|       pointer|
|B_TILES_0_5_26_out          |  out|   32|     ap_none|   B_TILES_0_5_26_out|       pointer|
|B_TILES_0_5_26_out_ap_vld   |  out|    1|     ap_none|   B_TILES_0_5_26_out|       pointer|
|B_TILES_0_5_27_out          |  out|   32|     ap_none|   B_TILES_0_5_27_out|       pointer|
|B_TILES_0_5_27_out_ap_vld   |  out|    1|     ap_none|   B_TILES_0_5_27_out|       pointer|
|B_TILES_0_5_28_out          |  out|   32|     ap_none|   B_TILES_0_5_28_out|       pointer|
|B_TILES_0_5_28_out_ap_vld   |  out|    1|     ap_none|   B_TILES_0_5_28_out|       pointer|
|B_TILES_0_5_29_out          |  out|   32|     ap_none|   B_TILES_0_5_29_out|       pointer|
|B_TILES_0_5_29_out_ap_vld   |  out|    1|     ap_none|   B_TILES_0_5_29_out|       pointer|
|B_TILES_0_5_30_out          |  out|   32|     ap_none|   B_TILES_0_5_30_out|       pointer|
|B_TILES_0_5_30_out_ap_vld   |  out|    1|     ap_none|   B_TILES_0_5_30_out|       pointer|
|B_TILES_0_5_31_out          |  out|   32|     ap_none|   B_TILES_0_5_31_out|       pointer|
|B_TILES_0_5_31_out_ap_vld   |  out|    1|     ap_none|   B_TILES_0_5_31_out|       pointer|
|B_TILES_0_6_0_out           |  out|   32|     ap_none|    B_TILES_0_6_0_out|       pointer|
|B_TILES_0_6_0_out_ap_vld    |  out|    1|     ap_none|    B_TILES_0_6_0_out|       pointer|
|B_TILES_0_6_1_out           |  out|   32|     ap_none|    B_TILES_0_6_1_out|       pointer|
|B_TILES_0_6_1_out_ap_vld    |  out|    1|     ap_none|    B_TILES_0_6_1_out|       pointer|
|B_TILES_0_6_2_out           |  out|   32|     ap_none|    B_TILES_0_6_2_out|       pointer|
|B_TILES_0_6_2_out_ap_vld    |  out|    1|     ap_none|    B_TILES_0_6_2_out|       pointer|
|B_TILES_0_6_3_out           |  out|   32|     ap_none|    B_TILES_0_6_3_out|       pointer|
|B_TILES_0_6_3_out_ap_vld    |  out|    1|     ap_none|    B_TILES_0_6_3_out|       pointer|
|B_TILES_0_6_4_out           |  out|   32|     ap_none|    B_TILES_0_6_4_out|       pointer|
|B_TILES_0_6_4_out_ap_vld    |  out|    1|     ap_none|    B_TILES_0_6_4_out|       pointer|
|B_TILES_0_6_5_out           |  out|   32|     ap_none|    B_TILES_0_6_5_out|       pointer|
|B_TILES_0_6_5_out_ap_vld    |  out|    1|     ap_none|    B_TILES_0_6_5_out|       pointer|
|B_TILES_0_6_6_out           |  out|   32|     ap_none|    B_TILES_0_6_6_out|       pointer|
|B_TILES_0_6_6_out_ap_vld    |  out|    1|     ap_none|    B_TILES_0_6_6_out|       pointer|
|B_TILES_0_6_7_out           |  out|   32|     ap_none|    B_TILES_0_6_7_out|       pointer|
|B_TILES_0_6_7_out_ap_vld    |  out|    1|     ap_none|    B_TILES_0_6_7_out|       pointer|
|B_TILES_0_6_8_out           |  out|   32|     ap_none|    B_TILES_0_6_8_out|       pointer|
|B_TILES_0_6_8_out_ap_vld    |  out|    1|     ap_none|    B_TILES_0_6_8_out|       pointer|
|B_TILES_0_6_9_out           |  out|   32|     ap_none|    B_TILES_0_6_9_out|       pointer|
|B_TILES_0_6_9_out_ap_vld    |  out|    1|     ap_none|    B_TILES_0_6_9_out|       pointer|
|B_TILES_0_6_10_out          |  out|   32|     ap_none|   B_TILES_0_6_10_out|       pointer|
|B_TILES_0_6_10_out_ap_vld   |  out|    1|     ap_none|   B_TILES_0_6_10_out|       pointer|
|B_TILES_0_6_11_out          |  out|   32|     ap_none|   B_TILES_0_6_11_out|       pointer|
|B_TILES_0_6_11_out_ap_vld   |  out|    1|     ap_none|   B_TILES_0_6_11_out|       pointer|
|B_TILES_0_6_12_out          |  out|   32|     ap_none|   B_TILES_0_6_12_out|       pointer|
|B_TILES_0_6_12_out_ap_vld   |  out|    1|     ap_none|   B_TILES_0_6_12_out|       pointer|
|B_TILES_0_6_13_out          |  out|   32|     ap_none|   B_TILES_0_6_13_out|       pointer|
|B_TILES_0_6_13_out_ap_vld   |  out|    1|     ap_none|   B_TILES_0_6_13_out|       pointer|
|B_TILES_0_6_14_out          |  out|   32|     ap_none|   B_TILES_0_6_14_out|       pointer|
|B_TILES_0_6_14_out_ap_vld   |  out|    1|     ap_none|   B_TILES_0_6_14_out|       pointer|
|B_TILES_0_6_15_out          |  out|   32|     ap_none|   B_TILES_0_6_15_out|       pointer|
|B_TILES_0_6_15_out_ap_vld   |  out|    1|     ap_none|   B_TILES_0_6_15_out|       pointer|
|B_TILES_0_6_16_out          |  out|   32|     ap_none|   B_TILES_0_6_16_out|       pointer|
|B_TILES_0_6_16_out_ap_vld   |  out|    1|     ap_none|   B_TILES_0_6_16_out|       pointer|
|B_TILES_0_6_17_out          |  out|   32|     ap_none|   B_TILES_0_6_17_out|       pointer|
|B_TILES_0_6_17_out_ap_vld   |  out|    1|     ap_none|   B_TILES_0_6_17_out|       pointer|
|B_TILES_0_6_18_out          |  out|   32|     ap_none|   B_TILES_0_6_18_out|       pointer|
|B_TILES_0_6_18_out_ap_vld   |  out|    1|     ap_none|   B_TILES_0_6_18_out|       pointer|
|B_TILES_0_6_19_out          |  out|   32|     ap_none|   B_TILES_0_6_19_out|       pointer|
|B_TILES_0_6_19_out_ap_vld   |  out|    1|     ap_none|   B_TILES_0_6_19_out|       pointer|
|B_TILES_0_6_20_out          |  out|   32|     ap_none|   B_TILES_0_6_20_out|       pointer|
|B_TILES_0_6_20_out_ap_vld   |  out|    1|     ap_none|   B_TILES_0_6_20_out|       pointer|
|B_TILES_0_6_21_out          |  out|   32|     ap_none|   B_TILES_0_6_21_out|       pointer|
|B_TILES_0_6_21_out_ap_vld   |  out|    1|     ap_none|   B_TILES_0_6_21_out|       pointer|
|B_TILES_0_6_22_out          |  out|   32|     ap_none|   B_TILES_0_6_22_out|       pointer|
|B_TILES_0_6_22_out_ap_vld   |  out|    1|     ap_none|   B_TILES_0_6_22_out|       pointer|
|B_TILES_0_6_23_out          |  out|   32|     ap_none|   B_TILES_0_6_23_out|       pointer|
|B_TILES_0_6_23_out_ap_vld   |  out|    1|     ap_none|   B_TILES_0_6_23_out|       pointer|
|B_TILES_0_6_24_out          |  out|   32|     ap_none|   B_TILES_0_6_24_out|       pointer|
|B_TILES_0_6_24_out_ap_vld   |  out|    1|     ap_none|   B_TILES_0_6_24_out|       pointer|
|B_TILES_0_6_25_out          |  out|   32|     ap_none|   B_TILES_0_6_25_out|       pointer|
|B_TILES_0_6_25_out_ap_vld   |  out|    1|     ap_none|   B_TILES_0_6_25_out|       pointer|
|B_TILES_0_6_26_out          |  out|   32|     ap_none|   B_TILES_0_6_26_out|       pointer|
|B_TILES_0_6_26_out_ap_vld   |  out|    1|     ap_none|   B_TILES_0_6_26_out|       pointer|
|B_TILES_0_6_27_out          |  out|   32|     ap_none|   B_TILES_0_6_27_out|       pointer|
|B_TILES_0_6_27_out_ap_vld   |  out|    1|     ap_none|   B_TILES_0_6_27_out|       pointer|
|B_TILES_0_6_28_out          |  out|   32|     ap_none|   B_TILES_0_6_28_out|       pointer|
|B_TILES_0_6_28_out_ap_vld   |  out|    1|     ap_none|   B_TILES_0_6_28_out|       pointer|
|B_TILES_0_6_29_out          |  out|   32|     ap_none|   B_TILES_0_6_29_out|       pointer|
|B_TILES_0_6_29_out_ap_vld   |  out|    1|     ap_none|   B_TILES_0_6_29_out|       pointer|
|B_TILES_0_6_30_out          |  out|   32|     ap_none|   B_TILES_0_6_30_out|       pointer|
|B_TILES_0_6_30_out_ap_vld   |  out|    1|     ap_none|   B_TILES_0_6_30_out|       pointer|
|B_TILES_0_6_31_out          |  out|   32|     ap_none|   B_TILES_0_6_31_out|       pointer|
|B_TILES_0_6_31_out_ap_vld   |  out|    1|     ap_none|   B_TILES_0_6_31_out|       pointer|
|B_TILES_0_7_0_out           |  out|   32|     ap_none|    B_TILES_0_7_0_out|       pointer|
|B_TILES_0_7_0_out_ap_vld    |  out|    1|     ap_none|    B_TILES_0_7_0_out|       pointer|
|B_TILES_0_7_1_out           |  out|   32|     ap_none|    B_TILES_0_7_1_out|       pointer|
|B_TILES_0_7_1_out_ap_vld    |  out|    1|     ap_none|    B_TILES_0_7_1_out|       pointer|
|B_TILES_0_7_2_out           |  out|   32|     ap_none|    B_TILES_0_7_2_out|       pointer|
|B_TILES_0_7_2_out_ap_vld    |  out|    1|     ap_none|    B_TILES_0_7_2_out|       pointer|
|B_TILES_0_7_3_out           |  out|   32|     ap_none|    B_TILES_0_7_3_out|       pointer|
|B_TILES_0_7_3_out_ap_vld    |  out|    1|     ap_none|    B_TILES_0_7_3_out|       pointer|
|B_TILES_0_7_4_out           |  out|   32|     ap_none|    B_TILES_0_7_4_out|       pointer|
|B_TILES_0_7_4_out_ap_vld    |  out|    1|     ap_none|    B_TILES_0_7_4_out|       pointer|
|B_TILES_0_7_5_out           |  out|   32|     ap_none|    B_TILES_0_7_5_out|       pointer|
|B_TILES_0_7_5_out_ap_vld    |  out|    1|     ap_none|    B_TILES_0_7_5_out|       pointer|
|B_TILES_0_7_6_out           |  out|   32|     ap_none|    B_TILES_0_7_6_out|       pointer|
|B_TILES_0_7_6_out_ap_vld    |  out|    1|     ap_none|    B_TILES_0_7_6_out|       pointer|
|B_TILES_0_7_7_out           |  out|   32|     ap_none|    B_TILES_0_7_7_out|       pointer|
|B_TILES_0_7_7_out_ap_vld    |  out|    1|     ap_none|    B_TILES_0_7_7_out|       pointer|
|B_TILES_0_7_8_out           |  out|   32|     ap_none|    B_TILES_0_7_8_out|       pointer|
|B_TILES_0_7_8_out_ap_vld    |  out|    1|     ap_none|    B_TILES_0_7_8_out|       pointer|
|B_TILES_0_7_9_out           |  out|   32|     ap_none|    B_TILES_0_7_9_out|       pointer|
|B_TILES_0_7_9_out_ap_vld    |  out|    1|     ap_none|    B_TILES_0_7_9_out|       pointer|
|B_TILES_0_7_10_out          |  out|   32|     ap_none|   B_TILES_0_7_10_out|       pointer|
|B_TILES_0_7_10_out_ap_vld   |  out|    1|     ap_none|   B_TILES_0_7_10_out|       pointer|
|B_TILES_0_7_11_out          |  out|   32|     ap_none|   B_TILES_0_7_11_out|       pointer|
|B_TILES_0_7_11_out_ap_vld   |  out|    1|     ap_none|   B_TILES_0_7_11_out|       pointer|
|B_TILES_0_7_12_out          |  out|   32|     ap_none|   B_TILES_0_7_12_out|       pointer|
|B_TILES_0_7_12_out_ap_vld   |  out|    1|     ap_none|   B_TILES_0_7_12_out|       pointer|
|B_TILES_0_7_13_out          |  out|   32|     ap_none|   B_TILES_0_7_13_out|       pointer|
|B_TILES_0_7_13_out_ap_vld   |  out|    1|     ap_none|   B_TILES_0_7_13_out|       pointer|
|B_TILES_0_7_14_out          |  out|   32|     ap_none|   B_TILES_0_7_14_out|       pointer|
|B_TILES_0_7_14_out_ap_vld   |  out|    1|     ap_none|   B_TILES_0_7_14_out|       pointer|
|B_TILES_0_7_15_out          |  out|   32|     ap_none|   B_TILES_0_7_15_out|       pointer|
|B_TILES_0_7_15_out_ap_vld   |  out|    1|     ap_none|   B_TILES_0_7_15_out|       pointer|
|B_TILES_0_7_16_out          |  out|   32|     ap_none|   B_TILES_0_7_16_out|       pointer|
|B_TILES_0_7_16_out_ap_vld   |  out|    1|     ap_none|   B_TILES_0_7_16_out|       pointer|
|B_TILES_0_7_17_out          |  out|   32|     ap_none|   B_TILES_0_7_17_out|       pointer|
|B_TILES_0_7_17_out_ap_vld   |  out|    1|     ap_none|   B_TILES_0_7_17_out|       pointer|
|B_TILES_0_7_18_out          |  out|   32|     ap_none|   B_TILES_0_7_18_out|       pointer|
|B_TILES_0_7_18_out_ap_vld   |  out|    1|     ap_none|   B_TILES_0_7_18_out|       pointer|
|B_TILES_0_7_19_out          |  out|   32|     ap_none|   B_TILES_0_7_19_out|       pointer|
|B_TILES_0_7_19_out_ap_vld   |  out|    1|     ap_none|   B_TILES_0_7_19_out|       pointer|
|B_TILES_0_7_20_out          |  out|   32|     ap_none|   B_TILES_0_7_20_out|       pointer|
|B_TILES_0_7_20_out_ap_vld   |  out|    1|     ap_none|   B_TILES_0_7_20_out|       pointer|
|B_TILES_0_7_21_out          |  out|   32|     ap_none|   B_TILES_0_7_21_out|       pointer|
|B_TILES_0_7_21_out_ap_vld   |  out|    1|     ap_none|   B_TILES_0_7_21_out|       pointer|
|B_TILES_0_7_22_out          |  out|   32|     ap_none|   B_TILES_0_7_22_out|       pointer|
|B_TILES_0_7_22_out_ap_vld   |  out|    1|     ap_none|   B_TILES_0_7_22_out|       pointer|
|B_TILES_0_7_23_out          |  out|   32|     ap_none|   B_TILES_0_7_23_out|       pointer|
|B_TILES_0_7_23_out_ap_vld   |  out|    1|     ap_none|   B_TILES_0_7_23_out|       pointer|
|B_TILES_0_7_24_out          |  out|   32|     ap_none|   B_TILES_0_7_24_out|       pointer|
|B_TILES_0_7_24_out_ap_vld   |  out|    1|     ap_none|   B_TILES_0_7_24_out|       pointer|
|B_TILES_0_7_25_out          |  out|   32|     ap_none|   B_TILES_0_7_25_out|       pointer|
|B_TILES_0_7_25_out_ap_vld   |  out|    1|     ap_none|   B_TILES_0_7_25_out|       pointer|
|B_TILES_0_7_26_out          |  out|   32|     ap_none|   B_TILES_0_7_26_out|       pointer|
|B_TILES_0_7_26_out_ap_vld   |  out|    1|     ap_none|   B_TILES_0_7_26_out|       pointer|
|B_TILES_0_7_27_out          |  out|   32|     ap_none|   B_TILES_0_7_27_out|       pointer|
|B_TILES_0_7_27_out_ap_vld   |  out|    1|     ap_none|   B_TILES_0_7_27_out|       pointer|
|B_TILES_0_7_28_out          |  out|   32|     ap_none|   B_TILES_0_7_28_out|       pointer|
|B_TILES_0_7_28_out_ap_vld   |  out|    1|     ap_none|   B_TILES_0_7_28_out|       pointer|
|B_TILES_0_7_29_out          |  out|   32|     ap_none|   B_TILES_0_7_29_out|       pointer|
|B_TILES_0_7_29_out_ap_vld   |  out|    1|     ap_none|   B_TILES_0_7_29_out|       pointer|
|B_TILES_0_7_30_out          |  out|   32|     ap_none|   B_TILES_0_7_30_out|       pointer|
|B_TILES_0_7_30_out_ap_vld   |  out|    1|     ap_none|   B_TILES_0_7_30_out|       pointer|
|B_TILES_0_7_31_out          |  out|   32|     ap_none|   B_TILES_0_7_31_out|       pointer|
|B_TILES_0_7_31_out_ap_vld   |  out|    1|     ap_none|   B_TILES_0_7_31_out|       pointer|
|B_TILES_0_8_0_out           |  out|   32|     ap_none|    B_TILES_0_8_0_out|       pointer|
|B_TILES_0_8_0_out_ap_vld    |  out|    1|     ap_none|    B_TILES_0_8_0_out|       pointer|
|B_TILES_0_8_1_out           |  out|   32|     ap_none|    B_TILES_0_8_1_out|       pointer|
|B_TILES_0_8_1_out_ap_vld    |  out|    1|     ap_none|    B_TILES_0_8_1_out|       pointer|
|B_TILES_0_8_2_out           |  out|   32|     ap_none|    B_TILES_0_8_2_out|       pointer|
|B_TILES_0_8_2_out_ap_vld    |  out|    1|     ap_none|    B_TILES_0_8_2_out|       pointer|
|B_TILES_0_8_3_out           |  out|   32|     ap_none|    B_TILES_0_8_3_out|       pointer|
|B_TILES_0_8_3_out_ap_vld    |  out|    1|     ap_none|    B_TILES_0_8_3_out|       pointer|
|B_TILES_0_8_4_out           |  out|   32|     ap_none|    B_TILES_0_8_4_out|       pointer|
|B_TILES_0_8_4_out_ap_vld    |  out|    1|     ap_none|    B_TILES_0_8_4_out|       pointer|
|B_TILES_0_8_5_out           |  out|   32|     ap_none|    B_TILES_0_8_5_out|       pointer|
|B_TILES_0_8_5_out_ap_vld    |  out|    1|     ap_none|    B_TILES_0_8_5_out|       pointer|
|B_TILES_0_8_6_out           |  out|   32|     ap_none|    B_TILES_0_8_6_out|       pointer|
|B_TILES_0_8_6_out_ap_vld    |  out|    1|     ap_none|    B_TILES_0_8_6_out|       pointer|
|B_TILES_0_8_7_out           |  out|   32|     ap_none|    B_TILES_0_8_7_out|       pointer|
|B_TILES_0_8_7_out_ap_vld    |  out|    1|     ap_none|    B_TILES_0_8_7_out|       pointer|
|B_TILES_0_8_8_out           |  out|   32|     ap_none|    B_TILES_0_8_8_out|       pointer|
|B_TILES_0_8_8_out_ap_vld    |  out|    1|     ap_none|    B_TILES_0_8_8_out|       pointer|
|B_TILES_0_8_9_out           |  out|   32|     ap_none|    B_TILES_0_8_9_out|       pointer|
|B_TILES_0_8_9_out_ap_vld    |  out|    1|     ap_none|    B_TILES_0_8_9_out|       pointer|
|B_TILES_0_8_10_out          |  out|   32|     ap_none|   B_TILES_0_8_10_out|       pointer|
|B_TILES_0_8_10_out_ap_vld   |  out|    1|     ap_none|   B_TILES_0_8_10_out|       pointer|
|B_TILES_0_8_11_out          |  out|   32|     ap_none|   B_TILES_0_8_11_out|       pointer|
|B_TILES_0_8_11_out_ap_vld   |  out|    1|     ap_none|   B_TILES_0_8_11_out|       pointer|
|B_TILES_0_8_12_out          |  out|   32|     ap_none|   B_TILES_0_8_12_out|       pointer|
|B_TILES_0_8_12_out_ap_vld   |  out|    1|     ap_none|   B_TILES_0_8_12_out|       pointer|
|B_TILES_0_8_13_out          |  out|   32|     ap_none|   B_TILES_0_8_13_out|       pointer|
|B_TILES_0_8_13_out_ap_vld   |  out|    1|     ap_none|   B_TILES_0_8_13_out|       pointer|
|B_TILES_0_8_14_out          |  out|   32|     ap_none|   B_TILES_0_8_14_out|       pointer|
|B_TILES_0_8_14_out_ap_vld   |  out|    1|     ap_none|   B_TILES_0_8_14_out|       pointer|
|B_TILES_0_8_15_out          |  out|   32|     ap_none|   B_TILES_0_8_15_out|       pointer|
|B_TILES_0_8_15_out_ap_vld   |  out|    1|     ap_none|   B_TILES_0_8_15_out|       pointer|
|B_TILES_0_8_16_out          |  out|   32|     ap_none|   B_TILES_0_8_16_out|       pointer|
|B_TILES_0_8_16_out_ap_vld   |  out|    1|     ap_none|   B_TILES_0_8_16_out|       pointer|
|B_TILES_0_8_17_out          |  out|   32|     ap_none|   B_TILES_0_8_17_out|       pointer|
|B_TILES_0_8_17_out_ap_vld   |  out|    1|     ap_none|   B_TILES_0_8_17_out|       pointer|
|B_TILES_0_8_18_out          |  out|   32|     ap_none|   B_TILES_0_8_18_out|       pointer|
|B_TILES_0_8_18_out_ap_vld   |  out|    1|     ap_none|   B_TILES_0_8_18_out|       pointer|
|B_TILES_0_8_19_out          |  out|   32|     ap_none|   B_TILES_0_8_19_out|       pointer|
|B_TILES_0_8_19_out_ap_vld   |  out|    1|     ap_none|   B_TILES_0_8_19_out|       pointer|
|B_TILES_0_8_20_out          |  out|   32|     ap_none|   B_TILES_0_8_20_out|       pointer|
|B_TILES_0_8_20_out_ap_vld   |  out|    1|     ap_none|   B_TILES_0_8_20_out|       pointer|
|B_TILES_0_8_21_out          |  out|   32|     ap_none|   B_TILES_0_8_21_out|       pointer|
|B_TILES_0_8_21_out_ap_vld   |  out|    1|     ap_none|   B_TILES_0_8_21_out|       pointer|
|B_TILES_0_8_22_out          |  out|   32|     ap_none|   B_TILES_0_8_22_out|       pointer|
|B_TILES_0_8_22_out_ap_vld   |  out|    1|     ap_none|   B_TILES_0_8_22_out|       pointer|
|B_TILES_0_8_23_out          |  out|   32|     ap_none|   B_TILES_0_8_23_out|       pointer|
|B_TILES_0_8_23_out_ap_vld   |  out|    1|     ap_none|   B_TILES_0_8_23_out|       pointer|
|B_TILES_0_8_24_out          |  out|   32|     ap_none|   B_TILES_0_8_24_out|       pointer|
|B_TILES_0_8_24_out_ap_vld   |  out|    1|     ap_none|   B_TILES_0_8_24_out|       pointer|
|B_TILES_0_8_25_out          |  out|   32|     ap_none|   B_TILES_0_8_25_out|       pointer|
|B_TILES_0_8_25_out_ap_vld   |  out|    1|     ap_none|   B_TILES_0_8_25_out|       pointer|
|B_TILES_0_8_26_out          |  out|   32|     ap_none|   B_TILES_0_8_26_out|       pointer|
|B_TILES_0_8_26_out_ap_vld   |  out|    1|     ap_none|   B_TILES_0_8_26_out|       pointer|
|B_TILES_0_8_27_out          |  out|   32|     ap_none|   B_TILES_0_8_27_out|       pointer|
|B_TILES_0_8_27_out_ap_vld   |  out|    1|     ap_none|   B_TILES_0_8_27_out|       pointer|
|B_TILES_0_8_28_out          |  out|   32|     ap_none|   B_TILES_0_8_28_out|       pointer|
|B_TILES_0_8_28_out_ap_vld   |  out|    1|     ap_none|   B_TILES_0_8_28_out|       pointer|
|B_TILES_0_8_29_out          |  out|   32|     ap_none|   B_TILES_0_8_29_out|       pointer|
|B_TILES_0_8_29_out_ap_vld   |  out|    1|     ap_none|   B_TILES_0_8_29_out|       pointer|
|B_TILES_0_8_30_out          |  out|   32|     ap_none|   B_TILES_0_8_30_out|       pointer|
|B_TILES_0_8_30_out_ap_vld   |  out|    1|     ap_none|   B_TILES_0_8_30_out|       pointer|
|B_TILES_0_8_31_out          |  out|   32|     ap_none|   B_TILES_0_8_31_out|       pointer|
|B_TILES_0_8_31_out_ap_vld   |  out|    1|     ap_none|   B_TILES_0_8_31_out|       pointer|
|B_TILES_0_9_0_out           |  out|   32|     ap_none|    B_TILES_0_9_0_out|       pointer|
|B_TILES_0_9_0_out_ap_vld    |  out|    1|     ap_none|    B_TILES_0_9_0_out|       pointer|
|B_TILES_0_9_1_out           |  out|   32|     ap_none|    B_TILES_0_9_1_out|       pointer|
|B_TILES_0_9_1_out_ap_vld    |  out|    1|     ap_none|    B_TILES_0_9_1_out|       pointer|
|B_TILES_0_9_2_out           |  out|   32|     ap_none|    B_TILES_0_9_2_out|       pointer|
|B_TILES_0_9_2_out_ap_vld    |  out|    1|     ap_none|    B_TILES_0_9_2_out|       pointer|
|B_TILES_0_9_3_out           |  out|   32|     ap_none|    B_TILES_0_9_3_out|       pointer|
|B_TILES_0_9_3_out_ap_vld    |  out|    1|     ap_none|    B_TILES_0_9_3_out|       pointer|
|B_TILES_0_9_4_out           |  out|   32|     ap_none|    B_TILES_0_9_4_out|       pointer|
|B_TILES_0_9_4_out_ap_vld    |  out|    1|     ap_none|    B_TILES_0_9_4_out|       pointer|
|B_TILES_0_9_5_out           |  out|   32|     ap_none|    B_TILES_0_9_5_out|       pointer|
|B_TILES_0_9_5_out_ap_vld    |  out|    1|     ap_none|    B_TILES_0_9_5_out|       pointer|
|B_TILES_0_9_6_out           |  out|   32|     ap_none|    B_TILES_0_9_6_out|       pointer|
|B_TILES_0_9_6_out_ap_vld    |  out|    1|     ap_none|    B_TILES_0_9_6_out|       pointer|
|B_TILES_0_9_7_out           |  out|   32|     ap_none|    B_TILES_0_9_7_out|       pointer|
|B_TILES_0_9_7_out_ap_vld    |  out|    1|     ap_none|    B_TILES_0_9_7_out|       pointer|
|B_TILES_0_9_8_out           |  out|   32|     ap_none|    B_TILES_0_9_8_out|       pointer|
|B_TILES_0_9_8_out_ap_vld    |  out|    1|     ap_none|    B_TILES_0_9_8_out|       pointer|
|B_TILES_0_9_9_out           |  out|   32|     ap_none|    B_TILES_0_9_9_out|       pointer|
|B_TILES_0_9_9_out_ap_vld    |  out|    1|     ap_none|    B_TILES_0_9_9_out|       pointer|
|B_TILES_0_9_10_out          |  out|   32|     ap_none|   B_TILES_0_9_10_out|       pointer|
|B_TILES_0_9_10_out_ap_vld   |  out|    1|     ap_none|   B_TILES_0_9_10_out|       pointer|
|B_TILES_0_9_11_out          |  out|   32|     ap_none|   B_TILES_0_9_11_out|       pointer|
|B_TILES_0_9_11_out_ap_vld   |  out|    1|     ap_none|   B_TILES_0_9_11_out|       pointer|
|B_TILES_0_9_12_out          |  out|   32|     ap_none|   B_TILES_0_9_12_out|       pointer|
|B_TILES_0_9_12_out_ap_vld   |  out|    1|     ap_none|   B_TILES_0_9_12_out|       pointer|
|B_TILES_0_9_13_out          |  out|   32|     ap_none|   B_TILES_0_9_13_out|       pointer|
|B_TILES_0_9_13_out_ap_vld   |  out|    1|     ap_none|   B_TILES_0_9_13_out|       pointer|
|B_TILES_0_9_14_out          |  out|   32|     ap_none|   B_TILES_0_9_14_out|       pointer|
|B_TILES_0_9_14_out_ap_vld   |  out|    1|     ap_none|   B_TILES_0_9_14_out|       pointer|
|B_TILES_0_9_15_out          |  out|   32|     ap_none|   B_TILES_0_9_15_out|       pointer|
|B_TILES_0_9_15_out_ap_vld   |  out|    1|     ap_none|   B_TILES_0_9_15_out|       pointer|
|B_TILES_0_9_16_out          |  out|   32|     ap_none|   B_TILES_0_9_16_out|       pointer|
|B_TILES_0_9_16_out_ap_vld   |  out|    1|     ap_none|   B_TILES_0_9_16_out|       pointer|
|B_TILES_0_9_17_out          |  out|   32|     ap_none|   B_TILES_0_9_17_out|       pointer|
|B_TILES_0_9_17_out_ap_vld   |  out|    1|     ap_none|   B_TILES_0_9_17_out|       pointer|
|B_TILES_0_9_18_out          |  out|   32|     ap_none|   B_TILES_0_9_18_out|       pointer|
|B_TILES_0_9_18_out_ap_vld   |  out|    1|     ap_none|   B_TILES_0_9_18_out|       pointer|
|B_TILES_0_9_19_out          |  out|   32|     ap_none|   B_TILES_0_9_19_out|       pointer|
|B_TILES_0_9_19_out_ap_vld   |  out|    1|     ap_none|   B_TILES_0_9_19_out|       pointer|
|B_TILES_0_9_20_out          |  out|   32|     ap_none|   B_TILES_0_9_20_out|       pointer|
|B_TILES_0_9_20_out_ap_vld   |  out|    1|     ap_none|   B_TILES_0_9_20_out|       pointer|
|B_TILES_0_9_21_out          |  out|   32|     ap_none|   B_TILES_0_9_21_out|       pointer|
|B_TILES_0_9_21_out_ap_vld   |  out|    1|     ap_none|   B_TILES_0_9_21_out|       pointer|
|B_TILES_0_9_22_out          |  out|   32|     ap_none|   B_TILES_0_9_22_out|       pointer|
|B_TILES_0_9_22_out_ap_vld   |  out|    1|     ap_none|   B_TILES_0_9_22_out|       pointer|
|B_TILES_0_9_23_out          |  out|   32|     ap_none|   B_TILES_0_9_23_out|       pointer|
|B_TILES_0_9_23_out_ap_vld   |  out|    1|     ap_none|   B_TILES_0_9_23_out|       pointer|
|B_TILES_0_9_24_out          |  out|   32|     ap_none|   B_TILES_0_9_24_out|       pointer|
|B_TILES_0_9_24_out_ap_vld   |  out|    1|     ap_none|   B_TILES_0_9_24_out|       pointer|
|B_TILES_0_9_25_out          |  out|   32|     ap_none|   B_TILES_0_9_25_out|       pointer|
|B_TILES_0_9_25_out_ap_vld   |  out|    1|     ap_none|   B_TILES_0_9_25_out|       pointer|
|B_TILES_0_9_26_out          |  out|   32|     ap_none|   B_TILES_0_9_26_out|       pointer|
|B_TILES_0_9_26_out_ap_vld   |  out|    1|     ap_none|   B_TILES_0_9_26_out|       pointer|
|B_TILES_0_9_27_out          |  out|   32|     ap_none|   B_TILES_0_9_27_out|       pointer|
|B_TILES_0_9_27_out_ap_vld   |  out|    1|     ap_none|   B_TILES_0_9_27_out|       pointer|
|B_TILES_0_9_28_out          |  out|   32|     ap_none|   B_TILES_0_9_28_out|       pointer|
|B_TILES_0_9_28_out_ap_vld   |  out|    1|     ap_none|   B_TILES_0_9_28_out|       pointer|
|B_TILES_0_9_29_out          |  out|   32|     ap_none|   B_TILES_0_9_29_out|       pointer|
|B_TILES_0_9_29_out_ap_vld   |  out|    1|     ap_none|   B_TILES_0_9_29_out|       pointer|
|B_TILES_0_9_30_out          |  out|   32|     ap_none|   B_TILES_0_9_30_out|       pointer|
|B_TILES_0_9_30_out_ap_vld   |  out|    1|     ap_none|   B_TILES_0_9_30_out|       pointer|
|B_TILES_0_9_31_out          |  out|   32|     ap_none|   B_TILES_0_9_31_out|       pointer|
|B_TILES_0_9_31_out_ap_vld   |  out|    1|     ap_none|   B_TILES_0_9_31_out|       pointer|
|B_TILES_0_10_0_out          |  out|   32|     ap_none|   B_TILES_0_10_0_out|       pointer|
|B_TILES_0_10_0_out_ap_vld   |  out|    1|     ap_none|   B_TILES_0_10_0_out|       pointer|
|B_TILES_0_10_1_out          |  out|   32|     ap_none|   B_TILES_0_10_1_out|       pointer|
|B_TILES_0_10_1_out_ap_vld   |  out|    1|     ap_none|   B_TILES_0_10_1_out|       pointer|
|B_TILES_0_10_2_out          |  out|   32|     ap_none|   B_TILES_0_10_2_out|       pointer|
|B_TILES_0_10_2_out_ap_vld   |  out|    1|     ap_none|   B_TILES_0_10_2_out|       pointer|
|B_TILES_0_10_3_out          |  out|   32|     ap_none|   B_TILES_0_10_3_out|       pointer|
|B_TILES_0_10_3_out_ap_vld   |  out|    1|     ap_none|   B_TILES_0_10_3_out|       pointer|
|B_TILES_0_10_4_out          |  out|   32|     ap_none|   B_TILES_0_10_4_out|       pointer|
|B_TILES_0_10_4_out_ap_vld   |  out|    1|     ap_none|   B_TILES_0_10_4_out|       pointer|
|B_TILES_0_10_5_out          |  out|   32|     ap_none|   B_TILES_0_10_5_out|       pointer|
|B_TILES_0_10_5_out_ap_vld   |  out|    1|     ap_none|   B_TILES_0_10_5_out|       pointer|
|B_TILES_0_10_6_out          |  out|   32|     ap_none|   B_TILES_0_10_6_out|       pointer|
|B_TILES_0_10_6_out_ap_vld   |  out|    1|     ap_none|   B_TILES_0_10_6_out|       pointer|
|B_TILES_0_10_7_out          |  out|   32|     ap_none|   B_TILES_0_10_7_out|       pointer|
|B_TILES_0_10_7_out_ap_vld   |  out|    1|     ap_none|   B_TILES_0_10_7_out|       pointer|
|B_TILES_0_10_8_out          |  out|   32|     ap_none|   B_TILES_0_10_8_out|       pointer|
|B_TILES_0_10_8_out_ap_vld   |  out|    1|     ap_none|   B_TILES_0_10_8_out|       pointer|
|B_TILES_0_10_9_out          |  out|   32|     ap_none|   B_TILES_0_10_9_out|       pointer|
|B_TILES_0_10_9_out_ap_vld   |  out|    1|     ap_none|   B_TILES_0_10_9_out|       pointer|
|B_TILES_0_10_10_out         |  out|   32|     ap_none|  B_TILES_0_10_10_out|       pointer|
|B_TILES_0_10_10_out_ap_vld  |  out|    1|     ap_none|  B_TILES_0_10_10_out|       pointer|
|B_TILES_0_10_11_out         |  out|   32|     ap_none|  B_TILES_0_10_11_out|       pointer|
|B_TILES_0_10_11_out_ap_vld  |  out|    1|     ap_none|  B_TILES_0_10_11_out|       pointer|
|B_TILES_0_10_12_out         |  out|   32|     ap_none|  B_TILES_0_10_12_out|       pointer|
|B_TILES_0_10_12_out_ap_vld  |  out|    1|     ap_none|  B_TILES_0_10_12_out|       pointer|
|B_TILES_0_10_13_out         |  out|   32|     ap_none|  B_TILES_0_10_13_out|       pointer|
|B_TILES_0_10_13_out_ap_vld  |  out|    1|     ap_none|  B_TILES_0_10_13_out|       pointer|
|B_TILES_0_10_14_out         |  out|   32|     ap_none|  B_TILES_0_10_14_out|       pointer|
|B_TILES_0_10_14_out_ap_vld  |  out|    1|     ap_none|  B_TILES_0_10_14_out|       pointer|
|B_TILES_0_10_15_out         |  out|   32|     ap_none|  B_TILES_0_10_15_out|       pointer|
|B_TILES_0_10_15_out_ap_vld  |  out|    1|     ap_none|  B_TILES_0_10_15_out|       pointer|
|B_TILES_0_10_16_out         |  out|   32|     ap_none|  B_TILES_0_10_16_out|       pointer|
|B_TILES_0_10_16_out_ap_vld  |  out|    1|     ap_none|  B_TILES_0_10_16_out|       pointer|
|B_TILES_0_10_17_out         |  out|   32|     ap_none|  B_TILES_0_10_17_out|       pointer|
|B_TILES_0_10_17_out_ap_vld  |  out|    1|     ap_none|  B_TILES_0_10_17_out|       pointer|
|B_TILES_0_10_18_out         |  out|   32|     ap_none|  B_TILES_0_10_18_out|       pointer|
|B_TILES_0_10_18_out_ap_vld  |  out|    1|     ap_none|  B_TILES_0_10_18_out|       pointer|
|B_TILES_0_10_19_out         |  out|   32|     ap_none|  B_TILES_0_10_19_out|       pointer|
|B_TILES_0_10_19_out_ap_vld  |  out|    1|     ap_none|  B_TILES_0_10_19_out|       pointer|
|B_TILES_0_10_20_out         |  out|   32|     ap_none|  B_TILES_0_10_20_out|       pointer|
|B_TILES_0_10_20_out_ap_vld  |  out|    1|     ap_none|  B_TILES_0_10_20_out|       pointer|
|B_TILES_0_10_21_out         |  out|   32|     ap_none|  B_TILES_0_10_21_out|       pointer|
|B_TILES_0_10_21_out_ap_vld  |  out|    1|     ap_none|  B_TILES_0_10_21_out|       pointer|
|B_TILES_0_10_22_out         |  out|   32|     ap_none|  B_TILES_0_10_22_out|       pointer|
|B_TILES_0_10_22_out_ap_vld  |  out|    1|     ap_none|  B_TILES_0_10_22_out|       pointer|
|B_TILES_0_10_23_out         |  out|   32|     ap_none|  B_TILES_0_10_23_out|       pointer|
|B_TILES_0_10_23_out_ap_vld  |  out|    1|     ap_none|  B_TILES_0_10_23_out|       pointer|
|B_TILES_0_10_24_out         |  out|   32|     ap_none|  B_TILES_0_10_24_out|       pointer|
|B_TILES_0_10_24_out_ap_vld  |  out|    1|     ap_none|  B_TILES_0_10_24_out|       pointer|
|B_TILES_0_10_25_out         |  out|   32|     ap_none|  B_TILES_0_10_25_out|       pointer|
|B_TILES_0_10_25_out_ap_vld  |  out|    1|     ap_none|  B_TILES_0_10_25_out|       pointer|
|B_TILES_0_10_26_out         |  out|   32|     ap_none|  B_TILES_0_10_26_out|       pointer|
|B_TILES_0_10_26_out_ap_vld  |  out|    1|     ap_none|  B_TILES_0_10_26_out|       pointer|
|B_TILES_0_10_27_out         |  out|   32|     ap_none|  B_TILES_0_10_27_out|       pointer|
|B_TILES_0_10_27_out_ap_vld  |  out|    1|     ap_none|  B_TILES_0_10_27_out|       pointer|
|B_TILES_0_10_28_out         |  out|   32|     ap_none|  B_TILES_0_10_28_out|       pointer|
|B_TILES_0_10_28_out_ap_vld  |  out|    1|     ap_none|  B_TILES_0_10_28_out|       pointer|
|B_TILES_0_10_29_out         |  out|   32|     ap_none|  B_TILES_0_10_29_out|       pointer|
|B_TILES_0_10_29_out_ap_vld  |  out|    1|     ap_none|  B_TILES_0_10_29_out|       pointer|
|B_TILES_0_10_30_out         |  out|   32|     ap_none|  B_TILES_0_10_30_out|       pointer|
|B_TILES_0_10_30_out_ap_vld  |  out|    1|     ap_none|  B_TILES_0_10_30_out|       pointer|
|B_TILES_0_10_31_out         |  out|   32|     ap_none|  B_TILES_0_10_31_out|       pointer|
|B_TILES_0_10_31_out_ap_vld  |  out|    1|     ap_none|  B_TILES_0_10_31_out|       pointer|
|B_TILES_0_11_0_out          |  out|   32|     ap_none|   B_TILES_0_11_0_out|       pointer|
|B_TILES_0_11_0_out_ap_vld   |  out|    1|     ap_none|   B_TILES_0_11_0_out|       pointer|
|B_TILES_0_11_1_out          |  out|   32|     ap_none|   B_TILES_0_11_1_out|       pointer|
|B_TILES_0_11_1_out_ap_vld   |  out|    1|     ap_none|   B_TILES_0_11_1_out|       pointer|
|B_TILES_0_11_2_out          |  out|   32|     ap_none|   B_TILES_0_11_2_out|       pointer|
|B_TILES_0_11_2_out_ap_vld   |  out|    1|     ap_none|   B_TILES_0_11_2_out|       pointer|
|B_TILES_0_11_3_out          |  out|   32|     ap_none|   B_TILES_0_11_3_out|       pointer|
|B_TILES_0_11_3_out_ap_vld   |  out|    1|     ap_none|   B_TILES_0_11_3_out|       pointer|
|B_TILES_0_11_4_out          |  out|   32|     ap_none|   B_TILES_0_11_4_out|       pointer|
|B_TILES_0_11_4_out_ap_vld   |  out|    1|     ap_none|   B_TILES_0_11_4_out|       pointer|
|B_TILES_0_11_5_out          |  out|   32|     ap_none|   B_TILES_0_11_5_out|       pointer|
|B_TILES_0_11_5_out_ap_vld   |  out|    1|     ap_none|   B_TILES_0_11_5_out|       pointer|
|B_TILES_0_11_6_out          |  out|   32|     ap_none|   B_TILES_0_11_6_out|       pointer|
|B_TILES_0_11_6_out_ap_vld   |  out|    1|     ap_none|   B_TILES_0_11_6_out|       pointer|
|B_TILES_0_11_7_out          |  out|   32|     ap_none|   B_TILES_0_11_7_out|       pointer|
|B_TILES_0_11_7_out_ap_vld   |  out|    1|     ap_none|   B_TILES_0_11_7_out|       pointer|
|B_TILES_0_11_8_out          |  out|   32|     ap_none|   B_TILES_0_11_8_out|       pointer|
|B_TILES_0_11_8_out_ap_vld   |  out|    1|     ap_none|   B_TILES_0_11_8_out|       pointer|
|B_TILES_0_11_9_out          |  out|   32|     ap_none|   B_TILES_0_11_9_out|       pointer|
|B_TILES_0_11_9_out_ap_vld   |  out|    1|     ap_none|   B_TILES_0_11_9_out|       pointer|
|B_TILES_0_11_10_out         |  out|   32|     ap_none|  B_TILES_0_11_10_out|       pointer|
|B_TILES_0_11_10_out_ap_vld  |  out|    1|     ap_none|  B_TILES_0_11_10_out|       pointer|
|B_TILES_0_11_11_out         |  out|   32|     ap_none|  B_TILES_0_11_11_out|       pointer|
|B_TILES_0_11_11_out_ap_vld  |  out|    1|     ap_none|  B_TILES_0_11_11_out|       pointer|
|B_TILES_0_11_12_out         |  out|   32|     ap_none|  B_TILES_0_11_12_out|       pointer|
|B_TILES_0_11_12_out_ap_vld  |  out|    1|     ap_none|  B_TILES_0_11_12_out|       pointer|
|B_TILES_0_11_13_out         |  out|   32|     ap_none|  B_TILES_0_11_13_out|       pointer|
|B_TILES_0_11_13_out_ap_vld  |  out|    1|     ap_none|  B_TILES_0_11_13_out|       pointer|
|B_TILES_0_11_14_out         |  out|   32|     ap_none|  B_TILES_0_11_14_out|       pointer|
|B_TILES_0_11_14_out_ap_vld  |  out|    1|     ap_none|  B_TILES_0_11_14_out|       pointer|
|B_TILES_0_11_15_out         |  out|   32|     ap_none|  B_TILES_0_11_15_out|       pointer|
|B_TILES_0_11_15_out_ap_vld  |  out|    1|     ap_none|  B_TILES_0_11_15_out|       pointer|
|B_TILES_0_11_16_out         |  out|   32|     ap_none|  B_TILES_0_11_16_out|       pointer|
|B_TILES_0_11_16_out_ap_vld  |  out|    1|     ap_none|  B_TILES_0_11_16_out|       pointer|
|B_TILES_0_11_17_out         |  out|   32|     ap_none|  B_TILES_0_11_17_out|       pointer|
|B_TILES_0_11_17_out_ap_vld  |  out|    1|     ap_none|  B_TILES_0_11_17_out|       pointer|
|B_TILES_0_11_18_out         |  out|   32|     ap_none|  B_TILES_0_11_18_out|       pointer|
|B_TILES_0_11_18_out_ap_vld  |  out|    1|     ap_none|  B_TILES_0_11_18_out|       pointer|
|B_TILES_0_11_19_out         |  out|   32|     ap_none|  B_TILES_0_11_19_out|       pointer|
|B_TILES_0_11_19_out_ap_vld  |  out|    1|     ap_none|  B_TILES_0_11_19_out|       pointer|
|B_TILES_0_11_20_out         |  out|   32|     ap_none|  B_TILES_0_11_20_out|       pointer|
|B_TILES_0_11_20_out_ap_vld  |  out|    1|     ap_none|  B_TILES_0_11_20_out|       pointer|
|B_TILES_0_11_21_out         |  out|   32|     ap_none|  B_TILES_0_11_21_out|       pointer|
|B_TILES_0_11_21_out_ap_vld  |  out|    1|     ap_none|  B_TILES_0_11_21_out|       pointer|
|B_TILES_0_11_22_out         |  out|   32|     ap_none|  B_TILES_0_11_22_out|       pointer|
|B_TILES_0_11_22_out_ap_vld  |  out|    1|     ap_none|  B_TILES_0_11_22_out|       pointer|
|B_TILES_0_11_23_out         |  out|   32|     ap_none|  B_TILES_0_11_23_out|       pointer|
|B_TILES_0_11_23_out_ap_vld  |  out|    1|     ap_none|  B_TILES_0_11_23_out|       pointer|
|B_TILES_0_11_24_out         |  out|   32|     ap_none|  B_TILES_0_11_24_out|       pointer|
|B_TILES_0_11_24_out_ap_vld  |  out|    1|     ap_none|  B_TILES_0_11_24_out|       pointer|
|B_TILES_0_11_25_out         |  out|   32|     ap_none|  B_TILES_0_11_25_out|       pointer|
|B_TILES_0_11_25_out_ap_vld  |  out|    1|     ap_none|  B_TILES_0_11_25_out|       pointer|
|B_TILES_0_11_26_out         |  out|   32|     ap_none|  B_TILES_0_11_26_out|       pointer|
|B_TILES_0_11_26_out_ap_vld  |  out|    1|     ap_none|  B_TILES_0_11_26_out|       pointer|
|B_TILES_0_11_27_out         |  out|   32|     ap_none|  B_TILES_0_11_27_out|       pointer|
|B_TILES_0_11_27_out_ap_vld  |  out|    1|     ap_none|  B_TILES_0_11_27_out|       pointer|
|B_TILES_0_11_28_out         |  out|   32|     ap_none|  B_TILES_0_11_28_out|       pointer|
|B_TILES_0_11_28_out_ap_vld  |  out|    1|     ap_none|  B_TILES_0_11_28_out|       pointer|
|B_TILES_0_11_29_out         |  out|   32|     ap_none|  B_TILES_0_11_29_out|       pointer|
|B_TILES_0_11_29_out_ap_vld  |  out|    1|     ap_none|  B_TILES_0_11_29_out|       pointer|
|B_TILES_0_11_30_out         |  out|   32|     ap_none|  B_TILES_0_11_30_out|       pointer|
|B_TILES_0_11_30_out_ap_vld  |  out|    1|     ap_none|  B_TILES_0_11_30_out|       pointer|
|B_TILES_0_11_31_out         |  out|   32|     ap_none|  B_TILES_0_11_31_out|       pointer|
|B_TILES_0_11_31_out_ap_vld  |  out|    1|     ap_none|  B_TILES_0_11_31_out|       pointer|
|B_TILES_0_12_0_out          |  out|   32|     ap_none|   B_TILES_0_12_0_out|       pointer|
|B_TILES_0_12_0_out_ap_vld   |  out|    1|     ap_none|   B_TILES_0_12_0_out|       pointer|
|B_TILES_0_12_1_out          |  out|   32|     ap_none|   B_TILES_0_12_1_out|       pointer|
|B_TILES_0_12_1_out_ap_vld   |  out|    1|     ap_none|   B_TILES_0_12_1_out|       pointer|
|B_TILES_0_12_2_out          |  out|   32|     ap_none|   B_TILES_0_12_2_out|       pointer|
|B_TILES_0_12_2_out_ap_vld   |  out|    1|     ap_none|   B_TILES_0_12_2_out|       pointer|
|B_TILES_0_12_3_out          |  out|   32|     ap_none|   B_TILES_0_12_3_out|       pointer|
|B_TILES_0_12_3_out_ap_vld   |  out|    1|     ap_none|   B_TILES_0_12_3_out|       pointer|
|B_TILES_0_12_4_out          |  out|   32|     ap_none|   B_TILES_0_12_4_out|       pointer|
|B_TILES_0_12_4_out_ap_vld   |  out|    1|     ap_none|   B_TILES_0_12_4_out|       pointer|
|B_TILES_0_12_5_out          |  out|   32|     ap_none|   B_TILES_0_12_5_out|       pointer|
|B_TILES_0_12_5_out_ap_vld   |  out|    1|     ap_none|   B_TILES_0_12_5_out|       pointer|
|B_TILES_0_12_6_out          |  out|   32|     ap_none|   B_TILES_0_12_6_out|       pointer|
|B_TILES_0_12_6_out_ap_vld   |  out|    1|     ap_none|   B_TILES_0_12_6_out|       pointer|
|B_TILES_0_12_7_out          |  out|   32|     ap_none|   B_TILES_0_12_7_out|       pointer|
|B_TILES_0_12_7_out_ap_vld   |  out|    1|     ap_none|   B_TILES_0_12_7_out|       pointer|
|B_TILES_0_12_8_out          |  out|   32|     ap_none|   B_TILES_0_12_8_out|       pointer|
|B_TILES_0_12_8_out_ap_vld   |  out|    1|     ap_none|   B_TILES_0_12_8_out|       pointer|
|B_TILES_0_12_9_out          |  out|   32|     ap_none|   B_TILES_0_12_9_out|       pointer|
|B_TILES_0_12_9_out_ap_vld   |  out|    1|     ap_none|   B_TILES_0_12_9_out|       pointer|
|B_TILES_0_12_10_out         |  out|   32|     ap_none|  B_TILES_0_12_10_out|       pointer|
|B_TILES_0_12_10_out_ap_vld  |  out|    1|     ap_none|  B_TILES_0_12_10_out|       pointer|
|B_TILES_0_12_11_out         |  out|   32|     ap_none|  B_TILES_0_12_11_out|       pointer|
|B_TILES_0_12_11_out_ap_vld  |  out|    1|     ap_none|  B_TILES_0_12_11_out|       pointer|
|B_TILES_0_12_12_out         |  out|   32|     ap_none|  B_TILES_0_12_12_out|       pointer|
|B_TILES_0_12_12_out_ap_vld  |  out|    1|     ap_none|  B_TILES_0_12_12_out|       pointer|
|B_TILES_0_12_13_out         |  out|   32|     ap_none|  B_TILES_0_12_13_out|       pointer|
|B_TILES_0_12_13_out_ap_vld  |  out|    1|     ap_none|  B_TILES_0_12_13_out|       pointer|
|B_TILES_0_12_14_out         |  out|   32|     ap_none|  B_TILES_0_12_14_out|       pointer|
|B_TILES_0_12_14_out_ap_vld  |  out|    1|     ap_none|  B_TILES_0_12_14_out|       pointer|
|B_TILES_0_12_15_out         |  out|   32|     ap_none|  B_TILES_0_12_15_out|       pointer|
|B_TILES_0_12_15_out_ap_vld  |  out|    1|     ap_none|  B_TILES_0_12_15_out|       pointer|
|B_TILES_0_12_16_out         |  out|   32|     ap_none|  B_TILES_0_12_16_out|       pointer|
|B_TILES_0_12_16_out_ap_vld  |  out|    1|     ap_none|  B_TILES_0_12_16_out|       pointer|
|B_TILES_0_12_17_out         |  out|   32|     ap_none|  B_TILES_0_12_17_out|       pointer|
|B_TILES_0_12_17_out_ap_vld  |  out|    1|     ap_none|  B_TILES_0_12_17_out|       pointer|
|B_TILES_0_12_18_out         |  out|   32|     ap_none|  B_TILES_0_12_18_out|       pointer|
|B_TILES_0_12_18_out_ap_vld  |  out|    1|     ap_none|  B_TILES_0_12_18_out|       pointer|
|B_TILES_0_12_19_out         |  out|   32|     ap_none|  B_TILES_0_12_19_out|       pointer|
|B_TILES_0_12_19_out_ap_vld  |  out|    1|     ap_none|  B_TILES_0_12_19_out|       pointer|
|B_TILES_0_12_20_out         |  out|   32|     ap_none|  B_TILES_0_12_20_out|       pointer|
|B_TILES_0_12_20_out_ap_vld  |  out|    1|     ap_none|  B_TILES_0_12_20_out|       pointer|
|B_TILES_0_12_21_out         |  out|   32|     ap_none|  B_TILES_0_12_21_out|       pointer|
|B_TILES_0_12_21_out_ap_vld  |  out|    1|     ap_none|  B_TILES_0_12_21_out|       pointer|
|B_TILES_0_12_22_out         |  out|   32|     ap_none|  B_TILES_0_12_22_out|       pointer|
|B_TILES_0_12_22_out_ap_vld  |  out|    1|     ap_none|  B_TILES_0_12_22_out|       pointer|
|B_TILES_0_12_23_out         |  out|   32|     ap_none|  B_TILES_0_12_23_out|       pointer|
|B_TILES_0_12_23_out_ap_vld  |  out|    1|     ap_none|  B_TILES_0_12_23_out|       pointer|
|B_TILES_0_12_24_out         |  out|   32|     ap_none|  B_TILES_0_12_24_out|       pointer|
|B_TILES_0_12_24_out_ap_vld  |  out|    1|     ap_none|  B_TILES_0_12_24_out|       pointer|
|B_TILES_0_12_25_out         |  out|   32|     ap_none|  B_TILES_0_12_25_out|       pointer|
|B_TILES_0_12_25_out_ap_vld  |  out|    1|     ap_none|  B_TILES_0_12_25_out|       pointer|
|B_TILES_0_12_26_out         |  out|   32|     ap_none|  B_TILES_0_12_26_out|       pointer|
|B_TILES_0_12_26_out_ap_vld  |  out|    1|     ap_none|  B_TILES_0_12_26_out|       pointer|
|B_TILES_0_12_27_out         |  out|   32|     ap_none|  B_TILES_0_12_27_out|       pointer|
|B_TILES_0_12_27_out_ap_vld  |  out|    1|     ap_none|  B_TILES_0_12_27_out|       pointer|
|B_TILES_0_12_28_out         |  out|   32|     ap_none|  B_TILES_0_12_28_out|       pointer|
|B_TILES_0_12_28_out_ap_vld  |  out|    1|     ap_none|  B_TILES_0_12_28_out|       pointer|
|B_TILES_0_12_29_out         |  out|   32|     ap_none|  B_TILES_0_12_29_out|       pointer|
|B_TILES_0_12_29_out_ap_vld  |  out|    1|     ap_none|  B_TILES_0_12_29_out|       pointer|
|B_TILES_0_12_30_out         |  out|   32|     ap_none|  B_TILES_0_12_30_out|       pointer|
|B_TILES_0_12_30_out_ap_vld  |  out|    1|     ap_none|  B_TILES_0_12_30_out|       pointer|
|B_TILES_0_12_31_out         |  out|   32|     ap_none|  B_TILES_0_12_31_out|       pointer|
|B_TILES_0_12_31_out_ap_vld  |  out|    1|     ap_none|  B_TILES_0_12_31_out|       pointer|
|B_TILES_0_13_0_out          |  out|   32|     ap_none|   B_TILES_0_13_0_out|       pointer|
|B_TILES_0_13_0_out_ap_vld   |  out|    1|     ap_none|   B_TILES_0_13_0_out|       pointer|
|B_TILES_0_13_1_out          |  out|   32|     ap_none|   B_TILES_0_13_1_out|       pointer|
|B_TILES_0_13_1_out_ap_vld   |  out|    1|     ap_none|   B_TILES_0_13_1_out|       pointer|
|B_TILES_0_13_2_out          |  out|   32|     ap_none|   B_TILES_0_13_2_out|       pointer|
|B_TILES_0_13_2_out_ap_vld   |  out|    1|     ap_none|   B_TILES_0_13_2_out|       pointer|
|B_TILES_0_13_3_out          |  out|   32|     ap_none|   B_TILES_0_13_3_out|       pointer|
|B_TILES_0_13_3_out_ap_vld   |  out|    1|     ap_none|   B_TILES_0_13_3_out|       pointer|
|B_TILES_0_13_4_out          |  out|   32|     ap_none|   B_TILES_0_13_4_out|       pointer|
|B_TILES_0_13_4_out_ap_vld   |  out|    1|     ap_none|   B_TILES_0_13_4_out|       pointer|
|B_TILES_0_13_5_out          |  out|   32|     ap_none|   B_TILES_0_13_5_out|       pointer|
|B_TILES_0_13_5_out_ap_vld   |  out|    1|     ap_none|   B_TILES_0_13_5_out|       pointer|
|B_TILES_0_13_6_out          |  out|   32|     ap_none|   B_TILES_0_13_6_out|       pointer|
|B_TILES_0_13_6_out_ap_vld   |  out|    1|     ap_none|   B_TILES_0_13_6_out|       pointer|
|B_TILES_0_13_7_out          |  out|   32|     ap_none|   B_TILES_0_13_7_out|       pointer|
|B_TILES_0_13_7_out_ap_vld   |  out|    1|     ap_none|   B_TILES_0_13_7_out|       pointer|
|B_TILES_0_13_8_out          |  out|   32|     ap_none|   B_TILES_0_13_8_out|       pointer|
|B_TILES_0_13_8_out_ap_vld   |  out|    1|     ap_none|   B_TILES_0_13_8_out|       pointer|
|B_TILES_0_13_9_out          |  out|   32|     ap_none|   B_TILES_0_13_9_out|       pointer|
|B_TILES_0_13_9_out_ap_vld   |  out|    1|     ap_none|   B_TILES_0_13_9_out|       pointer|
|B_TILES_0_13_10_out         |  out|   32|     ap_none|  B_TILES_0_13_10_out|       pointer|
|B_TILES_0_13_10_out_ap_vld  |  out|    1|     ap_none|  B_TILES_0_13_10_out|       pointer|
|B_TILES_0_13_11_out         |  out|   32|     ap_none|  B_TILES_0_13_11_out|       pointer|
|B_TILES_0_13_11_out_ap_vld  |  out|    1|     ap_none|  B_TILES_0_13_11_out|       pointer|
|B_TILES_0_13_12_out         |  out|   32|     ap_none|  B_TILES_0_13_12_out|       pointer|
|B_TILES_0_13_12_out_ap_vld  |  out|    1|     ap_none|  B_TILES_0_13_12_out|       pointer|
|B_TILES_0_13_13_out         |  out|   32|     ap_none|  B_TILES_0_13_13_out|       pointer|
|B_TILES_0_13_13_out_ap_vld  |  out|    1|     ap_none|  B_TILES_0_13_13_out|       pointer|
|B_TILES_0_13_14_out         |  out|   32|     ap_none|  B_TILES_0_13_14_out|       pointer|
|B_TILES_0_13_14_out_ap_vld  |  out|    1|     ap_none|  B_TILES_0_13_14_out|       pointer|
|B_TILES_0_13_15_out         |  out|   32|     ap_none|  B_TILES_0_13_15_out|       pointer|
|B_TILES_0_13_15_out_ap_vld  |  out|    1|     ap_none|  B_TILES_0_13_15_out|       pointer|
|B_TILES_0_13_16_out         |  out|   32|     ap_none|  B_TILES_0_13_16_out|       pointer|
|B_TILES_0_13_16_out_ap_vld  |  out|    1|     ap_none|  B_TILES_0_13_16_out|       pointer|
|B_TILES_0_13_17_out         |  out|   32|     ap_none|  B_TILES_0_13_17_out|       pointer|
|B_TILES_0_13_17_out_ap_vld  |  out|    1|     ap_none|  B_TILES_0_13_17_out|       pointer|
|B_TILES_0_13_18_out         |  out|   32|     ap_none|  B_TILES_0_13_18_out|       pointer|
|B_TILES_0_13_18_out_ap_vld  |  out|    1|     ap_none|  B_TILES_0_13_18_out|       pointer|
|B_TILES_0_13_19_out         |  out|   32|     ap_none|  B_TILES_0_13_19_out|       pointer|
|B_TILES_0_13_19_out_ap_vld  |  out|    1|     ap_none|  B_TILES_0_13_19_out|       pointer|
|B_TILES_0_13_20_out         |  out|   32|     ap_none|  B_TILES_0_13_20_out|       pointer|
|B_TILES_0_13_20_out_ap_vld  |  out|    1|     ap_none|  B_TILES_0_13_20_out|       pointer|
|B_TILES_0_13_21_out         |  out|   32|     ap_none|  B_TILES_0_13_21_out|       pointer|
|B_TILES_0_13_21_out_ap_vld  |  out|    1|     ap_none|  B_TILES_0_13_21_out|       pointer|
|B_TILES_0_13_22_out         |  out|   32|     ap_none|  B_TILES_0_13_22_out|       pointer|
|B_TILES_0_13_22_out_ap_vld  |  out|    1|     ap_none|  B_TILES_0_13_22_out|       pointer|
|B_TILES_0_13_23_out         |  out|   32|     ap_none|  B_TILES_0_13_23_out|       pointer|
|B_TILES_0_13_23_out_ap_vld  |  out|    1|     ap_none|  B_TILES_0_13_23_out|       pointer|
|B_TILES_0_13_24_out         |  out|   32|     ap_none|  B_TILES_0_13_24_out|       pointer|
|B_TILES_0_13_24_out_ap_vld  |  out|    1|     ap_none|  B_TILES_0_13_24_out|       pointer|
|B_TILES_0_13_25_out         |  out|   32|     ap_none|  B_TILES_0_13_25_out|       pointer|
|B_TILES_0_13_25_out_ap_vld  |  out|    1|     ap_none|  B_TILES_0_13_25_out|       pointer|
|B_TILES_0_13_26_out         |  out|   32|     ap_none|  B_TILES_0_13_26_out|       pointer|
|B_TILES_0_13_26_out_ap_vld  |  out|    1|     ap_none|  B_TILES_0_13_26_out|       pointer|
|B_TILES_0_13_27_out         |  out|   32|     ap_none|  B_TILES_0_13_27_out|       pointer|
|B_TILES_0_13_27_out_ap_vld  |  out|    1|     ap_none|  B_TILES_0_13_27_out|       pointer|
|B_TILES_0_13_28_out         |  out|   32|     ap_none|  B_TILES_0_13_28_out|       pointer|
|B_TILES_0_13_28_out_ap_vld  |  out|    1|     ap_none|  B_TILES_0_13_28_out|       pointer|
|B_TILES_0_13_29_out         |  out|   32|     ap_none|  B_TILES_0_13_29_out|       pointer|
|B_TILES_0_13_29_out_ap_vld  |  out|    1|     ap_none|  B_TILES_0_13_29_out|       pointer|
|B_TILES_0_13_30_out         |  out|   32|     ap_none|  B_TILES_0_13_30_out|       pointer|
|B_TILES_0_13_30_out_ap_vld  |  out|    1|     ap_none|  B_TILES_0_13_30_out|       pointer|
|B_TILES_0_13_31_out         |  out|   32|     ap_none|  B_TILES_0_13_31_out|       pointer|
|B_TILES_0_13_31_out_ap_vld  |  out|    1|     ap_none|  B_TILES_0_13_31_out|       pointer|
|B_TILES_0_14_0_out          |  out|   32|     ap_none|   B_TILES_0_14_0_out|       pointer|
|B_TILES_0_14_0_out_ap_vld   |  out|    1|     ap_none|   B_TILES_0_14_0_out|       pointer|
|B_TILES_0_14_1_out          |  out|   32|     ap_none|   B_TILES_0_14_1_out|       pointer|
|B_TILES_0_14_1_out_ap_vld   |  out|    1|     ap_none|   B_TILES_0_14_1_out|       pointer|
|B_TILES_0_14_2_out          |  out|   32|     ap_none|   B_TILES_0_14_2_out|       pointer|
|B_TILES_0_14_2_out_ap_vld   |  out|    1|     ap_none|   B_TILES_0_14_2_out|       pointer|
|B_TILES_0_14_3_out          |  out|   32|     ap_none|   B_TILES_0_14_3_out|       pointer|
|B_TILES_0_14_3_out_ap_vld   |  out|    1|     ap_none|   B_TILES_0_14_3_out|       pointer|
|B_TILES_0_14_4_out          |  out|   32|     ap_none|   B_TILES_0_14_4_out|       pointer|
|B_TILES_0_14_4_out_ap_vld   |  out|    1|     ap_none|   B_TILES_0_14_4_out|       pointer|
|B_TILES_0_14_5_out          |  out|   32|     ap_none|   B_TILES_0_14_5_out|       pointer|
|B_TILES_0_14_5_out_ap_vld   |  out|    1|     ap_none|   B_TILES_0_14_5_out|       pointer|
|B_TILES_0_14_6_out          |  out|   32|     ap_none|   B_TILES_0_14_6_out|       pointer|
|B_TILES_0_14_6_out_ap_vld   |  out|    1|     ap_none|   B_TILES_0_14_6_out|       pointer|
|B_TILES_0_14_7_out          |  out|   32|     ap_none|   B_TILES_0_14_7_out|       pointer|
|B_TILES_0_14_7_out_ap_vld   |  out|    1|     ap_none|   B_TILES_0_14_7_out|       pointer|
|B_TILES_0_14_8_out          |  out|   32|     ap_none|   B_TILES_0_14_8_out|       pointer|
|B_TILES_0_14_8_out_ap_vld   |  out|    1|     ap_none|   B_TILES_0_14_8_out|       pointer|
|B_TILES_0_14_9_out          |  out|   32|     ap_none|   B_TILES_0_14_9_out|       pointer|
|B_TILES_0_14_9_out_ap_vld   |  out|    1|     ap_none|   B_TILES_0_14_9_out|       pointer|
|B_TILES_0_14_10_out         |  out|   32|     ap_none|  B_TILES_0_14_10_out|       pointer|
|B_TILES_0_14_10_out_ap_vld  |  out|    1|     ap_none|  B_TILES_0_14_10_out|       pointer|
|B_TILES_0_14_11_out         |  out|   32|     ap_none|  B_TILES_0_14_11_out|       pointer|
|B_TILES_0_14_11_out_ap_vld  |  out|    1|     ap_none|  B_TILES_0_14_11_out|       pointer|
|B_TILES_0_14_12_out         |  out|   32|     ap_none|  B_TILES_0_14_12_out|       pointer|
|B_TILES_0_14_12_out_ap_vld  |  out|    1|     ap_none|  B_TILES_0_14_12_out|       pointer|
|B_TILES_0_14_13_out         |  out|   32|     ap_none|  B_TILES_0_14_13_out|       pointer|
|B_TILES_0_14_13_out_ap_vld  |  out|    1|     ap_none|  B_TILES_0_14_13_out|       pointer|
|B_TILES_0_14_14_out         |  out|   32|     ap_none|  B_TILES_0_14_14_out|       pointer|
|B_TILES_0_14_14_out_ap_vld  |  out|    1|     ap_none|  B_TILES_0_14_14_out|       pointer|
|B_TILES_0_14_15_out         |  out|   32|     ap_none|  B_TILES_0_14_15_out|       pointer|
|B_TILES_0_14_15_out_ap_vld  |  out|    1|     ap_none|  B_TILES_0_14_15_out|       pointer|
|B_TILES_0_14_16_out         |  out|   32|     ap_none|  B_TILES_0_14_16_out|       pointer|
|B_TILES_0_14_16_out_ap_vld  |  out|    1|     ap_none|  B_TILES_0_14_16_out|       pointer|
|B_TILES_0_14_17_out         |  out|   32|     ap_none|  B_TILES_0_14_17_out|       pointer|
|B_TILES_0_14_17_out_ap_vld  |  out|    1|     ap_none|  B_TILES_0_14_17_out|       pointer|
|B_TILES_0_14_18_out         |  out|   32|     ap_none|  B_TILES_0_14_18_out|       pointer|
|B_TILES_0_14_18_out_ap_vld  |  out|    1|     ap_none|  B_TILES_0_14_18_out|       pointer|
|B_TILES_0_14_19_out         |  out|   32|     ap_none|  B_TILES_0_14_19_out|       pointer|
|B_TILES_0_14_19_out_ap_vld  |  out|    1|     ap_none|  B_TILES_0_14_19_out|       pointer|
|B_TILES_0_14_20_out         |  out|   32|     ap_none|  B_TILES_0_14_20_out|       pointer|
|B_TILES_0_14_20_out_ap_vld  |  out|    1|     ap_none|  B_TILES_0_14_20_out|       pointer|
|B_TILES_0_14_21_out         |  out|   32|     ap_none|  B_TILES_0_14_21_out|       pointer|
|B_TILES_0_14_21_out_ap_vld  |  out|    1|     ap_none|  B_TILES_0_14_21_out|       pointer|
|B_TILES_0_14_22_out         |  out|   32|     ap_none|  B_TILES_0_14_22_out|       pointer|
|B_TILES_0_14_22_out_ap_vld  |  out|    1|     ap_none|  B_TILES_0_14_22_out|       pointer|
|B_TILES_0_14_23_out         |  out|   32|     ap_none|  B_TILES_0_14_23_out|       pointer|
|B_TILES_0_14_23_out_ap_vld  |  out|    1|     ap_none|  B_TILES_0_14_23_out|       pointer|
|B_TILES_0_14_24_out         |  out|   32|     ap_none|  B_TILES_0_14_24_out|       pointer|
|B_TILES_0_14_24_out_ap_vld  |  out|    1|     ap_none|  B_TILES_0_14_24_out|       pointer|
|B_TILES_0_14_25_out         |  out|   32|     ap_none|  B_TILES_0_14_25_out|       pointer|
|B_TILES_0_14_25_out_ap_vld  |  out|    1|     ap_none|  B_TILES_0_14_25_out|       pointer|
|B_TILES_0_14_26_out         |  out|   32|     ap_none|  B_TILES_0_14_26_out|       pointer|
|B_TILES_0_14_26_out_ap_vld  |  out|    1|     ap_none|  B_TILES_0_14_26_out|       pointer|
|B_TILES_0_14_27_out         |  out|   32|     ap_none|  B_TILES_0_14_27_out|       pointer|
|B_TILES_0_14_27_out_ap_vld  |  out|    1|     ap_none|  B_TILES_0_14_27_out|       pointer|
|B_TILES_0_14_28_out         |  out|   32|     ap_none|  B_TILES_0_14_28_out|       pointer|
|B_TILES_0_14_28_out_ap_vld  |  out|    1|     ap_none|  B_TILES_0_14_28_out|       pointer|
|B_TILES_0_14_29_out         |  out|   32|     ap_none|  B_TILES_0_14_29_out|       pointer|
|B_TILES_0_14_29_out_ap_vld  |  out|    1|     ap_none|  B_TILES_0_14_29_out|       pointer|
|B_TILES_0_14_30_out         |  out|   32|     ap_none|  B_TILES_0_14_30_out|       pointer|
|B_TILES_0_14_30_out_ap_vld  |  out|    1|     ap_none|  B_TILES_0_14_30_out|       pointer|
|B_TILES_0_14_31_out         |  out|   32|     ap_none|  B_TILES_0_14_31_out|       pointer|
|B_TILES_0_14_31_out_ap_vld  |  out|    1|     ap_none|  B_TILES_0_14_31_out|       pointer|
|B_TILES_0_15_0_out          |  out|   32|     ap_none|   B_TILES_0_15_0_out|       pointer|
|B_TILES_0_15_0_out_ap_vld   |  out|    1|     ap_none|   B_TILES_0_15_0_out|       pointer|
|B_TILES_0_15_1_out          |  out|   32|     ap_none|   B_TILES_0_15_1_out|       pointer|
|B_TILES_0_15_1_out_ap_vld   |  out|    1|     ap_none|   B_TILES_0_15_1_out|       pointer|
|B_TILES_0_15_2_out          |  out|   32|     ap_none|   B_TILES_0_15_2_out|       pointer|
|B_TILES_0_15_2_out_ap_vld   |  out|    1|     ap_none|   B_TILES_0_15_2_out|       pointer|
|B_TILES_0_15_3_out          |  out|   32|     ap_none|   B_TILES_0_15_3_out|       pointer|
|B_TILES_0_15_3_out_ap_vld   |  out|    1|     ap_none|   B_TILES_0_15_3_out|       pointer|
|B_TILES_0_15_4_out          |  out|   32|     ap_none|   B_TILES_0_15_4_out|       pointer|
|B_TILES_0_15_4_out_ap_vld   |  out|    1|     ap_none|   B_TILES_0_15_4_out|       pointer|
|B_TILES_0_15_5_out          |  out|   32|     ap_none|   B_TILES_0_15_5_out|       pointer|
|B_TILES_0_15_5_out_ap_vld   |  out|    1|     ap_none|   B_TILES_0_15_5_out|       pointer|
|B_TILES_0_15_6_out          |  out|   32|     ap_none|   B_TILES_0_15_6_out|       pointer|
|B_TILES_0_15_6_out_ap_vld   |  out|    1|     ap_none|   B_TILES_0_15_6_out|       pointer|
|B_TILES_0_15_7_out          |  out|   32|     ap_none|   B_TILES_0_15_7_out|       pointer|
|B_TILES_0_15_7_out_ap_vld   |  out|    1|     ap_none|   B_TILES_0_15_7_out|       pointer|
|B_TILES_0_15_8_out          |  out|   32|     ap_none|   B_TILES_0_15_8_out|       pointer|
|B_TILES_0_15_8_out_ap_vld   |  out|    1|     ap_none|   B_TILES_0_15_8_out|       pointer|
|B_TILES_0_15_9_out          |  out|   32|     ap_none|   B_TILES_0_15_9_out|       pointer|
|B_TILES_0_15_9_out_ap_vld   |  out|    1|     ap_none|   B_TILES_0_15_9_out|       pointer|
|B_TILES_0_15_10_out         |  out|   32|     ap_none|  B_TILES_0_15_10_out|       pointer|
|B_TILES_0_15_10_out_ap_vld  |  out|    1|     ap_none|  B_TILES_0_15_10_out|       pointer|
|B_TILES_0_15_11_out         |  out|   32|     ap_none|  B_TILES_0_15_11_out|       pointer|
|B_TILES_0_15_11_out_ap_vld  |  out|    1|     ap_none|  B_TILES_0_15_11_out|       pointer|
|B_TILES_0_15_12_out         |  out|   32|     ap_none|  B_TILES_0_15_12_out|       pointer|
|B_TILES_0_15_12_out_ap_vld  |  out|    1|     ap_none|  B_TILES_0_15_12_out|       pointer|
|B_TILES_0_15_13_out         |  out|   32|     ap_none|  B_TILES_0_15_13_out|       pointer|
|B_TILES_0_15_13_out_ap_vld  |  out|    1|     ap_none|  B_TILES_0_15_13_out|       pointer|
|B_TILES_0_15_14_out         |  out|   32|     ap_none|  B_TILES_0_15_14_out|       pointer|
|B_TILES_0_15_14_out_ap_vld  |  out|    1|     ap_none|  B_TILES_0_15_14_out|       pointer|
|B_TILES_0_15_15_out         |  out|   32|     ap_none|  B_TILES_0_15_15_out|       pointer|
|B_TILES_0_15_15_out_ap_vld  |  out|    1|     ap_none|  B_TILES_0_15_15_out|       pointer|
|B_TILES_0_15_16_out         |  out|   32|     ap_none|  B_TILES_0_15_16_out|       pointer|
|B_TILES_0_15_16_out_ap_vld  |  out|    1|     ap_none|  B_TILES_0_15_16_out|       pointer|
|B_TILES_0_15_17_out         |  out|   32|     ap_none|  B_TILES_0_15_17_out|       pointer|
|B_TILES_0_15_17_out_ap_vld  |  out|    1|     ap_none|  B_TILES_0_15_17_out|       pointer|
|B_TILES_0_15_18_out         |  out|   32|     ap_none|  B_TILES_0_15_18_out|       pointer|
|B_TILES_0_15_18_out_ap_vld  |  out|    1|     ap_none|  B_TILES_0_15_18_out|       pointer|
|B_TILES_0_15_19_out         |  out|   32|     ap_none|  B_TILES_0_15_19_out|       pointer|
|B_TILES_0_15_19_out_ap_vld  |  out|    1|     ap_none|  B_TILES_0_15_19_out|       pointer|
|B_TILES_0_15_20_out         |  out|   32|     ap_none|  B_TILES_0_15_20_out|       pointer|
|B_TILES_0_15_20_out_ap_vld  |  out|    1|     ap_none|  B_TILES_0_15_20_out|       pointer|
|B_TILES_0_15_21_out         |  out|   32|     ap_none|  B_TILES_0_15_21_out|       pointer|
|B_TILES_0_15_21_out_ap_vld  |  out|    1|     ap_none|  B_TILES_0_15_21_out|       pointer|
|B_TILES_0_15_22_out         |  out|   32|     ap_none|  B_TILES_0_15_22_out|       pointer|
|B_TILES_0_15_22_out_ap_vld  |  out|    1|     ap_none|  B_TILES_0_15_22_out|       pointer|
|B_TILES_0_15_23_out         |  out|   32|     ap_none|  B_TILES_0_15_23_out|       pointer|
|B_TILES_0_15_23_out_ap_vld  |  out|    1|     ap_none|  B_TILES_0_15_23_out|       pointer|
|B_TILES_0_15_24_out         |  out|   32|     ap_none|  B_TILES_0_15_24_out|       pointer|
|B_TILES_0_15_24_out_ap_vld  |  out|    1|     ap_none|  B_TILES_0_15_24_out|       pointer|
|B_TILES_0_15_25_out         |  out|   32|     ap_none|  B_TILES_0_15_25_out|       pointer|
|B_TILES_0_15_25_out_ap_vld  |  out|    1|     ap_none|  B_TILES_0_15_25_out|       pointer|
|B_TILES_0_15_26_out         |  out|   32|     ap_none|  B_TILES_0_15_26_out|       pointer|
|B_TILES_0_15_26_out_ap_vld  |  out|    1|     ap_none|  B_TILES_0_15_26_out|       pointer|
|B_TILES_0_15_27_out         |  out|   32|     ap_none|  B_TILES_0_15_27_out|       pointer|
|B_TILES_0_15_27_out_ap_vld  |  out|    1|     ap_none|  B_TILES_0_15_27_out|       pointer|
|B_TILES_0_15_28_out         |  out|   32|     ap_none|  B_TILES_0_15_28_out|       pointer|
|B_TILES_0_15_28_out_ap_vld  |  out|    1|     ap_none|  B_TILES_0_15_28_out|       pointer|
|B_TILES_0_15_29_out         |  out|   32|     ap_none|  B_TILES_0_15_29_out|       pointer|
|B_TILES_0_15_29_out_ap_vld  |  out|    1|     ap_none|  B_TILES_0_15_29_out|       pointer|
|B_TILES_0_15_30_out         |  out|   32|     ap_none|  B_TILES_0_15_30_out|       pointer|
|B_TILES_0_15_30_out_ap_vld  |  out|    1|     ap_none|  B_TILES_0_15_30_out|       pointer|
|B_TILES_0_15_31_out         |  out|   32|     ap_none|  B_TILES_0_15_31_out|       pointer|
|B_TILES_0_15_31_out_ap_vld  |  out|    1|     ap_none|  B_TILES_0_15_31_out|       pointer|
|B_TILES_1_0_0_out           |  out|   32|     ap_none|    B_TILES_1_0_0_out|       pointer|
|B_TILES_1_0_0_out_ap_vld    |  out|    1|     ap_none|    B_TILES_1_0_0_out|       pointer|
|B_TILES_1_0_1_out           |  out|   32|     ap_none|    B_TILES_1_0_1_out|       pointer|
|B_TILES_1_0_1_out_ap_vld    |  out|    1|     ap_none|    B_TILES_1_0_1_out|       pointer|
|B_TILES_1_0_2_out           |  out|   32|     ap_none|    B_TILES_1_0_2_out|       pointer|
|B_TILES_1_0_2_out_ap_vld    |  out|    1|     ap_none|    B_TILES_1_0_2_out|       pointer|
|B_TILES_1_0_3_out           |  out|   32|     ap_none|    B_TILES_1_0_3_out|       pointer|
|B_TILES_1_0_3_out_ap_vld    |  out|    1|     ap_none|    B_TILES_1_0_3_out|       pointer|
|B_TILES_1_0_4_out           |  out|   32|     ap_none|    B_TILES_1_0_4_out|       pointer|
|B_TILES_1_0_4_out_ap_vld    |  out|    1|     ap_none|    B_TILES_1_0_4_out|       pointer|
|B_TILES_1_0_5_out           |  out|   32|     ap_none|    B_TILES_1_0_5_out|       pointer|
|B_TILES_1_0_5_out_ap_vld    |  out|    1|     ap_none|    B_TILES_1_0_5_out|       pointer|
|B_TILES_1_0_6_out           |  out|   32|     ap_none|    B_TILES_1_0_6_out|       pointer|
|B_TILES_1_0_6_out_ap_vld    |  out|    1|     ap_none|    B_TILES_1_0_6_out|       pointer|
|B_TILES_1_0_7_out           |  out|   32|     ap_none|    B_TILES_1_0_7_out|       pointer|
|B_TILES_1_0_7_out_ap_vld    |  out|    1|     ap_none|    B_TILES_1_0_7_out|       pointer|
|B_TILES_1_0_8_out           |  out|   32|     ap_none|    B_TILES_1_0_8_out|       pointer|
|B_TILES_1_0_8_out_ap_vld    |  out|    1|     ap_none|    B_TILES_1_0_8_out|       pointer|
|B_TILES_1_0_9_out           |  out|   32|     ap_none|    B_TILES_1_0_9_out|       pointer|
|B_TILES_1_0_9_out_ap_vld    |  out|    1|     ap_none|    B_TILES_1_0_9_out|       pointer|
|B_TILES_1_0_10_out          |  out|   32|     ap_none|   B_TILES_1_0_10_out|       pointer|
|B_TILES_1_0_10_out_ap_vld   |  out|    1|     ap_none|   B_TILES_1_0_10_out|       pointer|
|B_TILES_1_0_11_out          |  out|   32|     ap_none|   B_TILES_1_0_11_out|       pointer|
|B_TILES_1_0_11_out_ap_vld   |  out|    1|     ap_none|   B_TILES_1_0_11_out|       pointer|
|B_TILES_1_0_12_out          |  out|   32|     ap_none|   B_TILES_1_0_12_out|       pointer|
|B_TILES_1_0_12_out_ap_vld   |  out|    1|     ap_none|   B_TILES_1_0_12_out|       pointer|
|B_TILES_1_0_13_out          |  out|   32|     ap_none|   B_TILES_1_0_13_out|       pointer|
|B_TILES_1_0_13_out_ap_vld   |  out|    1|     ap_none|   B_TILES_1_0_13_out|       pointer|
|B_TILES_1_0_14_out          |  out|   32|     ap_none|   B_TILES_1_0_14_out|       pointer|
|B_TILES_1_0_14_out_ap_vld   |  out|    1|     ap_none|   B_TILES_1_0_14_out|       pointer|
|B_TILES_1_0_15_out          |  out|   32|     ap_none|   B_TILES_1_0_15_out|       pointer|
|B_TILES_1_0_15_out_ap_vld   |  out|    1|     ap_none|   B_TILES_1_0_15_out|       pointer|
|B_TILES_1_0_16_out          |  out|   32|     ap_none|   B_TILES_1_0_16_out|       pointer|
|B_TILES_1_0_16_out_ap_vld   |  out|    1|     ap_none|   B_TILES_1_0_16_out|       pointer|
|B_TILES_1_0_17_out          |  out|   32|     ap_none|   B_TILES_1_0_17_out|       pointer|
|B_TILES_1_0_17_out_ap_vld   |  out|    1|     ap_none|   B_TILES_1_0_17_out|       pointer|
|B_TILES_1_0_18_out          |  out|   32|     ap_none|   B_TILES_1_0_18_out|       pointer|
|B_TILES_1_0_18_out_ap_vld   |  out|    1|     ap_none|   B_TILES_1_0_18_out|       pointer|
|B_TILES_1_0_19_out          |  out|   32|     ap_none|   B_TILES_1_0_19_out|       pointer|
|B_TILES_1_0_19_out_ap_vld   |  out|    1|     ap_none|   B_TILES_1_0_19_out|       pointer|
|B_TILES_1_0_20_out          |  out|   32|     ap_none|   B_TILES_1_0_20_out|       pointer|
|B_TILES_1_0_20_out_ap_vld   |  out|    1|     ap_none|   B_TILES_1_0_20_out|       pointer|
|B_TILES_1_0_21_out          |  out|   32|     ap_none|   B_TILES_1_0_21_out|       pointer|
|B_TILES_1_0_21_out_ap_vld   |  out|    1|     ap_none|   B_TILES_1_0_21_out|       pointer|
|B_TILES_1_0_22_out          |  out|   32|     ap_none|   B_TILES_1_0_22_out|       pointer|
|B_TILES_1_0_22_out_ap_vld   |  out|    1|     ap_none|   B_TILES_1_0_22_out|       pointer|
|B_TILES_1_0_23_out          |  out|   32|     ap_none|   B_TILES_1_0_23_out|       pointer|
|B_TILES_1_0_23_out_ap_vld   |  out|    1|     ap_none|   B_TILES_1_0_23_out|       pointer|
|B_TILES_1_0_24_out          |  out|   32|     ap_none|   B_TILES_1_0_24_out|       pointer|
|B_TILES_1_0_24_out_ap_vld   |  out|    1|     ap_none|   B_TILES_1_0_24_out|       pointer|
|B_TILES_1_0_25_out          |  out|   32|     ap_none|   B_TILES_1_0_25_out|       pointer|
|B_TILES_1_0_25_out_ap_vld   |  out|    1|     ap_none|   B_TILES_1_0_25_out|       pointer|
|B_TILES_1_0_26_out          |  out|   32|     ap_none|   B_TILES_1_0_26_out|       pointer|
|B_TILES_1_0_26_out_ap_vld   |  out|    1|     ap_none|   B_TILES_1_0_26_out|       pointer|
|B_TILES_1_0_27_out          |  out|   32|     ap_none|   B_TILES_1_0_27_out|       pointer|
|B_TILES_1_0_27_out_ap_vld   |  out|    1|     ap_none|   B_TILES_1_0_27_out|       pointer|
|B_TILES_1_0_28_out          |  out|   32|     ap_none|   B_TILES_1_0_28_out|       pointer|
|B_TILES_1_0_28_out_ap_vld   |  out|    1|     ap_none|   B_TILES_1_0_28_out|       pointer|
|B_TILES_1_0_29_out          |  out|   32|     ap_none|   B_TILES_1_0_29_out|       pointer|
|B_TILES_1_0_29_out_ap_vld   |  out|    1|     ap_none|   B_TILES_1_0_29_out|       pointer|
|B_TILES_1_0_30_out          |  out|   32|     ap_none|   B_TILES_1_0_30_out|       pointer|
|B_TILES_1_0_30_out_ap_vld   |  out|    1|     ap_none|   B_TILES_1_0_30_out|       pointer|
|B_TILES_1_0_31_out          |  out|   32|     ap_none|   B_TILES_1_0_31_out|       pointer|
|B_TILES_1_0_31_out_ap_vld   |  out|    1|     ap_none|   B_TILES_1_0_31_out|       pointer|
|B_TILES_1_1_0_out           |  out|   32|     ap_none|    B_TILES_1_1_0_out|       pointer|
|B_TILES_1_1_0_out_ap_vld    |  out|    1|     ap_none|    B_TILES_1_1_0_out|       pointer|
|B_TILES_1_1_1_out           |  out|   32|     ap_none|    B_TILES_1_1_1_out|       pointer|
|B_TILES_1_1_1_out_ap_vld    |  out|    1|     ap_none|    B_TILES_1_1_1_out|       pointer|
|B_TILES_1_1_2_out           |  out|   32|     ap_none|    B_TILES_1_1_2_out|       pointer|
|B_TILES_1_1_2_out_ap_vld    |  out|    1|     ap_none|    B_TILES_1_1_2_out|       pointer|
|B_TILES_1_1_3_out           |  out|   32|     ap_none|    B_TILES_1_1_3_out|       pointer|
|B_TILES_1_1_3_out_ap_vld    |  out|    1|     ap_none|    B_TILES_1_1_3_out|       pointer|
|B_TILES_1_1_4_out           |  out|   32|     ap_none|    B_TILES_1_1_4_out|       pointer|
|B_TILES_1_1_4_out_ap_vld    |  out|    1|     ap_none|    B_TILES_1_1_4_out|       pointer|
|B_TILES_1_1_5_out           |  out|   32|     ap_none|    B_TILES_1_1_5_out|       pointer|
|B_TILES_1_1_5_out_ap_vld    |  out|    1|     ap_none|    B_TILES_1_1_5_out|       pointer|
|B_TILES_1_1_6_out           |  out|   32|     ap_none|    B_TILES_1_1_6_out|       pointer|
|B_TILES_1_1_6_out_ap_vld    |  out|    1|     ap_none|    B_TILES_1_1_6_out|       pointer|
|B_TILES_1_1_7_out           |  out|   32|     ap_none|    B_TILES_1_1_7_out|       pointer|
|B_TILES_1_1_7_out_ap_vld    |  out|    1|     ap_none|    B_TILES_1_1_7_out|       pointer|
|B_TILES_1_1_8_out           |  out|   32|     ap_none|    B_TILES_1_1_8_out|       pointer|
|B_TILES_1_1_8_out_ap_vld    |  out|    1|     ap_none|    B_TILES_1_1_8_out|       pointer|
|B_TILES_1_1_9_out           |  out|   32|     ap_none|    B_TILES_1_1_9_out|       pointer|
|B_TILES_1_1_9_out_ap_vld    |  out|    1|     ap_none|    B_TILES_1_1_9_out|       pointer|
|B_TILES_1_1_10_out          |  out|   32|     ap_none|   B_TILES_1_1_10_out|       pointer|
|B_TILES_1_1_10_out_ap_vld   |  out|    1|     ap_none|   B_TILES_1_1_10_out|       pointer|
|B_TILES_1_1_11_out          |  out|   32|     ap_none|   B_TILES_1_1_11_out|       pointer|
|B_TILES_1_1_11_out_ap_vld   |  out|    1|     ap_none|   B_TILES_1_1_11_out|       pointer|
|B_TILES_1_1_12_out          |  out|   32|     ap_none|   B_TILES_1_1_12_out|       pointer|
|B_TILES_1_1_12_out_ap_vld   |  out|    1|     ap_none|   B_TILES_1_1_12_out|       pointer|
|B_TILES_1_1_13_out          |  out|   32|     ap_none|   B_TILES_1_1_13_out|       pointer|
|B_TILES_1_1_13_out_ap_vld   |  out|    1|     ap_none|   B_TILES_1_1_13_out|       pointer|
|B_TILES_1_1_14_out          |  out|   32|     ap_none|   B_TILES_1_1_14_out|       pointer|
|B_TILES_1_1_14_out_ap_vld   |  out|    1|     ap_none|   B_TILES_1_1_14_out|       pointer|
|B_TILES_1_1_15_out          |  out|   32|     ap_none|   B_TILES_1_1_15_out|       pointer|
|B_TILES_1_1_15_out_ap_vld   |  out|    1|     ap_none|   B_TILES_1_1_15_out|       pointer|
|B_TILES_1_1_16_out          |  out|   32|     ap_none|   B_TILES_1_1_16_out|       pointer|
|B_TILES_1_1_16_out_ap_vld   |  out|    1|     ap_none|   B_TILES_1_1_16_out|       pointer|
|B_TILES_1_1_17_out          |  out|   32|     ap_none|   B_TILES_1_1_17_out|       pointer|
|B_TILES_1_1_17_out_ap_vld   |  out|    1|     ap_none|   B_TILES_1_1_17_out|       pointer|
|B_TILES_1_1_18_out          |  out|   32|     ap_none|   B_TILES_1_1_18_out|       pointer|
|B_TILES_1_1_18_out_ap_vld   |  out|    1|     ap_none|   B_TILES_1_1_18_out|       pointer|
|B_TILES_1_1_19_out          |  out|   32|     ap_none|   B_TILES_1_1_19_out|       pointer|
|B_TILES_1_1_19_out_ap_vld   |  out|    1|     ap_none|   B_TILES_1_1_19_out|       pointer|
|B_TILES_1_1_20_out          |  out|   32|     ap_none|   B_TILES_1_1_20_out|       pointer|
|B_TILES_1_1_20_out_ap_vld   |  out|    1|     ap_none|   B_TILES_1_1_20_out|       pointer|
|B_TILES_1_1_21_out          |  out|   32|     ap_none|   B_TILES_1_1_21_out|       pointer|
|B_TILES_1_1_21_out_ap_vld   |  out|    1|     ap_none|   B_TILES_1_1_21_out|       pointer|
|B_TILES_1_1_22_out          |  out|   32|     ap_none|   B_TILES_1_1_22_out|       pointer|
|B_TILES_1_1_22_out_ap_vld   |  out|    1|     ap_none|   B_TILES_1_1_22_out|       pointer|
|B_TILES_1_1_23_out          |  out|   32|     ap_none|   B_TILES_1_1_23_out|       pointer|
|B_TILES_1_1_23_out_ap_vld   |  out|    1|     ap_none|   B_TILES_1_1_23_out|       pointer|
|B_TILES_1_1_24_out          |  out|   32|     ap_none|   B_TILES_1_1_24_out|       pointer|
|B_TILES_1_1_24_out_ap_vld   |  out|    1|     ap_none|   B_TILES_1_1_24_out|       pointer|
|B_TILES_1_1_25_out          |  out|   32|     ap_none|   B_TILES_1_1_25_out|       pointer|
|B_TILES_1_1_25_out_ap_vld   |  out|    1|     ap_none|   B_TILES_1_1_25_out|       pointer|
|B_TILES_1_1_26_out          |  out|   32|     ap_none|   B_TILES_1_1_26_out|       pointer|
|B_TILES_1_1_26_out_ap_vld   |  out|    1|     ap_none|   B_TILES_1_1_26_out|       pointer|
|B_TILES_1_1_27_out          |  out|   32|     ap_none|   B_TILES_1_1_27_out|       pointer|
|B_TILES_1_1_27_out_ap_vld   |  out|    1|     ap_none|   B_TILES_1_1_27_out|       pointer|
|B_TILES_1_1_28_out          |  out|   32|     ap_none|   B_TILES_1_1_28_out|       pointer|
|B_TILES_1_1_28_out_ap_vld   |  out|    1|     ap_none|   B_TILES_1_1_28_out|       pointer|
|B_TILES_1_1_29_out          |  out|   32|     ap_none|   B_TILES_1_1_29_out|       pointer|
|B_TILES_1_1_29_out_ap_vld   |  out|    1|     ap_none|   B_TILES_1_1_29_out|       pointer|
|B_TILES_1_1_30_out          |  out|   32|     ap_none|   B_TILES_1_1_30_out|       pointer|
|B_TILES_1_1_30_out_ap_vld   |  out|    1|     ap_none|   B_TILES_1_1_30_out|       pointer|
|B_TILES_1_1_31_out          |  out|   32|     ap_none|   B_TILES_1_1_31_out|       pointer|
|B_TILES_1_1_31_out_ap_vld   |  out|    1|     ap_none|   B_TILES_1_1_31_out|       pointer|
|B_TILES_1_2_0_out           |  out|   32|     ap_none|    B_TILES_1_2_0_out|       pointer|
|B_TILES_1_2_0_out_ap_vld    |  out|    1|     ap_none|    B_TILES_1_2_0_out|       pointer|
|B_TILES_1_2_1_out           |  out|   32|     ap_none|    B_TILES_1_2_1_out|       pointer|
|B_TILES_1_2_1_out_ap_vld    |  out|    1|     ap_none|    B_TILES_1_2_1_out|       pointer|
|B_TILES_1_2_2_out           |  out|   32|     ap_none|    B_TILES_1_2_2_out|       pointer|
|B_TILES_1_2_2_out_ap_vld    |  out|    1|     ap_none|    B_TILES_1_2_2_out|       pointer|
|B_TILES_1_2_3_out           |  out|   32|     ap_none|    B_TILES_1_2_3_out|       pointer|
|B_TILES_1_2_3_out_ap_vld    |  out|    1|     ap_none|    B_TILES_1_2_3_out|       pointer|
|B_TILES_1_2_4_out           |  out|   32|     ap_none|    B_TILES_1_2_4_out|       pointer|
|B_TILES_1_2_4_out_ap_vld    |  out|    1|     ap_none|    B_TILES_1_2_4_out|       pointer|
|B_TILES_1_2_5_out           |  out|   32|     ap_none|    B_TILES_1_2_5_out|       pointer|
|B_TILES_1_2_5_out_ap_vld    |  out|    1|     ap_none|    B_TILES_1_2_5_out|       pointer|
|B_TILES_1_2_6_out           |  out|   32|     ap_none|    B_TILES_1_2_6_out|       pointer|
|B_TILES_1_2_6_out_ap_vld    |  out|    1|     ap_none|    B_TILES_1_2_6_out|       pointer|
|B_TILES_1_2_7_out           |  out|   32|     ap_none|    B_TILES_1_2_7_out|       pointer|
|B_TILES_1_2_7_out_ap_vld    |  out|    1|     ap_none|    B_TILES_1_2_7_out|       pointer|
|B_TILES_1_2_8_out           |  out|   32|     ap_none|    B_TILES_1_2_8_out|       pointer|
|B_TILES_1_2_8_out_ap_vld    |  out|    1|     ap_none|    B_TILES_1_2_8_out|       pointer|
|B_TILES_1_2_9_out           |  out|   32|     ap_none|    B_TILES_1_2_9_out|       pointer|
|B_TILES_1_2_9_out_ap_vld    |  out|    1|     ap_none|    B_TILES_1_2_9_out|       pointer|
|B_TILES_1_2_10_out          |  out|   32|     ap_none|   B_TILES_1_2_10_out|       pointer|
|B_TILES_1_2_10_out_ap_vld   |  out|    1|     ap_none|   B_TILES_1_2_10_out|       pointer|
|B_TILES_1_2_11_out          |  out|   32|     ap_none|   B_TILES_1_2_11_out|       pointer|
|B_TILES_1_2_11_out_ap_vld   |  out|    1|     ap_none|   B_TILES_1_2_11_out|       pointer|
|B_TILES_1_2_12_out          |  out|   32|     ap_none|   B_TILES_1_2_12_out|       pointer|
|B_TILES_1_2_12_out_ap_vld   |  out|    1|     ap_none|   B_TILES_1_2_12_out|       pointer|
|B_TILES_1_2_13_out          |  out|   32|     ap_none|   B_TILES_1_2_13_out|       pointer|
|B_TILES_1_2_13_out_ap_vld   |  out|    1|     ap_none|   B_TILES_1_2_13_out|       pointer|
|B_TILES_1_2_14_out          |  out|   32|     ap_none|   B_TILES_1_2_14_out|       pointer|
|B_TILES_1_2_14_out_ap_vld   |  out|    1|     ap_none|   B_TILES_1_2_14_out|       pointer|
|B_TILES_1_2_15_out          |  out|   32|     ap_none|   B_TILES_1_2_15_out|       pointer|
|B_TILES_1_2_15_out_ap_vld   |  out|    1|     ap_none|   B_TILES_1_2_15_out|       pointer|
|B_TILES_1_2_16_out          |  out|   32|     ap_none|   B_TILES_1_2_16_out|       pointer|
|B_TILES_1_2_16_out_ap_vld   |  out|    1|     ap_none|   B_TILES_1_2_16_out|       pointer|
|B_TILES_1_2_17_out          |  out|   32|     ap_none|   B_TILES_1_2_17_out|       pointer|
|B_TILES_1_2_17_out_ap_vld   |  out|    1|     ap_none|   B_TILES_1_2_17_out|       pointer|
|B_TILES_1_2_18_out          |  out|   32|     ap_none|   B_TILES_1_2_18_out|       pointer|
|B_TILES_1_2_18_out_ap_vld   |  out|    1|     ap_none|   B_TILES_1_2_18_out|       pointer|
|B_TILES_1_2_19_out          |  out|   32|     ap_none|   B_TILES_1_2_19_out|       pointer|
|B_TILES_1_2_19_out_ap_vld   |  out|    1|     ap_none|   B_TILES_1_2_19_out|       pointer|
|B_TILES_1_2_20_out          |  out|   32|     ap_none|   B_TILES_1_2_20_out|       pointer|
|B_TILES_1_2_20_out_ap_vld   |  out|    1|     ap_none|   B_TILES_1_2_20_out|       pointer|
|B_TILES_1_2_21_out          |  out|   32|     ap_none|   B_TILES_1_2_21_out|       pointer|
|B_TILES_1_2_21_out_ap_vld   |  out|    1|     ap_none|   B_TILES_1_2_21_out|       pointer|
|B_TILES_1_2_22_out          |  out|   32|     ap_none|   B_TILES_1_2_22_out|       pointer|
|B_TILES_1_2_22_out_ap_vld   |  out|    1|     ap_none|   B_TILES_1_2_22_out|       pointer|
|B_TILES_1_2_23_out          |  out|   32|     ap_none|   B_TILES_1_2_23_out|       pointer|
|B_TILES_1_2_23_out_ap_vld   |  out|    1|     ap_none|   B_TILES_1_2_23_out|       pointer|
|B_TILES_1_2_24_out          |  out|   32|     ap_none|   B_TILES_1_2_24_out|       pointer|
|B_TILES_1_2_24_out_ap_vld   |  out|    1|     ap_none|   B_TILES_1_2_24_out|       pointer|
|B_TILES_1_2_25_out          |  out|   32|     ap_none|   B_TILES_1_2_25_out|       pointer|
|B_TILES_1_2_25_out_ap_vld   |  out|    1|     ap_none|   B_TILES_1_2_25_out|       pointer|
|B_TILES_1_2_26_out          |  out|   32|     ap_none|   B_TILES_1_2_26_out|       pointer|
|B_TILES_1_2_26_out_ap_vld   |  out|    1|     ap_none|   B_TILES_1_2_26_out|       pointer|
|B_TILES_1_2_27_out          |  out|   32|     ap_none|   B_TILES_1_2_27_out|       pointer|
|B_TILES_1_2_27_out_ap_vld   |  out|    1|     ap_none|   B_TILES_1_2_27_out|       pointer|
|B_TILES_1_2_28_out          |  out|   32|     ap_none|   B_TILES_1_2_28_out|       pointer|
|B_TILES_1_2_28_out_ap_vld   |  out|    1|     ap_none|   B_TILES_1_2_28_out|       pointer|
|B_TILES_1_2_29_out          |  out|   32|     ap_none|   B_TILES_1_2_29_out|       pointer|
|B_TILES_1_2_29_out_ap_vld   |  out|    1|     ap_none|   B_TILES_1_2_29_out|       pointer|
|B_TILES_1_2_30_out          |  out|   32|     ap_none|   B_TILES_1_2_30_out|       pointer|
|B_TILES_1_2_30_out_ap_vld   |  out|    1|     ap_none|   B_TILES_1_2_30_out|       pointer|
|B_TILES_1_2_31_out          |  out|   32|     ap_none|   B_TILES_1_2_31_out|       pointer|
|B_TILES_1_2_31_out_ap_vld   |  out|    1|     ap_none|   B_TILES_1_2_31_out|       pointer|
|B_TILES_1_3_0_out           |  out|   32|     ap_none|    B_TILES_1_3_0_out|       pointer|
|B_TILES_1_3_0_out_ap_vld    |  out|    1|     ap_none|    B_TILES_1_3_0_out|       pointer|
|B_TILES_1_3_1_out           |  out|   32|     ap_none|    B_TILES_1_3_1_out|       pointer|
|B_TILES_1_3_1_out_ap_vld    |  out|    1|     ap_none|    B_TILES_1_3_1_out|       pointer|
|B_TILES_1_3_2_out           |  out|   32|     ap_none|    B_TILES_1_3_2_out|       pointer|
|B_TILES_1_3_2_out_ap_vld    |  out|    1|     ap_none|    B_TILES_1_3_2_out|       pointer|
|B_TILES_1_3_3_out           |  out|   32|     ap_none|    B_TILES_1_3_3_out|       pointer|
|B_TILES_1_3_3_out_ap_vld    |  out|    1|     ap_none|    B_TILES_1_3_3_out|       pointer|
|B_TILES_1_3_4_out           |  out|   32|     ap_none|    B_TILES_1_3_4_out|       pointer|
|B_TILES_1_3_4_out_ap_vld    |  out|    1|     ap_none|    B_TILES_1_3_4_out|       pointer|
|B_TILES_1_3_5_out           |  out|   32|     ap_none|    B_TILES_1_3_5_out|       pointer|
|B_TILES_1_3_5_out_ap_vld    |  out|    1|     ap_none|    B_TILES_1_3_5_out|       pointer|
|B_TILES_1_3_6_out           |  out|   32|     ap_none|    B_TILES_1_3_6_out|       pointer|
|B_TILES_1_3_6_out_ap_vld    |  out|    1|     ap_none|    B_TILES_1_3_6_out|       pointer|
|B_TILES_1_3_7_out           |  out|   32|     ap_none|    B_TILES_1_3_7_out|       pointer|
|B_TILES_1_3_7_out_ap_vld    |  out|    1|     ap_none|    B_TILES_1_3_7_out|       pointer|
|B_TILES_1_3_8_out           |  out|   32|     ap_none|    B_TILES_1_3_8_out|       pointer|
|B_TILES_1_3_8_out_ap_vld    |  out|    1|     ap_none|    B_TILES_1_3_8_out|       pointer|
|B_TILES_1_3_9_out           |  out|   32|     ap_none|    B_TILES_1_3_9_out|       pointer|
|B_TILES_1_3_9_out_ap_vld    |  out|    1|     ap_none|    B_TILES_1_3_9_out|       pointer|
|B_TILES_1_3_10_out          |  out|   32|     ap_none|   B_TILES_1_3_10_out|       pointer|
|B_TILES_1_3_10_out_ap_vld   |  out|    1|     ap_none|   B_TILES_1_3_10_out|       pointer|
|B_TILES_1_3_11_out          |  out|   32|     ap_none|   B_TILES_1_3_11_out|       pointer|
|B_TILES_1_3_11_out_ap_vld   |  out|    1|     ap_none|   B_TILES_1_3_11_out|       pointer|
|B_TILES_1_3_12_out          |  out|   32|     ap_none|   B_TILES_1_3_12_out|       pointer|
|B_TILES_1_3_12_out_ap_vld   |  out|    1|     ap_none|   B_TILES_1_3_12_out|       pointer|
|B_TILES_1_3_13_out          |  out|   32|     ap_none|   B_TILES_1_3_13_out|       pointer|
|B_TILES_1_3_13_out_ap_vld   |  out|    1|     ap_none|   B_TILES_1_3_13_out|       pointer|
|B_TILES_1_3_14_out          |  out|   32|     ap_none|   B_TILES_1_3_14_out|       pointer|
|B_TILES_1_3_14_out_ap_vld   |  out|    1|     ap_none|   B_TILES_1_3_14_out|       pointer|
|B_TILES_1_3_15_out          |  out|   32|     ap_none|   B_TILES_1_3_15_out|       pointer|
|B_TILES_1_3_15_out_ap_vld   |  out|    1|     ap_none|   B_TILES_1_3_15_out|       pointer|
|B_TILES_1_3_16_out          |  out|   32|     ap_none|   B_TILES_1_3_16_out|       pointer|
|B_TILES_1_3_16_out_ap_vld   |  out|    1|     ap_none|   B_TILES_1_3_16_out|       pointer|
|B_TILES_1_3_17_out          |  out|   32|     ap_none|   B_TILES_1_3_17_out|       pointer|
|B_TILES_1_3_17_out_ap_vld   |  out|    1|     ap_none|   B_TILES_1_3_17_out|       pointer|
|B_TILES_1_3_18_out          |  out|   32|     ap_none|   B_TILES_1_3_18_out|       pointer|
|B_TILES_1_3_18_out_ap_vld   |  out|    1|     ap_none|   B_TILES_1_3_18_out|       pointer|
|B_TILES_1_3_19_out          |  out|   32|     ap_none|   B_TILES_1_3_19_out|       pointer|
|B_TILES_1_3_19_out_ap_vld   |  out|    1|     ap_none|   B_TILES_1_3_19_out|       pointer|
|B_TILES_1_3_20_out          |  out|   32|     ap_none|   B_TILES_1_3_20_out|       pointer|
|B_TILES_1_3_20_out_ap_vld   |  out|    1|     ap_none|   B_TILES_1_3_20_out|       pointer|
|B_TILES_1_3_21_out          |  out|   32|     ap_none|   B_TILES_1_3_21_out|       pointer|
|B_TILES_1_3_21_out_ap_vld   |  out|    1|     ap_none|   B_TILES_1_3_21_out|       pointer|
|B_TILES_1_3_22_out          |  out|   32|     ap_none|   B_TILES_1_3_22_out|       pointer|
|B_TILES_1_3_22_out_ap_vld   |  out|    1|     ap_none|   B_TILES_1_3_22_out|       pointer|
|B_TILES_1_3_23_out          |  out|   32|     ap_none|   B_TILES_1_3_23_out|       pointer|
|B_TILES_1_3_23_out_ap_vld   |  out|    1|     ap_none|   B_TILES_1_3_23_out|       pointer|
|B_TILES_1_3_24_out          |  out|   32|     ap_none|   B_TILES_1_3_24_out|       pointer|
|B_TILES_1_3_24_out_ap_vld   |  out|    1|     ap_none|   B_TILES_1_3_24_out|       pointer|
|B_TILES_1_3_25_out          |  out|   32|     ap_none|   B_TILES_1_3_25_out|       pointer|
|B_TILES_1_3_25_out_ap_vld   |  out|    1|     ap_none|   B_TILES_1_3_25_out|       pointer|
|B_TILES_1_3_26_out          |  out|   32|     ap_none|   B_TILES_1_3_26_out|       pointer|
|B_TILES_1_3_26_out_ap_vld   |  out|    1|     ap_none|   B_TILES_1_3_26_out|       pointer|
|B_TILES_1_3_27_out          |  out|   32|     ap_none|   B_TILES_1_3_27_out|       pointer|
|B_TILES_1_3_27_out_ap_vld   |  out|    1|     ap_none|   B_TILES_1_3_27_out|       pointer|
|B_TILES_1_3_28_out          |  out|   32|     ap_none|   B_TILES_1_3_28_out|       pointer|
|B_TILES_1_3_28_out_ap_vld   |  out|    1|     ap_none|   B_TILES_1_3_28_out|       pointer|
|B_TILES_1_3_29_out          |  out|   32|     ap_none|   B_TILES_1_3_29_out|       pointer|
|B_TILES_1_3_29_out_ap_vld   |  out|    1|     ap_none|   B_TILES_1_3_29_out|       pointer|
|B_TILES_1_3_30_out          |  out|   32|     ap_none|   B_TILES_1_3_30_out|       pointer|
|B_TILES_1_3_30_out_ap_vld   |  out|    1|     ap_none|   B_TILES_1_3_30_out|       pointer|
|B_TILES_1_3_31_out          |  out|   32|     ap_none|   B_TILES_1_3_31_out|       pointer|
|B_TILES_1_3_31_out_ap_vld   |  out|    1|     ap_none|   B_TILES_1_3_31_out|       pointer|
|B_TILES_1_4_0_out           |  out|   32|     ap_none|    B_TILES_1_4_0_out|       pointer|
|B_TILES_1_4_0_out_ap_vld    |  out|    1|     ap_none|    B_TILES_1_4_0_out|       pointer|
|B_TILES_1_4_1_out           |  out|   32|     ap_none|    B_TILES_1_4_1_out|       pointer|
|B_TILES_1_4_1_out_ap_vld    |  out|    1|     ap_none|    B_TILES_1_4_1_out|       pointer|
|B_TILES_1_4_2_out           |  out|   32|     ap_none|    B_TILES_1_4_2_out|       pointer|
|B_TILES_1_4_2_out_ap_vld    |  out|    1|     ap_none|    B_TILES_1_4_2_out|       pointer|
|B_TILES_1_4_3_out           |  out|   32|     ap_none|    B_TILES_1_4_3_out|       pointer|
|B_TILES_1_4_3_out_ap_vld    |  out|    1|     ap_none|    B_TILES_1_4_3_out|       pointer|
|B_TILES_1_4_4_out           |  out|   32|     ap_none|    B_TILES_1_4_4_out|       pointer|
|B_TILES_1_4_4_out_ap_vld    |  out|    1|     ap_none|    B_TILES_1_4_4_out|       pointer|
|B_TILES_1_4_5_out           |  out|   32|     ap_none|    B_TILES_1_4_5_out|       pointer|
|B_TILES_1_4_5_out_ap_vld    |  out|    1|     ap_none|    B_TILES_1_4_5_out|       pointer|
|B_TILES_1_4_6_out           |  out|   32|     ap_none|    B_TILES_1_4_6_out|       pointer|
|B_TILES_1_4_6_out_ap_vld    |  out|    1|     ap_none|    B_TILES_1_4_6_out|       pointer|
|B_TILES_1_4_7_out           |  out|   32|     ap_none|    B_TILES_1_4_7_out|       pointer|
|B_TILES_1_4_7_out_ap_vld    |  out|    1|     ap_none|    B_TILES_1_4_7_out|       pointer|
|B_TILES_1_4_8_out           |  out|   32|     ap_none|    B_TILES_1_4_8_out|       pointer|
|B_TILES_1_4_8_out_ap_vld    |  out|    1|     ap_none|    B_TILES_1_4_8_out|       pointer|
|B_TILES_1_4_9_out           |  out|   32|     ap_none|    B_TILES_1_4_9_out|       pointer|
|B_TILES_1_4_9_out_ap_vld    |  out|    1|     ap_none|    B_TILES_1_4_9_out|       pointer|
|B_TILES_1_4_10_out          |  out|   32|     ap_none|   B_TILES_1_4_10_out|       pointer|
|B_TILES_1_4_10_out_ap_vld   |  out|    1|     ap_none|   B_TILES_1_4_10_out|       pointer|
|B_TILES_1_4_11_out          |  out|   32|     ap_none|   B_TILES_1_4_11_out|       pointer|
|B_TILES_1_4_11_out_ap_vld   |  out|    1|     ap_none|   B_TILES_1_4_11_out|       pointer|
|B_TILES_1_4_12_out          |  out|   32|     ap_none|   B_TILES_1_4_12_out|       pointer|
|B_TILES_1_4_12_out_ap_vld   |  out|    1|     ap_none|   B_TILES_1_4_12_out|       pointer|
|B_TILES_1_4_13_out          |  out|   32|     ap_none|   B_TILES_1_4_13_out|       pointer|
|B_TILES_1_4_13_out_ap_vld   |  out|    1|     ap_none|   B_TILES_1_4_13_out|       pointer|
|B_TILES_1_4_14_out          |  out|   32|     ap_none|   B_TILES_1_4_14_out|       pointer|
|B_TILES_1_4_14_out_ap_vld   |  out|    1|     ap_none|   B_TILES_1_4_14_out|       pointer|
|B_TILES_1_4_15_out          |  out|   32|     ap_none|   B_TILES_1_4_15_out|       pointer|
|B_TILES_1_4_15_out_ap_vld   |  out|    1|     ap_none|   B_TILES_1_4_15_out|       pointer|
|B_TILES_1_4_16_out          |  out|   32|     ap_none|   B_TILES_1_4_16_out|       pointer|
|B_TILES_1_4_16_out_ap_vld   |  out|    1|     ap_none|   B_TILES_1_4_16_out|       pointer|
|B_TILES_1_4_17_out          |  out|   32|     ap_none|   B_TILES_1_4_17_out|       pointer|
|B_TILES_1_4_17_out_ap_vld   |  out|    1|     ap_none|   B_TILES_1_4_17_out|       pointer|
|B_TILES_1_4_18_out          |  out|   32|     ap_none|   B_TILES_1_4_18_out|       pointer|
|B_TILES_1_4_18_out_ap_vld   |  out|    1|     ap_none|   B_TILES_1_4_18_out|       pointer|
|B_TILES_1_4_19_out          |  out|   32|     ap_none|   B_TILES_1_4_19_out|       pointer|
|B_TILES_1_4_19_out_ap_vld   |  out|    1|     ap_none|   B_TILES_1_4_19_out|       pointer|
|B_TILES_1_4_20_out          |  out|   32|     ap_none|   B_TILES_1_4_20_out|       pointer|
|B_TILES_1_4_20_out_ap_vld   |  out|    1|     ap_none|   B_TILES_1_4_20_out|       pointer|
|B_TILES_1_4_21_out          |  out|   32|     ap_none|   B_TILES_1_4_21_out|       pointer|
|B_TILES_1_4_21_out_ap_vld   |  out|    1|     ap_none|   B_TILES_1_4_21_out|       pointer|
|B_TILES_1_4_22_out          |  out|   32|     ap_none|   B_TILES_1_4_22_out|       pointer|
|B_TILES_1_4_22_out_ap_vld   |  out|    1|     ap_none|   B_TILES_1_4_22_out|       pointer|
|B_TILES_1_4_23_out          |  out|   32|     ap_none|   B_TILES_1_4_23_out|       pointer|
|B_TILES_1_4_23_out_ap_vld   |  out|    1|     ap_none|   B_TILES_1_4_23_out|       pointer|
|B_TILES_1_4_24_out          |  out|   32|     ap_none|   B_TILES_1_4_24_out|       pointer|
|B_TILES_1_4_24_out_ap_vld   |  out|    1|     ap_none|   B_TILES_1_4_24_out|       pointer|
|B_TILES_1_4_25_out          |  out|   32|     ap_none|   B_TILES_1_4_25_out|       pointer|
|B_TILES_1_4_25_out_ap_vld   |  out|    1|     ap_none|   B_TILES_1_4_25_out|       pointer|
|B_TILES_1_4_26_out          |  out|   32|     ap_none|   B_TILES_1_4_26_out|       pointer|
|B_TILES_1_4_26_out_ap_vld   |  out|    1|     ap_none|   B_TILES_1_4_26_out|       pointer|
|B_TILES_1_4_27_out          |  out|   32|     ap_none|   B_TILES_1_4_27_out|       pointer|
|B_TILES_1_4_27_out_ap_vld   |  out|    1|     ap_none|   B_TILES_1_4_27_out|       pointer|
|B_TILES_1_4_28_out          |  out|   32|     ap_none|   B_TILES_1_4_28_out|       pointer|
|B_TILES_1_4_28_out_ap_vld   |  out|    1|     ap_none|   B_TILES_1_4_28_out|       pointer|
|B_TILES_1_4_29_out          |  out|   32|     ap_none|   B_TILES_1_4_29_out|       pointer|
|B_TILES_1_4_29_out_ap_vld   |  out|    1|     ap_none|   B_TILES_1_4_29_out|       pointer|
|B_TILES_1_4_30_out          |  out|   32|     ap_none|   B_TILES_1_4_30_out|       pointer|
|B_TILES_1_4_30_out_ap_vld   |  out|    1|     ap_none|   B_TILES_1_4_30_out|       pointer|
|B_TILES_1_4_31_out          |  out|   32|     ap_none|   B_TILES_1_4_31_out|       pointer|
|B_TILES_1_4_31_out_ap_vld   |  out|    1|     ap_none|   B_TILES_1_4_31_out|       pointer|
|B_TILES_1_5_0_out           |  out|   32|     ap_none|    B_TILES_1_5_0_out|       pointer|
|B_TILES_1_5_0_out_ap_vld    |  out|    1|     ap_none|    B_TILES_1_5_0_out|       pointer|
|B_TILES_1_5_1_out           |  out|   32|     ap_none|    B_TILES_1_5_1_out|       pointer|
|B_TILES_1_5_1_out_ap_vld    |  out|    1|     ap_none|    B_TILES_1_5_1_out|       pointer|
|B_TILES_1_5_2_out           |  out|   32|     ap_none|    B_TILES_1_5_2_out|       pointer|
|B_TILES_1_5_2_out_ap_vld    |  out|    1|     ap_none|    B_TILES_1_5_2_out|       pointer|
|B_TILES_1_5_3_out           |  out|   32|     ap_none|    B_TILES_1_5_3_out|       pointer|
|B_TILES_1_5_3_out_ap_vld    |  out|    1|     ap_none|    B_TILES_1_5_3_out|       pointer|
|B_TILES_1_5_4_out           |  out|   32|     ap_none|    B_TILES_1_5_4_out|       pointer|
|B_TILES_1_5_4_out_ap_vld    |  out|    1|     ap_none|    B_TILES_1_5_4_out|       pointer|
|B_TILES_1_5_5_out           |  out|   32|     ap_none|    B_TILES_1_5_5_out|       pointer|
|B_TILES_1_5_5_out_ap_vld    |  out|    1|     ap_none|    B_TILES_1_5_5_out|       pointer|
|B_TILES_1_5_6_out           |  out|   32|     ap_none|    B_TILES_1_5_6_out|       pointer|
|B_TILES_1_5_6_out_ap_vld    |  out|    1|     ap_none|    B_TILES_1_5_6_out|       pointer|
|B_TILES_1_5_7_out           |  out|   32|     ap_none|    B_TILES_1_5_7_out|       pointer|
|B_TILES_1_5_7_out_ap_vld    |  out|    1|     ap_none|    B_TILES_1_5_7_out|       pointer|
|B_TILES_1_5_8_out           |  out|   32|     ap_none|    B_TILES_1_5_8_out|       pointer|
|B_TILES_1_5_8_out_ap_vld    |  out|    1|     ap_none|    B_TILES_1_5_8_out|       pointer|
|B_TILES_1_5_9_out           |  out|   32|     ap_none|    B_TILES_1_5_9_out|       pointer|
|B_TILES_1_5_9_out_ap_vld    |  out|    1|     ap_none|    B_TILES_1_5_9_out|       pointer|
|B_TILES_1_5_10_out          |  out|   32|     ap_none|   B_TILES_1_5_10_out|       pointer|
|B_TILES_1_5_10_out_ap_vld   |  out|    1|     ap_none|   B_TILES_1_5_10_out|       pointer|
|B_TILES_1_5_11_out          |  out|   32|     ap_none|   B_TILES_1_5_11_out|       pointer|
|B_TILES_1_5_11_out_ap_vld   |  out|    1|     ap_none|   B_TILES_1_5_11_out|       pointer|
|B_TILES_1_5_12_out          |  out|   32|     ap_none|   B_TILES_1_5_12_out|       pointer|
|B_TILES_1_5_12_out_ap_vld   |  out|    1|     ap_none|   B_TILES_1_5_12_out|       pointer|
|B_TILES_1_5_13_out          |  out|   32|     ap_none|   B_TILES_1_5_13_out|       pointer|
|B_TILES_1_5_13_out_ap_vld   |  out|    1|     ap_none|   B_TILES_1_5_13_out|       pointer|
|B_TILES_1_5_14_out          |  out|   32|     ap_none|   B_TILES_1_5_14_out|       pointer|
|B_TILES_1_5_14_out_ap_vld   |  out|    1|     ap_none|   B_TILES_1_5_14_out|       pointer|
|B_TILES_1_5_15_out          |  out|   32|     ap_none|   B_TILES_1_5_15_out|       pointer|
|B_TILES_1_5_15_out_ap_vld   |  out|    1|     ap_none|   B_TILES_1_5_15_out|       pointer|
|B_TILES_1_5_16_out          |  out|   32|     ap_none|   B_TILES_1_5_16_out|       pointer|
|B_TILES_1_5_16_out_ap_vld   |  out|    1|     ap_none|   B_TILES_1_5_16_out|       pointer|
|B_TILES_1_5_17_out          |  out|   32|     ap_none|   B_TILES_1_5_17_out|       pointer|
|B_TILES_1_5_17_out_ap_vld   |  out|    1|     ap_none|   B_TILES_1_5_17_out|       pointer|
|B_TILES_1_5_18_out          |  out|   32|     ap_none|   B_TILES_1_5_18_out|       pointer|
|B_TILES_1_5_18_out_ap_vld   |  out|    1|     ap_none|   B_TILES_1_5_18_out|       pointer|
|B_TILES_1_5_19_out          |  out|   32|     ap_none|   B_TILES_1_5_19_out|       pointer|
|B_TILES_1_5_19_out_ap_vld   |  out|    1|     ap_none|   B_TILES_1_5_19_out|       pointer|
|B_TILES_1_5_20_out          |  out|   32|     ap_none|   B_TILES_1_5_20_out|       pointer|
|B_TILES_1_5_20_out_ap_vld   |  out|    1|     ap_none|   B_TILES_1_5_20_out|       pointer|
|B_TILES_1_5_21_out          |  out|   32|     ap_none|   B_TILES_1_5_21_out|       pointer|
|B_TILES_1_5_21_out_ap_vld   |  out|    1|     ap_none|   B_TILES_1_5_21_out|       pointer|
|B_TILES_1_5_22_out          |  out|   32|     ap_none|   B_TILES_1_5_22_out|       pointer|
|B_TILES_1_5_22_out_ap_vld   |  out|    1|     ap_none|   B_TILES_1_5_22_out|       pointer|
|B_TILES_1_5_23_out          |  out|   32|     ap_none|   B_TILES_1_5_23_out|       pointer|
|B_TILES_1_5_23_out_ap_vld   |  out|    1|     ap_none|   B_TILES_1_5_23_out|       pointer|
|B_TILES_1_5_24_out          |  out|   32|     ap_none|   B_TILES_1_5_24_out|       pointer|
|B_TILES_1_5_24_out_ap_vld   |  out|    1|     ap_none|   B_TILES_1_5_24_out|       pointer|
|B_TILES_1_5_25_out          |  out|   32|     ap_none|   B_TILES_1_5_25_out|       pointer|
|B_TILES_1_5_25_out_ap_vld   |  out|    1|     ap_none|   B_TILES_1_5_25_out|       pointer|
|B_TILES_1_5_26_out          |  out|   32|     ap_none|   B_TILES_1_5_26_out|       pointer|
|B_TILES_1_5_26_out_ap_vld   |  out|    1|     ap_none|   B_TILES_1_5_26_out|       pointer|
|B_TILES_1_5_27_out          |  out|   32|     ap_none|   B_TILES_1_5_27_out|       pointer|
|B_TILES_1_5_27_out_ap_vld   |  out|    1|     ap_none|   B_TILES_1_5_27_out|       pointer|
|B_TILES_1_5_28_out          |  out|   32|     ap_none|   B_TILES_1_5_28_out|       pointer|
|B_TILES_1_5_28_out_ap_vld   |  out|    1|     ap_none|   B_TILES_1_5_28_out|       pointer|
|B_TILES_1_5_29_out          |  out|   32|     ap_none|   B_TILES_1_5_29_out|       pointer|
|B_TILES_1_5_29_out_ap_vld   |  out|    1|     ap_none|   B_TILES_1_5_29_out|       pointer|
|B_TILES_1_5_30_out          |  out|   32|     ap_none|   B_TILES_1_5_30_out|       pointer|
|B_TILES_1_5_30_out_ap_vld   |  out|    1|     ap_none|   B_TILES_1_5_30_out|       pointer|
|B_TILES_1_5_31_out          |  out|   32|     ap_none|   B_TILES_1_5_31_out|       pointer|
|B_TILES_1_5_31_out_ap_vld   |  out|    1|     ap_none|   B_TILES_1_5_31_out|       pointer|
|B_TILES_1_6_0_out           |  out|   32|     ap_none|    B_TILES_1_6_0_out|       pointer|
|B_TILES_1_6_0_out_ap_vld    |  out|    1|     ap_none|    B_TILES_1_6_0_out|       pointer|
|B_TILES_1_6_1_out           |  out|   32|     ap_none|    B_TILES_1_6_1_out|       pointer|
|B_TILES_1_6_1_out_ap_vld    |  out|    1|     ap_none|    B_TILES_1_6_1_out|       pointer|
|B_TILES_1_6_2_out           |  out|   32|     ap_none|    B_TILES_1_6_2_out|       pointer|
|B_TILES_1_6_2_out_ap_vld    |  out|    1|     ap_none|    B_TILES_1_6_2_out|       pointer|
|B_TILES_1_6_3_out           |  out|   32|     ap_none|    B_TILES_1_6_3_out|       pointer|
|B_TILES_1_6_3_out_ap_vld    |  out|    1|     ap_none|    B_TILES_1_6_3_out|       pointer|
|B_TILES_1_6_4_out           |  out|   32|     ap_none|    B_TILES_1_6_4_out|       pointer|
|B_TILES_1_6_4_out_ap_vld    |  out|    1|     ap_none|    B_TILES_1_6_4_out|       pointer|
|B_TILES_1_6_5_out           |  out|   32|     ap_none|    B_TILES_1_6_5_out|       pointer|
|B_TILES_1_6_5_out_ap_vld    |  out|    1|     ap_none|    B_TILES_1_6_5_out|       pointer|
|B_TILES_1_6_6_out           |  out|   32|     ap_none|    B_TILES_1_6_6_out|       pointer|
|B_TILES_1_6_6_out_ap_vld    |  out|    1|     ap_none|    B_TILES_1_6_6_out|       pointer|
|B_TILES_1_6_7_out           |  out|   32|     ap_none|    B_TILES_1_6_7_out|       pointer|
|B_TILES_1_6_7_out_ap_vld    |  out|    1|     ap_none|    B_TILES_1_6_7_out|       pointer|
|B_TILES_1_6_8_out           |  out|   32|     ap_none|    B_TILES_1_6_8_out|       pointer|
|B_TILES_1_6_8_out_ap_vld    |  out|    1|     ap_none|    B_TILES_1_6_8_out|       pointer|
|B_TILES_1_6_9_out           |  out|   32|     ap_none|    B_TILES_1_6_9_out|       pointer|
|B_TILES_1_6_9_out_ap_vld    |  out|    1|     ap_none|    B_TILES_1_6_9_out|       pointer|
|B_TILES_1_6_10_out          |  out|   32|     ap_none|   B_TILES_1_6_10_out|       pointer|
|B_TILES_1_6_10_out_ap_vld   |  out|    1|     ap_none|   B_TILES_1_6_10_out|       pointer|
|B_TILES_1_6_11_out          |  out|   32|     ap_none|   B_TILES_1_6_11_out|       pointer|
|B_TILES_1_6_11_out_ap_vld   |  out|    1|     ap_none|   B_TILES_1_6_11_out|       pointer|
|B_TILES_1_6_12_out          |  out|   32|     ap_none|   B_TILES_1_6_12_out|       pointer|
|B_TILES_1_6_12_out_ap_vld   |  out|    1|     ap_none|   B_TILES_1_6_12_out|       pointer|
|B_TILES_1_6_13_out          |  out|   32|     ap_none|   B_TILES_1_6_13_out|       pointer|
|B_TILES_1_6_13_out_ap_vld   |  out|    1|     ap_none|   B_TILES_1_6_13_out|       pointer|
|B_TILES_1_6_14_out          |  out|   32|     ap_none|   B_TILES_1_6_14_out|       pointer|
|B_TILES_1_6_14_out_ap_vld   |  out|    1|     ap_none|   B_TILES_1_6_14_out|       pointer|
|B_TILES_1_6_15_out          |  out|   32|     ap_none|   B_TILES_1_6_15_out|       pointer|
|B_TILES_1_6_15_out_ap_vld   |  out|    1|     ap_none|   B_TILES_1_6_15_out|       pointer|
|B_TILES_1_6_16_out          |  out|   32|     ap_none|   B_TILES_1_6_16_out|       pointer|
|B_TILES_1_6_16_out_ap_vld   |  out|    1|     ap_none|   B_TILES_1_6_16_out|       pointer|
|B_TILES_1_6_17_out          |  out|   32|     ap_none|   B_TILES_1_6_17_out|       pointer|
|B_TILES_1_6_17_out_ap_vld   |  out|    1|     ap_none|   B_TILES_1_6_17_out|       pointer|
|B_TILES_1_6_18_out          |  out|   32|     ap_none|   B_TILES_1_6_18_out|       pointer|
|B_TILES_1_6_18_out_ap_vld   |  out|    1|     ap_none|   B_TILES_1_6_18_out|       pointer|
|B_TILES_1_6_19_out          |  out|   32|     ap_none|   B_TILES_1_6_19_out|       pointer|
|B_TILES_1_6_19_out_ap_vld   |  out|    1|     ap_none|   B_TILES_1_6_19_out|       pointer|
|B_TILES_1_6_20_out          |  out|   32|     ap_none|   B_TILES_1_6_20_out|       pointer|
|B_TILES_1_6_20_out_ap_vld   |  out|    1|     ap_none|   B_TILES_1_6_20_out|       pointer|
|B_TILES_1_6_21_out          |  out|   32|     ap_none|   B_TILES_1_6_21_out|       pointer|
|B_TILES_1_6_21_out_ap_vld   |  out|    1|     ap_none|   B_TILES_1_6_21_out|       pointer|
|B_TILES_1_6_22_out          |  out|   32|     ap_none|   B_TILES_1_6_22_out|       pointer|
|B_TILES_1_6_22_out_ap_vld   |  out|    1|     ap_none|   B_TILES_1_6_22_out|       pointer|
|B_TILES_1_6_23_out          |  out|   32|     ap_none|   B_TILES_1_6_23_out|       pointer|
|B_TILES_1_6_23_out_ap_vld   |  out|    1|     ap_none|   B_TILES_1_6_23_out|       pointer|
|B_TILES_1_6_24_out          |  out|   32|     ap_none|   B_TILES_1_6_24_out|       pointer|
|B_TILES_1_6_24_out_ap_vld   |  out|    1|     ap_none|   B_TILES_1_6_24_out|       pointer|
|B_TILES_1_6_25_out          |  out|   32|     ap_none|   B_TILES_1_6_25_out|       pointer|
|B_TILES_1_6_25_out_ap_vld   |  out|    1|     ap_none|   B_TILES_1_6_25_out|       pointer|
|B_TILES_1_6_26_out          |  out|   32|     ap_none|   B_TILES_1_6_26_out|       pointer|
|B_TILES_1_6_26_out_ap_vld   |  out|    1|     ap_none|   B_TILES_1_6_26_out|       pointer|
|B_TILES_1_6_27_out          |  out|   32|     ap_none|   B_TILES_1_6_27_out|       pointer|
|B_TILES_1_6_27_out_ap_vld   |  out|    1|     ap_none|   B_TILES_1_6_27_out|       pointer|
|B_TILES_1_6_28_out          |  out|   32|     ap_none|   B_TILES_1_6_28_out|       pointer|
|B_TILES_1_6_28_out_ap_vld   |  out|    1|     ap_none|   B_TILES_1_6_28_out|       pointer|
|B_TILES_1_6_29_out          |  out|   32|     ap_none|   B_TILES_1_6_29_out|       pointer|
|B_TILES_1_6_29_out_ap_vld   |  out|    1|     ap_none|   B_TILES_1_6_29_out|       pointer|
|B_TILES_1_6_30_out          |  out|   32|     ap_none|   B_TILES_1_6_30_out|       pointer|
|B_TILES_1_6_30_out_ap_vld   |  out|    1|     ap_none|   B_TILES_1_6_30_out|       pointer|
|B_TILES_1_6_31_out          |  out|   32|     ap_none|   B_TILES_1_6_31_out|       pointer|
|B_TILES_1_6_31_out_ap_vld   |  out|    1|     ap_none|   B_TILES_1_6_31_out|       pointer|
|B_TILES_1_7_0_out           |  out|   32|     ap_none|    B_TILES_1_7_0_out|       pointer|
|B_TILES_1_7_0_out_ap_vld    |  out|    1|     ap_none|    B_TILES_1_7_0_out|       pointer|
|B_TILES_1_7_1_out           |  out|   32|     ap_none|    B_TILES_1_7_1_out|       pointer|
|B_TILES_1_7_1_out_ap_vld    |  out|    1|     ap_none|    B_TILES_1_7_1_out|       pointer|
|B_TILES_1_7_2_out           |  out|   32|     ap_none|    B_TILES_1_7_2_out|       pointer|
|B_TILES_1_7_2_out_ap_vld    |  out|    1|     ap_none|    B_TILES_1_7_2_out|       pointer|
|B_TILES_1_7_3_out           |  out|   32|     ap_none|    B_TILES_1_7_3_out|       pointer|
|B_TILES_1_7_3_out_ap_vld    |  out|    1|     ap_none|    B_TILES_1_7_3_out|       pointer|
|B_TILES_1_7_4_out           |  out|   32|     ap_none|    B_TILES_1_7_4_out|       pointer|
|B_TILES_1_7_4_out_ap_vld    |  out|    1|     ap_none|    B_TILES_1_7_4_out|       pointer|
|B_TILES_1_7_5_out           |  out|   32|     ap_none|    B_TILES_1_7_5_out|       pointer|
|B_TILES_1_7_5_out_ap_vld    |  out|    1|     ap_none|    B_TILES_1_7_5_out|       pointer|
|B_TILES_1_7_6_out           |  out|   32|     ap_none|    B_TILES_1_7_6_out|       pointer|
|B_TILES_1_7_6_out_ap_vld    |  out|    1|     ap_none|    B_TILES_1_7_6_out|       pointer|
|B_TILES_1_7_7_out           |  out|   32|     ap_none|    B_TILES_1_7_7_out|       pointer|
|B_TILES_1_7_7_out_ap_vld    |  out|    1|     ap_none|    B_TILES_1_7_7_out|       pointer|
|B_TILES_1_7_8_out           |  out|   32|     ap_none|    B_TILES_1_7_8_out|       pointer|
|B_TILES_1_7_8_out_ap_vld    |  out|    1|     ap_none|    B_TILES_1_7_8_out|       pointer|
|B_TILES_1_7_9_out           |  out|   32|     ap_none|    B_TILES_1_7_9_out|       pointer|
|B_TILES_1_7_9_out_ap_vld    |  out|    1|     ap_none|    B_TILES_1_7_9_out|       pointer|
|B_TILES_1_7_10_out          |  out|   32|     ap_none|   B_TILES_1_7_10_out|       pointer|
|B_TILES_1_7_10_out_ap_vld   |  out|    1|     ap_none|   B_TILES_1_7_10_out|       pointer|
|B_TILES_1_7_11_out          |  out|   32|     ap_none|   B_TILES_1_7_11_out|       pointer|
|B_TILES_1_7_11_out_ap_vld   |  out|    1|     ap_none|   B_TILES_1_7_11_out|       pointer|
|B_TILES_1_7_12_out          |  out|   32|     ap_none|   B_TILES_1_7_12_out|       pointer|
|B_TILES_1_7_12_out_ap_vld   |  out|    1|     ap_none|   B_TILES_1_7_12_out|       pointer|
|B_TILES_1_7_13_out          |  out|   32|     ap_none|   B_TILES_1_7_13_out|       pointer|
|B_TILES_1_7_13_out_ap_vld   |  out|    1|     ap_none|   B_TILES_1_7_13_out|       pointer|
|B_TILES_1_7_14_out          |  out|   32|     ap_none|   B_TILES_1_7_14_out|       pointer|
|B_TILES_1_7_14_out_ap_vld   |  out|    1|     ap_none|   B_TILES_1_7_14_out|       pointer|
|B_TILES_1_7_15_out          |  out|   32|     ap_none|   B_TILES_1_7_15_out|       pointer|
|B_TILES_1_7_15_out_ap_vld   |  out|    1|     ap_none|   B_TILES_1_7_15_out|       pointer|
|B_TILES_1_7_16_out          |  out|   32|     ap_none|   B_TILES_1_7_16_out|       pointer|
|B_TILES_1_7_16_out_ap_vld   |  out|    1|     ap_none|   B_TILES_1_7_16_out|       pointer|
|B_TILES_1_7_17_out          |  out|   32|     ap_none|   B_TILES_1_7_17_out|       pointer|
|B_TILES_1_7_17_out_ap_vld   |  out|    1|     ap_none|   B_TILES_1_7_17_out|       pointer|
|B_TILES_1_7_18_out          |  out|   32|     ap_none|   B_TILES_1_7_18_out|       pointer|
|B_TILES_1_7_18_out_ap_vld   |  out|    1|     ap_none|   B_TILES_1_7_18_out|       pointer|
|B_TILES_1_7_19_out          |  out|   32|     ap_none|   B_TILES_1_7_19_out|       pointer|
|B_TILES_1_7_19_out_ap_vld   |  out|    1|     ap_none|   B_TILES_1_7_19_out|       pointer|
|B_TILES_1_7_20_out          |  out|   32|     ap_none|   B_TILES_1_7_20_out|       pointer|
|B_TILES_1_7_20_out_ap_vld   |  out|    1|     ap_none|   B_TILES_1_7_20_out|       pointer|
|B_TILES_1_7_21_out          |  out|   32|     ap_none|   B_TILES_1_7_21_out|       pointer|
|B_TILES_1_7_21_out_ap_vld   |  out|    1|     ap_none|   B_TILES_1_7_21_out|       pointer|
|B_TILES_1_7_22_out          |  out|   32|     ap_none|   B_TILES_1_7_22_out|       pointer|
|B_TILES_1_7_22_out_ap_vld   |  out|    1|     ap_none|   B_TILES_1_7_22_out|       pointer|
|B_TILES_1_7_23_out          |  out|   32|     ap_none|   B_TILES_1_7_23_out|       pointer|
|B_TILES_1_7_23_out_ap_vld   |  out|    1|     ap_none|   B_TILES_1_7_23_out|       pointer|
|B_TILES_1_7_24_out          |  out|   32|     ap_none|   B_TILES_1_7_24_out|       pointer|
|B_TILES_1_7_24_out_ap_vld   |  out|    1|     ap_none|   B_TILES_1_7_24_out|       pointer|
|B_TILES_1_7_25_out          |  out|   32|     ap_none|   B_TILES_1_7_25_out|       pointer|
|B_TILES_1_7_25_out_ap_vld   |  out|    1|     ap_none|   B_TILES_1_7_25_out|       pointer|
|B_TILES_1_7_26_out          |  out|   32|     ap_none|   B_TILES_1_7_26_out|       pointer|
|B_TILES_1_7_26_out_ap_vld   |  out|    1|     ap_none|   B_TILES_1_7_26_out|       pointer|
|B_TILES_1_7_27_out          |  out|   32|     ap_none|   B_TILES_1_7_27_out|       pointer|
|B_TILES_1_7_27_out_ap_vld   |  out|    1|     ap_none|   B_TILES_1_7_27_out|       pointer|
|B_TILES_1_7_28_out          |  out|   32|     ap_none|   B_TILES_1_7_28_out|       pointer|
|B_TILES_1_7_28_out_ap_vld   |  out|    1|     ap_none|   B_TILES_1_7_28_out|       pointer|
|B_TILES_1_7_29_out          |  out|   32|     ap_none|   B_TILES_1_7_29_out|       pointer|
|B_TILES_1_7_29_out_ap_vld   |  out|    1|     ap_none|   B_TILES_1_7_29_out|       pointer|
|B_TILES_1_7_30_out          |  out|   32|     ap_none|   B_TILES_1_7_30_out|       pointer|
|B_TILES_1_7_30_out_ap_vld   |  out|    1|     ap_none|   B_TILES_1_7_30_out|       pointer|
|B_TILES_1_7_31_out          |  out|   32|     ap_none|   B_TILES_1_7_31_out|       pointer|
|B_TILES_1_7_31_out_ap_vld   |  out|    1|     ap_none|   B_TILES_1_7_31_out|       pointer|
|B_TILES_1_8_0_out           |  out|   32|     ap_none|    B_TILES_1_8_0_out|       pointer|
|B_TILES_1_8_0_out_ap_vld    |  out|    1|     ap_none|    B_TILES_1_8_0_out|       pointer|
|B_TILES_1_8_1_out           |  out|   32|     ap_none|    B_TILES_1_8_1_out|       pointer|
|B_TILES_1_8_1_out_ap_vld    |  out|    1|     ap_none|    B_TILES_1_8_1_out|       pointer|
|B_TILES_1_8_2_out           |  out|   32|     ap_none|    B_TILES_1_8_2_out|       pointer|
|B_TILES_1_8_2_out_ap_vld    |  out|    1|     ap_none|    B_TILES_1_8_2_out|       pointer|
|B_TILES_1_8_3_out           |  out|   32|     ap_none|    B_TILES_1_8_3_out|       pointer|
|B_TILES_1_8_3_out_ap_vld    |  out|    1|     ap_none|    B_TILES_1_8_3_out|       pointer|
|B_TILES_1_8_4_out           |  out|   32|     ap_none|    B_TILES_1_8_4_out|       pointer|
|B_TILES_1_8_4_out_ap_vld    |  out|    1|     ap_none|    B_TILES_1_8_4_out|       pointer|
|B_TILES_1_8_5_out           |  out|   32|     ap_none|    B_TILES_1_8_5_out|       pointer|
|B_TILES_1_8_5_out_ap_vld    |  out|    1|     ap_none|    B_TILES_1_8_5_out|       pointer|
|B_TILES_1_8_6_out           |  out|   32|     ap_none|    B_TILES_1_8_6_out|       pointer|
|B_TILES_1_8_6_out_ap_vld    |  out|    1|     ap_none|    B_TILES_1_8_6_out|       pointer|
|B_TILES_1_8_7_out           |  out|   32|     ap_none|    B_TILES_1_8_7_out|       pointer|
|B_TILES_1_8_7_out_ap_vld    |  out|    1|     ap_none|    B_TILES_1_8_7_out|       pointer|
|B_TILES_1_8_8_out           |  out|   32|     ap_none|    B_TILES_1_8_8_out|       pointer|
|B_TILES_1_8_8_out_ap_vld    |  out|    1|     ap_none|    B_TILES_1_8_8_out|       pointer|
|B_TILES_1_8_9_out           |  out|   32|     ap_none|    B_TILES_1_8_9_out|       pointer|
|B_TILES_1_8_9_out_ap_vld    |  out|    1|     ap_none|    B_TILES_1_8_9_out|       pointer|
|B_TILES_1_8_10_out          |  out|   32|     ap_none|   B_TILES_1_8_10_out|       pointer|
|B_TILES_1_8_10_out_ap_vld   |  out|    1|     ap_none|   B_TILES_1_8_10_out|       pointer|
|B_TILES_1_8_11_out          |  out|   32|     ap_none|   B_TILES_1_8_11_out|       pointer|
|B_TILES_1_8_11_out_ap_vld   |  out|    1|     ap_none|   B_TILES_1_8_11_out|       pointer|
|B_TILES_1_8_12_out          |  out|   32|     ap_none|   B_TILES_1_8_12_out|       pointer|
|B_TILES_1_8_12_out_ap_vld   |  out|    1|     ap_none|   B_TILES_1_8_12_out|       pointer|
|B_TILES_1_8_13_out          |  out|   32|     ap_none|   B_TILES_1_8_13_out|       pointer|
|B_TILES_1_8_13_out_ap_vld   |  out|    1|     ap_none|   B_TILES_1_8_13_out|       pointer|
|B_TILES_1_8_14_out          |  out|   32|     ap_none|   B_TILES_1_8_14_out|       pointer|
|B_TILES_1_8_14_out_ap_vld   |  out|    1|     ap_none|   B_TILES_1_8_14_out|       pointer|
|B_TILES_1_8_15_out          |  out|   32|     ap_none|   B_TILES_1_8_15_out|       pointer|
|B_TILES_1_8_15_out_ap_vld   |  out|    1|     ap_none|   B_TILES_1_8_15_out|       pointer|
|B_TILES_1_8_16_out          |  out|   32|     ap_none|   B_TILES_1_8_16_out|       pointer|
|B_TILES_1_8_16_out_ap_vld   |  out|    1|     ap_none|   B_TILES_1_8_16_out|       pointer|
|B_TILES_1_8_17_out          |  out|   32|     ap_none|   B_TILES_1_8_17_out|       pointer|
|B_TILES_1_8_17_out_ap_vld   |  out|    1|     ap_none|   B_TILES_1_8_17_out|       pointer|
|B_TILES_1_8_18_out          |  out|   32|     ap_none|   B_TILES_1_8_18_out|       pointer|
|B_TILES_1_8_18_out_ap_vld   |  out|    1|     ap_none|   B_TILES_1_8_18_out|       pointer|
|B_TILES_1_8_19_out          |  out|   32|     ap_none|   B_TILES_1_8_19_out|       pointer|
|B_TILES_1_8_19_out_ap_vld   |  out|    1|     ap_none|   B_TILES_1_8_19_out|       pointer|
|B_TILES_1_8_20_out          |  out|   32|     ap_none|   B_TILES_1_8_20_out|       pointer|
|B_TILES_1_8_20_out_ap_vld   |  out|    1|     ap_none|   B_TILES_1_8_20_out|       pointer|
|B_TILES_1_8_21_out          |  out|   32|     ap_none|   B_TILES_1_8_21_out|       pointer|
|B_TILES_1_8_21_out_ap_vld   |  out|    1|     ap_none|   B_TILES_1_8_21_out|       pointer|
|B_TILES_1_8_22_out          |  out|   32|     ap_none|   B_TILES_1_8_22_out|       pointer|
|B_TILES_1_8_22_out_ap_vld   |  out|    1|     ap_none|   B_TILES_1_8_22_out|       pointer|
|B_TILES_1_8_23_out          |  out|   32|     ap_none|   B_TILES_1_8_23_out|       pointer|
|B_TILES_1_8_23_out_ap_vld   |  out|    1|     ap_none|   B_TILES_1_8_23_out|       pointer|
|B_TILES_1_8_24_out          |  out|   32|     ap_none|   B_TILES_1_8_24_out|       pointer|
|B_TILES_1_8_24_out_ap_vld   |  out|    1|     ap_none|   B_TILES_1_8_24_out|       pointer|
|B_TILES_1_8_25_out          |  out|   32|     ap_none|   B_TILES_1_8_25_out|       pointer|
|B_TILES_1_8_25_out_ap_vld   |  out|    1|     ap_none|   B_TILES_1_8_25_out|       pointer|
|B_TILES_1_8_26_out          |  out|   32|     ap_none|   B_TILES_1_8_26_out|       pointer|
|B_TILES_1_8_26_out_ap_vld   |  out|    1|     ap_none|   B_TILES_1_8_26_out|       pointer|
|B_TILES_1_8_27_out          |  out|   32|     ap_none|   B_TILES_1_8_27_out|       pointer|
|B_TILES_1_8_27_out_ap_vld   |  out|    1|     ap_none|   B_TILES_1_8_27_out|       pointer|
|B_TILES_1_8_28_out          |  out|   32|     ap_none|   B_TILES_1_8_28_out|       pointer|
|B_TILES_1_8_28_out_ap_vld   |  out|    1|     ap_none|   B_TILES_1_8_28_out|       pointer|
|B_TILES_1_8_29_out          |  out|   32|     ap_none|   B_TILES_1_8_29_out|       pointer|
|B_TILES_1_8_29_out_ap_vld   |  out|    1|     ap_none|   B_TILES_1_8_29_out|       pointer|
|B_TILES_1_8_30_out          |  out|   32|     ap_none|   B_TILES_1_8_30_out|       pointer|
|B_TILES_1_8_30_out_ap_vld   |  out|    1|     ap_none|   B_TILES_1_8_30_out|       pointer|
|B_TILES_1_8_31_out          |  out|   32|     ap_none|   B_TILES_1_8_31_out|       pointer|
|B_TILES_1_8_31_out_ap_vld   |  out|    1|     ap_none|   B_TILES_1_8_31_out|       pointer|
|B_TILES_1_9_0_out           |  out|   32|     ap_none|    B_TILES_1_9_0_out|       pointer|
|B_TILES_1_9_0_out_ap_vld    |  out|    1|     ap_none|    B_TILES_1_9_0_out|       pointer|
|B_TILES_1_9_1_out           |  out|   32|     ap_none|    B_TILES_1_9_1_out|       pointer|
|B_TILES_1_9_1_out_ap_vld    |  out|    1|     ap_none|    B_TILES_1_9_1_out|       pointer|
|B_TILES_1_9_2_out           |  out|   32|     ap_none|    B_TILES_1_9_2_out|       pointer|
|B_TILES_1_9_2_out_ap_vld    |  out|    1|     ap_none|    B_TILES_1_9_2_out|       pointer|
|B_TILES_1_9_3_out           |  out|   32|     ap_none|    B_TILES_1_9_3_out|       pointer|
|B_TILES_1_9_3_out_ap_vld    |  out|    1|     ap_none|    B_TILES_1_9_3_out|       pointer|
|B_TILES_1_9_4_out           |  out|   32|     ap_none|    B_TILES_1_9_4_out|       pointer|
|B_TILES_1_9_4_out_ap_vld    |  out|    1|     ap_none|    B_TILES_1_9_4_out|       pointer|
|B_TILES_1_9_5_out           |  out|   32|     ap_none|    B_TILES_1_9_5_out|       pointer|
|B_TILES_1_9_5_out_ap_vld    |  out|    1|     ap_none|    B_TILES_1_9_5_out|       pointer|
|B_TILES_1_9_6_out           |  out|   32|     ap_none|    B_TILES_1_9_6_out|       pointer|
|B_TILES_1_9_6_out_ap_vld    |  out|    1|     ap_none|    B_TILES_1_9_6_out|       pointer|
|B_TILES_1_9_7_out           |  out|   32|     ap_none|    B_TILES_1_9_7_out|       pointer|
|B_TILES_1_9_7_out_ap_vld    |  out|    1|     ap_none|    B_TILES_1_9_7_out|       pointer|
|B_TILES_1_9_8_out           |  out|   32|     ap_none|    B_TILES_1_9_8_out|       pointer|
|B_TILES_1_9_8_out_ap_vld    |  out|    1|     ap_none|    B_TILES_1_9_8_out|       pointer|
|B_TILES_1_9_9_out           |  out|   32|     ap_none|    B_TILES_1_9_9_out|       pointer|
|B_TILES_1_9_9_out_ap_vld    |  out|    1|     ap_none|    B_TILES_1_9_9_out|       pointer|
|B_TILES_1_9_10_out          |  out|   32|     ap_none|   B_TILES_1_9_10_out|       pointer|
|B_TILES_1_9_10_out_ap_vld   |  out|    1|     ap_none|   B_TILES_1_9_10_out|       pointer|
|B_TILES_1_9_11_out          |  out|   32|     ap_none|   B_TILES_1_9_11_out|       pointer|
|B_TILES_1_9_11_out_ap_vld   |  out|    1|     ap_none|   B_TILES_1_9_11_out|       pointer|
|B_TILES_1_9_12_out          |  out|   32|     ap_none|   B_TILES_1_9_12_out|       pointer|
|B_TILES_1_9_12_out_ap_vld   |  out|    1|     ap_none|   B_TILES_1_9_12_out|       pointer|
|B_TILES_1_9_13_out          |  out|   32|     ap_none|   B_TILES_1_9_13_out|       pointer|
|B_TILES_1_9_13_out_ap_vld   |  out|    1|     ap_none|   B_TILES_1_9_13_out|       pointer|
|B_TILES_1_9_14_out          |  out|   32|     ap_none|   B_TILES_1_9_14_out|       pointer|
|B_TILES_1_9_14_out_ap_vld   |  out|    1|     ap_none|   B_TILES_1_9_14_out|       pointer|
|B_TILES_1_9_15_out          |  out|   32|     ap_none|   B_TILES_1_9_15_out|       pointer|
|B_TILES_1_9_15_out_ap_vld   |  out|    1|     ap_none|   B_TILES_1_9_15_out|       pointer|
|B_TILES_1_9_16_out          |  out|   32|     ap_none|   B_TILES_1_9_16_out|       pointer|
|B_TILES_1_9_16_out_ap_vld   |  out|    1|     ap_none|   B_TILES_1_9_16_out|       pointer|
|B_TILES_1_9_17_out          |  out|   32|     ap_none|   B_TILES_1_9_17_out|       pointer|
|B_TILES_1_9_17_out_ap_vld   |  out|    1|     ap_none|   B_TILES_1_9_17_out|       pointer|
|B_TILES_1_9_18_out          |  out|   32|     ap_none|   B_TILES_1_9_18_out|       pointer|
|B_TILES_1_9_18_out_ap_vld   |  out|    1|     ap_none|   B_TILES_1_9_18_out|       pointer|
|B_TILES_1_9_19_out          |  out|   32|     ap_none|   B_TILES_1_9_19_out|       pointer|
|B_TILES_1_9_19_out_ap_vld   |  out|    1|     ap_none|   B_TILES_1_9_19_out|       pointer|
|B_TILES_1_9_20_out          |  out|   32|     ap_none|   B_TILES_1_9_20_out|       pointer|
|B_TILES_1_9_20_out_ap_vld   |  out|    1|     ap_none|   B_TILES_1_9_20_out|       pointer|
|B_TILES_1_9_21_out          |  out|   32|     ap_none|   B_TILES_1_9_21_out|       pointer|
|B_TILES_1_9_21_out_ap_vld   |  out|    1|     ap_none|   B_TILES_1_9_21_out|       pointer|
|B_TILES_1_9_22_out          |  out|   32|     ap_none|   B_TILES_1_9_22_out|       pointer|
|B_TILES_1_9_22_out_ap_vld   |  out|    1|     ap_none|   B_TILES_1_9_22_out|       pointer|
|B_TILES_1_9_23_out          |  out|   32|     ap_none|   B_TILES_1_9_23_out|       pointer|
|B_TILES_1_9_23_out_ap_vld   |  out|    1|     ap_none|   B_TILES_1_9_23_out|       pointer|
|B_TILES_1_9_24_out          |  out|   32|     ap_none|   B_TILES_1_9_24_out|       pointer|
|B_TILES_1_9_24_out_ap_vld   |  out|    1|     ap_none|   B_TILES_1_9_24_out|       pointer|
|B_TILES_1_9_25_out          |  out|   32|     ap_none|   B_TILES_1_9_25_out|       pointer|
|B_TILES_1_9_25_out_ap_vld   |  out|    1|     ap_none|   B_TILES_1_9_25_out|       pointer|
|B_TILES_1_9_26_out          |  out|   32|     ap_none|   B_TILES_1_9_26_out|       pointer|
|B_TILES_1_9_26_out_ap_vld   |  out|    1|     ap_none|   B_TILES_1_9_26_out|       pointer|
|B_TILES_1_9_27_out          |  out|   32|     ap_none|   B_TILES_1_9_27_out|       pointer|
|B_TILES_1_9_27_out_ap_vld   |  out|    1|     ap_none|   B_TILES_1_9_27_out|       pointer|
|B_TILES_1_9_28_out          |  out|   32|     ap_none|   B_TILES_1_9_28_out|       pointer|
|B_TILES_1_9_28_out_ap_vld   |  out|    1|     ap_none|   B_TILES_1_9_28_out|       pointer|
|B_TILES_1_9_29_out          |  out|   32|     ap_none|   B_TILES_1_9_29_out|       pointer|
|B_TILES_1_9_29_out_ap_vld   |  out|    1|     ap_none|   B_TILES_1_9_29_out|       pointer|
|B_TILES_1_9_30_out          |  out|   32|     ap_none|   B_TILES_1_9_30_out|       pointer|
|B_TILES_1_9_30_out_ap_vld   |  out|    1|     ap_none|   B_TILES_1_9_30_out|       pointer|
|B_TILES_1_9_31_out          |  out|   32|     ap_none|   B_TILES_1_9_31_out|       pointer|
|B_TILES_1_9_31_out_ap_vld   |  out|    1|     ap_none|   B_TILES_1_9_31_out|       pointer|
|B_TILES_1_10_0_out          |  out|   32|     ap_none|   B_TILES_1_10_0_out|       pointer|
|B_TILES_1_10_0_out_ap_vld   |  out|    1|     ap_none|   B_TILES_1_10_0_out|       pointer|
|B_TILES_1_10_1_out          |  out|   32|     ap_none|   B_TILES_1_10_1_out|       pointer|
|B_TILES_1_10_1_out_ap_vld   |  out|    1|     ap_none|   B_TILES_1_10_1_out|       pointer|
|B_TILES_1_10_2_out          |  out|   32|     ap_none|   B_TILES_1_10_2_out|       pointer|
|B_TILES_1_10_2_out_ap_vld   |  out|    1|     ap_none|   B_TILES_1_10_2_out|       pointer|
|B_TILES_1_10_3_out          |  out|   32|     ap_none|   B_TILES_1_10_3_out|       pointer|
|B_TILES_1_10_3_out_ap_vld   |  out|    1|     ap_none|   B_TILES_1_10_3_out|       pointer|
|B_TILES_1_10_4_out          |  out|   32|     ap_none|   B_TILES_1_10_4_out|       pointer|
|B_TILES_1_10_4_out_ap_vld   |  out|    1|     ap_none|   B_TILES_1_10_4_out|       pointer|
|B_TILES_1_10_5_out          |  out|   32|     ap_none|   B_TILES_1_10_5_out|       pointer|
|B_TILES_1_10_5_out_ap_vld   |  out|    1|     ap_none|   B_TILES_1_10_5_out|       pointer|
|B_TILES_1_10_6_out          |  out|   32|     ap_none|   B_TILES_1_10_6_out|       pointer|
|B_TILES_1_10_6_out_ap_vld   |  out|    1|     ap_none|   B_TILES_1_10_6_out|       pointer|
|B_TILES_1_10_7_out          |  out|   32|     ap_none|   B_TILES_1_10_7_out|       pointer|
|B_TILES_1_10_7_out_ap_vld   |  out|    1|     ap_none|   B_TILES_1_10_7_out|       pointer|
|B_TILES_1_10_8_out          |  out|   32|     ap_none|   B_TILES_1_10_8_out|       pointer|
|B_TILES_1_10_8_out_ap_vld   |  out|    1|     ap_none|   B_TILES_1_10_8_out|       pointer|
|B_TILES_1_10_9_out          |  out|   32|     ap_none|   B_TILES_1_10_9_out|       pointer|
|B_TILES_1_10_9_out_ap_vld   |  out|    1|     ap_none|   B_TILES_1_10_9_out|       pointer|
|B_TILES_1_10_10_out         |  out|   32|     ap_none|  B_TILES_1_10_10_out|       pointer|
|B_TILES_1_10_10_out_ap_vld  |  out|    1|     ap_none|  B_TILES_1_10_10_out|       pointer|
|B_TILES_1_10_11_out         |  out|   32|     ap_none|  B_TILES_1_10_11_out|       pointer|
|B_TILES_1_10_11_out_ap_vld  |  out|    1|     ap_none|  B_TILES_1_10_11_out|       pointer|
|B_TILES_1_10_12_out         |  out|   32|     ap_none|  B_TILES_1_10_12_out|       pointer|
|B_TILES_1_10_12_out_ap_vld  |  out|    1|     ap_none|  B_TILES_1_10_12_out|       pointer|
|B_TILES_1_10_13_out         |  out|   32|     ap_none|  B_TILES_1_10_13_out|       pointer|
|B_TILES_1_10_13_out_ap_vld  |  out|    1|     ap_none|  B_TILES_1_10_13_out|       pointer|
|B_TILES_1_10_14_out         |  out|   32|     ap_none|  B_TILES_1_10_14_out|       pointer|
|B_TILES_1_10_14_out_ap_vld  |  out|    1|     ap_none|  B_TILES_1_10_14_out|       pointer|
|B_TILES_1_10_15_out         |  out|   32|     ap_none|  B_TILES_1_10_15_out|       pointer|
|B_TILES_1_10_15_out_ap_vld  |  out|    1|     ap_none|  B_TILES_1_10_15_out|       pointer|
|B_TILES_1_10_16_out         |  out|   32|     ap_none|  B_TILES_1_10_16_out|       pointer|
|B_TILES_1_10_16_out_ap_vld  |  out|    1|     ap_none|  B_TILES_1_10_16_out|       pointer|
|B_TILES_1_10_17_out         |  out|   32|     ap_none|  B_TILES_1_10_17_out|       pointer|
|B_TILES_1_10_17_out_ap_vld  |  out|    1|     ap_none|  B_TILES_1_10_17_out|       pointer|
|B_TILES_1_10_18_out         |  out|   32|     ap_none|  B_TILES_1_10_18_out|       pointer|
|B_TILES_1_10_18_out_ap_vld  |  out|    1|     ap_none|  B_TILES_1_10_18_out|       pointer|
|B_TILES_1_10_19_out         |  out|   32|     ap_none|  B_TILES_1_10_19_out|       pointer|
|B_TILES_1_10_19_out_ap_vld  |  out|    1|     ap_none|  B_TILES_1_10_19_out|       pointer|
|B_TILES_1_10_20_out         |  out|   32|     ap_none|  B_TILES_1_10_20_out|       pointer|
|B_TILES_1_10_20_out_ap_vld  |  out|    1|     ap_none|  B_TILES_1_10_20_out|       pointer|
|B_TILES_1_10_21_out         |  out|   32|     ap_none|  B_TILES_1_10_21_out|       pointer|
|B_TILES_1_10_21_out_ap_vld  |  out|    1|     ap_none|  B_TILES_1_10_21_out|       pointer|
|B_TILES_1_10_22_out         |  out|   32|     ap_none|  B_TILES_1_10_22_out|       pointer|
|B_TILES_1_10_22_out_ap_vld  |  out|    1|     ap_none|  B_TILES_1_10_22_out|       pointer|
|B_TILES_1_10_23_out         |  out|   32|     ap_none|  B_TILES_1_10_23_out|       pointer|
|B_TILES_1_10_23_out_ap_vld  |  out|    1|     ap_none|  B_TILES_1_10_23_out|       pointer|
|B_TILES_1_10_24_out         |  out|   32|     ap_none|  B_TILES_1_10_24_out|       pointer|
|B_TILES_1_10_24_out_ap_vld  |  out|    1|     ap_none|  B_TILES_1_10_24_out|       pointer|
|B_TILES_1_10_25_out         |  out|   32|     ap_none|  B_TILES_1_10_25_out|       pointer|
|B_TILES_1_10_25_out_ap_vld  |  out|    1|     ap_none|  B_TILES_1_10_25_out|       pointer|
|B_TILES_1_10_26_out         |  out|   32|     ap_none|  B_TILES_1_10_26_out|       pointer|
|B_TILES_1_10_26_out_ap_vld  |  out|    1|     ap_none|  B_TILES_1_10_26_out|       pointer|
|B_TILES_1_10_27_out         |  out|   32|     ap_none|  B_TILES_1_10_27_out|       pointer|
|B_TILES_1_10_27_out_ap_vld  |  out|    1|     ap_none|  B_TILES_1_10_27_out|       pointer|
|B_TILES_1_10_28_out         |  out|   32|     ap_none|  B_TILES_1_10_28_out|       pointer|
|B_TILES_1_10_28_out_ap_vld  |  out|    1|     ap_none|  B_TILES_1_10_28_out|       pointer|
|B_TILES_1_10_29_out         |  out|   32|     ap_none|  B_TILES_1_10_29_out|       pointer|
|B_TILES_1_10_29_out_ap_vld  |  out|    1|     ap_none|  B_TILES_1_10_29_out|       pointer|
|B_TILES_1_10_30_out         |  out|   32|     ap_none|  B_TILES_1_10_30_out|       pointer|
|B_TILES_1_10_30_out_ap_vld  |  out|    1|     ap_none|  B_TILES_1_10_30_out|       pointer|
|B_TILES_1_10_31_out         |  out|   32|     ap_none|  B_TILES_1_10_31_out|       pointer|
|B_TILES_1_10_31_out_ap_vld  |  out|    1|     ap_none|  B_TILES_1_10_31_out|       pointer|
|B_TILES_1_11_0_out          |  out|   32|     ap_none|   B_TILES_1_11_0_out|       pointer|
|B_TILES_1_11_0_out_ap_vld   |  out|    1|     ap_none|   B_TILES_1_11_0_out|       pointer|
|B_TILES_1_11_1_out          |  out|   32|     ap_none|   B_TILES_1_11_1_out|       pointer|
|B_TILES_1_11_1_out_ap_vld   |  out|    1|     ap_none|   B_TILES_1_11_1_out|       pointer|
|B_TILES_1_11_2_out          |  out|   32|     ap_none|   B_TILES_1_11_2_out|       pointer|
|B_TILES_1_11_2_out_ap_vld   |  out|    1|     ap_none|   B_TILES_1_11_2_out|       pointer|
|B_TILES_1_11_3_out          |  out|   32|     ap_none|   B_TILES_1_11_3_out|       pointer|
|B_TILES_1_11_3_out_ap_vld   |  out|    1|     ap_none|   B_TILES_1_11_3_out|       pointer|
|B_TILES_1_11_4_out          |  out|   32|     ap_none|   B_TILES_1_11_4_out|       pointer|
|B_TILES_1_11_4_out_ap_vld   |  out|    1|     ap_none|   B_TILES_1_11_4_out|       pointer|
|B_TILES_1_11_5_out          |  out|   32|     ap_none|   B_TILES_1_11_5_out|       pointer|
|B_TILES_1_11_5_out_ap_vld   |  out|    1|     ap_none|   B_TILES_1_11_5_out|       pointer|
|B_TILES_1_11_6_out          |  out|   32|     ap_none|   B_TILES_1_11_6_out|       pointer|
|B_TILES_1_11_6_out_ap_vld   |  out|    1|     ap_none|   B_TILES_1_11_6_out|       pointer|
|B_TILES_1_11_7_out          |  out|   32|     ap_none|   B_TILES_1_11_7_out|       pointer|
|B_TILES_1_11_7_out_ap_vld   |  out|    1|     ap_none|   B_TILES_1_11_7_out|       pointer|
|B_TILES_1_11_8_out          |  out|   32|     ap_none|   B_TILES_1_11_8_out|       pointer|
|B_TILES_1_11_8_out_ap_vld   |  out|    1|     ap_none|   B_TILES_1_11_8_out|       pointer|
|B_TILES_1_11_9_out          |  out|   32|     ap_none|   B_TILES_1_11_9_out|       pointer|
|B_TILES_1_11_9_out_ap_vld   |  out|    1|     ap_none|   B_TILES_1_11_9_out|       pointer|
|B_TILES_1_11_10_out         |  out|   32|     ap_none|  B_TILES_1_11_10_out|       pointer|
|B_TILES_1_11_10_out_ap_vld  |  out|    1|     ap_none|  B_TILES_1_11_10_out|       pointer|
|B_TILES_1_11_11_out         |  out|   32|     ap_none|  B_TILES_1_11_11_out|       pointer|
|B_TILES_1_11_11_out_ap_vld  |  out|    1|     ap_none|  B_TILES_1_11_11_out|       pointer|
|B_TILES_1_11_12_out         |  out|   32|     ap_none|  B_TILES_1_11_12_out|       pointer|
|B_TILES_1_11_12_out_ap_vld  |  out|    1|     ap_none|  B_TILES_1_11_12_out|       pointer|
|B_TILES_1_11_13_out         |  out|   32|     ap_none|  B_TILES_1_11_13_out|       pointer|
|B_TILES_1_11_13_out_ap_vld  |  out|    1|     ap_none|  B_TILES_1_11_13_out|       pointer|
|B_TILES_1_11_14_out         |  out|   32|     ap_none|  B_TILES_1_11_14_out|       pointer|
|B_TILES_1_11_14_out_ap_vld  |  out|    1|     ap_none|  B_TILES_1_11_14_out|       pointer|
|B_TILES_1_11_15_out         |  out|   32|     ap_none|  B_TILES_1_11_15_out|       pointer|
|B_TILES_1_11_15_out_ap_vld  |  out|    1|     ap_none|  B_TILES_1_11_15_out|       pointer|
|B_TILES_1_11_16_out         |  out|   32|     ap_none|  B_TILES_1_11_16_out|       pointer|
|B_TILES_1_11_16_out_ap_vld  |  out|    1|     ap_none|  B_TILES_1_11_16_out|       pointer|
|B_TILES_1_11_17_out         |  out|   32|     ap_none|  B_TILES_1_11_17_out|       pointer|
|B_TILES_1_11_17_out_ap_vld  |  out|    1|     ap_none|  B_TILES_1_11_17_out|       pointer|
|B_TILES_1_11_18_out         |  out|   32|     ap_none|  B_TILES_1_11_18_out|       pointer|
|B_TILES_1_11_18_out_ap_vld  |  out|    1|     ap_none|  B_TILES_1_11_18_out|       pointer|
|B_TILES_1_11_19_out         |  out|   32|     ap_none|  B_TILES_1_11_19_out|       pointer|
|B_TILES_1_11_19_out_ap_vld  |  out|    1|     ap_none|  B_TILES_1_11_19_out|       pointer|
|B_TILES_1_11_20_out         |  out|   32|     ap_none|  B_TILES_1_11_20_out|       pointer|
|B_TILES_1_11_20_out_ap_vld  |  out|    1|     ap_none|  B_TILES_1_11_20_out|       pointer|
|B_TILES_1_11_21_out         |  out|   32|     ap_none|  B_TILES_1_11_21_out|       pointer|
|B_TILES_1_11_21_out_ap_vld  |  out|    1|     ap_none|  B_TILES_1_11_21_out|       pointer|
|B_TILES_1_11_22_out         |  out|   32|     ap_none|  B_TILES_1_11_22_out|       pointer|
|B_TILES_1_11_22_out_ap_vld  |  out|    1|     ap_none|  B_TILES_1_11_22_out|       pointer|
|B_TILES_1_11_23_out         |  out|   32|     ap_none|  B_TILES_1_11_23_out|       pointer|
|B_TILES_1_11_23_out_ap_vld  |  out|    1|     ap_none|  B_TILES_1_11_23_out|       pointer|
|B_TILES_1_11_24_out         |  out|   32|     ap_none|  B_TILES_1_11_24_out|       pointer|
|B_TILES_1_11_24_out_ap_vld  |  out|    1|     ap_none|  B_TILES_1_11_24_out|       pointer|
|B_TILES_1_11_25_out         |  out|   32|     ap_none|  B_TILES_1_11_25_out|       pointer|
|B_TILES_1_11_25_out_ap_vld  |  out|    1|     ap_none|  B_TILES_1_11_25_out|       pointer|
|B_TILES_1_11_26_out         |  out|   32|     ap_none|  B_TILES_1_11_26_out|       pointer|
|B_TILES_1_11_26_out_ap_vld  |  out|    1|     ap_none|  B_TILES_1_11_26_out|       pointer|
|B_TILES_1_11_27_out         |  out|   32|     ap_none|  B_TILES_1_11_27_out|       pointer|
|B_TILES_1_11_27_out_ap_vld  |  out|    1|     ap_none|  B_TILES_1_11_27_out|       pointer|
|B_TILES_1_11_28_out         |  out|   32|     ap_none|  B_TILES_1_11_28_out|       pointer|
|B_TILES_1_11_28_out_ap_vld  |  out|    1|     ap_none|  B_TILES_1_11_28_out|       pointer|
|B_TILES_1_11_29_out         |  out|   32|     ap_none|  B_TILES_1_11_29_out|       pointer|
|B_TILES_1_11_29_out_ap_vld  |  out|    1|     ap_none|  B_TILES_1_11_29_out|       pointer|
|B_TILES_1_11_30_out         |  out|   32|     ap_none|  B_TILES_1_11_30_out|       pointer|
|B_TILES_1_11_30_out_ap_vld  |  out|    1|     ap_none|  B_TILES_1_11_30_out|       pointer|
|B_TILES_1_11_31_out         |  out|   32|     ap_none|  B_TILES_1_11_31_out|       pointer|
|B_TILES_1_11_31_out_ap_vld  |  out|    1|     ap_none|  B_TILES_1_11_31_out|       pointer|
|B_TILES_1_12_0_out          |  out|   32|     ap_none|   B_TILES_1_12_0_out|       pointer|
|B_TILES_1_12_0_out_ap_vld   |  out|    1|     ap_none|   B_TILES_1_12_0_out|       pointer|
|B_TILES_1_12_1_out          |  out|   32|     ap_none|   B_TILES_1_12_1_out|       pointer|
|B_TILES_1_12_1_out_ap_vld   |  out|    1|     ap_none|   B_TILES_1_12_1_out|       pointer|
|B_TILES_1_12_2_out          |  out|   32|     ap_none|   B_TILES_1_12_2_out|       pointer|
|B_TILES_1_12_2_out_ap_vld   |  out|    1|     ap_none|   B_TILES_1_12_2_out|       pointer|
|B_TILES_1_12_3_out          |  out|   32|     ap_none|   B_TILES_1_12_3_out|       pointer|
|B_TILES_1_12_3_out_ap_vld   |  out|    1|     ap_none|   B_TILES_1_12_3_out|       pointer|
|B_TILES_1_12_4_out          |  out|   32|     ap_none|   B_TILES_1_12_4_out|       pointer|
|B_TILES_1_12_4_out_ap_vld   |  out|    1|     ap_none|   B_TILES_1_12_4_out|       pointer|
|B_TILES_1_12_5_out          |  out|   32|     ap_none|   B_TILES_1_12_5_out|       pointer|
|B_TILES_1_12_5_out_ap_vld   |  out|    1|     ap_none|   B_TILES_1_12_5_out|       pointer|
|B_TILES_1_12_6_out          |  out|   32|     ap_none|   B_TILES_1_12_6_out|       pointer|
|B_TILES_1_12_6_out_ap_vld   |  out|    1|     ap_none|   B_TILES_1_12_6_out|       pointer|
|B_TILES_1_12_7_out          |  out|   32|     ap_none|   B_TILES_1_12_7_out|       pointer|
|B_TILES_1_12_7_out_ap_vld   |  out|    1|     ap_none|   B_TILES_1_12_7_out|       pointer|
|B_TILES_1_12_8_out          |  out|   32|     ap_none|   B_TILES_1_12_8_out|       pointer|
|B_TILES_1_12_8_out_ap_vld   |  out|    1|     ap_none|   B_TILES_1_12_8_out|       pointer|
|B_TILES_1_12_9_out          |  out|   32|     ap_none|   B_TILES_1_12_9_out|       pointer|
|B_TILES_1_12_9_out_ap_vld   |  out|    1|     ap_none|   B_TILES_1_12_9_out|       pointer|
|B_TILES_1_12_10_out         |  out|   32|     ap_none|  B_TILES_1_12_10_out|       pointer|
|B_TILES_1_12_10_out_ap_vld  |  out|    1|     ap_none|  B_TILES_1_12_10_out|       pointer|
|B_TILES_1_12_11_out         |  out|   32|     ap_none|  B_TILES_1_12_11_out|       pointer|
|B_TILES_1_12_11_out_ap_vld  |  out|    1|     ap_none|  B_TILES_1_12_11_out|       pointer|
|B_TILES_1_12_12_out         |  out|   32|     ap_none|  B_TILES_1_12_12_out|       pointer|
|B_TILES_1_12_12_out_ap_vld  |  out|    1|     ap_none|  B_TILES_1_12_12_out|       pointer|
|B_TILES_1_12_13_out         |  out|   32|     ap_none|  B_TILES_1_12_13_out|       pointer|
|B_TILES_1_12_13_out_ap_vld  |  out|    1|     ap_none|  B_TILES_1_12_13_out|       pointer|
|B_TILES_1_12_14_out         |  out|   32|     ap_none|  B_TILES_1_12_14_out|       pointer|
|B_TILES_1_12_14_out_ap_vld  |  out|    1|     ap_none|  B_TILES_1_12_14_out|       pointer|
|B_TILES_1_12_15_out         |  out|   32|     ap_none|  B_TILES_1_12_15_out|       pointer|
|B_TILES_1_12_15_out_ap_vld  |  out|    1|     ap_none|  B_TILES_1_12_15_out|       pointer|
|B_TILES_1_12_16_out         |  out|   32|     ap_none|  B_TILES_1_12_16_out|       pointer|
|B_TILES_1_12_16_out_ap_vld  |  out|    1|     ap_none|  B_TILES_1_12_16_out|       pointer|
|B_TILES_1_12_17_out         |  out|   32|     ap_none|  B_TILES_1_12_17_out|       pointer|
|B_TILES_1_12_17_out_ap_vld  |  out|    1|     ap_none|  B_TILES_1_12_17_out|       pointer|
|B_TILES_1_12_18_out         |  out|   32|     ap_none|  B_TILES_1_12_18_out|       pointer|
|B_TILES_1_12_18_out_ap_vld  |  out|    1|     ap_none|  B_TILES_1_12_18_out|       pointer|
|B_TILES_1_12_19_out         |  out|   32|     ap_none|  B_TILES_1_12_19_out|       pointer|
|B_TILES_1_12_19_out_ap_vld  |  out|    1|     ap_none|  B_TILES_1_12_19_out|       pointer|
|B_TILES_1_12_20_out         |  out|   32|     ap_none|  B_TILES_1_12_20_out|       pointer|
|B_TILES_1_12_20_out_ap_vld  |  out|    1|     ap_none|  B_TILES_1_12_20_out|       pointer|
|B_TILES_1_12_21_out         |  out|   32|     ap_none|  B_TILES_1_12_21_out|       pointer|
|B_TILES_1_12_21_out_ap_vld  |  out|    1|     ap_none|  B_TILES_1_12_21_out|       pointer|
|B_TILES_1_12_22_out         |  out|   32|     ap_none|  B_TILES_1_12_22_out|       pointer|
|B_TILES_1_12_22_out_ap_vld  |  out|    1|     ap_none|  B_TILES_1_12_22_out|       pointer|
|B_TILES_1_12_23_out         |  out|   32|     ap_none|  B_TILES_1_12_23_out|       pointer|
|B_TILES_1_12_23_out_ap_vld  |  out|    1|     ap_none|  B_TILES_1_12_23_out|       pointer|
|B_TILES_1_12_24_out         |  out|   32|     ap_none|  B_TILES_1_12_24_out|       pointer|
|B_TILES_1_12_24_out_ap_vld  |  out|    1|     ap_none|  B_TILES_1_12_24_out|       pointer|
|B_TILES_1_12_25_out         |  out|   32|     ap_none|  B_TILES_1_12_25_out|       pointer|
|B_TILES_1_12_25_out_ap_vld  |  out|    1|     ap_none|  B_TILES_1_12_25_out|       pointer|
|B_TILES_1_12_26_out         |  out|   32|     ap_none|  B_TILES_1_12_26_out|       pointer|
|B_TILES_1_12_26_out_ap_vld  |  out|    1|     ap_none|  B_TILES_1_12_26_out|       pointer|
|B_TILES_1_12_27_out         |  out|   32|     ap_none|  B_TILES_1_12_27_out|       pointer|
|B_TILES_1_12_27_out_ap_vld  |  out|    1|     ap_none|  B_TILES_1_12_27_out|       pointer|
|B_TILES_1_12_28_out         |  out|   32|     ap_none|  B_TILES_1_12_28_out|       pointer|
|B_TILES_1_12_28_out_ap_vld  |  out|    1|     ap_none|  B_TILES_1_12_28_out|       pointer|
|B_TILES_1_12_29_out         |  out|   32|     ap_none|  B_TILES_1_12_29_out|       pointer|
|B_TILES_1_12_29_out_ap_vld  |  out|    1|     ap_none|  B_TILES_1_12_29_out|       pointer|
|B_TILES_1_12_30_out         |  out|   32|     ap_none|  B_TILES_1_12_30_out|       pointer|
|B_TILES_1_12_30_out_ap_vld  |  out|    1|     ap_none|  B_TILES_1_12_30_out|       pointer|
|B_TILES_1_12_31_out         |  out|   32|     ap_none|  B_TILES_1_12_31_out|       pointer|
|B_TILES_1_12_31_out_ap_vld  |  out|    1|     ap_none|  B_TILES_1_12_31_out|       pointer|
|B_TILES_1_13_0_out          |  out|   32|     ap_none|   B_TILES_1_13_0_out|       pointer|
|B_TILES_1_13_0_out_ap_vld   |  out|    1|     ap_none|   B_TILES_1_13_0_out|       pointer|
|B_TILES_1_13_1_out          |  out|   32|     ap_none|   B_TILES_1_13_1_out|       pointer|
|B_TILES_1_13_1_out_ap_vld   |  out|    1|     ap_none|   B_TILES_1_13_1_out|       pointer|
|B_TILES_1_13_2_out          |  out|   32|     ap_none|   B_TILES_1_13_2_out|       pointer|
|B_TILES_1_13_2_out_ap_vld   |  out|    1|     ap_none|   B_TILES_1_13_2_out|       pointer|
|B_TILES_1_13_3_out          |  out|   32|     ap_none|   B_TILES_1_13_3_out|       pointer|
|B_TILES_1_13_3_out_ap_vld   |  out|    1|     ap_none|   B_TILES_1_13_3_out|       pointer|
|B_TILES_1_13_4_out          |  out|   32|     ap_none|   B_TILES_1_13_4_out|       pointer|
|B_TILES_1_13_4_out_ap_vld   |  out|    1|     ap_none|   B_TILES_1_13_4_out|       pointer|
|B_TILES_1_13_5_out          |  out|   32|     ap_none|   B_TILES_1_13_5_out|       pointer|
|B_TILES_1_13_5_out_ap_vld   |  out|    1|     ap_none|   B_TILES_1_13_5_out|       pointer|
|B_TILES_1_13_6_out          |  out|   32|     ap_none|   B_TILES_1_13_6_out|       pointer|
|B_TILES_1_13_6_out_ap_vld   |  out|    1|     ap_none|   B_TILES_1_13_6_out|       pointer|
|B_TILES_1_13_7_out          |  out|   32|     ap_none|   B_TILES_1_13_7_out|       pointer|
|B_TILES_1_13_7_out_ap_vld   |  out|    1|     ap_none|   B_TILES_1_13_7_out|       pointer|
|B_TILES_1_13_8_out          |  out|   32|     ap_none|   B_TILES_1_13_8_out|       pointer|
|B_TILES_1_13_8_out_ap_vld   |  out|    1|     ap_none|   B_TILES_1_13_8_out|       pointer|
|B_TILES_1_13_9_out          |  out|   32|     ap_none|   B_TILES_1_13_9_out|       pointer|
|B_TILES_1_13_9_out_ap_vld   |  out|    1|     ap_none|   B_TILES_1_13_9_out|       pointer|
|B_TILES_1_13_10_out         |  out|   32|     ap_none|  B_TILES_1_13_10_out|       pointer|
|B_TILES_1_13_10_out_ap_vld  |  out|    1|     ap_none|  B_TILES_1_13_10_out|       pointer|
|B_TILES_1_13_11_out         |  out|   32|     ap_none|  B_TILES_1_13_11_out|       pointer|
|B_TILES_1_13_11_out_ap_vld  |  out|    1|     ap_none|  B_TILES_1_13_11_out|       pointer|
|B_TILES_1_13_12_out         |  out|   32|     ap_none|  B_TILES_1_13_12_out|       pointer|
|B_TILES_1_13_12_out_ap_vld  |  out|    1|     ap_none|  B_TILES_1_13_12_out|       pointer|
|B_TILES_1_13_13_out         |  out|   32|     ap_none|  B_TILES_1_13_13_out|       pointer|
|B_TILES_1_13_13_out_ap_vld  |  out|    1|     ap_none|  B_TILES_1_13_13_out|       pointer|
|B_TILES_1_13_14_out         |  out|   32|     ap_none|  B_TILES_1_13_14_out|       pointer|
|B_TILES_1_13_14_out_ap_vld  |  out|    1|     ap_none|  B_TILES_1_13_14_out|       pointer|
|B_TILES_1_13_15_out         |  out|   32|     ap_none|  B_TILES_1_13_15_out|       pointer|
|B_TILES_1_13_15_out_ap_vld  |  out|    1|     ap_none|  B_TILES_1_13_15_out|       pointer|
|B_TILES_1_13_16_out         |  out|   32|     ap_none|  B_TILES_1_13_16_out|       pointer|
|B_TILES_1_13_16_out_ap_vld  |  out|    1|     ap_none|  B_TILES_1_13_16_out|       pointer|
|B_TILES_1_13_17_out         |  out|   32|     ap_none|  B_TILES_1_13_17_out|       pointer|
|B_TILES_1_13_17_out_ap_vld  |  out|    1|     ap_none|  B_TILES_1_13_17_out|       pointer|
|B_TILES_1_13_18_out         |  out|   32|     ap_none|  B_TILES_1_13_18_out|       pointer|
|B_TILES_1_13_18_out_ap_vld  |  out|    1|     ap_none|  B_TILES_1_13_18_out|       pointer|
|B_TILES_1_13_19_out         |  out|   32|     ap_none|  B_TILES_1_13_19_out|       pointer|
|B_TILES_1_13_19_out_ap_vld  |  out|    1|     ap_none|  B_TILES_1_13_19_out|       pointer|
|B_TILES_1_13_20_out         |  out|   32|     ap_none|  B_TILES_1_13_20_out|       pointer|
|B_TILES_1_13_20_out_ap_vld  |  out|    1|     ap_none|  B_TILES_1_13_20_out|       pointer|
|B_TILES_1_13_21_out         |  out|   32|     ap_none|  B_TILES_1_13_21_out|       pointer|
|B_TILES_1_13_21_out_ap_vld  |  out|    1|     ap_none|  B_TILES_1_13_21_out|       pointer|
|B_TILES_1_13_22_out         |  out|   32|     ap_none|  B_TILES_1_13_22_out|       pointer|
|B_TILES_1_13_22_out_ap_vld  |  out|    1|     ap_none|  B_TILES_1_13_22_out|       pointer|
|B_TILES_1_13_23_out         |  out|   32|     ap_none|  B_TILES_1_13_23_out|       pointer|
|B_TILES_1_13_23_out_ap_vld  |  out|    1|     ap_none|  B_TILES_1_13_23_out|       pointer|
|B_TILES_1_13_24_out         |  out|   32|     ap_none|  B_TILES_1_13_24_out|       pointer|
|B_TILES_1_13_24_out_ap_vld  |  out|    1|     ap_none|  B_TILES_1_13_24_out|       pointer|
|B_TILES_1_13_25_out         |  out|   32|     ap_none|  B_TILES_1_13_25_out|       pointer|
|B_TILES_1_13_25_out_ap_vld  |  out|    1|     ap_none|  B_TILES_1_13_25_out|       pointer|
|B_TILES_1_13_26_out         |  out|   32|     ap_none|  B_TILES_1_13_26_out|       pointer|
|B_TILES_1_13_26_out_ap_vld  |  out|    1|     ap_none|  B_TILES_1_13_26_out|       pointer|
|B_TILES_1_13_27_out         |  out|   32|     ap_none|  B_TILES_1_13_27_out|       pointer|
|B_TILES_1_13_27_out_ap_vld  |  out|    1|     ap_none|  B_TILES_1_13_27_out|       pointer|
|B_TILES_1_13_28_out         |  out|   32|     ap_none|  B_TILES_1_13_28_out|       pointer|
|B_TILES_1_13_28_out_ap_vld  |  out|    1|     ap_none|  B_TILES_1_13_28_out|       pointer|
|B_TILES_1_13_29_out         |  out|   32|     ap_none|  B_TILES_1_13_29_out|       pointer|
|B_TILES_1_13_29_out_ap_vld  |  out|    1|     ap_none|  B_TILES_1_13_29_out|       pointer|
|B_TILES_1_13_30_out         |  out|   32|     ap_none|  B_TILES_1_13_30_out|       pointer|
|B_TILES_1_13_30_out_ap_vld  |  out|    1|     ap_none|  B_TILES_1_13_30_out|       pointer|
|B_TILES_1_13_31_out         |  out|   32|     ap_none|  B_TILES_1_13_31_out|       pointer|
|B_TILES_1_13_31_out_ap_vld  |  out|    1|     ap_none|  B_TILES_1_13_31_out|       pointer|
|B_TILES_1_14_0_out          |  out|   32|     ap_none|   B_TILES_1_14_0_out|       pointer|
|B_TILES_1_14_0_out_ap_vld   |  out|    1|     ap_none|   B_TILES_1_14_0_out|       pointer|
|B_TILES_1_14_1_out          |  out|   32|     ap_none|   B_TILES_1_14_1_out|       pointer|
|B_TILES_1_14_1_out_ap_vld   |  out|    1|     ap_none|   B_TILES_1_14_1_out|       pointer|
|B_TILES_1_14_2_out          |  out|   32|     ap_none|   B_TILES_1_14_2_out|       pointer|
|B_TILES_1_14_2_out_ap_vld   |  out|    1|     ap_none|   B_TILES_1_14_2_out|       pointer|
|B_TILES_1_14_3_out          |  out|   32|     ap_none|   B_TILES_1_14_3_out|       pointer|
|B_TILES_1_14_3_out_ap_vld   |  out|    1|     ap_none|   B_TILES_1_14_3_out|       pointer|
|B_TILES_1_14_4_out          |  out|   32|     ap_none|   B_TILES_1_14_4_out|       pointer|
|B_TILES_1_14_4_out_ap_vld   |  out|    1|     ap_none|   B_TILES_1_14_4_out|       pointer|
|B_TILES_1_14_5_out          |  out|   32|     ap_none|   B_TILES_1_14_5_out|       pointer|
|B_TILES_1_14_5_out_ap_vld   |  out|    1|     ap_none|   B_TILES_1_14_5_out|       pointer|
|B_TILES_1_14_6_out          |  out|   32|     ap_none|   B_TILES_1_14_6_out|       pointer|
|B_TILES_1_14_6_out_ap_vld   |  out|    1|     ap_none|   B_TILES_1_14_6_out|       pointer|
|B_TILES_1_14_7_out          |  out|   32|     ap_none|   B_TILES_1_14_7_out|       pointer|
|B_TILES_1_14_7_out_ap_vld   |  out|    1|     ap_none|   B_TILES_1_14_7_out|       pointer|
|B_TILES_1_14_8_out          |  out|   32|     ap_none|   B_TILES_1_14_8_out|       pointer|
|B_TILES_1_14_8_out_ap_vld   |  out|    1|     ap_none|   B_TILES_1_14_8_out|       pointer|
|B_TILES_1_14_9_out          |  out|   32|     ap_none|   B_TILES_1_14_9_out|       pointer|
|B_TILES_1_14_9_out_ap_vld   |  out|    1|     ap_none|   B_TILES_1_14_9_out|       pointer|
|B_TILES_1_14_10_out         |  out|   32|     ap_none|  B_TILES_1_14_10_out|       pointer|
|B_TILES_1_14_10_out_ap_vld  |  out|    1|     ap_none|  B_TILES_1_14_10_out|       pointer|
|B_TILES_1_14_11_out         |  out|   32|     ap_none|  B_TILES_1_14_11_out|       pointer|
|B_TILES_1_14_11_out_ap_vld  |  out|    1|     ap_none|  B_TILES_1_14_11_out|       pointer|
|B_TILES_1_14_12_out         |  out|   32|     ap_none|  B_TILES_1_14_12_out|       pointer|
|B_TILES_1_14_12_out_ap_vld  |  out|    1|     ap_none|  B_TILES_1_14_12_out|       pointer|
|B_TILES_1_14_13_out         |  out|   32|     ap_none|  B_TILES_1_14_13_out|       pointer|
|B_TILES_1_14_13_out_ap_vld  |  out|    1|     ap_none|  B_TILES_1_14_13_out|       pointer|
|B_TILES_1_14_14_out         |  out|   32|     ap_none|  B_TILES_1_14_14_out|       pointer|
|B_TILES_1_14_14_out_ap_vld  |  out|    1|     ap_none|  B_TILES_1_14_14_out|       pointer|
|B_TILES_1_14_15_out         |  out|   32|     ap_none|  B_TILES_1_14_15_out|       pointer|
|B_TILES_1_14_15_out_ap_vld  |  out|    1|     ap_none|  B_TILES_1_14_15_out|       pointer|
|B_TILES_1_14_16_out         |  out|   32|     ap_none|  B_TILES_1_14_16_out|       pointer|
|B_TILES_1_14_16_out_ap_vld  |  out|    1|     ap_none|  B_TILES_1_14_16_out|       pointer|
|B_TILES_1_14_17_out         |  out|   32|     ap_none|  B_TILES_1_14_17_out|       pointer|
|B_TILES_1_14_17_out_ap_vld  |  out|    1|     ap_none|  B_TILES_1_14_17_out|       pointer|
|B_TILES_1_14_18_out         |  out|   32|     ap_none|  B_TILES_1_14_18_out|       pointer|
|B_TILES_1_14_18_out_ap_vld  |  out|    1|     ap_none|  B_TILES_1_14_18_out|       pointer|
|B_TILES_1_14_19_out         |  out|   32|     ap_none|  B_TILES_1_14_19_out|       pointer|
|B_TILES_1_14_19_out_ap_vld  |  out|    1|     ap_none|  B_TILES_1_14_19_out|       pointer|
|B_TILES_1_14_20_out         |  out|   32|     ap_none|  B_TILES_1_14_20_out|       pointer|
|B_TILES_1_14_20_out_ap_vld  |  out|    1|     ap_none|  B_TILES_1_14_20_out|       pointer|
|B_TILES_1_14_21_out         |  out|   32|     ap_none|  B_TILES_1_14_21_out|       pointer|
|B_TILES_1_14_21_out_ap_vld  |  out|    1|     ap_none|  B_TILES_1_14_21_out|       pointer|
|B_TILES_1_14_22_out         |  out|   32|     ap_none|  B_TILES_1_14_22_out|       pointer|
|B_TILES_1_14_22_out_ap_vld  |  out|    1|     ap_none|  B_TILES_1_14_22_out|       pointer|
|B_TILES_1_14_23_out         |  out|   32|     ap_none|  B_TILES_1_14_23_out|       pointer|
|B_TILES_1_14_23_out_ap_vld  |  out|    1|     ap_none|  B_TILES_1_14_23_out|       pointer|
|B_TILES_1_14_24_out         |  out|   32|     ap_none|  B_TILES_1_14_24_out|       pointer|
|B_TILES_1_14_24_out_ap_vld  |  out|    1|     ap_none|  B_TILES_1_14_24_out|       pointer|
|B_TILES_1_14_25_out         |  out|   32|     ap_none|  B_TILES_1_14_25_out|       pointer|
|B_TILES_1_14_25_out_ap_vld  |  out|    1|     ap_none|  B_TILES_1_14_25_out|       pointer|
|B_TILES_1_14_26_out         |  out|   32|     ap_none|  B_TILES_1_14_26_out|       pointer|
|B_TILES_1_14_26_out_ap_vld  |  out|    1|     ap_none|  B_TILES_1_14_26_out|       pointer|
|B_TILES_1_14_27_out         |  out|   32|     ap_none|  B_TILES_1_14_27_out|       pointer|
|B_TILES_1_14_27_out_ap_vld  |  out|    1|     ap_none|  B_TILES_1_14_27_out|       pointer|
|B_TILES_1_14_28_out         |  out|   32|     ap_none|  B_TILES_1_14_28_out|       pointer|
|B_TILES_1_14_28_out_ap_vld  |  out|    1|     ap_none|  B_TILES_1_14_28_out|       pointer|
|B_TILES_1_14_29_out         |  out|   32|     ap_none|  B_TILES_1_14_29_out|       pointer|
|B_TILES_1_14_29_out_ap_vld  |  out|    1|     ap_none|  B_TILES_1_14_29_out|       pointer|
|B_TILES_1_14_30_out         |  out|   32|     ap_none|  B_TILES_1_14_30_out|       pointer|
|B_TILES_1_14_30_out_ap_vld  |  out|    1|     ap_none|  B_TILES_1_14_30_out|       pointer|
|B_TILES_1_14_31_out         |  out|   32|     ap_none|  B_TILES_1_14_31_out|       pointer|
|B_TILES_1_14_31_out_ap_vld  |  out|    1|     ap_none|  B_TILES_1_14_31_out|       pointer|
|B_TILES_1_15_0_out          |  out|   32|     ap_none|   B_TILES_1_15_0_out|       pointer|
|B_TILES_1_15_0_out_ap_vld   |  out|    1|     ap_none|   B_TILES_1_15_0_out|       pointer|
|B_TILES_1_15_1_out          |  out|   32|     ap_none|   B_TILES_1_15_1_out|       pointer|
|B_TILES_1_15_1_out_ap_vld   |  out|    1|     ap_none|   B_TILES_1_15_1_out|       pointer|
|B_TILES_1_15_2_out          |  out|   32|     ap_none|   B_TILES_1_15_2_out|       pointer|
|B_TILES_1_15_2_out_ap_vld   |  out|    1|     ap_none|   B_TILES_1_15_2_out|       pointer|
|B_TILES_1_15_3_out          |  out|   32|     ap_none|   B_TILES_1_15_3_out|       pointer|
|B_TILES_1_15_3_out_ap_vld   |  out|    1|     ap_none|   B_TILES_1_15_3_out|       pointer|
|B_TILES_1_15_4_out          |  out|   32|     ap_none|   B_TILES_1_15_4_out|       pointer|
|B_TILES_1_15_4_out_ap_vld   |  out|    1|     ap_none|   B_TILES_1_15_4_out|       pointer|
|B_TILES_1_15_5_out          |  out|   32|     ap_none|   B_TILES_1_15_5_out|       pointer|
|B_TILES_1_15_5_out_ap_vld   |  out|    1|     ap_none|   B_TILES_1_15_5_out|       pointer|
|B_TILES_1_15_6_out          |  out|   32|     ap_none|   B_TILES_1_15_6_out|       pointer|
|B_TILES_1_15_6_out_ap_vld   |  out|    1|     ap_none|   B_TILES_1_15_6_out|       pointer|
|B_TILES_1_15_7_out          |  out|   32|     ap_none|   B_TILES_1_15_7_out|       pointer|
|B_TILES_1_15_7_out_ap_vld   |  out|    1|     ap_none|   B_TILES_1_15_7_out|       pointer|
|B_TILES_1_15_8_out          |  out|   32|     ap_none|   B_TILES_1_15_8_out|       pointer|
|B_TILES_1_15_8_out_ap_vld   |  out|    1|     ap_none|   B_TILES_1_15_8_out|       pointer|
|B_TILES_1_15_9_out          |  out|   32|     ap_none|   B_TILES_1_15_9_out|       pointer|
|B_TILES_1_15_9_out_ap_vld   |  out|    1|     ap_none|   B_TILES_1_15_9_out|       pointer|
|B_TILES_1_15_10_out         |  out|   32|     ap_none|  B_TILES_1_15_10_out|       pointer|
|B_TILES_1_15_10_out_ap_vld  |  out|    1|     ap_none|  B_TILES_1_15_10_out|       pointer|
|B_TILES_1_15_11_out         |  out|   32|     ap_none|  B_TILES_1_15_11_out|       pointer|
|B_TILES_1_15_11_out_ap_vld  |  out|    1|     ap_none|  B_TILES_1_15_11_out|       pointer|
|B_TILES_1_15_12_out         |  out|   32|     ap_none|  B_TILES_1_15_12_out|       pointer|
|B_TILES_1_15_12_out_ap_vld  |  out|    1|     ap_none|  B_TILES_1_15_12_out|       pointer|
|B_TILES_1_15_13_out         |  out|   32|     ap_none|  B_TILES_1_15_13_out|       pointer|
|B_TILES_1_15_13_out_ap_vld  |  out|    1|     ap_none|  B_TILES_1_15_13_out|       pointer|
|B_TILES_1_15_14_out         |  out|   32|     ap_none|  B_TILES_1_15_14_out|       pointer|
|B_TILES_1_15_14_out_ap_vld  |  out|    1|     ap_none|  B_TILES_1_15_14_out|       pointer|
|B_TILES_1_15_15_out         |  out|   32|     ap_none|  B_TILES_1_15_15_out|       pointer|
|B_TILES_1_15_15_out_ap_vld  |  out|    1|     ap_none|  B_TILES_1_15_15_out|       pointer|
|B_TILES_1_15_16_out         |  out|   32|     ap_none|  B_TILES_1_15_16_out|       pointer|
|B_TILES_1_15_16_out_ap_vld  |  out|    1|     ap_none|  B_TILES_1_15_16_out|       pointer|
|B_TILES_1_15_17_out         |  out|   32|     ap_none|  B_TILES_1_15_17_out|       pointer|
|B_TILES_1_15_17_out_ap_vld  |  out|    1|     ap_none|  B_TILES_1_15_17_out|       pointer|
|B_TILES_1_15_18_out         |  out|   32|     ap_none|  B_TILES_1_15_18_out|       pointer|
|B_TILES_1_15_18_out_ap_vld  |  out|    1|     ap_none|  B_TILES_1_15_18_out|       pointer|
|B_TILES_1_15_19_out         |  out|   32|     ap_none|  B_TILES_1_15_19_out|       pointer|
|B_TILES_1_15_19_out_ap_vld  |  out|    1|     ap_none|  B_TILES_1_15_19_out|       pointer|
|B_TILES_1_15_20_out         |  out|   32|     ap_none|  B_TILES_1_15_20_out|       pointer|
|B_TILES_1_15_20_out_ap_vld  |  out|    1|     ap_none|  B_TILES_1_15_20_out|       pointer|
|B_TILES_1_15_21_out         |  out|   32|     ap_none|  B_TILES_1_15_21_out|       pointer|
|B_TILES_1_15_21_out_ap_vld  |  out|    1|     ap_none|  B_TILES_1_15_21_out|       pointer|
|B_TILES_1_15_22_out         |  out|   32|     ap_none|  B_TILES_1_15_22_out|       pointer|
|B_TILES_1_15_22_out_ap_vld  |  out|    1|     ap_none|  B_TILES_1_15_22_out|       pointer|
|B_TILES_1_15_23_out         |  out|   32|     ap_none|  B_TILES_1_15_23_out|       pointer|
|B_TILES_1_15_23_out_ap_vld  |  out|    1|     ap_none|  B_TILES_1_15_23_out|       pointer|
|B_TILES_1_15_24_out         |  out|   32|     ap_none|  B_TILES_1_15_24_out|       pointer|
|B_TILES_1_15_24_out_ap_vld  |  out|    1|     ap_none|  B_TILES_1_15_24_out|       pointer|
|B_TILES_1_15_25_out         |  out|   32|     ap_none|  B_TILES_1_15_25_out|       pointer|
|B_TILES_1_15_25_out_ap_vld  |  out|    1|     ap_none|  B_TILES_1_15_25_out|       pointer|
|B_TILES_1_15_26_out         |  out|   32|     ap_none|  B_TILES_1_15_26_out|       pointer|
|B_TILES_1_15_26_out_ap_vld  |  out|    1|     ap_none|  B_TILES_1_15_26_out|       pointer|
|B_TILES_1_15_27_out         |  out|   32|     ap_none|  B_TILES_1_15_27_out|       pointer|
|B_TILES_1_15_27_out_ap_vld  |  out|    1|     ap_none|  B_TILES_1_15_27_out|       pointer|
|B_TILES_1_15_28_out         |  out|   32|     ap_none|  B_TILES_1_15_28_out|       pointer|
|B_TILES_1_15_28_out_ap_vld  |  out|    1|     ap_none|  B_TILES_1_15_28_out|       pointer|
|B_TILES_1_15_29_out         |  out|   32|     ap_none|  B_TILES_1_15_29_out|       pointer|
|B_TILES_1_15_29_out_ap_vld  |  out|    1|     ap_none|  B_TILES_1_15_29_out|       pointer|
|B_TILES_1_15_30_out         |  out|   32|     ap_none|  B_TILES_1_15_30_out|       pointer|
|B_TILES_1_15_30_out_ap_vld  |  out|    1|     ap_none|  B_TILES_1_15_30_out|       pointer|
|B_TILES_1_15_31_out         |  out|   32|     ap_none|  B_TILES_1_15_31_out|       pointer|
|B_TILES_1_15_31_out_ap_vld  |  out|    1|     ap_none|  B_TILES_1_15_31_out|       pointer|
|ap_clk                      |   in|    1|  ap_ctrl_hs|  loadTilesBFromDRAM3|  return value|
|ap_rst                      |   in|    1|  ap_ctrl_hs|  loadTilesBFromDRAM3|  return value|
|ap_start                    |   in|    1|  ap_ctrl_hs|  loadTilesBFromDRAM3|  return value|
|ap_done                     |  out|    1|  ap_ctrl_hs|  loadTilesBFromDRAM3|  return value|
|ap_ready                    |  out|    1|  ap_ctrl_hs|  loadTilesBFromDRAM3|  return value|
|ap_idle                     |  out|    1|  ap_ctrl_hs|  loadTilesBFromDRAM3|  return value|
|ap_continue                 |   in|    1|  ap_ctrl_hs|  loadTilesBFromDRAM3|  return value|
+----------------------------+-----+-----+------------+---------------------+--------------+

