

================================================================
== Vitis HLS Report for 'loadAFromDRAM'
================================================================
* Date:           Thu Jul  9 23:14:34 2026

* Version:        2023.2 (Build 4023990 on Oct 11 2023)
* Project:        hls_project
* Solution:       gemm2 (Vitis Kernel Flow Target)
* Product family: versalaicore
* Target device:  xcvc1902-vsva2197-2MP-e-S


================================================================
== Performance Estimates
================================================================
+ Timing: 
    * Summary: 
    +--------+---------+----------+------------+
    |  Clock |  Target | Estimated| Uncertainty|
    +--------+---------+----------+------------+
    |ap_clk  |  3.33 ns|  2.433 ns|     0.90 ns|
    +--------+---------+----------+------------+

+ Latency: 
    * Summary: 
    +---------+---------+----------+----------+-----+-----+---------+
    |  Latency (cycles) |  Latency (absolute) |  Interval | Pipeline|
    |   min   |   max   |    min   |    max   | min | max |   Type  |
    +---------+---------+----------+----------+-----+-----+---------+
    |      103|      103|  0.343 us|  0.343 us|  103|  103|       no|
    +---------+---------+----------+----------+-----+-----+---------+

    + Detail: 
        * Instance: 
        +------------------------------+---------------------------+---------+---------+----------+----------+-----+-----+----------+
        |                              |                           |  Latency (cycles) |  Latency (absolute) |  Interval | Pipeline |
        |           Instance           |           Module          |   min   |   max   |    min   |    max   | min | max |   Type   |
        +------------------------------+---------------------------+---------+---------+----------+----------+-----+-----+----------+
        |dataflow_in_loop_load_A_1_U0  |dataflow_in_loop_load_A_1  |        0|        0|      0 ns|      0 ns|    1|    1|  dataflow|
        +------------------------------+---------------------------+---------+---------+----------+----------+-----+-----+----------+

        * Loop: 
        +----------+---------+---------+----------+-----------+-----------+------+----------+
        |          |  Latency (cycles) | Iteration|  Initiation Interval  | Trip |          |
        | Loop Name|   min   |   max   |  Latency |  achieved |   target  | Count| Pipelined|
        +----------+---------+---------+----------+-----------+-----------+------+----------+
        |- load_A  |       32|       32|         2|          -|          -|    32|        no|
        +----------+---------+---------+----------+-----------+-----------+------+----------+



================================================================
== Utilization Estimates
================================================================
* Summary: 
+-----------------+---------+------+---------+--------+-----+
|       Name      | BRAM_18K|  DSP |    FF   |   LUT  | URAM|
+-----------------+---------+------+---------+--------+-----+
|DSP              |        -|     -|        -|       -|    -|
|Expression       |        -|     -|       88|      37|    -|
|FIFO             |        -|     -|        -|       -|    -|
|Instance         |        -|     -|        2|       6|    -|
|Memory           |        -|     -|        -|       -|    -|
|Multiplexer      |        -|     -|        -|      10|    -|
|Register         |        -|     -|       12|       -|    -|
+-----------------+---------+------+---------+--------+-----+
|Total            |        0|     0|      102|      53|    0|
+-----------------+---------+------+---------+--------+-----+
|Available        |     1934|  1968|  1799680|  899840|  463|
+-----------------+---------+------+---------+--------+-----+
|Utilization (%)  |        0|     0|       ~0|      ~0|    0|
+-----------------+---------+------+---------+--------+-----+

+ Detail: 
    * Instance: 
    +------------------------------+---------------------------+---------+----+---+----+-----+
    |           Instance           |           Module          | BRAM_18K| DSP| FF| LUT| URAM|
    +------------------------------+---------------------------+---------+----+---+----+-----+
    |dataflow_in_loop_load_A_1_U0  |dataflow_in_loop_load_A_1  |        0|   0|  2|   6|    0|
    +------------------------------+---------------------------+---------+----+---+----+-----+
    |Total                         |                           |        0|   0|  2|   6|    0|
    +------------------------------+---------------------------+---------+----+---+----+-----+

    * DSP: 
    N/A

    * Memory: 
    N/A

    * FIFO: 
    N/A

    * Expression: 
    +----------------------------+----------+----+----+----+------------+------------+
    |        Variable Name       | Operation| DSP| FF | LUT| Bitwidth P0| Bitwidth P1|
    +----------------------------+----------+----+----+----+------------+------------+
    |loop_dataflow_input_count   |         +|   0|  28|  12|           6|           1|
    |loop_dataflow_output_count  |         +|   0|  28|  12|           6|           1|
    |bound_minus_1               |         -|   0|  32|  13|           7|           1|
    +----------------------------+----------+----+----+----+------------+------------+
    |Total                       |          |   0|  88|  37|          19|           3|
    +----------------------------+----------+----+----+----+------------+------------+

    * Multiplexer: 
    +----------------------------+----+-----------+-----+-----------+
    |            Name            | LUT| Input Size| Bits| Total Bits|
    +----------------------------+----+-----------+-----+-----------+
    |loop_dataflow_input_count   |   5|          2|    6|         12|
    |loop_dataflow_output_count  |   5|          2|    6|         12|
    +----------------------------+----+-----------+-----+-----------+
    |Total                       |  10|          4|   12|         24|
    +----------------------------+----+-----------+-----+-----------+

    * Register: 
    +----------------------------+---+----+-----+-----------+
    |            Name            | FF| LUT| Bits| Const Bits|
    +----------------------------+---+----+-----+-----------+
    |loop_dataflow_input_count   |  6|   0|    6|          0|
    |loop_dataflow_output_count  |  6|   0|    6|          0|
    +----------------------------+---+----+-----+-----------+
    |Total                       | 12|   0|   12|          0|
    +----------------------------+---+----+-----+-----------+



================================================================
== Interface
================================================================
* Summary: 
+----------------------+-----+-----+------------+---------------+--------------+
|       RTL Ports      | Dir | Bits|  Protocol  | Source Object |    C Type    |
+----------------------+-----+-----+------------+---------------+--------------+
|m_axi_gmem0_AWVALID   |  out|    1|       m_axi|          gmem0|       pointer|
|m_axi_gmem0_AWREADY   |   in|    1|       m_axi|          gmem0|       pointer|
|m_axi_gmem0_AWADDR    |  out|   64|       m_axi|          gmem0|       pointer|
|m_axi_gmem0_AWID      |  out|    1|       m_axi|          gmem0|       pointer|
|m_axi_gmem0_AWLEN     |  out|   32|       m_axi|          gmem0|       pointer|
|m_axi_gmem0_AWSIZE    |  out|    3|       m_axi|          gmem0|       pointer|
|m_axi_gmem0_AWBURST   |  out|    2|       m_axi|          gmem0|       pointer|
|m_axi_gmem0_AWLOCK    |  out|    2|       m_axi|          gmem0|       pointer|
|m_axi_gmem0_AWCACHE   |  out|    4|       m_axi|          gmem0|       pointer|
|m_axi_gmem0_AWPROT    |  out|    3|       m_axi|          gmem0|       pointer|
|m_axi_gmem0_AWQOS     |  out|    4|       m_axi|          gmem0|       pointer|
|m_axi_gmem0_AWREGION  |  out|    4|       m_axi|          gmem0|       pointer|
|m_axi_gmem0_AWUSER    |  out|    1|       m_axi|          gmem0|       pointer|
|m_axi_gmem0_WVALID    |  out|    1|       m_axi|          gmem0|       pointer|
|m_axi_gmem0_WREADY    |   in|    1|       m_axi|          gmem0|       pointer|
|m_axi_gmem0_WDATA     |  out|  512|       m_axi|          gmem0|       pointer|
|m_axi_gmem0_WSTRB     |  out|   64|       m_axi|          gmem0|       pointer|
|m_axi_gmem0_WLAST     |  out|    1|       m_axi|          gmem0|       pointer|
|m_axi_gmem0_WID       |  out|    1|       m_axi|          gmem0|       pointer|
|m_axi_gmem0_WUSER     |  out|    1|       m_axi|          gmem0|       pointer|
|m_axi_gmem0_ARVALID   |  out|    1|       m_axi|          gmem0|       pointer|
|m_axi_gmem0_ARREADY   |   in|    1|       m_axi|          gmem0|       pointer|
|m_axi_gmem0_ARADDR    |  out|   64|       m_axi|          gmem0|       pointer|
|m_axi_gmem0_ARID      |  out|    1|       m_axi|          gmem0|       pointer|
|m_axi_gmem0_ARLEN     |  out|   32|       m_axi|          gmem0|       pointer|
|m_axi_gmem0_ARSIZE    |  out|    3|       m_axi|          gmem0|       pointer|
|m_axi_gmem0_ARBURST   |  out|    2|       m_axi|          gmem0|       pointer|
|m_axi_gmem0_ARLOCK    |  out|    2|       m_axi|          gmem0|       pointer|
|m_axi_gmem0_ARCACHE   |  out|    4|       m_axi|          gmem0|       pointer|
|m_axi_gmem0_ARPROT    |  out|    3|       m_axi|          gmem0|       pointer|
|m_axi_gmem0_ARQOS     |  out|    4|       m_axi|          gmem0|       pointer|
|m_axi_gmem0_ARREGION  |  out|    4|       m_axi|          gmem0|       pointer|
|m_axi_gmem0_ARUSER    |  out|    1|       m_axi|          gmem0|       pointer|
|m_axi_gmem0_RVALID    |   in|    1|       m_axi|          gmem0|       pointer|
|m_axi_gmem0_RREADY    |  out|    1|       m_axi|          gmem0|       pointer|
|m_axi_gmem0_RDATA     |   in|  512|       m_axi|          gmem0|       pointer|
|m_axi_gmem0_RLAST     |   in|    1|       m_axi|          gmem0|       pointer|
|m_axi_gmem0_RID       |   in|    1|       m_axi|          gmem0|       pointer|
|m_axi_gmem0_RFIFONUM  |   in|    9|       m_axi|          gmem0|       pointer|
|m_axi_gmem0_RUSER     |   in|    1|       m_axi|          gmem0|       pointer|
|m_axi_gmem0_RRESP     |   in|    2|       m_axi|          gmem0|       pointer|
|m_axi_gmem0_BVALID    |   in|    1|       m_axi|          gmem0|       pointer|
|m_axi_gmem0_BREADY    |  out|    1|       m_axi|          gmem0|       pointer|
|m_axi_gmem0_BRESP     |   in|    2|       m_axi|          gmem0|       pointer|
|m_axi_gmem0_BID       |   in|    1|       m_axi|          gmem0|       pointer|
|m_axi_gmem0_BUSER     |   in|    1|       m_axi|          gmem0|       pointer|
|A_DRAM                |   in|   64|     ap_none|         A_DRAM|        scalar|
|A_BUF_0_0_address0    |  out|    4|   ap_memory|      A_BUF_0_0|         array|
|A_BUF_0_0_ce0         |  out|    1|   ap_memory|      A_BUF_0_0|         array|
|A_BUF_0_0_d0          |  out|   32|   ap_memory|      A_BUF_0_0|         array|
|A_BUF_0_0_q0          |   in|   32|   ap_memory|      A_BUF_0_0|         array|
|A_BUF_0_0_we0         |  out|    1|   ap_memory|      A_BUF_0_0|         array|
|A_BUF_0_0_address1    |  out|    4|   ap_memory|      A_BUF_0_0|         array|
|A_BUF_0_0_ce1         |  out|    1|   ap_memory|      A_BUF_0_0|         array|
|A_BUF_0_0_d1          |  out|   32|   ap_memory|      A_BUF_0_0|         array|
|A_BUF_0_0_q1          |   in|   32|   ap_memory|      A_BUF_0_0|         array|
|A_BUF_0_0_we1         |  out|    1|   ap_memory|      A_BUF_0_0|         array|
|A_BUF_0_0_address2    |  out|    4|   ap_memory|      A_BUF_0_0|         array|
|A_BUF_0_0_ce2         |  out|    1|   ap_memory|      A_BUF_0_0|         array|
|A_BUF_0_0_d2          |  out|   32|   ap_memory|      A_BUF_0_0|         array|
|A_BUF_0_0_q2          |   in|   32|   ap_memory|      A_BUF_0_0|         array|
|A_BUF_0_0_we2         |  out|    1|   ap_memory|      A_BUF_0_0|         array|
|A_BUF_0_0_address3    |  out|    4|   ap_memory|      A_BUF_0_0|         array|
|A_BUF_0_0_ce3         |  out|    1|   ap_memory|      A_BUF_0_0|         array|
|A_BUF_0_0_d3          |  out|   32|   ap_memory|      A_BUF_0_0|         array|
|A_BUF_0_0_q3          |   in|   32|   ap_memory|      A_BUF_0_0|         array|
|A_BUF_0_0_we3         |  out|    1|   ap_memory|      A_BUF_0_0|         array|
|A_BUF_0_0_address4    |  out|    4|   ap_memory|      A_BUF_0_0|         array|
|A_BUF_0_0_ce4         |  out|    1|   ap_memory|      A_BUF_0_0|         array|
|A_BUF_0_0_d4          |  out|   32|   ap_memory|      A_BUF_0_0|         array|
|A_BUF_0_0_q4          |   in|   32|   ap_memory|      A_BUF_0_0|         array|
|A_BUF_0_0_we4         |  out|    1|   ap_memory|      A_BUF_0_0|         array|
|A_BUF_0_0_address5    |  out|    4|   ap_memory|      A_BUF_0_0|         array|
|A_BUF_0_0_ce5         |  out|    1|   ap_memory|      A_BUF_0_0|         array|
|A_BUF_0_0_d5          |  out|   32|   ap_memory|      A_BUF_0_0|         array|
|A_BUF_0_0_q5          |   in|   32|   ap_memory|      A_BUF_0_0|         array|
|A_BUF_0_0_we5         |  out|    1|   ap_memory|      A_BUF_0_0|         array|
|A_BUF_0_0_address6    |  out|    4|   ap_memory|      A_BUF_0_0|         array|
|A_BUF_0_0_ce6         |  out|    1|   ap_memory|      A_BUF_0_0|         array|
|A_BUF_0_0_d6          |  out|   32|   ap_memory|      A_BUF_0_0|         array|
|A_BUF_0_0_q6          |   in|   32|   ap_memory|      A_BUF_0_0|         array|
|A_BUF_0_0_we6         |  out|    1|   ap_memory|      A_BUF_0_0|         array|
|A_BUF_0_0_address7    |  out|    4|   ap_memory|      A_BUF_0_0|         array|
|A_BUF_0_0_ce7         |  out|    1|   ap_memory|      A_BUF_0_0|         array|
|A_BUF_0_0_d7          |  out|   32|   ap_memory|      A_BUF_0_0|         array|
|A_BUF_0_0_q7          |   in|   32|   ap_memory|      A_BUF_0_0|         array|
|A_BUF_0_0_we7         |  out|    1|   ap_memory|      A_BUF_0_0|         array|
|A_BUF_0_0_address8    |  out|    4|   ap_memory|      A_BUF_0_0|         array|
|A_BUF_0_0_ce8         |  out|    1|   ap_memory|      A_BUF_0_0|         array|
|A_BUF_0_0_d8          |  out|   32|   ap_memory|      A_BUF_0_0|         array|
|A_BUF_0_0_q8          |   in|   32|   ap_memory|      A_BUF_0_0|         array|
|A_BUF_0_0_we8         |  out|    1|   ap_memory|      A_BUF_0_0|         array|
|A_BUF_0_0_address9    |  out|    4|   ap_memory|      A_BUF_0_0|         array|
|A_BUF_0_0_ce9         |  out|    1|   ap_memory|      A_BUF_0_0|         array|
|A_BUF_0_0_d9          |  out|   32|   ap_memory|      A_BUF_0_0|         array|
|A_BUF_0_0_q9          |   in|   32|   ap_memory|      A_BUF_0_0|         array|
|A_BUF_0_0_we9         |  out|    1|   ap_memory|      A_BUF_0_0|         array|
|A_BUF_0_0_address10   |  out|    4|   ap_memory|      A_BUF_0_0|         array|
|A_BUF_0_0_ce10        |  out|    1|   ap_memory|      A_BUF_0_0|         array|
|A_BUF_0_0_d10         |  out|   32|   ap_memory|      A_BUF_0_0|         array|
|A_BUF_0_0_q10         |   in|   32|   ap_memory|      A_BUF_0_0|         array|
|A_BUF_0_0_we10        |  out|    1|   ap_memory|      A_BUF_0_0|         array|
|A_BUF_0_0_address11   |  out|    4|   ap_memory|      A_BUF_0_0|         array|
|A_BUF_0_0_ce11        |  out|    1|   ap_memory|      A_BUF_0_0|         array|
|A_BUF_0_0_d11         |  out|   32|   ap_memory|      A_BUF_0_0|         array|
|A_BUF_0_0_q11         |   in|   32|   ap_memory|      A_BUF_0_0|         array|
|A_BUF_0_0_we11        |  out|    1|   ap_memory|      A_BUF_0_0|         array|
|A_BUF_0_0_address12   |  out|    4|   ap_memory|      A_BUF_0_0|         array|
|A_BUF_0_0_ce12        |  out|    1|   ap_memory|      A_BUF_0_0|         array|
|A_BUF_0_0_d12         |  out|   32|   ap_memory|      A_BUF_0_0|         array|
|A_BUF_0_0_q12         |   in|   32|   ap_memory|      A_BUF_0_0|         array|
|A_BUF_0_0_we12        |  out|    1|   ap_memory|      A_BUF_0_0|         array|
|A_BUF_0_0_address13   |  out|    4|   ap_memory|      A_BUF_0_0|         array|
|A_BUF_0_0_ce13        |  out|    1|   ap_memory|      A_BUF_0_0|         array|
|A_BUF_0_0_d13         |  out|   32|   ap_memory|      A_BUF_0_0|         array|
|A_BUF_0_0_q13         |   in|   32|   ap_memory|      A_BUF_0_0|         array|
|A_BUF_0_0_we13        |  out|    1|   ap_memory|      A_BUF_0_0|         array|
|A_BUF_0_0_address14   |  out|    4|   ap_memory|      A_BUF_0_0|         array|
|A_BUF_0_0_ce14        |  out|    1|   ap_memory|      A_BUF_0_0|         array|
|A_BUF_0_0_d14         |  out|   32|   ap_memory|      A_BUF_0_0|         array|
|A_BUF_0_0_q14         |   in|   32|   ap_memory|      A_BUF_0_0|         array|
|A_BUF_0_0_we14        |  out|    1|   ap_memory|      A_BUF_0_0|         array|
|A_BUF_0_0_address15   |  out|    4|   ap_memory|      A_BUF_0_0|         array|
|A_BUF_0_0_ce15        |  out|    1|   ap_memory|      A_BUF_0_0|         array|
|A_BUF_0_0_d15         |  out|   32|   ap_memory|      A_BUF_0_0|         array|
|A_BUF_0_0_q15         |   in|   32|   ap_memory|      A_BUF_0_0|         array|
|A_BUF_0_0_we15        |  out|    1|   ap_memory|      A_BUF_0_0|         array|
|A_BUF_0_0_address16   |  out|    4|   ap_memory|      A_BUF_0_0|         array|
|A_BUF_0_0_ce16        |  out|    1|   ap_memory|      A_BUF_0_0|         array|
|A_BUF_0_0_d16         |  out|   32|   ap_memory|      A_BUF_0_0|         array|
|A_BUF_0_0_q16         |   in|   32|   ap_memory|      A_BUF_0_0|         array|
|A_BUF_0_0_we16        |  out|    1|   ap_memory|      A_BUF_0_0|         array|
|A_BUF_0_1_address0    |  out|    4|   ap_memory|      A_BUF_0_1|         array|
|A_BUF_0_1_ce0         |  out|    1|   ap_memory|      A_BUF_0_1|         array|
|A_BUF_0_1_d0          |  out|   32|   ap_memory|      A_BUF_0_1|         array|
|A_BUF_0_1_q0          |   in|   32|   ap_memory|      A_BUF_0_1|         array|
|A_BUF_0_1_we0         |  out|    1|   ap_memory|      A_BUF_0_1|         array|
|A_BUF_0_1_address1    |  out|    4|   ap_memory|      A_BUF_0_1|         array|
|A_BUF_0_1_ce1         |  out|    1|   ap_memory|      A_BUF_0_1|         array|
|A_BUF_0_1_d1          |  out|   32|   ap_memory|      A_BUF_0_1|         array|
|A_BUF_0_1_q1          |   in|   32|   ap_memory|      A_BUF_0_1|         array|
|A_BUF_0_1_we1         |  out|    1|   ap_memory|      A_BUF_0_1|         array|
|A_BUF_0_1_address2    |  out|    4|   ap_memory|      A_BUF_0_1|         array|
|A_BUF_0_1_ce2         |  out|    1|   ap_memory|      A_BUF_0_1|         array|
|A_BUF_0_1_d2          |  out|   32|   ap_memory|      A_BUF_0_1|         array|
|A_BUF_0_1_q2          |   in|   32|   ap_memory|      A_BUF_0_1|         array|
|A_BUF_0_1_we2         |  out|    1|   ap_memory|      A_BUF_0_1|         array|
|A_BUF_0_1_address3    |  out|    4|   ap_memory|      A_BUF_0_1|         array|
|A_BUF_0_1_ce3         |  out|    1|   ap_memory|      A_BUF_0_1|         array|
|A_BUF_0_1_d3          |  out|   32|   ap_memory|      A_BUF_0_1|         array|
|A_BUF_0_1_q3          |   in|   32|   ap_memory|      A_BUF_0_1|         array|
|A_BUF_0_1_we3         |  out|    1|   ap_memory|      A_BUF_0_1|         array|
|A_BUF_0_1_address4    |  out|    4|   ap_memory|      A_BUF_0_1|         array|
|A_BUF_0_1_ce4         |  out|    1|   ap_memory|      A_BUF_0_1|         array|
|A_BUF_0_1_d4          |  out|   32|   ap_memory|      A_BUF_0_1|         array|
|A_BUF_0_1_q4          |   in|   32|   ap_memory|      A_BUF_0_1|         array|
|A_BUF_0_1_we4         |  out|    1|   ap_memory|      A_BUF_0_1|         array|
|A_BUF_0_1_address5    |  out|    4|   ap_memory|      A_BUF_0_1|         array|
|A_BUF_0_1_ce5         |  out|    1|   ap_memory|      A_BUF_0_1|         array|
|A_BUF_0_1_d5          |  out|   32|   ap_memory|      A_BUF_0_1|         array|
|A_BUF_0_1_q5          |   in|   32|   ap_memory|      A_BUF_0_1|         array|
|A_BUF_0_1_we5         |  out|    1|   ap_memory|      A_BUF_0_1|         array|
|A_BUF_0_1_address6    |  out|    4|   ap_memory|      A_BUF_0_1|         array|
|A_BUF_0_1_ce6         |  out|    1|   ap_memory|      A_BUF_0_1|         array|
|A_BUF_0_1_d6          |  out|   32|   ap_memory|      A_BUF_0_1|         array|
|A_BUF_0_1_q6          |   in|   32|   ap_memory|      A_BUF_0_1|         array|
|A_BUF_0_1_we6         |  out|    1|   ap_memory|      A_BUF_0_1|         array|
|A_BUF_0_1_address7    |  out|    4|   ap_memory|      A_BUF_0_1|         array|
|A_BUF_0_1_ce7         |  out|    1|   ap_memory|      A_BUF_0_1|         array|
|A_BUF_0_1_d7          |  out|   32|   ap_memory|      A_BUF_0_1|         array|
|A_BUF_0_1_q7          |   in|   32|   ap_memory|      A_BUF_0_1|         array|
|A_BUF_0_1_we7         |  out|    1|   ap_memory|      A_BUF_0_1|         array|
|A_BUF_0_1_address8    |  out|    4|   ap_memory|      A_BUF_0_1|         array|
|A_BUF_0_1_ce8         |  out|    1|   ap_memory|      A_BUF_0_1|         array|
|A_BUF_0_1_d8          |  out|   32|   ap_memory|      A_BUF_0_1|         array|
|A_BUF_0_1_q8          |   in|   32|   ap_memory|      A_BUF_0_1|         array|
|A_BUF_0_1_we8         |  out|    1|   ap_memory|      A_BUF_0_1|         array|
|A_BUF_0_1_address9    |  out|    4|   ap_memory|      A_BUF_0_1|         array|
|A_BUF_0_1_ce9         |  out|    1|   ap_memory|      A_BUF_0_1|         array|
|A_BUF_0_1_d9          |  out|   32|   ap_memory|      A_BUF_0_1|         array|
|A_BUF_0_1_q9          |   in|   32|   ap_memory|      A_BUF_0_1|         array|
|A_BUF_0_1_we9         |  out|    1|   ap_memory|      A_BUF_0_1|         array|
|A_BUF_0_1_address10   |  out|    4|   ap_memory|      A_BUF_0_1|         array|
|A_BUF_0_1_ce10        |  out|    1|   ap_memory|      A_BUF_0_1|         array|
|A_BUF_0_1_d10         |  out|   32|   ap_memory|      A_BUF_0_1|         array|
|A_BUF_0_1_q10         |   in|   32|   ap_memory|      A_BUF_0_1|         array|
|A_BUF_0_1_we10        |  out|    1|   ap_memory|      A_BUF_0_1|         array|
|A_BUF_0_1_address11   |  out|    4|   ap_memory|      A_BUF_0_1|         array|
|A_BUF_0_1_ce11        |  out|    1|   ap_memory|      A_BUF_0_1|         array|
|A_BUF_0_1_d11         |  out|   32|   ap_memory|      A_BUF_0_1|         array|
|A_BUF_0_1_q11         |   in|   32|   ap_memory|      A_BUF_0_1|         array|
|A_BUF_0_1_we11        |  out|    1|   ap_memory|      A_BUF_0_1|         array|
|A_BUF_0_1_address12   |  out|    4|   ap_memory|      A_BUF_0_1|         array|
|A_BUF_0_1_ce12        |  out|    1|   ap_memory|      A_BUF_0_1|         array|
|A_BUF_0_1_d12         |  out|   32|   ap_memory|      A_BUF_0_1|         array|
|A_BUF_0_1_q12         |   in|   32|   ap_memory|      A_BUF_0_1|         array|
|A_BUF_0_1_we12        |  out|    1|   ap_memory|      A_BUF_0_1|         array|
|A_BUF_0_1_address13   |  out|    4|   ap_memory|      A_BUF_0_1|         array|
|A_BUF_0_1_ce13        |  out|    1|   ap_memory|      A_BUF_0_1|         array|
|A_BUF_0_1_d13         |  out|   32|   ap_memory|      A_BUF_0_1|         array|
|A_BUF_0_1_q13         |   in|   32|   ap_memory|      A_BUF_0_1|         array|
|A_BUF_0_1_we13        |  out|    1|   ap_memory|      A_BUF_0_1|         array|
|A_BUF_0_1_address14   |  out|    4|   ap_memory|      A_BUF_0_1|         array|
|A_BUF_0_1_ce14        |  out|    1|   ap_memory|      A_BUF_0_1|         array|
|A_BUF_0_1_d14         |  out|   32|   ap_memory|      A_BUF_0_1|         array|
|A_BUF_0_1_q14         |   in|   32|   ap_memory|      A_BUF_0_1|         array|
|A_BUF_0_1_we14        |  out|    1|   ap_memory|      A_BUF_0_1|         array|
|A_BUF_0_1_address15   |  out|    4|   ap_memory|      A_BUF_0_1|         array|
|A_BUF_0_1_ce15        |  out|    1|   ap_memory|      A_BUF_0_1|         array|
|A_BUF_0_1_d15         |  out|   32|   ap_memory|      A_BUF_0_1|         array|
|A_BUF_0_1_q15         |   in|   32|   ap_memory|      A_BUF_0_1|         array|
|A_BUF_0_1_we15        |  out|    1|   ap_memory|      A_BUF_0_1|         array|
|A_BUF_0_1_address16   |  out|    4|   ap_memory|      A_BUF_0_1|         array|
|A_BUF_0_1_ce16        |  out|    1|   ap_memory|      A_BUF_0_1|         array|
|A_BUF_0_1_d16         |  out|   32|   ap_memory|      A_BUF_0_1|         array|
|A_BUF_0_1_q16         |   in|   32|   ap_memory|      A_BUF_0_1|         array|
|A_BUF_0_1_we16        |  out|    1|   ap_memory|      A_BUF_0_1|         array|
|A_BUF_0_2_address0    |  out|    4|   ap_memory|      A_BUF_0_2|         array|
|A_BUF_0_2_ce0         |  out|    1|   ap_memory|      A_BUF_0_2|         array|
|A_BUF_0_2_d0          |  out|   32|   ap_memory|      A_BUF_0_2|         array|
|A_BUF_0_2_q0          |   in|   32|   ap_memory|      A_BUF_0_2|         array|
|A_BUF_0_2_we0         |  out|    1|   ap_memory|      A_BUF_0_2|         array|
|A_BUF_0_2_address1    |  out|    4|   ap_memory|      A_BUF_0_2|         array|
|A_BUF_0_2_ce1         |  out|    1|   ap_memory|      A_BUF_0_2|         array|
|A_BUF_0_2_d1          |  out|   32|   ap_memory|      A_BUF_0_2|         array|
|A_BUF_0_2_q1          |   in|   32|   ap_memory|      A_BUF_0_2|         array|
|A_BUF_0_2_we1         |  out|    1|   ap_memory|      A_BUF_0_2|         array|
|A_BUF_0_2_address2    |  out|    4|   ap_memory|      A_BUF_0_2|         array|
|A_BUF_0_2_ce2         |  out|    1|   ap_memory|      A_BUF_0_2|         array|
|A_BUF_0_2_d2          |  out|   32|   ap_memory|      A_BUF_0_2|         array|
|A_BUF_0_2_q2          |   in|   32|   ap_memory|      A_BUF_0_2|         array|
|A_BUF_0_2_we2         |  out|    1|   ap_memory|      A_BUF_0_2|         array|
|A_BUF_0_2_address3    |  out|    4|   ap_memory|      A_BUF_0_2|         array|
|A_BUF_0_2_ce3         |  out|    1|   ap_memory|      A_BUF_0_2|         array|
|A_BUF_0_2_d3          |  out|   32|   ap_memory|      A_BUF_0_2|         array|
|A_BUF_0_2_q3          |   in|   32|   ap_memory|      A_BUF_0_2|         array|
|A_BUF_0_2_we3         |  out|    1|   ap_memory|      A_BUF_0_2|         array|
|A_BUF_0_2_address4    |  out|    4|   ap_memory|      A_BUF_0_2|         array|
|A_BUF_0_2_ce4         |  out|    1|   ap_memory|      A_BUF_0_2|         array|
|A_BUF_0_2_d4          |  out|   32|   ap_memory|      A_BUF_0_2|         array|
|A_BUF_0_2_q4          |   in|   32|   ap_memory|      A_BUF_0_2|         array|
|A_BUF_0_2_we4         |  out|    1|   ap_memory|      A_BUF_0_2|         array|
|A_BUF_0_2_address5    |  out|    4|   ap_memory|      A_BUF_0_2|         array|
|A_BUF_0_2_ce5         |  out|    1|   ap_memory|      A_BUF_0_2|         array|
|A_BUF_0_2_d5          |  out|   32|   ap_memory|      A_BUF_0_2|         array|
|A_BUF_0_2_q5          |   in|   32|   ap_memory|      A_BUF_0_2|         array|
|A_BUF_0_2_we5         |  out|    1|   ap_memory|      A_BUF_0_2|         array|
|A_BUF_0_2_address6    |  out|    4|   ap_memory|      A_BUF_0_2|         array|
|A_BUF_0_2_ce6         |  out|    1|   ap_memory|      A_BUF_0_2|         array|
|A_BUF_0_2_d6          |  out|   32|   ap_memory|      A_BUF_0_2|         array|
|A_BUF_0_2_q6          |   in|   32|   ap_memory|      A_BUF_0_2|         array|
|A_BUF_0_2_we6         |  out|    1|   ap_memory|      A_BUF_0_2|         array|
|A_BUF_0_2_address7    |  out|    4|   ap_memory|      A_BUF_0_2|         array|
|A_BUF_0_2_ce7         |  out|    1|   ap_memory|      A_BUF_0_2|         array|
|A_BUF_0_2_d7          |  out|   32|   ap_memory|      A_BUF_0_2|         array|
|A_BUF_0_2_q7          |   in|   32|   ap_memory|      A_BUF_0_2|         array|
|A_BUF_0_2_we7         |  out|    1|   ap_memory|      A_BUF_0_2|         array|
|A_BUF_0_2_address8    |  out|    4|   ap_memory|      A_BUF_0_2|         array|
|A_BUF_0_2_ce8         |  out|    1|   ap_memory|      A_BUF_0_2|         array|
|A_BUF_0_2_d8          |  out|   32|   ap_memory|      A_BUF_0_2|         array|
|A_BUF_0_2_q8          |   in|   32|   ap_memory|      A_BUF_0_2|         array|
|A_BUF_0_2_we8         |  out|    1|   ap_memory|      A_BUF_0_2|         array|
|A_BUF_0_2_address9    |  out|    4|   ap_memory|      A_BUF_0_2|         array|
|A_BUF_0_2_ce9         |  out|    1|   ap_memory|      A_BUF_0_2|         array|
|A_BUF_0_2_d9          |  out|   32|   ap_memory|      A_BUF_0_2|         array|
|A_BUF_0_2_q9          |   in|   32|   ap_memory|      A_BUF_0_2|         array|
|A_BUF_0_2_we9         |  out|    1|   ap_memory|      A_BUF_0_2|         array|
|A_BUF_0_2_address10   |  out|    4|   ap_memory|      A_BUF_0_2|         array|
|A_BUF_0_2_ce10        |  out|    1|   ap_memory|      A_BUF_0_2|         array|
|A_BUF_0_2_d10         |  out|   32|   ap_memory|      A_BUF_0_2|         array|
|A_BUF_0_2_q10         |   in|   32|   ap_memory|      A_BUF_0_2|         array|
|A_BUF_0_2_we10        |  out|    1|   ap_memory|      A_BUF_0_2|         array|
|A_BUF_0_2_address11   |  out|    4|   ap_memory|      A_BUF_0_2|         array|
|A_BUF_0_2_ce11        |  out|    1|   ap_memory|      A_BUF_0_2|         array|
|A_BUF_0_2_d11         |  out|   32|   ap_memory|      A_BUF_0_2|         array|
|A_BUF_0_2_q11         |   in|   32|   ap_memory|      A_BUF_0_2|         array|
|A_BUF_0_2_we11        |  out|    1|   ap_memory|      A_BUF_0_2|         array|
|A_BUF_0_2_address12   |  out|    4|   ap_memory|      A_BUF_0_2|         array|
|A_BUF_0_2_ce12        |  out|    1|   ap_memory|      A_BUF_0_2|         array|
|A_BUF_0_2_d12         |  out|   32|   ap_memory|      A_BUF_0_2|         array|
|A_BUF_0_2_q12         |   in|   32|   ap_memory|      A_BUF_0_2|         array|
|A_BUF_0_2_we12        |  out|    1|   ap_memory|      A_BUF_0_2|         array|
|A_BUF_0_2_address13   |  out|    4|   ap_memory|      A_BUF_0_2|         array|
|A_BUF_0_2_ce13        |  out|    1|   ap_memory|      A_BUF_0_2|         array|
|A_BUF_0_2_d13         |  out|   32|   ap_memory|      A_BUF_0_2|         array|
|A_BUF_0_2_q13         |   in|   32|   ap_memory|      A_BUF_0_2|         array|
|A_BUF_0_2_we13        |  out|    1|   ap_memory|      A_BUF_0_2|         array|
|A_BUF_0_2_address14   |  out|    4|   ap_memory|      A_BUF_0_2|         array|
|A_BUF_0_2_ce14        |  out|    1|   ap_memory|      A_BUF_0_2|         array|
|A_BUF_0_2_d14         |  out|   32|   ap_memory|      A_BUF_0_2|         array|
|A_BUF_0_2_q14         |   in|   32|   ap_memory|      A_BUF_0_2|         array|
|A_BUF_0_2_we14        |  out|    1|   ap_memory|      A_BUF_0_2|         array|
|A_BUF_0_2_address15   |  out|    4|   ap_memory|      A_BUF_0_2|         array|
|A_BUF_0_2_ce15        |  out|    1|   ap_memory|      A_BUF_0_2|         array|
|A_BUF_0_2_d15         |  out|   32|   ap_memory|      A_BUF_0_2|         array|
|A_BUF_0_2_q15         |   in|   32|   ap_memory|      A_BUF_0_2|         array|
|A_BUF_0_2_we15        |  out|    1|   ap_memory|      A_BUF_0_2|         array|
|A_BUF_0_2_address16   |  out|    4|   ap_memory|      A_BUF_0_2|         array|
|A_BUF_0_2_ce16        |  out|    1|   ap_memory|      A_BUF_0_2|         array|
|A_BUF_0_2_d16         |  out|   32|   ap_memory|      A_BUF_0_2|         array|
|A_BUF_0_2_q16         |   in|   32|   ap_memory|      A_BUF_0_2|         array|
|A_BUF_0_2_we16        |  out|    1|   ap_memory|      A_BUF_0_2|         array|
|A_BUF_0_3_address0    |  out|    4|   ap_memory|      A_BUF_0_3|         array|
|A_BUF_0_3_ce0         |  out|    1|   ap_memory|      A_BUF_0_3|         array|
|A_BUF_0_3_d0          |  out|   32|   ap_memory|      A_BUF_0_3|         array|
|A_BUF_0_3_q0          |   in|   32|   ap_memory|      A_BUF_0_3|         array|
|A_BUF_0_3_we0         |  out|    1|   ap_memory|      A_BUF_0_3|         array|
|A_BUF_0_3_address1    |  out|    4|   ap_memory|      A_BUF_0_3|         array|
|A_BUF_0_3_ce1         |  out|    1|   ap_memory|      A_BUF_0_3|         array|
|A_BUF_0_3_d1          |  out|   32|   ap_memory|      A_BUF_0_3|         array|
|A_BUF_0_3_q1          |   in|   32|   ap_memory|      A_BUF_0_3|         array|
|A_BUF_0_3_we1         |  out|    1|   ap_memory|      A_BUF_0_3|         array|
|A_BUF_0_3_address2    |  out|    4|   ap_memory|      A_BUF_0_3|         array|
|A_BUF_0_3_ce2         |  out|    1|   ap_memory|      A_BUF_0_3|         array|
|A_BUF_0_3_d2          |  out|   32|   ap_memory|      A_BUF_0_3|         array|
|A_BUF_0_3_q2          |   in|   32|   ap_memory|      A_BUF_0_3|         array|
|A_BUF_0_3_we2         |  out|    1|   ap_memory|      A_BUF_0_3|         array|
|A_BUF_0_3_address3    |  out|    4|   ap_memory|      A_BUF_0_3|         array|
|A_BUF_0_3_ce3         |  out|    1|   ap_memory|      A_BUF_0_3|         array|
|A_BUF_0_3_d3          |  out|   32|   ap_memory|      A_BUF_0_3|         array|
|A_BUF_0_3_q3          |   in|   32|   ap_memory|      A_BUF_0_3|         array|
|A_BUF_0_3_we3         |  out|    1|   ap_memory|      A_BUF_0_3|         array|
|A_BUF_0_3_address4    |  out|    4|   ap_memory|      A_BUF_0_3|         array|
|A_BUF_0_3_ce4         |  out|    1|   ap_memory|      A_BUF_0_3|         array|
|A_BUF_0_3_d4          |  out|   32|   ap_memory|      A_BUF_0_3|         array|
|A_BUF_0_3_q4          |   in|   32|   ap_memory|      A_BUF_0_3|         array|
|A_BUF_0_3_we4         |  out|    1|   ap_memory|      A_BUF_0_3|         array|
|A_BUF_0_3_address5    |  out|    4|   ap_memory|      A_BUF_0_3|         array|
|A_BUF_0_3_ce5         |  out|    1|   ap_memory|      A_BUF_0_3|         array|
|A_BUF_0_3_d5          |  out|   32|   ap_memory|      A_BUF_0_3|         array|
|A_BUF_0_3_q5          |   in|   32|   ap_memory|      A_BUF_0_3|         array|
|A_BUF_0_3_we5         |  out|    1|   ap_memory|      A_BUF_0_3|         array|
|A_BUF_0_3_address6    |  out|    4|   ap_memory|      A_BUF_0_3|         array|
|A_BUF_0_3_ce6         |  out|    1|   ap_memory|      A_BUF_0_3|         array|
|A_BUF_0_3_d6          |  out|   32|   ap_memory|      A_BUF_0_3|         array|
|A_BUF_0_3_q6          |   in|   32|   ap_memory|      A_BUF_0_3|         array|
|A_BUF_0_3_we6         |  out|    1|   ap_memory|      A_BUF_0_3|         array|
|A_BUF_0_3_address7    |  out|    4|   ap_memory|      A_BUF_0_3|         array|
|A_BUF_0_3_ce7         |  out|    1|   ap_memory|      A_BUF_0_3|         array|
|A_BUF_0_3_d7          |  out|   32|   ap_memory|      A_BUF_0_3|         array|
|A_BUF_0_3_q7          |   in|   32|   ap_memory|      A_BUF_0_3|         array|
|A_BUF_0_3_we7         |  out|    1|   ap_memory|      A_BUF_0_3|         array|
|A_BUF_0_3_address8    |  out|    4|   ap_memory|      A_BUF_0_3|         array|
|A_BUF_0_3_ce8         |  out|    1|   ap_memory|      A_BUF_0_3|         array|
|A_BUF_0_3_d8          |  out|   32|   ap_memory|      A_BUF_0_3|         array|
|A_BUF_0_3_q8          |   in|   32|   ap_memory|      A_BUF_0_3|         array|
|A_BUF_0_3_we8         |  out|    1|   ap_memory|      A_BUF_0_3|         array|
|A_BUF_0_3_address9    |  out|    4|   ap_memory|      A_BUF_0_3|         array|
|A_BUF_0_3_ce9         |  out|    1|   ap_memory|      A_BUF_0_3|         array|
|A_BUF_0_3_d9          |  out|   32|   ap_memory|      A_BUF_0_3|         array|
|A_BUF_0_3_q9          |   in|   32|   ap_memory|      A_BUF_0_3|         array|
|A_BUF_0_3_we9         |  out|    1|   ap_memory|      A_BUF_0_3|         array|
|A_BUF_0_3_address10   |  out|    4|   ap_memory|      A_BUF_0_3|         array|
|A_BUF_0_3_ce10        |  out|    1|   ap_memory|      A_BUF_0_3|         array|
|A_BUF_0_3_d10         |  out|   32|   ap_memory|      A_BUF_0_3|         array|
|A_BUF_0_3_q10         |   in|   32|   ap_memory|      A_BUF_0_3|         array|
|A_BUF_0_3_we10        |  out|    1|   ap_memory|      A_BUF_0_3|         array|
|A_BUF_0_3_address11   |  out|    4|   ap_memory|      A_BUF_0_3|         array|
|A_BUF_0_3_ce11        |  out|    1|   ap_memory|      A_BUF_0_3|         array|
|A_BUF_0_3_d11         |  out|   32|   ap_memory|      A_BUF_0_3|         array|
|A_BUF_0_3_q11         |   in|   32|   ap_memory|      A_BUF_0_3|         array|
|A_BUF_0_3_we11        |  out|    1|   ap_memory|      A_BUF_0_3|         array|
|A_BUF_0_3_address12   |  out|    4|   ap_memory|      A_BUF_0_3|         array|
|A_BUF_0_3_ce12        |  out|    1|   ap_memory|      A_BUF_0_3|         array|
|A_BUF_0_3_d12         |  out|   32|   ap_memory|      A_BUF_0_3|         array|
|A_BUF_0_3_q12         |   in|   32|   ap_memory|      A_BUF_0_3|         array|
|A_BUF_0_3_we12        |  out|    1|   ap_memory|      A_BUF_0_3|         array|
|A_BUF_0_3_address13   |  out|    4|   ap_memory|      A_BUF_0_3|         array|
|A_BUF_0_3_ce13        |  out|    1|   ap_memory|      A_BUF_0_3|         array|
|A_BUF_0_3_d13         |  out|   32|   ap_memory|      A_BUF_0_3|         array|
|A_BUF_0_3_q13         |   in|   32|   ap_memory|      A_BUF_0_3|         array|
|A_BUF_0_3_we13        |  out|    1|   ap_memory|      A_BUF_0_3|         array|
|A_BUF_0_3_address14   |  out|    4|   ap_memory|      A_BUF_0_3|         array|
|A_BUF_0_3_ce14        |  out|    1|   ap_memory|      A_BUF_0_3|         array|
|A_BUF_0_3_d14         |  out|   32|   ap_memory|      A_BUF_0_3|         array|
|A_BUF_0_3_q14         |   in|   32|   ap_memory|      A_BUF_0_3|         array|
|A_BUF_0_3_we14        |  out|    1|   ap_memory|      A_BUF_0_3|         array|
|A_BUF_0_3_address15   |  out|    4|   ap_memory|      A_BUF_0_3|         array|
|A_BUF_0_3_ce15        |  out|    1|   ap_memory|      A_BUF_0_3|         array|
|A_BUF_0_3_d15         |  out|   32|   ap_memory|      A_BUF_0_3|         array|
|A_BUF_0_3_q15         |   in|   32|   ap_memory|      A_BUF_0_3|         array|
|A_BUF_0_3_we15        |  out|    1|   ap_memory|      A_BUF_0_3|         array|
|A_BUF_0_3_address16   |  out|    4|   ap_memory|      A_BUF_0_3|         array|
|A_BUF_0_3_ce16        |  out|    1|   ap_memory|      A_BUF_0_3|         array|
|A_BUF_0_3_d16         |  out|   32|   ap_memory|      A_BUF_0_3|         array|
|A_BUF_0_3_q16         |   in|   32|   ap_memory|      A_BUF_0_3|         array|
|A_BUF_0_3_we16        |  out|    1|   ap_memory|      A_BUF_0_3|         array|
|A_BUF_0_4_address0    |  out|    4|   ap_memory|      A_BUF_0_4|         array|
|A_BUF_0_4_ce0         |  out|    1|   ap_memory|      A_BUF_0_4|         array|
|A_BUF_0_4_d0          |  out|   32|   ap_memory|      A_BUF_0_4|         array|
|A_BUF_0_4_q0          |   in|   32|   ap_memory|      A_BUF_0_4|         array|
|A_BUF_0_4_we0         |  out|    1|   ap_memory|      A_BUF_0_4|         array|
|A_BUF_0_4_address1    |  out|    4|   ap_memory|      A_BUF_0_4|         array|
|A_BUF_0_4_ce1         |  out|    1|   ap_memory|      A_BUF_0_4|         array|
|A_BUF_0_4_d1          |  out|   32|   ap_memory|      A_BUF_0_4|         array|
|A_BUF_0_4_q1          |   in|   32|   ap_memory|      A_BUF_0_4|         array|
|A_BUF_0_4_we1         |  out|    1|   ap_memory|      A_BUF_0_4|         array|
|A_BUF_0_4_address2    |  out|    4|   ap_memory|      A_BUF_0_4|         array|
|A_BUF_0_4_ce2         |  out|    1|   ap_memory|      A_BUF_0_4|         array|
|A_BUF_0_4_d2          |  out|   32|   ap_memory|      A_BUF_0_4|         array|
|A_BUF_0_4_q2          |   in|   32|   ap_memory|      A_BUF_0_4|         array|
|A_BUF_0_4_we2         |  out|    1|   ap_memory|      A_BUF_0_4|         array|
|A_BUF_0_4_address3    |  out|    4|   ap_memory|      A_BUF_0_4|         array|
|A_BUF_0_4_ce3         |  out|    1|   ap_memory|      A_BUF_0_4|         array|
|A_BUF_0_4_d3          |  out|   32|   ap_memory|      A_BUF_0_4|         array|
|A_BUF_0_4_q3          |   in|   32|   ap_memory|      A_BUF_0_4|         array|
|A_BUF_0_4_we3         |  out|    1|   ap_memory|      A_BUF_0_4|         array|
|A_BUF_0_4_address4    |  out|    4|   ap_memory|      A_BUF_0_4|         array|
|A_BUF_0_4_ce4         |  out|    1|   ap_memory|      A_BUF_0_4|         array|
|A_BUF_0_4_d4          |  out|   32|   ap_memory|      A_BUF_0_4|         array|
|A_BUF_0_4_q4          |   in|   32|   ap_memory|      A_BUF_0_4|         array|
|A_BUF_0_4_we4         |  out|    1|   ap_memory|      A_BUF_0_4|         array|
|A_BUF_0_4_address5    |  out|    4|   ap_memory|      A_BUF_0_4|         array|
|A_BUF_0_4_ce5         |  out|    1|   ap_memory|      A_BUF_0_4|         array|
|A_BUF_0_4_d5          |  out|   32|   ap_memory|      A_BUF_0_4|         array|
|A_BUF_0_4_q5          |   in|   32|   ap_memory|      A_BUF_0_4|         array|
|A_BUF_0_4_we5         |  out|    1|   ap_memory|      A_BUF_0_4|         array|
|A_BUF_0_4_address6    |  out|    4|   ap_memory|      A_BUF_0_4|         array|
|A_BUF_0_4_ce6         |  out|    1|   ap_memory|      A_BUF_0_4|         array|
|A_BUF_0_4_d6          |  out|   32|   ap_memory|      A_BUF_0_4|         array|
|A_BUF_0_4_q6          |   in|   32|   ap_memory|      A_BUF_0_4|         array|
|A_BUF_0_4_we6         |  out|    1|   ap_memory|      A_BUF_0_4|         array|
|A_BUF_0_4_address7    |  out|    4|   ap_memory|      A_BUF_0_4|         array|
|A_BUF_0_4_ce7         |  out|    1|   ap_memory|      A_BUF_0_4|         array|
|A_BUF_0_4_d7          |  out|   32|   ap_memory|      A_BUF_0_4|         array|
|A_BUF_0_4_q7          |   in|   32|   ap_memory|      A_BUF_0_4|         array|
|A_BUF_0_4_we7         |  out|    1|   ap_memory|      A_BUF_0_4|         array|
|A_BUF_0_4_address8    |  out|    4|   ap_memory|      A_BUF_0_4|         array|
|A_BUF_0_4_ce8         |  out|    1|   ap_memory|      A_BUF_0_4|         array|
|A_BUF_0_4_d8          |  out|   32|   ap_memory|      A_BUF_0_4|         array|
|A_BUF_0_4_q8          |   in|   32|   ap_memory|      A_BUF_0_4|         array|
|A_BUF_0_4_we8         |  out|    1|   ap_memory|      A_BUF_0_4|         array|
|A_BUF_0_4_address9    |  out|    4|   ap_memory|      A_BUF_0_4|         array|
|A_BUF_0_4_ce9         |  out|    1|   ap_memory|      A_BUF_0_4|         array|
|A_BUF_0_4_d9          |  out|   32|   ap_memory|      A_BUF_0_4|         array|
|A_BUF_0_4_q9          |   in|   32|   ap_memory|      A_BUF_0_4|         array|
|A_BUF_0_4_we9         |  out|    1|   ap_memory|      A_BUF_0_4|         array|
|A_BUF_0_4_address10   |  out|    4|   ap_memory|      A_BUF_0_4|         array|
|A_BUF_0_4_ce10        |  out|    1|   ap_memory|      A_BUF_0_4|         array|
|A_BUF_0_4_d10         |  out|   32|   ap_memory|      A_BUF_0_4|         array|
|A_BUF_0_4_q10         |   in|   32|   ap_memory|      A_BUF_0_4|         array|
|A_BUF_0_4_we10        |  out|    1|   ap_memory|      A_BUF_0_4|         array|
|A_BUF_0_4_address11   |  out|    4|   ap_memory|      A_BUF_0_4|         array|
|A_BUF_0_4_ce11        |  out|    1|   ap_memory|      A_BUF_0_4|         array|
|A_BUF_0_4_d11         |  out|   32|   ap_memory|      A_BUF_0_4|         array|
|A_BUF_0_4_q11         |   in|   32|   ap_memory|      A_BUF_0_4|         array|
|A_BUF_0_4_we11        |  out|    1|   ap_memory|      A_BUF_0_4|         array|
|A_BUF_0_4_address12   |  out|    4|   ap_memory|      A_BUF_0_4|         array|
|A_BUF_0_4_ce12        |  out|    1|   ap_memory|      A_BUF_0_4|         array|
|A_BUF_0_4_d12         |  out|   32|   ap_memory|      A_BUF_0_4|         array|
|A_BUF_0_4_q12         |   in|   32|   ap_memory|      A_BUF_0_4|         array|
|A_BUF_0_4_we12        |  out|    1|   ap_memory|      A_BUF_0_4|         array|
|A_BUF_0_4_address13   |  out|    4|   ap_memory|      A_BUF_0_4|         array|
|A_BUF_0_4_ce13        |  out|    1|   ap_memory|      A_BUF_0_4|         array|
|A_BUF_0_4_d13         |  out|   32|   ap_memory|      A_BUF_0_4|         array|
|A_BUF_0_4_q13         |   in|   32|   ap_memory|      A_BUF_0_4|         array|
|A_BUF_0_4_we13        |  out|    1|   ap_memory|      A_BUF_0_4|         array|
|A_BUF_0_4_address14   |  out|    4|   ap_memory|      A_BUF_0_4|         array|
|A_BUF_0_4_ce14        |  out|    1|   ap_memory|      A_BUF_0_4|         array|
|A_BUF_0_4_d14         |  out|   32|   ap_memory|      A_BUF_0_4|         array|
|A_BUF_0_4_q14         |   in|   32|   ap_memory|      A_BUF_0_4|         array|
|A_BUF_0_4_we14        |  out|    1|   ap_memory|      A_BUF_0_4|         array|
|A_BUF_0_4_address15   |  out|    4|   ap_memory|      A_BUF_0_4|         array|
|A_BUF_0_4_ce15        |  out|    1|   ap_memory|      A_BUF_0_4|         array|
|A_BUF_0_4_d15         |  out|   32|   ap_memory|      A_BUF_0_4|         array|
|A_BUF_0_4_q15         |   in|   32|   ap_memory|      A_BUF_0_4|         array|
|A_BUF_0_4_we15        |  out|    1|   ap_memory|      A_BUF_0_4|         array|
|A_BUF_0_4_address16   |  out|    4|   ap_memory|      A_BUF_0_4|         array|
|A_BUF_0_4_ce16        |  out|    1|   ap_memory|      A_BUF_0_4|         array|
|A_BUF_0_4_d16         |  out|   32|   ap_memory|      A_BUF_0_4|         array|
|A_BUF_0_4_q16         |   in|   32|   ap_memory|      A_BUF_0_4|         array|
|A_BUF_0_4_we16        |  out|    1|   ap_memory|      A_BUF_0_4|         array|
|A_BUF_0_5_address0    |  out|    4|   ap_memory|      A_BUF_0_5|         array|
|A_BUF_0_5_ce0         |  out|    1|   ap_memory|      A_BUF_0_5|         array|
|A_BUF_0_5_d0          |  out|   32|   ap_memory|      A_BUF_0_5|         array|
|A_BUF_0_5_q0          |   in|   32|   ap_memory|      A_BUF_0_5|         array|
|A_BUF_0_5_we0         |  out|    1|   ap_memory|      A_BUF_0_5|         array|
|A_BUF_0_5_address1    |  out|    4|   ap_memory|      A_BUF_0_5|         array|
|A_BUF_0_5_ce1         |  out|    1|   ap_memory|      A_BUF_0_5|         array|
|A_BUF_0_5_d1          |  out|   32|   ap_memory|      A_BUF_0_5|         array|
|A_BUF_0_5_q1          |   in|   32|   ap_memory|      A_BUF_0_5|         array|
|A_BUF_0_5_we1         |  out|    1|   ap_memory|      A_BUF_0_5|         array|
|A_BUF_0_5_address2    |  out|    4|   ap_memory|      A_BUF_0_5|         array|
|A_BUF_0_5_ce2         |  out|    1|   ap_memory|      A_BUF_0_5|         array|
|A_BUF_0_5_d2          |  out|   32|   ap_memory|      A_BUF_0_5|         array|
|A_BUF_0_5_q2          |   in|   32|   ap_memory|      A_BUF_0_5|         array|
|A_BUF_0_5_we2         |  out|    1|   ap_memory|      A_BUF_0_5|         array|
|A_BUF_0_5_address3    |  out|    4|   ap_memory|      A_BUF_0_5|         array|
|A_BUF_0_5_ce3         |  out|    1|   ap_memory|      A_BUF_0_5|         array|
|A_BUF_0_5_d3          |  out|   32|   ap_memory|      A_BUF_0_5|         array|
|A_BUF_0_5_q3          |   in|   32|   ap_memory|      A_BUF_0_5|         array|
|A_BUF_0_5_we3         |  out|    1|   ap_memory|      A_BUF_0_5|         array|
|A_BUF_0_5_address4    |  out|    4|   ap_memory|      A_BUF_0_5|         array|
|A_BUF_0_5_ce4         |  out|    1|   ap_memory|      A_BUF_0_5|         array|
|A_BUF_0_5_d4          |  out|   32|   ap_memory|      A_BUF_0_5|         array|
|A_BUF_0_5_q4          |   in|   32|   ap_memory|      A_BUF_0_5|         array|
|A_BUF_0_5_we4         |  out|    1|   ap_memory|      A_BUF_0_5|         array|
|A_BUF_0_5_address5    |  out|    4|   ap_memory|      A_BUF_0_5|         array|
|A_BUF_0_5_ce5         |  out|    1|   ap_memory|      A_BUF_0_5|         array|
|A_BUF_0_5_d5          |  out|   32|   ap_memory|      A_BUF_0_5|         array|
|A_BUF_0_5_q5          |   in|   32|   ap_memory|      A_BUF_0_5|         array|
|A_BUF_0_5_we5         |  out|    1|   ap_memory|      A_BUF_0_5|         array|
|A_BUF_0_5_address6    |  out|    4|   ap_memory|      A_BUF_0_5|         array|
|A_BUF_0_5_ce6         |  out|    1|   ap_memory|      A_BUF_0_5|         array|
|A_BUF_0_5_d6          |  out|   32|   ap_memory|      A_BUF_0_5|         array|
|A_BUF_0_5_q6          |   in|   32|   ap_memory|      A_BUF_0_5|         array|
|A_BUF_0_5_we6         |  out|    1|   ap_memory|      A_BUF_0_5|         array|
|A_BUF_0_5_address7    |  out|    4|   ap_memory|      A_BUF_0_5|         array|
|A_BUF_0_5_ce7         |  out|    1|   ap_memory|      A_BUF_0_5|         array|
|A_BUF_0_5_d7          |  out|   32|   ap_memory|      A_BUF_0_5|         array|
|A_BUF_0_5_q7          |   in|   32|   ap_memory|      A_BUF_0_5|         array|
|A_BUF_0_5_we7         |  out|    1|   ap_memory|      A_BUF_0_5|         array|
|A_BUF_0_5_address8    |  out|    4|   ap_memory|      A_BUF_0_5|         array|
|A_BUF_0_5_ce8         |  out|    1|   ap_memory|      A_BUF_0_5|         array|
|A_BUF_0_5_d8          |  out|   32|   ap_memory|      A_BUF_0_5|         array|
|A_BUF_0_5_q8          |   in|   32|   ap_memory|      A_BUF_0_5|         array|
|A_BUF_0_5_we8         |  out|    1|   ap_memory|      A_BUF_0_5|         array|
|A_BUF_0_5_address9    |  out|    4|   ap_memory|      A_BUF_0_5|         array|
|A_BUF_0_5_ce9         |  out|    1|   ap_memory|      A_BUF_0_5|         array|
|A_BUF_0_5_d9          |  out|   32|   ap_memory|      A_BUF_0_5|         array|
|A_BUF_0_5_q9          |   in|   32|   ap_memory|      A_BUF_0_5|         array|
|A_BUF_0_5_we9         |  out|    1|   ap_memory|      A_BUF_0_5|         array|
|A_BUF_0_5_address10   |  out|    4|   ap_memory|      A_BUF_0_5|         array|
|A_BUF_0_5_ce10        |  out|    1|   ap_memory|      A_BUF_0_5|         array|
|A_BUF_0_5_d10         |  out|   32|   ap_memory|      A_BUF_0_5|         array|
|A_BUF_0_5_q10         |   in|   32|   ap_memory|      A_BUF_0_5|         array|
|A_BUF_0_5_we10        |  out|    1|   ap_memory|      A_BUF_0_5|         array|
|A_BUF_0_5_address11   |  out|    4|   ap_memory|      A_BUF_0_5|         array|
|A_BUF_0_5_ce11        |  out|    1|   ap_memory|      A_BUF_0_5|         array|
|A_BUF_0_5_d11         |  out|   32|   ap_memory|      A_BUF_0_5|         array|
|A_BUF_0_5_q11         |   in|   32|   ap_memory|      A_BUF_0_5|         array|
|A_BUF_0_5_we11        |  out|    1|   ap_memory|      A_BUF_0_5|         array|
|A_BUF_0_5_address12   |  out|    4|   ap_memory|      A_BUF_0_5|         array|
|A_BUF_0_5_ce12        |  out|    1|   ap_memory|      A_BUF_0_5|         array|
|A_BUF_0_5_d12         |  out|   32|   ap_memory|      A_BUF_0_5|         array|
|A_BUF_0_5_q12         |   in|   32|   ap_memory|      A_BUF_0_5|         array|
|A_BUF_0_5_we12        |  out|    1|   ap_memory|      A_BUF_0_5|         array|
|A_BUF_0_5_address13   |  out|    4|   ap_memory|      A_BUF_0_5|         array|
|A_BUF_0_5_ce13        |  out|    1|   ap_memory|      A_BUF_0_5|         array|
|A_BUF_0_5_d13         |  out|   32|   ap_memory|      A_BUF_0_5|         array|
|A_BUF_0_5_q13         |   in|   32|   ap_memory|      A_BUF_0_5|         array|
|A_BUF_0_5_we13        |  out|    1|   ap_memory|      A_BUF_0_5|         array|
|A_BUF_0_5_address14   |  out|    4|   ap_memory|      A_BUF_0_5|         array|
|A_BUF_0_5_ce14        |  out|    1|   ap_memory|      A_BUF_0_5|         array|
|A_BUF_0_5_d14         |  out|   32|   ap_memory|      A_BUF_0_5|         array|
|A_BUF_0_5_q14         |   in|   32|   ap_memory|      A_BUF_0_5|         array|
|A_BUF_0_5_we14        |  out|    1|   ap_memory|      A_BUF_0_5|         array|
|A_BUF_0_5_address15   |  out|    4|   ap_memory|      A_BUF_0_5|         array|
|A_BUF_0_5_ce15        |  out|    1|   ap_memory|      A_BUF_0_5|         array|
|A_BUF_0_5_d15         |  out|   32|   ap_memory|      A_BUF_0_5|         array|
|A_BUF_0_5_q15         |   in|   32|   ap_memory|      A_BUF_0_5|         array|
|A_BUF_0_5_we15        |  out|    1|   ap_memory|      A_BUF_0_5|         array|
|A_BUF_0_5_address16   |  out|    4|   ap_memory|      A_BUF_0_5|         array|
|A_BUF_0_5_ce16        |  out|    1|   ap_memory|      A_BUF_0_5|         array|
|A_BUF_0_5_d16         |  out|   32|   ap_memory|      A_BUF_0_5|         array|
|A_BUF_0_5_q16         |   in|   32|   ap_memory|      A_BUF_0_5|         array|
|A_BUF_0_5_we16        |  out|    1|   ap_memory|      A_BUF_0_5|         array|
|A_BUF_0_6_address0    |  out|    4|   ap_memory|      A_BUF_0_6|         array|
|A_BUF_0_6_ce0         |  out|    1|   ap_memory|      A_BUF_0_6|         array|
|A_BUF_0_6_d0          |  out|   32|   ap_memory|      A_BUF_0_6|         array|
|A_BUF_0_6_q0          |   in|   32|   ap_memory|      A_BUF_0_6|         array|
|A_BUF_0_6_we0         |  out|    1|   ap_memory|      A_BUF_0_6|         array|
|A_BUF_0_6_address1    |  out|    4|   ap_memory|      A_BUF_0_6|         array|
|A_BUF_0_6_ce1         |  out|    1|   ap_memory|      A_BUF_0_6|         array|
|A_BUF_0_6_d1          |  out|   32|   ap_memory|      A_BUF_0_6|         array|
|A_BUF_0_6_q1          |   in|   32|   ap_memory|      A_BUF_0_6|         array|
|A_BUF_0_6_we1         |  out|    1|   ap_memory|      A_BUF_0_6|         array|
|A_BUF_0_6_address2    |  out|    4|   ap_memory|      A_BUF_0_6|         array|
|A_BUF_0_6_ce2         |  out|    1|   ap_memory|      A_BUF_0_6|         array|
|A_BUF_0_6_d2          |  out|   32|   ap_memory|      A_BUF_0_6|         array|
|A_BUF_0_6_q2          |   in|   32|   ap_memory|      A_BUF_0_6|         array|
|A_BUF_0_6_we2         |  out|    1|   ap_memory|      A_BUF_0_6|         array|
|A_BUF_0_6_address3    |  out|    4|   ap_memory|      A_BUF_0_6|         array|
|A_BUF_0_6_ce3         |  out|    1|   ap_memory|      A_BUF_0_6|         array|
|A_BUF_0_6_d3          |  out|   32|   ap_memory|      A_BUF_0_6|         array|
|A_BUF_0_6_q3          |   in|   32|   ap_memory|      A_BUF_0_6|         array|
|A_BUF_0_6_we3         |  out|    1|   ap_memory|      A_BUF_0_6|         array|
|A_BUF_0_6_address4    |  out|    4|   ap_memory|      A_BUF_0_6|         array|
|A_BUF_0_6_ce4         |  out|    1|   ap_memory|      A_BUF_0_6|         array|
|A_BUF_0_6_d4          |  out|   32|   ap_memory|      A_BUF_0_6|         array|
|A_BUF_0_6_q4          |   in|   32|   ap_memory|      A_BUF_0_6|         array|
|A_BUF_0_6_we4         |  out|    1|   ap_memory|      A_BUF_0_6|         array|
|A_BUF_0_6_address5    |  out|    4|   ap_memory|      A_BUF_0_6|         array|
|A_BUF_0_6_ce5         |  out|    1|   ap_memory|      A_BUF_0_6|         array|
|A_BUF_0_6_d5          |  out|   32|   ap_memory|      A_BUF_0_6|         array|
|A_BUF_0_6_q5          |   in|   32|   ap_memory|      A_BUF_0_6|         array|
|A_BUF_0_6_we5         |  out|    1|   ap_memory|      A_BUF_0_6|         array|
|A_BUF_0_6_address6    |  out|    4|   ap_memory|      A_BUF_0_6|         array|
|A_BUF_0_6_ce6         |  out|    1|   ap_memory|      A_BUF_0_6|         array|
|A_BUF_0_6_d6          |  out|   32|   ap_memory|      A_BUF_0_6|         array|
|A_BUF_0_6_q6          |   in|   32|   ap_memory|      A_BUF_0_6|         array|
|A_BUF_0_6_we6         |  out|    1|   ap_memory|      A_BUF_0_6|         array|
|A_BUF_0_6_address7    |  out|    4|   ap_memory|      A_BUF_0_6|         array|
|A_BUF_0_6_ce7         |  out|    1|   ap_memory|      A_BUF_0_6|         array|
|A_BUF_0_6_d7          |  out|   32|   ap_memory|      A_BUF_0_6|         array|
|A_BUF_0_6_q7          |   in|   32|   ap_memory|      A_BUF_0_6|         array|
|A_BUF_0_6_we7         |  out|    1|   ap_memory|      A_BUF_0_6|         array|
|A_BUF_0_6_address8    |  out|    4|   ap_memory|      A_BUF_0_6|         array|
|A_BUF_0_6_ce8         |  out|    1|   ap_memory|      A_BUF_0_6|         array|
|A_BUF_0_6_d8          |  out|   32|   ap_memory|      A_BUF_0_6|         array|
|A_BUF_0_6_q8          |   in|   32|   ap_memory|      A_BUF_0_6|         array|
|A_BUF_0_6_we8         |  out|    1|   ap_memory|      A_BUF_0_6|         array|
|A_BUF_0_6_address9    |  out|    4|   ap_memory|      A_BUF_0_6|         array|
|A_BUF_0_6_ce9         |  out|    1|   ap_memory|      A_BUF_0_6|         array|
|A_BUF_0_6_d9          |  out|   32|   ap_memory|      A_BUF_0_6|         array|
|A_BUF_0_6_q9          |   in|   32|   ap_memory|      A_BUF_0_6|         array|
|A_BUF_0_6_we9         |  out|    1|   ap_memory|      A_BUF_0_6|         array|
|A_BUF_0_6_address10   |  out|    4|   ap_memory|      A_BUF_0_6|         array|
|A_BUF_0_6_ce10        |  out|    1|   ap_memory|      A_BUF_0_6|         array|
|A_BUF_0_6_d10         |  out|   32|   ap_memory|      A_BUF_0_6|         array|
|A_BUF_0_6_q10         |   in|   32|   ap_memory|      A_BUF_0_6|         array|
|A_BUF_0_6_we10        |  out|    1|   ap_memory|      A_BUF_0_6|         array|
|A_BUF_0_6_address11   |  out|    4|   ap_memory|      A_BUF_0_6|         array|
|A_BUF_0_6_ce11        |  out|    1|   ap_memory|      A_BUF_0_6|         array|
|A_BUF_0_6_d11         |  out|   32|   ap_memory|      A_BUF_0_6|         array|
|A_BUF_0_6_q11         |   in|   32|   ap_memory|      A_BUF_0_6|         array|
|A_BUF_0_6_we11        |  out|    1|   ap_memory|      A_BUF_0_6|         array|
|A_BUF_0_6_address12   |  out|    4|   ap_memory|      A_BUF_0_6|         array|
|A_BUF_0_6_ce12        |  out|    1|   ap_memory|      A_BUF_0_6|         array|
|A_BUF_0_6_d12         |  out|   32|   ap_memory|      A_BUF_0_6|         array|
|A_BUF_0_6_q12         |   in|   32|   ap_memory|      A_BUF_0_6|         array|
|A_BUF_0_6_we12        |  out|    1|   ap_memory|      A_BUF_0_6|         array|
|A_BUF_0_6_address13   |  out|    4|   ap_memory|      A_BUF_0_6|         array|
|A_BUF_0_6_ce13        |  out|    1|   ap_memory|      A_BUF_0_6|         array|
|A_BUF_0_6_d13         |  out|   32|   ap_memory|      A_BUF_0_6|         array|
|A_BUF_0_6_q13         |   in|   32|   ap_memory|      A_BUF_0_6|         array|
|A_BUF_0_6_we13        |  out|    1|   ap_memory|      A_BUF_0_6|         array|
|A_BUF_0_6_address14   |  out|    4|   ap_memory|      A_BUF_0_6|         array|
|A_BUF_0_6_ce14        |  out|    1|   ap_memory|      A_BUF_0_6|         array|
|A_BUF_0_6_d14         |  out|   32|   ap_memory|      A_BUF_0_6|         array|
|A_BUF_0_6_q14         |   in|   32|   ap_memory|      A_BUF_0_6|         array|
|A_BUF_0_6_we14        |  out|    1|   ap_memory|      A_BUF_0_6|         array|
|A_BUF_0_6_address15   |  out|    4|   ap_memory|      A_BUF_0_6|         array|
|A_BUF_0_6_ce15        |  out|    1|   ap_memory|      A_BUF_0_6|         array|
|A_BUF_0_6_d15         |  out|   32|   ap_memory|      A_BUF_0_6|         array|
|A_BUF_0_6_q15         |   in|   32|   ap_memory|      A_BUF_0_6|         array|
|A_BUF_0_6_we15        |  out|    1|   ap_memory|      A_BUF_0_6|         array|
|A_BUF_0_6_address16   |  out|    4|   ap_memory|      A_BUF_0_6|         array|
|A_BUF_0_6_ce16        |  out|    1|   ap_memory|      A_BUF_0_6|         array|
|A_BUF_0_6_d16         |  out|   32|   ap_memory|      A_BUF_0_6|         array|
|A_BUF_0_6_q16         |   in|   32|   ap_memory|      A_BUF_0_6|         array|
|A_BUF_0_6_we16        |  out|    1|   ap_memory|      A_BUF_0_6|         array|
|A_BUF_0_7_address0    |  out|    4|   ap_memory|      A_BUF_0_7|         array|
|A_BUF_0_7_ce0         |  out|    1|   ap_memory|      A_BUF_0_7|         array|
|A_BUF_0_7_d0          |  out|   32|   ap_memory|      A_BUF_0_7|         array|
|A_BUF_0_7_q0          |   in|   32|   ap_memory|      A_BUF_0_7|         array|
|A_BUF_0_7_we0         |  out|    1|   ap_memory|      A_BUF_0_7|         array|
|A_BUF_0_7_address1    |  out|    4|   ap_memory|      A_BUF_0_7|         array|
|A_BUF_0_7_ce1         |  out|    1|   ap_memory|      A_BUF_0_7|         array|
|A_BUF_0_7_d1          |  out|   32|   ap_memory|      A_BUF_0_7|         array|
|A_BUF_0_7_q1          |   in|   32|   ap_memory|      A_BUF_0_7|         array|
|A_BUF_0_7_we1         |  out|    1|   ap_memory|      A_BUF_0_7|         array|
|A_BUF_0_7_address2    |  out|    4|   ap_memory|      A_BUF_0_7|         array|
|A_BUF_0_7_ce2         |  out|    1|   ap_memory|      A_BUF_0_7|         array|
|A_BUF_0_7_d2          |  out|   32|   ap_memory|      A_BUF_0_7|         array|
|A_BUF_0_7_q2          |   in|   32|   ap_memory|      A_BUF_0_7|         array|
|A_BUF_0_7_we2         |  out|    1|   ap_memory|      A_BUF_0_7|         array|
|A_BUF_0_7_address3    |  out|    4|   ap_memory|      A_BUF_0_7|         array|
|A_BUF_0_7_ce3         |  out|    1|   ap_memory|      A_BUF_0_7|         array|
|A_BUF_0_7_d3          |  out|   32|   ap_memory|      A_BUF_0_7|         array|
|A_BUF_0_7_q3          |   in|   32|   ap_memory|      A_BUF_0_7|         array|
|A_BUF_0_7_we3         |  out|    1|   ap_memory|      A_BUF_0_7|         array|
|A_BUF_0_7_address4    |  out|    4|   ap_memory|      A_BUF_0_7|         array|
|A_BUF_0_7_ce4         |  out|    1|   ap_memory|      A_BUF_0_7|         array|
|A_BUF_0_7_d4          |  out|   32|   ap_memory|      A_BUF_0_7|         array|
|A_BUF_0_7_q4          |   in|   32|   ap_memory|      A_BUF_0_7|         array|
|A_BUF_0_7_we4         |  out|    1|   ap_memory|      A_BUF_0_7|         array|
|A_BUF_0_7_address5    |  out|    4|   ap_memory|      A_BUF_0_7|         array|
|A_BUF_0_7_ce5         |  out|    1|   ap_memory|      A_BUF_0_7|         array|
|A_BUF_0_7_d5          |  out|   32|   ap_memory|      A_BUF_0_7|         array|
|A_BUF_0_7_q5          |   in|   32|   ap_memory|      A_BUF_0_7|         array|
|A_BUF_0_7_we5         |  out|    1|   ap_memory|      A_BUF_0_7|         array|
|A_BUF_0_7_address6    |  out|    4|   ap_memory|      A_BUF_0_7|         array|
|A_BUF_0_7_ce6         |  out|    1|   ap_memory|      A_BUF_0_7|         array|
|A_BUF_0_7_d6          |  out|   32|   ap_memory|      A_BUF_0_7|         array|
|A_BUF_0_7_q6          |   in|   32|   ap_memory|      A_BUF_0_7|         array|
|A_BUF_0_7_we6         |  out|    1|   ap_memory|      A_BUF_0_7|         array|
|A_BUF_0_7_address7    |  out|    4|   ap_memory|      A_BUF_0_7|         array|
|A_BUF_0_7_ce7         |  out|    1|   ap_memory|      A_BUF_0_7|         array|
|A_BUF_0_7_d7          |  out|   32|   ap_memory|      A_BUF_0_7|         array|
|A_BUF_0_7_q7          |   in|   32|   ap_memory|      A_BUF_0_7|         array|
|A_BUF_0_7_we7         |  out|    1|   ap_memory|      A_BUF_0_7|         array|
|A_BUF_0_7_address8    |  out|    4|   ap_memory|      A_BUF_0_7|         array|
|A_BUF_0_7_ce8         |  out|    1|   ap_memory|      A_BUF_0_7|         array|
|A_BUF_0_7_d8          |  out|   32|   ap_memory|      A_BUF_0_7|         array|
|A_BUF_0_7_q8          |   in|   32|   ap_memory|      A_BUF_0_7|         array|
|A_BUF_0_7_we8         |  out|    1|   ap_memory|      A_BUF_0_7|         array|
|A_BUF_0_7_address9    |  out|    4|   ap_memory|      A_BUF_0_7|         array|
|A_BUF_0_7_ce9         |  out|    1|   ap_memory|      A_BUF_0_7|         array|
|A_BUF_0_7_d9          |  out|   32|   ap_memory|      A_BUF_0_7|         array|
|A_BUF_0_7_q9          |   in|   32|   ap_memory|      A_BUF_0_7|         array|
|A_BUF_0_7_we9         |  out|    1|   ap_memory|      A_BUF_0_7|         array|
|A_BUF_0_7_address10   |  out|    4|   ap_memory|      A_BUF_0_7|         array|
|A_BUF_0_7_ce10        |  out|    1|   ap_memory|      A_BUF_0_7|         array|
|A_BUF_0_7_d10         |  out|   32|   ap_memory|      A_BUF_0_7|         array|
|A_BUF_0_7_q10         |   in|   32|   ap_memory|      A_BUF_0_7|         array|
|A_BUF_0_7_we10        |  out|    1|   ap_memory|      A_BUF_0_7|         array|
|A_BUF_0_7_address11   |  out|    4|   ap_memory|      A_BUF_0_7|         array|
|A_BUF_0_7_ce11        |  out|    1|   ap_memory|      A_BUF_0_7|         array|
|A_BUF_0_7_d11         |  out|   32|   ap_memory|      A_BUF_0_7|         array|
|A_BUF_0_7_q11         |   in|   32|   ap_memory|      A_BUF_0_7|         array|
|A_BUF_0_7_we11        |  out|    1|   ap_memory|      A_BUF_0_7|         array|
|A_BUF_0_7_address12   |  out|    4|   ap_memory|      A_BUF_0_7|         array|
|A_BUF_0_7_ce12        |  out|    1|   ap_memory|      A_BUF_0_7|         array|
|A_BUF_0_7_d12         |  out|   32|   ap_memory|      A_BUF_0_7|         array|
|A_BUF_0_7_q12         |   in|   32|   ap_memory|      A_BUF_0_7|         array|
|A_BUF_0_7_we12        |  out|    1|   ap_memory|      A_BUF_0_7|         array|
|A_BUF_0_7_address13   |  out|    4|   ap_memory|      A_BUF_0_7|         array|
|A_BUF_0_7_ce13        |  out|    1|   ap_memory|      A_BUF_0_7|         array|
|A_BUF_0_7_d13         |  out|   32|   ap_memory|      A_BUF_0_7|         array|
|A_BUF_0_7_q13         |   in|   32|   ap_memory|      A_BUF_0_7|         array|
|A_BUF_0_7_we13        |  out|    1|   ap_memory|      A_BUF_0_7|         array|
|A_BUF_0_7_address14   |  out|    4|   ap_memory|      A_BUF_0_7|         array|
|A_BUF_0_7_ce14        |  out|    1|   ap_memory|      A_BUF_0_7|         array|
|A_BUF_0_7_d14         |  out|   32|   ap_memory|      A_BUF_0_7|         array|
|A_BUF_0_7_q14         |   in|   32|   ap_memory|      A_BUF_0_7|         array|
|A_BUF_0_7_we14        |  out|    1|   ap_memory|      A_BUF_0_7|         array|
|A_BUF_0_7_address15   |  out|    4|   ap_memory|      A_BUF_0_7|         array|
|A_BUF_0_7_ce15        |  out|    1|   ap_memory|      A_BUF_0_7|         array|
|A_BUF_0_7_d15         |  out|   32|   ap_memory|      A_BUF_0_7|         array|
|A_BUF_0_7_q15         |   in|   32|   ap_memory|      A_BUF_0_7|         array|
|A_BUF_0_7_we15        |  out|    1|   ap_memory|      A_BUF_0_7|         array|
|A_BUF_0_7_address16   |  out|    4|   ap_memory|      A_BUF_0_7|         array|
|A_BUF_0_7_ce16        |  out|    1|   ap_memory|      A_BUF_0_7|         array|
|A_BUF_0_7_d16         |  out|   32|   ap_memory|      A_BUF_0_7|         array|
|A_BUF_0_7_q16         |   in|   32|   ap_memory|      A_BUF_0_7|         array|
|A_BUF_0_7_we16        |  out|    1|   ap_memory|      A_BUF_0_7|         array|
|A_BUF_0_8_address0    |  out|    4|   ap_memory|      A_BUF_0_8|         array|
|A_BUF_0_8_ce0         |  out|    1|   ap_memory|      A_BUF_0_8|         array|
|A_BUF_0_8_d0          |  out|   32|   ap_memory|      A_BUF_0_8|         array|
|A_BUF_0_8_q0          |   in|   32|   ap_memory|      A_BUF_0_8|         array|
|A_BUF_0_8_we0         |  out|    1|   ap_memory|      A_BUF_0_8|         array|
|A_BUF_0_8_address1    |  out|    4|   ap_memory|      A_BUF_0_8|         array|
|A_BUF_0_8_ce1         |  out|    1|   ap_memory|      A_BUF_0_8|         array|
|A_BUF_0_8_d1          |  out|   32|   ap_memory|      A_BUF_0_8|         array|
|A_BUF_0_8_q1          |   in|   32|   ap_memory|      A_BUF_0_8|         array|
|A_BUF_0_8_we1         |  out|    1|   ap_memory|      A_BUF_0_8|         array|
|A_BUF_0_8_address2    |  out|    4|   ap_memory|      A_BUF_0_8|         array|
|A_BUF_0_8_ce2         |  out|    1|   ap_memory|      A_BUF_0_8|         array|
|A_BUF_0_8_d2          |  out|   32|   ap_memory|      A_BUF_0_8|         array|
|A_BUF_0_8_q2          |   in|   32|   ap_memory|      A_BUF_0_8|         array|
|A_BUF_0_8_we2         |  out|    1|   ap_memory|      A_BUF_0_8|         array|
|A_BUF_0_8_address3    |  out|    4|   ap_memory|      A_BUF_0_8|         array|
|A_BUF_0_8_ce3         |  out|    1|   ap_memory|      A_BUF_0_8|         array|
|A_BUF_0_8_d3          |  out|   32|   ap_memory|      A_BUF_0_8|         array|
|A_BUF_0_8_q3          |   in|   32|   ap_memory|      A_BUF_0_8|         array|
|A_BUF_0_8_we3         |  out|    1|   ap_memory|      A_BUF_0_8|         array|
|A_BUF_0_8_address4    |  out|    4|   ap_memory|      A_BUF_0_8|         array|
|A_BUF_0_8_ce4         |  out|    1|   ap_memory|      A_BUF_0_8|         array|
|A_BUF_0_8_d4          |  out|   32|   ap_memory|      A_BUF_0_8|         array|
|A_BUF_0_8_q4          |   in|   32|   ap_memory|      A_BUF_0_8|         array|
|A_BUF_0_8_we4         |  out|    1|   ap_memory|      A_BUF_0_8|         array|
|A_BUF_0_8_address5    |  out|    4|   ap_memory|      A_BUF_0_8|         array|
|A_BUF_0_8_ce5         |  out|    1|   ap_memory|      A_BUF_0_8|         array|
|A_BUF_0_8_d5          |  out|   32|   ap_memory|      A_BUF_0_8|         array|
|A_BUF_0_8_q5          |   in|   32|   ap_memory|      A_BUF_0_8|         array|
|A_BUF_0_8_we5         |  out|    1|   ap_memory|      A_BUF_0_8|         array|
|A_BUF_0_8_address6    |  out|    4|   ap_memory|      A_BUF_0_8|         array|
|A_BUF_0_8_ce6         |  out|    1|   ap_memory|      A_BUF_0_8|         array|
|A_BUF_0_8_d6          |  out|   32|   ap_memory|      A_BUF_0_8|         array|
|A_BUF_0_8_q6          |   in|   32|   ap_memory|      A_BUF_0_8|         array|
|A_BUF_0_8_we6         |  out|    1|   ap_memory|      A_BUF_0_8|         array|
|A_BUF_0_8_address7    |  out|    4|   ap_memory|      A_BUF_0_8|         array|
|A_BUF_0_8_ce7         |  out|    1|   ap_memory|      A_BUF_0_8|         array|
|A_BUF_0_8_d7          |  out|   32|   ap_memory|      A_BUF_0_8|         array|
|A_BUF_0_8_q7          |   in|   32|   ap_memory|      A_BUF_0_8|         array|
|A_BUF_0_8_we7         |  out|    1|   ap_memory|      A_BUF_0_8|         array|
|A_BUF_0_8_address8    |  out|    4|   ap_memory|      A_BUF_0_8|         array|
|A_BUF_0_8_ce8         |  out|    1|   ap_memory|      A_BUF_0_8|         array|
|A_BUF_0_8_d8          |  out|   32|   ap_memory|      A_BUF_0_8|         array|
|A_BUF_0_8_q8          |   in|   32|   ap_memory|      A_BUF_0_8|         array|
|A_BUF_0_8_we8         |  out|    1|   ap_memory|      A_BUF_0_8|         array|
|A_BUF_0_8_address9    |  out|    4|   ap_memory|      A_BUF_0_8|         array|
|A_BUF_0_8_ce9         |  out|    1|   ap_memory|      A_BUF_0_8|         array|
|A_BUF_0_8_d9          |  out|   32|   ap_memory|      A_BUF_0_8|         array|
|A_BUF_0_8_q9          |   in|   32|   ap_memory|      A_BUF_0_8|         array|
|A_BUF_0_8_we9         |  out|    1|   ap_memory|      A_BUF_0_8|         array|
|A_BUF_0_8_address10   |  out|    4|   ap_memory|      A_BUF_0_8|         array|
|A_BUF_0_8_ce10        |  out|    1|   ap_memory|      A_BUF_0_8|         array|
|A_BUF_0_8_d10         |  out|   32|   ap_memory|      A_BUF_0_8|         array|
|A_BUF_0_8_q10         |   in|   32|   ap_memory|      A_BUF_0_8|         array|
|A_BUF_0_8_we10        |  out|    1|   ap_memory|      A_BUF_0_8|         array|
|A_BUF_0_8_address11   |  out|    4|   ap_memory|      A_BUF_0_8|         array|
|A_BUF_0_8_ce11        |  out|    1|   ap_memory|      A_BUF_0_8|         array|
|A_BUF_0_8_d11         |  out|   32|   ap_memory|      A_BUF_0_8|         array|
|A_BUF_0_8_q11         |   in|   32|   ap_memory|      A_BUF_0_8|         array|
|A_BUF_0_8_we11        |  out|    1|   ap_memory|      A_BUF_0_8|         array|
|A_BUF_0_8_address12   |  out|    4|   ap_memory|      A_BUF_0_8|         array|
|A_BUF_0_8_ce12        |  out|    1|   ap_memory|      A_BUF_0_8|         array|
|A_BUF_0_8_d12         |  out|   32|   ap_memory|      A_BUF_0_8|         array|
|A_BUF_0_8_q12         |   in|   32|   ap_memory|      A_BUF_0_8|         array|
|A_BUF_0_8_we12        |  out|    1|   ap_memory|      A_BUF_0_8|         array|
|A_BUF_0_8_address13   |  out|    4|   ap_memory|      A_BUF_0_8|         array|
|A_BUF_0_8_ce13        |  out|    1|   ap_memory|      A_BUF_0_8|         array|
|A_BUF_0_8_d13         |  out|   32|   ap_memory|      A_BUF_0_8|         array|
|A_BUF_0_8_q13         |   in|   32|   ap_memory|      A_BUF_0_8|         array|
|A_BUF_0_8_we13        |  out|    1|   ap_memory|      A_BUF_0_8|         array|
|A_BUF_0_8_address14   |  out|    4|   ap_memory|      A_BUF_0_8|         array|
|A_BUF_0_8_ce14        |  out|    1|   ap_memory|      A_BUF_0_8|         array|
|A_BUF_0_8_d14         |  out|   32|   ap_memory|      A_BUF_0_8|         array|
|A_BUF_0_8_q14         |   in|   32|   ap_memory|      A_BUF_0_8|         array|
|A_BUF_0_8_we14        |  out|    1|   ap_memory|      A_BUF_0_8|         array|
|A_BUF_0_8_address15   |  out|    4|   ap_memory|      A_BUF_0_8|         array|
|A_BUF_0_8_ce15        |  out|    1|   ap_memory|      A_BUF_0_8|         array|
|A_BUF_0_8_d15         |  out|   32|   ap_memory|      A_BUF_0_8|         array|
|A_BUF_0_8_q15         |   in|   32|   ap_memory|      A_BUF_0_8|         array|
|A_BUF_0_8_we15        |  out|    1|   ap_memory|      A_BUF_0_8|         array|
|A_BUF_0_8_address16   |  out|    4|   ap_memory|      A_BUF_0_8|         array|
|A_BUF_0_8_ce16        |  out|    1|   ap_memory|      A_BUF_0_8|         array|
|A_BUF_0_8_d16         |  out|   32|   ap_memory|      A_BUF_0_8|         array|
|A_BUF_0_8_q16         |   in|   32|   ap_memory|      A_BUF_0_8|         array|
|A_BUF_0_8_we16        |  out|    1|   ap_memory|      A_BUF_0_8|         array|
|A_BUF_0_9_address0    |  out|    4|   ap_memory|      A_BUF_0_9|         array|
|A_BUF_0_9_ce0         |  out|    1|   ap_memory|      A_BUF_0_9|         array|
|A_BUF_0_9_d0          |  out|   32|   ap_memory|      A_BUF_0_9|         array|
|A_BUF_0_9_q0          |   in|   32|   ap_memory|      A_BUF_0_9|         array|
|A_BUF_0_9_we0         |  out|    1|   ap_memory|      A_BUF_0_9|         array|
|A_BUF_0_9_address1    |  out|    4|   ap_memory|      A_BUF_0_9|         array|
|A_BUF_0_9_ce1         |  out|    1|   ap_memory|      A_BUF_0_9|         array|
|A_BUF_0_9_d1          |  out|   32|   ap_memory|      A_BUF_0_9|         array|
|A_BUF_0_9_q1          |   in|   32|   ap_memory|      A_BUF_0_9|         array|
|A_BUF_0_9_we1         |  out|    1|   ap_memory|      A_BUF_0_9|         array|
|A_BUF_0_9_address2    |  out|    4|   ap_memory|      A_BUF_0_9|         array|
|A_BUF_0_9_ce2         |  out|    1|   ap_memory|      A_BUF_0_9|         array|
|A_BUF_0_9_d2          |  out|   32|   ap_memory|      A_BUF_0_9|         array|
|A_BUF_0_9_q2          |   in|   32|   ap_memory|      A_BUF_0_9|         array|
|A_BUF_0_9_we2         |  out|    1|   ap_memory|      A_BUF_0_9|         array|
|A_BUF_0_9_address3    |  out|    4|   ap_memory|      A_BUF_0_9|         array|
|A_BUF_0_9_ce3         |  out|    1|   ap_memory|      A_BUF_0_9|         array|
|A_BUF_0_9_d3          |  out|   32|   ap_memory|      A_BUF_0_9|         array|
|A_BUF_0_9_q3          |   in|   32|   ap_memory|      A_BUF_0_9|         array|
|A_BUF_0_9_we3         |  out|    1|   ap_memory|      A_BUF_0_9|         array|
|A_BUF_0_9_address4    |  out|    4|   ap_memory|      A_BUF_0_9|         array|
|A_BUF_0_9_ce4         |  out|    1|   ap_memory|      A_BUF_0_9|         array|
|A_BUF_0_9_d4          |  out|   32|   ap_memory|      A_BUF_0_9|         array|
|A_BUF_0_9_q4          |   in|   32|   ap_memory|      A_BUF_0_9|         array|
|A_BUF_0_9_we4         |  out|    1|   ap_memory|      A_BUF_0_9|         array|
|A_BUF_0_9_address5    |  out|    4|   ap_memory|      A_BUF_0_9|         array|
|A_BUF_0_9_ce5         |  out|    1|   ap_memory|      A_BUF_0_9|         array|
|A_BUF_0_9_d5          |  out|   32|   ap_memory|      A_BUF_0_9|         array|
|A_BUF_0_9_q5          |   in|   32|   ap_memory|      A_BUF_0_9|         array|
|A_BUF_0_9_we5         |  out|    1|   ap_memory|      A_BUF_0_9|         array|
|A_BUF_0_9_address6    |  out|    4|   ap_memory|      A_BUF_0_9|         array|
|A_BUF_0_9_ce6         |  out|    1|   ap_memory|      A_BUF_0_9|         array|
|A_BUF_0_9_d6          |  out|   32|   ap_memory|      A_BUF_0_9|         array|
|A_BUF_0_9_q6          |   in|   32|   ap_memory|      A_BUF_0_9|         array|
|A_BUF_0_9_we6         |  out|    1|   ap_memory|      A_BUF_0_9|         array|
|A_BUF_0_9_address7    |  out|    4|   ap_memory|      A_BUF_0_9|         array|
|A_BUF_0_9_ce7         |  out|    1|   ap_memory|      A_BUF_0_9|         array|
|A_BUF_0_9_d7          |  out|   32|   ap_memory|      A_BUF_0_9|         array|
|A_BUF_0_9_q7          |   in|   32|   ap_memory|      A_BUF_0_9|         array|
|A_BUF_0_9_we7         |  out|    1|   ap_memory|      A_BUF_0_9|         array|
|A_BUF_0_9_address8    |  out|    4|   ap_memory|      A_BUF_0_9|         array|
|A_BUF_0_9_ce8         |  out|    1|   ap_memory|      A_BUF_0_9|         array|
|A_BUF_0_9_d8          |  out|   32|   ap_memory|      A_BUF_0_9|         array|
|A_BUF_0_9_q8          |   in|   32|   ap_memory|      A_BUF_0_9|         array|
|A_BUF_0_9_we8         |  out|    1|   ap_memory|      A_BUF_0_9|         array|
|A_BUF_0_9_address9    |  out|    4|   ap_memory|      A_BUF_0_9|         array|
|A_BUF_0_9_ce9         |  out|    1|   ap_memory|      A_BUF_0_9|         array|
|A_BUF_0_9_d9          |  out|   32|   ap_memory|      A_BUF_0_9|         array|
|A_BUF_0_9_q9          |   in|   32|   ap_memory|      A_BUF_0_9|         array|
|A_BUF_0_9_we9         |  out|    1|   ap_memory|      A_BUF_0_9|         array|
|A_BUF_0_9_address10   |  out|    4|   ap_memory|      A_BUF_0_9|         array|
|A_BUF_0_9_ce10        |  out|    1|   ap_memory|      A_BUF_0_9|         array|
|A_BUF_0_9_d10         |  out|   32|   ap_memory|      A_BUF_0_9|         array|
|A_BUF_0_9_q10         |   in|   32|   ap_memory|      A_BUF_0_9|         array|
|A_BUF_0_9_we10        |  out|    1|   ap_memory|      A_BUF_0_9|         array|
|A_BUF_0_9_address11   |  out|    4|   ap_memory|      A_BUF_0_9|         array|
|A_BUF_0_9_ce11        |  out|    1|   ap_memory|      A_BUF_0_9|         array|
|A_BUF_0_9_d11         |  out|   32|   ap_memory|      A_BUF_0_9|         array|
|A_BUF_0_9_q11         |   in|   32|   ap_memory|      A_BUF_0_9|         array|
|A_BUF_0_9_we11        |  out|    1|   ap_memory|      A_BUF_0_9|         array|
|A_BUF_0_9_address12   |  out|    4|   ap_memory|      A_BUF_0_9|         array|
|A_BUF_0_9_ce12        |  out|    1|   ap_memory|      A_BUF_0_9|         array|
|A_BUF_0_9_d12         |  out|   32|   ap_memory|      A_BUF_0_9|         array|
|A_BUF_0_9_q12         |   in|   32|   ap_memory|      A_BUF_0_9|         array|
|A_BUF_0_9_we12        |  out|    1|   ap_memory|      A_BUF_0_9|         array|
|A_BUF_0_9_address13   |  out|    4|   ap_memory|      A_BUF_0_9|         array|
|A_BUF_0_9_ce13        |  out|    1|   ap_memory|      A_BUF_0_9|         array|
|A_BUF_0_9_d13         |  out|   32|   ap_memory|      A_BUF_0_9|         array|
|A_BUF_0_9_q13         |   in|   32|   ap_memory|      A_BUF_0_9|         array|
|A_BUF_0_9_we13        |  out|    1|   ap_memory|      A_BUF_0_9|         array|
|A_BUF_0_9_address14   |  out|    4|   ap_memory|      A_BUF_0_9|         array|
|A_BUF_0_9_ce14        |  out|    1|   ap_memory|      A_BUF_0_9|         array|
|A_BUF_0_9_d14         |  out|   32|   ap_memory|      A_BUF_0_9|         array|
|A_BUF_0_9_q14         |   in|   32|   ap_memory|      A_BUF_0_9|         array|
|A_BUF_0_9_we14        |  out|    1|   ap_memory|      A_BUF_0_9|         array|
|A_BUF_0_9_address15   |  out|    4|   ap_memory|      A_BUF_0_9|         array|
|A_BUF_0_9_ce15        |  out|    1|   ap_memory|      A_BUF_0_9|         array|
|A_BUF_0_9_d15         |  out|   32|   ap_memory|      A_BUF_0_9|         array|
|A_BUF_0_9_q15         |   in|   32|   ap_memory|      A_BUF_0_9|         array|
|A_BUF_0_9_we15        |  out|    1|   ap_memory|      A_BUF_0_9|         array|
|A_BUF_0_9_address16   |  out|    4|   ap_memory|      A_BUF_0_9|         array|
|A_BUF_0_9_ce16        |  out|    1|   ap_memory|      A_BUF_0_9|         array|
|A_BUF_0_9_d16         |  out|   32|   ap_memory|      A_BUF_0_9|         array|
|A_BUF_0_9_q16         |   in|   32|   ap_memory|      A_BUF_0_9|         array|
|A_BUF_0_9_we16        |  out|    1|   ap_memory|      A_BUF_0_9|         array|
|A_BUF_0_10_address0   |  out|    4|   ap_memory|     A_BUF_0_10|         array|
|A_BUF_0_10_ce0        |  out|    1|   ap_memory|     A_BUF_0_10|         array|
|A_BUF_0_10_d0         |  out|   32|   ap_memory|     A_BUF_0_10|         array|
|A_BUF_0_10_q0         |   in|   32|   ap_memory|     A_BUF_0_10|         array|
|A_BUF_0_10_we0        |  out|    1|   ap_memory|     A_BUF_0_10|         array|
|A_BUF_0_10_address1   |  out|    4|   ap_memory|     A_BUF_0_10|         array|
|A_BUF_0_10_ce1        |  out|    1|   ap_memory|     A_BUF_0_10|         array|
|A_BUF_0_10_d1         |  out|   32|   ap_memory|     A_BUF_0_10|         array|
|A_BUF_0_10_q1         |   in|   32|   ap_memory|     A_BUF_0_10|         array|
|A_BUF_0_10_we1        |  out|    1|   ap_memory|     A_BUF_0_10|         array|
|A_BUF_0_10_address2   |  out|    4|   ap_memory|     A_BUF_0_10|         array|
|A_BUF_0_10_ce2        |  out|    1|   ap_memory|     A_BUF_0_10|         array|
|A_BUF_0_10_d2         |  out|   32|   ap_memory|     A_BUF_0_10|         array|
|A_BUF_0_10_q2         |   in|   32|   ap_memory|     A_BUF_0_10|         array|
|A_BUF_0_10_we2        |  out|    1|   ap_memory|     A_BUF_0_10|         array|
|A_BUF_0_10_address3   |  out|    4|   ap_memory|     A_BUF_0_10|         array|
|A_BUF_0_10_ce3        |  out|    1|   ap_memory|     A_BUF_0_10|         array|
|A_BUF_0_10_d3         |  out|   32|   ap_memory|     A_BUF_0_10|         array|
|A_BUF_0_10_q3         |   in|   32|   ap_memory|     A_BUF_0_10|         array|
|A_BUF_0_10_we3        |  out|    1|   ap_memory|     A_BUF_0_10|         array|
|A_BUF_0_10_address4   |  out|    4|   ap_memory|     A_BUF_0_10|         array|
|A_BUF_0_10_ce4        |  out|    1|   ap_memory|     A_BUF_0_10|         array|
|A_BUF_0_10_d4         |  out|   32|   ap_memory|     A_BUF_0_10|         array|
|A_BUF_0_10_q4         |   in|   32|   ap_memory|     A_BUF_0_10|         array|
|A_BUF_0_10_we4        |  out|    1|   ap_memory|     A_BUF_0_10|         array|
|A_BUF_0_10_address5   |  out|    4|   ap_memory|     A_BUF_0_10|         array|
|A_BUF_0_10_ce5        |  out|    1|   ap_memory|     A_BUF_0_10|         array|
|A_BUF_0_10_d5         |  out|   32|   ap_memory|     A_BUF_0_10|         array|
|A_BUF_0_10_q5         |   in|   32|   ap_memory|     A_BUF_0_10|         array|
|A_BUF_0_10_we5        |  out|    1|   ap_memory|     A_BUF_0_10|         array|
|A_BUF_0_10_address6   |  out|    4|   ap_memory|     A_BUF_0_10|         array|
|A_BUF_0_10_ce6        |  out|    1|   ap_memory|     A_BUF_0_10|         array|
|A_BUF_0_10_d6         |  out|   32|   ap_memory|     A_BUF_0_10|         array|
|A_BUF_0_10_q6         |   in|   32|   ap_memory|     A_BUF_0_10|         array|
|A_BUF_0_10_we6        |  out|    1|   ap_memory|     A_BUF_0_10|         array|
|A_BUF_0_10_address7   |  out|    4|   ap_memory|     A_BUF_0_10|         array|
|A_BUF_0_10_ce7        |  out|    1|   ap_memory|     A_BUF_0_10|         array|
|A_BUF_0_10_d7         |  out|   32|   ap_memory|     A_BUF_0_10|         array|
|A_BUF_0_10_q7         |   in|   32|   ap_memory|     A_BUF_0_10|         array|
|A_BUF_0_10_we7        |  out|    1|   ap_memory|     A_BUF_0_10|         array|
|A_BUF_0_10_address8   |  out|    4|   ap_memory|     A_BUF_0_10|         array|
|A_BUF_0_10_ce8        |  out|    1|   ap_memory|     A_BUF_0_10|         array|
|A_BUF_0_10_d8         |  out|   32|   ap_memory|     A_BUF_0_10|         array|
|A_BUF_0_10_q8         |   in|   32|   ap_memory|     A_BUF_0_10|         array|
|A_BUF_0_10_we8        |  out|    1|   ap_memory|     A_BUF_0_10|         array|
|A_BUF_0_10_address9   |  out|    4|   ap_memory|     A_BUF_0_10|         array|
|A_BUF_0_10_ce9        |  out|    1|   ap_memory|     A_BUF_0_10|         array|
|A_BUF_0_10_d9         |  out|   32|   ap_memory|     A_BUF_0_10|         array|
|A_BUF_0_10_q9         |   in|   32|   ap_memory|     A_BUF_0_10|         array|
|A_BUF_0_10_we9        |  out|    1|   ap_memory|     A_BUF_0_10|         array|
|A_BUF_0_10_address10  |  out|    4|   ap_memory|     A_BUF_0_10|         array|
|A_BUF_0_10_ce10       |  out|    1|   ap_memory|     A_BUF_0_10|         array|
|A_BUF_0_10_d10        |  out|   32|   ap_memory|     A_BUF_0_10|         array|
|A_BUF_0_10_q10        |   in|   32|   ap_memory|     A_BUF_0_10|         array|
|A_BUF_0_10_we10       |  out|    1|   ap_memory|     A_BUF_0_10|         array|
|A_BUF_0_10_address11  |  out|    4|   ap_memory|     A_BUF_0_10|         array|
|A_BUF_0_10_ce11       |  out|    1|   ap_memory|     A_BUF_0_10|         array|
|A_BUF_0_10_d11        |  out|   32|   ap_memory|     A_BUF_0_10|         array|
|A_BUF_0_10_q11        |   in|   32|   ap_memory|     A_BUF_0_10|         array|
|A_BUF_0_10_we11       |  out|    1|   ap_memory|     A_BUF_0_10|         array|
|A_BUF_0_10_address12  |  out|    4|   ap_memory|     A_BUF_0_10|         array|
|A_BUF_0_10_ce12       |  out|    1|   ap_memory|     A_BUF_0_10|         array|
|A_BUF_0_10_d12        |  out|   32|   ap_memory|     A_BUF_0_10|         array|
|A_BUF_0_10_q12        |   in|   32|   ap_memory|     A_BUF_0_10|         array|
|A_BUF_0_10_we12       |  out|    1|   ap_memory|     A_BUF_0_10|         array|
|A_BUF_0_10_address13  |  out|    4|   ap_memory|     A_BUF_0_10|         array|
|A_BUF_0_10_ce13       |  out|    1|   ap_memory|     A_BUF_0_10|         array|
|A_BUF_0_10_d13        |  out|   32|   ap_memory|     A_BUF_0_10|         array|
|A_BUF_0_10_q13        |   in|   32|   ap_memory|     A_BUF_0_10|         array|
|A_BUF_0_10_we13       |  out|    1|   ap_memory|     A_BUF_0_10|         array|
|A_BUF_0_10_address14  |  out|    4|   ap_memory|     A_BUF_0_10|         array|
|A_BUF_0_10_ce14       |  out|    1|   ap_memory|     A_BUF_0_10|         array|
|A_BUF_0_10_d14        |  out|   32|   ap_memory|     A_BUF_0_10|         array|
|A_BUF_0_10_q14        |   in|   32|   ap_memory|     A_BUF_0_10|         array|
|A_BUF_0_10_we14       |  out|    1|   ap_memory|     A_BUF_0_10|         array|
|A_BUF_0_10_address15  |  out|    4|   ap_memory|     A_BUF_0_10|         array|
|A_BUF_0_10_ce15       |  out|    1|   ap_memory|     A_BUF_0_10|         array|
|A_BUF_0_10_d15        |  out|   32|   ap_memory|     A_BUF_0_10|         array|
|A_BUF_0_10_q15        |   in|   32|   ap_memory|     A_BUF_0_10|         array|
|A_BUF_0_10_we15       |  out|    1|   ap_memory|     A_BUF_0_10|         array|
|A_BUF_0_10_address16  |  out|    4|   ap_memory|     A_BUF_0_10|         array|
|A_BUF_0_10_ce16       |  out|    1|   ap_memory|     A_BUF_0_10|         array|
|A_BUF_0_10_d16        |  out|   32|   ap_memory|     A_BUF_0_10|         array|
|A_BUF_0_10_q16        |   in|   32|   ap_memory|     A_BUF_0_10|         array|
|A_BUF_0_10_we16       |  out|    1|   ap_memory|     A_BUF_0_10|         array|
|A_BUF_0_11_address0   |  out|    4|   ap_memory|     A_BUF_0_11|         array|
|A_BUF_0_11_ce0        |  out|    1|   ap_memory|     A_BUF_0_11|         array|
|A_BUF_0_11_d0         |  out|   32|   ap_memory|     A_BUF_0_11|         array|
|A_BUF_0_11_q0         |   in|   32|   ap_memory|     A_BUF_0_11|         array|
|A_BUF_0_11_we0        |  out|    1|   ap_memory|     A_BUF_0_11|         array|
|A_BUF_0_11_address1   |  out|    4|   ap_memory|     A_BUF_0_11|         array|
|A_BUF_0_11_ce1        |  out|    1|   ap_memory|     A_BUF_0_11|         array|
|A_BUF_0_11_d1         |  out|   32|   ap_memory|     A_BUF_0_11|         array|
|A_BUF_0_11_q1         |   in|   32|   ap_memory|     A_BUF_0_11|         array|
|A_BUF_0_11_we1        |  out|    1|   ap_memory|     A_BUF_0_11|         array|
|A_BUF_0_11_address2   |  out|    4|   ap_memory|     A_BUF_0_11|         array|
|A_BUF_0_11_ce2        |  out|    1|   ap_memory|     A_BUF_0_11|         array|
|A_BUF_0_11_d2         |  out|   32|   ap_memory|     A_BUF_0_11|         array|
|A_BUF_0_11_q2         |   in|   32|   ap_memory|     A_BUF_0_11|         array|
|A_BUF_0_11_we2        |  out|    1|   ap_memory|     A_BUF_0_11|         array|
|A_BUF_0_11_address3   |  out|    4|   ap_memory|     A_BUF_0_11|         array|
|A_BUF_0_11_ce3        |  out|    1|   ap_memory|     A_BUF_0_11|         array|
|A_BUF_0_11_d3         |  out|   32|   ap_memory|     A_BUF_0_11|         array|
|A_BUF_0_11_q3         |   in|   32|   ap_memory|     A_BUF_0_11|         array|
|A_BUF_0_11_we3        |  out|    1|   ap_memory|     A_BUF_0_11|         array|
|A_BUF_0_11_address4   |  out|    4|   ap_memory|     A_BUF_0_11|         array|
|A_BUF_0_11_ce4        |  out|    1|   ap_memory|     A_BUF_0_11|         array|
|A_BUF_0_11_d4         |  out|   32|   ap_memory|     A_BUF_0_11|         array|
|A_BUF_0_11_q4         |   in|   32|   ap_memory|     A_BUF_0_11|         array|
|A_BUF_0_11_we4        |  out|    1|   ap_memory|     A_BUF_0_11|         array|
|A_BUF_0_11_address5   |  out|    4|   ap_memory|     A_BUF_0_11|         array|
|A_BUF_0_11_ce5        |  out|    1|   ap_memory|     A_BUF_0_11|         array|
|A_BUF_0_11_d5         |  out|   32|   ap_memory|     A_BUF_0_11|         array|
|A_BUF_0_11_q5         |   in|   32|   ap_memory|     A_BUF_0_11|         array|
|A_BUF_0_11_we5        |  out|    1|   ap_memory|     A_BUF_0_11|         array|
|A_BUF_0_11_address6   |  out|    4|   ap_memory|     A_BUF_0_11|         array|
|A_BUF_0_11_ce6        |  out|    1|   ap_memory|     A_BUF_0_11|         array|
|A_BUF_0_11_d6         |  out|   32|   ap_memory|     A_BUF_0_11|         array|
|A_BUF_0_11_q6         |   in|   32|   ap_memory|     A_BUF_0_11|         array|
|A_BUF_0_11_we6        |  out|    1|   ap_memory|     A_BUF_0_11|         array|
|A_BUF_0_11_address7   |  out|    4|   ap_memory|     A_BUF_0_11|         array|
|A_BUF_0_11_ce7        |  out|    1|   ap_memory|     A_BUF_0_11|         array|
|A_BUF_0_11_d7         |  out|   32|   ap_memory|     A_BUF_0_11|         array|
|A_BUF_0_11_q7         |   in|   32|   ap_memory|     A_BUF_0_11|         array|
|A_BUF_0_11_we7        |  out|    1|   ap_memory|     A_BUF_0_11|         array|
|A_BUF_0_11_address8   |  out|    4|   ap_memory|     A_BUF_0_11|         array|
|A_BUF_0_11_ce8        |  out|    1|   ap_memory|     A_BUF_0_11|         array|
|A_BUF_0_11_d8         |  out|   32|   ap_memory|     A_BUF_0_11|         array|
|A_BUF_0_11_q8         |   in|   32|   ap_memory|     A_BUF_0_11|         array|
|A_BUF_0_11_we8        |  out|    1|   ap_memory|     A_BUF_0_11|         array|
|A_BUF_0_11_address9   |  out|    4|   ap_memory|     A_BUF_0_11|         array|
|A_BUF_0_11_ce9        |  out|    1|   ap_memory|     A_BUF_0_11|         array|
|A_BUF_0_11_d9         |  out|   32|   ap_memory|     A_BUF_0_11|         array|
|A_BUF_0_11_q9         |   in|   32|   ap_memory|     A_BUF_0_11|         array|
|A_BUF_0_11_we9        |  out|    1|   ap_memory|     A_BUF_0_11|         array|
|A_BUF_0_11_address10  |  out|    4|   ap_memory|     A_BUF_0_11|         array|
|A_BUF_0_11_ce10       |  out|    1|   ap_memory|     A_BUF_0_11|         array|
|A_BUF_0_11_d10        |  out|   32|   ap_memory|     A_BUF_0_11|         array|
|A_BUF_0_11_q10        |   in|   32|   ap_memory|     A_BUF_0_11|         array|
|A_BUF_0_11_we10       |  out|    1|   ap_memory|     A_BUF_0_11|         array|
|A_BUF_0_11_address11  |  out|    4|   ap_memory|     A_BUF_0_11|         array|
|A_BUF_0_11_ce11       |  out|    1|   ap_memory|     A_BUF_0_11|         array|
|A_BUF_0_11_d11        |  out|   32|   ap_memory|     A_BUF_0_11|         array|
|A_BUF_0_11_q11        |   in|   32|   ap_memory|     A_BUF_0_11|         array|
|A_BUF_0_11_we11       |  out|    1|   ap_memory|     A_BUF_0_11|         array|
|A_BUF_0_11_address12  |  out|    4|   ap_memory|     A_BUF_0_11|         array|
|A_BUF_0_11_ce12       |  out|    1|   ap_memory|     A_BUF_0_11|         array|
|A_BUF_0_11_d12        |  out|   32|   ap_memory|     A_BUF_0_11|         array|
|A_BUF_0_11_q12        |   in|   32|   ap_memory|     A_BUF_0_11|         array|
|A_BUF_0_11_we12       |  out|    1|   ap_memory|     A_BUF_0_11|         array|
|A_BUF_0_11_address13  |  out|    4|   ap_memory|     A_BUF_0_11|         array|
|A_BUF_0_11_ce13       |  out|    1|   ap_memory|     A_BUF_0_11|         array|
|A_BUF_0_11_d13        |  out|   32|   ap_memory|     A_BUF_0_11|         array|
|A_BUF_0_11_q13        |   in|   32|   ap_memory|     A_BUF_0_11|         array|
|A_BUF_0_11_we13       |  out|    1|   ap_memory|     A_BUF_0_11|         array|
|A_BUF_0_11_address14  |  out|    4|   ap_memory|     A_BUF_0_11|         array|
|A_BUF_0_11_ce14       |  out|    1|   ap_memory|     A_BUF_0_11|         array|
|A_BUF_0_11_d14        |  out|   32|   ap_memory|     A_BUF_0_11|         array|
|A_BUF_0_11_q14        |   in|   32|   ap_memory|     A_BUF_0_11|         array|
|A_BUF_0_11_we14       |  out|    1|   ap_memory|     A_BUF_0_11|         array|
|A_BUF_0_11_address15  |  out|    4|   ap_memory|     A_BUF_0_11|         array|
|A_BUF_0_11_ce15       |  out|    1|   ap_memory|     A_BUF_0_11|         array|
|A_BUF_0_11_d15        |  out|   32|   ap_memory|     A_BUF_0_11|         array|
|A_BUF_0_11_q15        |   in|   32|   ap_memory|     A_BUF_0_11|         array|
|A_BUF_0_11_we15       |  out|    1|   ap_memory|     A_BUF_0_11|         array|
|A_BUF_0_11_address16  |  out|    4|   ap_memory|     A_BUF_0_11|         array|
|A_BUF_0_11_ce16       |  out|    1|   ap_memory|     A_BUF_0_11|         array|
|A_BUF_0_11_d16        |  out|   32|   ap_memory|     A_BUF_0_11|         array|
|A_BUF_0_11_q16        |   in|   32|   ap_memory|     A_BUF_0_11|         array|
|A_BUF_0_11_we16       |  out|    1|   ap_memory|     A_BUF_0_11|         array|
|A_BUF_0_12_address0   |  out|    4|   ap_memory|     A_BUF_0_12|         array|
|A_BUF_0_12_ce0        |  out|    1|   ap_memory|     A_BUF_0_12|         array|
|A_BUF_0_12_d0         |  out|   32|   ap_memory|     A_BUF_0_12|         array|
|A_BUF_0_12_q0         |   in|   32|   ap_memory|     A_BUF_0_12|         array|
|A_BUF_0_12_we0        |  out|    1|   ap_memory|     A_BUF_0_12|         array|
|A_BUF_0_12_address1   |  out|    4|   ap_memory|     A_BUF_0_12|         array|
|A_BUF_0_12_ce1        |  out|    1|   ap_memory|     A_BUF_0_12|         array|
|A_BUF_0_12_d1         |  out|   32|   ap_memory|     A_BUF_0_12|         array|
|A_BUF_0_12_q1         |   in|   32|   ap_memory|     A_BUF_0_12|         array|
|A_BUF_0_12_we1        |  out|    1|   ap_memory|     A_BUF_0_12|         array|
|A_BUF_0_12_address2   |  out|    4|   ap_memory|     A_BUF_0_12|         array|
|A_BUF_0_12_ce2        |  out|    1|   ap_memory|     A_BUF_0_12|         array|
|A_BUF_0_12_d2         |  out|   32|   ap_memory|     A_BUF_0_12|         array|
|A_BUF_0_12_q2         |   in|   32|   ap_memory|     A_BUF_0_12|         array|
|A_BUF_0_12_we2        |  out|    1|   ap_memory|     A_BUF_0_12|         array|
|A_BUF_0_12_address3   |  out|    4|   ap_memory|     A_BUF_0_12|         array|
|A_BUF_0_12_ce3        |  out|    1|   ap_memory|     A_BUF_0_12|         array|
|A_BUF_0_12_d3         |  out|   32|   ap_memory|     A_BUF_0_12|         array|
|A_BUF_0_12_q3         |   in|   32|   ap_memory|     A_BUF_0_12|         array|
|A_BUF_0_12_we3        |  out|    1|   ap_memory|     A_BUF_0_12|         array|
|A_BUF_0_12_address4   |  out|    4|   ap_memory|     A_BUF_0_12|         array|
|A_BUF_0_12_ce4        |  out|    1|   ap_memory|     A_BUF_0_12|         array|
|A_BUF_0_12_d4         |  out|   32|   ap_memory|     A_BUF_0_12|         array|
|A_BUF_0_12_q4         |   in|   32|   ap_memory|     A_BUF_0_12|         array|
|A_BUF_0_12_we4        |  out|    1|   ap_memory|     A_BUF_0_12|         array|
|A_BUF_0_12_address5   |  out|    4|   ap_memory|     A_BUF_0_12|         array|
|A_BUF_0_12_ce5        |  out|    1|   ap_memory|     A_BUF_0_12|         array|
|A_BUF_0_12_d5         |  out|   32|   ap_memory|     A_BUF_0_12|         array|
|A_BUF_0_12_q5         |   in|   32|   ap_memory|     A_BUF_0_12|         array|
|A_BUF_0_12_we5        |  out|    1|   ap_memory|     A_BUF_0_12|         array|
|A_BUF_0_12_address6   |  out|    4|   ap_memory|     A_BUF_0_12|         array|
|A_BUF_0_12_ce6        |  out|    1|   ap_memory|     A_BUF_0_12|         array|
|A_BUF_0_12_d6         |  out|   32|   ap_memory|     A_BUF_0_12|         array|
|A_BUF_0_12_q6         |   in|   32|   ap_memory|     A_BUF_0_12|         array|
|A_BUF_0_12_we6        |  out|    1|   ap_memory|     A_BUF_0_12|         array|
|A_BUF_0_12_address7   |  out|    4|   ap_memory|     A_BUF_0_12|         array|
|A_BUF_0_12_ce7        |  out|    1|   ap_memory|     A_BUF_0_12|         array|
|A_BUF_0_12_d7         |  out|   32|   ap_memory|     A_BUF_0_12|         array|
|A_BUF_0_12_q7         |   in|   32|   ap_memory|     A_BUF_0_12|         array|
|A_BUF_0_12_we7        |  out|    1|   ap_memory|     A_BUF_0_12|         array|
|A_BUF_0_12_address8   |  out|    4|   ap_memory|     A_BUF_0_12|         array|
|A_BUF_0_12_ce8        |  out|    1|   ap_memory|     A_BUF_0_12|         array|
|A_BUF_0_12_d8         |  out|   32|   ap_memory|     A_BUF_0_12|         array|
|A_BUF_0_12_q8         |   in|   32|   ap_memory|     A_BUF_0_12|         array|
|A_BUF_0_12_we8        |  out|    1|   ap_memory|     A_BUF_0_12|         array|
|A_BUF_0_12_address9   |  out|    4|   ap_memory|     A_BUF_0_12|         array|
|A_BUF_0_12_ce9        |  out|    1|   ap_memory|     A_BUF_0_12|         array|
|A_BUF_0_12_d9         |  out|   32|   ap_memory|     A_BUF_0_12|         array|
|A_BUF_0_12_q9         |   in|   32|   ap_memory|     A_BUF_0_12|         array|
|A_BUF_0_12_we9        |  out|    1|   ap_memory|     A_BUF_0_12|         array|
|A_BUF_0_12_address10  |  out|    4|   ap_memory|     A_BUF_0_12|         array|
|A_BUF_0_12_ce10       |  out|    1|   ap_memory|     A_BUF_0_12|         array|
|A_BUF_0_12_d10        |  out|   32|   ap_memory|     A_BUF_0_12|         array|
|A_BUF_0_12_q10        |   in|   32|   ap_memory|     A_BUF_0_12|         array|
|A_BUF_0_12_we10       |  out|    1|   ap_memory|     A_BUF_0_12|         array|
|A_BUF_0_12_address11  |  out|    4|   ap_memory|     A_BUF_0_12|         array|
|A_BUF_0_12_ce11       |  out|    1|   ap_memory|     A_BUF_0_12|         array|
|A_BUF_0_12_d11        |  out|   32|   ap_memory|     A_BUF_0_12|         array|
|A_BUF_0_12_q11        |   in|   32|   ap_memory|     A_BUF_0_12|         array|
|A_BUF_0_12_we11       |  out|    1|   ap_memory|     A_BUF_0_12|         array|
|A_BUF_0_12_address12  |  out|    4|   ap_memory|     A_BUF_0_12|         array|
|A_BUF_0_12_ce12       |  out|    1|   ap_memory|     A_BUF_0_12|         array|
|A_BUF_0_12_d12        |  out|   32|   ap_memory|     A_BUF_0_12|         array|
|A_BUF_0_12_q12        |   in|   32|   ap_memory|     A_BUF_0_12|         array|
|A_BUF_0_12_we12       |  out|    1|   ap_memory|     A_BUF_0_12|         array|
|A_BUF_0_12_address13  |  out|    4|   ap_memory|     A_BUF_0_12|         array|
|A_BUF_0_12_ce13       |  out|    1|   ap_memory|     A_BUF_0_12|         array|
|A_BUF_0_12_d13        |  out|   32|   ap_memory|     A_BUF_0_12|         array|
|A_BUF_0_12_q13        |   in|   32|   ap_memory|     A_BUF_0_12|         array|
|A_BUF_0_12_we13       |  out|    1|   ap_memory|     A_BUF_0_12|         array|
|A_BUF_0_12_address14  |  out|    4|   ap_memory|     A_BUF_0_12|         array|
|A_BUF_0_12_ce14       |  out|    1|   ap_memory|     A_BUF_0_12|         array|
|A_BUF_0_12_d14        |  out|   32|   ap_memory|     A_BUF_0_12|         array|
|A_BUF_0_12_q14        |   in|   32|   ap_memory|     A_BUF_0_12|         array|
|A_BUF_0_12_we14       |  out|    1|   ap_memory|     A_BUF_0_12|         array|
|A_BUF_0_12_address15  |  out|    4|   ap_memory|     A_BUF_0_12|         array|
|A_BUF_0_12_ce15       |  out|    1|   ap_memory|     A_BUF_0_12|         array|
|A_BUF_0_12_d15        |  out|   32|   ap_memory|     A_BUF_0_12|         array|
|A_BUF_0_12_q15        |   in|   32|   ap_memory|     A_BUF_0_12|         array|
|A_BUF_0_12_we15       |  out|    1|   ap_memory|     A_BUF_0_12|         array|
|A_BUF_0_12_address16  |  out|    4|   ap_memory|     A_BUF_0_12|         array|
|A_BUF_0_12_ce16       |  out|    1|   ap_memory|     A_BUF_0_12|         array|
|A_BUF_0_12_d16        |  out|   32|   ap_memory|     A_BUF_0_12|         array|
|A_BUF_0_12_q16        |   in|   32|   ap_memory|     A_BUF_0_12|         array|
|A_BUF_0_12_we16       |  out|    1|   ap_memory|     A_BUF_0_12|         array|
|A_BUF_0_13_address0   |  out|    4|   ap_memory|     A_BUF_0_13|         array|
|A_BUF_0_13_ce0        |  out|    1|   ap_memory|     A_BUF_0_13|         array|
|A_BUF_0_13_d0         |  out|   32|   ap_memory|     A_BUF_0_13|         array|
|A_BUF_0_13_q0         |   in|   32|   ap_memory|     A_BUF_0_13|         array|
|A_BUF_0_13_we0        |  out|    1|   ap_memory|     A_BUF_0_13|         array|
|A_BUF_0_13_address1   |  out|    4|   ap_memory|     A_BUF_0_13|         array|
|A_BUF_0_13_ce1        |  out|    1|   ap_memory|     A_BUF_0_13|         array|
|A_BUF_0_13_d1         |  out|   32|   ap_memory|     A_BUF_0_13|         array|
|A_BUF_0_13_q1         |   in|   32|   ap_memory|     A_BUF_0_13|         array|
|A_BUF_0_13_we1        |  out|    1|   ap_memory|     A_BUF_0_13|         array|
|A_BUF_0_13_address2   |  out|    4|   ap_memory|     A_BUF_0_13|         array|
|A_BUF_0_13_ce2        |  out|    1|   ap_memory|     A_BUF_0_13|         array|
|A_BUF_0_13_d2         |  out|   32|   ap_memory|     A_BUF_0_13|         array|
|A_BUF_0_13_q2         |   in|   32|   ap_memory|     A_BUF_0_13|         array|
|A_BUF_0_13_we2        |  out|    1|   ap_memory|     A_BUF_0_13|         array|
|A_BUF_0_13_address3   |  out|    4|   ap_memory|     A_BUF_0_13|         array|
|A_BUF_0_13_ce3        |  out|    1|   ap_memory|     A_BUF_0_13|         array|
|A_BUF_0_13_d3         |  out|   32|   ap_memory|     A_BUF_0_13|         array|
|A_BUF_0_13_q3         |   in|   32|   ap_memory|     A_BUF_0_13|         array|
|A_BUF_0_13_we3        |  out|    1|   ap_memory|     A_BUF_0_13|         array|
|A_BUF_0_13_address4   |  out|    4|   ap_memory|     A_BUF_0_13|         array|
|A_BUF_0_13_ce4        |  out|    1|   ap_memory|     A_BUF_0_13|         array|
|A_BUF_0_13_d4         |  out|   32|   ap_memory|     A_BUF_0_13|         array|
|A_BUF_0_13_q4         |   in|   32|   ap_memory|     A_BUF_0_13|         array|
|A_BUF_0_13_we4        |  out|    1|   ap_memory|     A_BUF_0_13|         array|
|A_BUF_0_13_address5   |  out|    4|   ap_memory|     A_BUF_0_13|         array|
|A_BUF_0_13_ce5        |  out|    1|   ap_memory|     A_BUF_0_13|         array|
|A_BUF_0_13_d5         |  out|   32|   ap_memory|     A_BUF_0_13|         array|
|A_BUF_0_13_q5         |   in|   32|   ap_memory|     A_BUF_0_13|         array|
|A_BUF_0_13_we5        |  out|    1|   ap_memory|     A_BUF_0_13|         array|
|A_BUF_0_13_address6   |  out|    4|   ap_memory|     A_BUF_0_13|         array|
|A_BUF_0_13_ce6        |  out|    1|   ap_memory|     A_BUF_0_13|         array|
|A_BUF_0_13_d6         |  out|   32|   ap_memory|     A_BUF_0_13|         array|
|A_BUF_0_13_q6         |   in|   32|   ap_memory|     A_BUF_0_13|         array|
|A_BUF_0_13_we6        |  out|    1|   ap_memory|     A_BUF_0_13|         array|
|A_BUF_0_13_address7   |  out|    4|   ap_memory|     A_BUF_0_13|         array|
|A_BUF_0_13_ce7        |  out|    1|   ap_memory|     A_BUF_0_13|         array|
|A_BUF_0_13_d7         |  out|   32|   ap_memory|     A_BUF_0_13|         array|
|A_BUF_0_13_q7         |   in|   32|   ap_memory|     A_BUF_0_13|         array|
|A_BUF_0_13_we7        |  out|    1|   ap_memory|     A_BUF_0_13|         array|
|A_BUF_0_13_address8   |  out|    4|   ap_memory|     A_BUF_0_13|         array|
|A_BUF_0_13_ce8        |  out|    1|   ap_memory|     A_BUF_0_13|         array|
|A_BUF_0_13_d8         |  out|   32|   ap_memory|     A_BUF_0_13|         array|
|A_BUF_0_13_q8         |   in|   32|   ap_memory|     A_BUF_0_13|         array|
|A_BUF_0_13_we8        |  out|    1|   ap_memory|     A_BUF_0_13|         array|
|A_BUF_0_13_address9   |  out|    4|   ap_memory|     A_BUF_0_13|         array|
|A_BUF_0_13_ce9        |  out|    1|   ap_memory|     A_BUF_0_13|         array|
|A_BUF_0_13_d9         |  out|   32|   ap_memory|     A_BUF_0_13|         array|
|A_BUF_0_13_q9         |   in|   32|   ap_memory|     A_BUF_0_13|         array|
|A_BUF_0_13_we9        |  out|    1|   ap_memory|     A_BUF_0_13|         array|
|A_BUF_0_13_address10  |  out|    4|   ap_memory|     A_BUF_0_13|         array|
|A_BUF_0_13_ce10       |  out|    1|   ap_memory|     A_BUF_0_13|         array|
|A_BUF_0_13_d10        |  out|   32|   ap_memory|     A_BUF_0_13|         array|
|A_BUF_0_13_q10        |   in|   32|   ap_memory|     A_BUF_0_13|         array|
|A_BUF_0_13_we10       |  out|    1|   ap_memory|     A_BUF_0_13|         array|
|A_BUF_0_13_address11  |  out|    4|   ap_memory|     A_BUF_0_13|         array|
|A_BUF_0_13_ce11       |  out|    1|   ap_memory|     A_BUF_0_13|         array|
|A_BUF_0_13_d11        |  out|   32|   ap_memory|     A_BUF_0_13|         array|
|A_BUF_0_13_q11        |   in|   32|   ap_memory|     A_BUF_0_13|         array|
|A_BUF_0_13_we11       |  out|    1|   ap_memory|     A_BUF_0_13|         array|
|A_BUF_0_13_address12  |  out|    4|   ap_memory|     A_BUF_0_13|         array|
|A_BUF_0_13_ce12       |  out|    1|   ap_memory|     A_BUF_0_13|         array|
|A_BUF_0_13_d12        |  out|   32|   ap_memory|     A_BUF_0_13|         array|
|A_BUF_0_13_q12        |   in|   32|   ap_memory|     A_BUF_0_13|         array|
|A_BUF_0_13_we12       |  out|    1|   ap_memory|     A_BUF_0_13|         array|
|A_BUF_0_13_address13  |  out|    4|   ap_memory|     A_BUF_0_13|         array|
|A_BUF_0_13_ce13       |  out|    1|   ap_memory|     A_BUF_0_13|         array|
|A_BUF_0_13_d13        |  out|   32|   ap_memory|     A_BUF_0_13|         array|
|A_BUF_0_13_q13        |   in|   32|   ap_memory|     A_BUF_0_13|         array|
|A_BUF_0_13_we13       |  out|    1|   ap_memory|     A_BUF_0_13|         array|
|A_BUF_0_13_address14  |  out|    4|   ap_memory|     A_BUF_0_13|         array|
|A_BUF_0_13_ce14       |  out|    1|   ap_memory|     A_BUF_0_13|         array|
|A_BUF_0_13_d14        |  out|   32|   ap_memory|     A_BUF_0_13|         array|
|A_BUF_0_13_q14        |   in|   32|   ap_memory|     A_BUF_0_13|         array|
|A_BUF_0_13_we14       |  out|    1|   ap_memory|     A_BUF_0_13|         array|
|A_BUF_0_13_address15  |  out|    4|   ap_memory|     A_BUF_0_13|         array|
|A_BUF_0_13_ce15       |  out|    1|   ap_memory|     A_BUF_0_13|         array|
|A_BUF_0_13_d15        |  out|   32|   ap_memory|     A_BUF_0_13|         array|
|A_BUF_0_13_q15        |   in|   32|   ap_memory|     A_BUF_0_13|         array|
|A_BUF_0_13_we15       |  out|    1|   ap_memory|     A_BUF_0_13|         array|
|A_BUF_0_13_address16  |  out|    4|   ap_memory|     A_BUF_0_13|         array|
|A_BUF_0_13_ce16       |  out|    1|   ap_memory|     A_BUF_0_13|         array|
|A_BUF_0_13_d16        |  out|   32|   ap_memory|     A_BUF_0_13|         array|
|A_BUF_0_13_q16        |   in|   32|   ap_memory|     A_BUF_0_13|         array|
|A_BUF_0_13_we16       |  out|    1|   ap_memory|     A_BUF_0_13|         array|
|A_BUF_0_14_address0   |  out|    4|   ap_memory|     A_BUF_0_14|         array|
|A_BUF_0_14_ce0        |  out|    1|   ap_memory|     A_BUF_0_14|         array|
|A_BUF_0_14_d0         |  out|   32|   ap_memory|     A_BUF_0_14|         array|
|A_BUF_0_14_q0         |   in|   32|   ap_memory|     A_BUF_0_14|         array|
|A_BUF_0_14_we0        |  out|    1|   ap_memory|     A_BUF_0_14|         array|
|A_BUF_0_14_address1   |  out|    4|   ap_memory|     A_BUF_0_14|         array|
|A_BUF_0_14_ce1        |  out|    1|   ap_memory|     A_BUF_0_14|         array|
|A_BUF_0_14_d1         |  out|   32|   ap_memory|     A_BUF_0_14|         array|
|A_BUF_0_14_q1         |   in|   32|   ap_memory|     A_BUF_0_14|         array|
|A_BUF_0_14_we1        |  out|    1|   ap_memory|     A_BUF_0_14|         array|
|A_BUF_0_14_address2   |  out|    4|   ap_memory|     A_BUF_0_14|         array|
|A_BUF_0_14_ce2        |  out|    1|   ap_memory|     A_BUF_0_14|         array|
|A_BUF_0_14_d2         |  out|   32|   ap_memory|     A_BUF_0_14|         array|
|A_BUF_0_14_q2         |   in|   32|   ap_memory|     A_BUF_0_14|         array|
|A_BUF_0_14_we2        |  out|    1|   ap_memory|     A_BUF_0_14|         array|
|A_BUF_0_14_address3   |  out|    4|   ap_memory|     A_BUF_0_14|         array|
|A_BUF_0_14_ce3        |  out|    1|   ap_memory|     A_BUF_0_14|         array|
|A_BUF_0_14_d3         |  out|   32|   ap_memory|     A_BUF_0_14|         array|
|A_BUF_0_14_q3         |   in|   32|   ap_memory|     A_BUF_0_14|         array|
|A_BUF_0_14_we3        |  out|    1|   ap_memory|     A_BUF_0_14|         array|
|A_BUF_0_14_address4   |  out|    4|   ap_memory|     A_BUF_0_14|         array|
|A_BUF_0_14_ce4        |  out|    1|   ap_memory|     A_BUF_0_14|         array|
|A_BUF_0_14_d4         |  out|   32|   ap_memory|     A_BUF_0_14|         array|
|A_BUF_0_14_q4         |   in|   32|   ap_memory|     A_BUF_0_14|         array|
|A_BUF_0_14_we4        |  out|    1|   ap_memory|     A_BUF_0_14|         array|
|A_BUF_0_14_address5   |  out|    4|   ap_memory|     A_BUF_0_14|         array|
|A_BUF_0_14_ce5        |  out|    1|   ap_memory|     A_BUF_0_14|         array|
|A_BUF_0_14_d5         |  out|   32|   ap_memory|     A_BUF_0_14|         array|
|A_BUF_0_14_q5         |   in|   32|   ap_memory|     A_BUF_0_14|         array|
|A_BUF_0_14_we5        |  out|    1|   ap_memory|     A_BUF_0_14|         array|
|A_BUF_0_14_address6   |  out|    4|   ap_memory|     A_BUF_0_14|         array|
|A_BUF_0_14_ce6        |  out|    1|   ap_memory|     A_BUF_0_14|         array|
|A_BUF_0_14_d6         |  out|   32|   ap_memory|     A_BUF_0_14|         array|
|A_BUF_0_14_q6         |   in|   32|   ap_memory|     A_BUF_0_14|         array|
|A_BUF_0_14_we6        |  out|    1|   ap_memory|     A_BUF_0_14|         array|
|A_BUF_0_14_address7   |  out|    4|   ap_memory|     A_BUF_0_14|         array|
|A_BUF_0_14_ce7        |  out|    1|   ap_memory|     A_BUF_0_14|         array|
|A_BUF_0_14_d7         |  out|   32|   ap_memory|     A_BUF_0_14|         array|
|A_BUF_0_14_q7         |   in|   32|   ap_memory|     A_BUF_0_14|         array|
|A_BUF_0_14_we7        |  out|    1|   ap_memory|     A_BUF_0_14|         array|
|A_BUF_0_14_address8   |  out|    4|   ap_memory|     A_BUF_0_14|         array|
|A_BUF_0_14_ce8        |  out|    1|   ap_memory|     A_BUF_0_14|         array|
|A_BUF_0_14_d8         |  out|   32|   ap_memory|     A_BUF_0_14|         array|
|A_BUF_0_14_q8         |   in|   32|   ap_memory|     A_BUF_0_14|         array|
|A_BUF_0_14_we8        |  out|    1|   ap_memory|     A_BUF_0_14|         array|
|A_BUF_0_14_address9   |  out|    4|   ap_memory|     A_BUF_0_14|         array|
|A_BUF_0_14_ce9        |  out|    1|   ap_memory|     A_BUF_0_14|         array|
|A_BUF_0_14_d9         |  out|   32|   ap_memory|     A_BUF_0_14|         array|
|A_BUF_0_14_q9         |   in|   32|   ap_memory|     A_BUF_0_14|         array|
|A_BUF_0_14_we9        |  out|    1|   ap_memory|     A_BUF_0_14|         array|
|A_BUF_0_14_address10  |  out|    4|   ap_memory|     A_BUF_0_14|         array|
|A_BUF_0_14_ce10       |  out|    1|   ap_memory|     A_BUF_0_14|         array|
|A_BUF_0_14_d10        |  out|   32|   ap_memory|     A_BUF_0_14|         array|
|A_BUF_0_14_q10        |   in|   32|   ap_memory|     A_BUF_0_14|         array|
|A_BUF_0_14_we10       |  out|    1|   ap_memory|     A_BUF_0_14|         array|
|A_BUF_0_14_address11  |  out|    4|   ap_memory|     A_BUF_0_14|         array|
|A_BUF_0_14_ce11       |  out|    1|   ap_memory|     A_BUF_0_14|         array|
|A_BUF_0_14_d11        |  out|   32|   ap_memory|     A_BUF_0_14|         array|
|A_BUF_0_14_q11        |   in|   32|   ap_memory|     A_BUF_0_14|         array|
|A_BUF_0_14_we11       |  out|    1|   ap_memory|     A_BUF_0_14|         array|
|A_BUF_0_14_address12  |  out|    4|   ap_memory|     A_BUF_0_14|         array|
|A_BUF_0_14_ce12       |  out|    1|   ap_memory|     A_BUF_0_14|         array|
|A_BUF_0_14_d12        |  out|   32|   ap_memory|     A_BUF_0_14|         array|
|A_BUF_0_14_q12        |   in|   32|   ap_memory|     A_BUF_0_14|         array|
|A_BUF_0_14_we12       |  out|    1|   ap_memory|     A_BUF_0_14|         array|
|A_BUF_0_14_address13  |  out|    4|   ap_memory|     A_BUF_0_14|         array|
|A_BUF_0_14_ce13       |  out|    1|   ap_memory|     A_BUF_0_14|         array|
|A_BUF_0_14_d13        |  out|   32|   ap_memory|     A_BUF_0_14|         array|
|A_BUF_0_14_q13        |   in|   32|   ap_memory|     A_BUF_0_14|         array|
|A_BUF_0_14_we13       |  out|    1|   ap_memory|     A_BUF_0_14|         array|
|A_BUF_0_14_address14  |  out|    4|   ap_memory|     A_BUF_0_14|         array|
|A_BUF_0_14_ce14       |  out|    1|   ap_memory|     A_BUF_0_14|         array|
|A_BUF_0_14_d14        |  out|   32|   ap_memory|     A_BUF_0_14|         array|
|A_BUF_0_14_q14        |   in|   32|   ap_memory|     A_BUF_0_14|         array|
|A_BUF_0_14_we14       |  out|    1|   ap_memory|     A_BUF_0_14|         array|
|A_BUF_0_14_address15  |  out|    4|   ap_memory|     A_BUF_0_14|         array|
|A_BUF_0_14_ce15       |  out|    1|   ap_memory|     A_BUF_0_14|         array|
|A_BUF_0_14_d15        |  out|   32|   ap_memory|     A_BUF_0_14|         array|
|A_BUF_0_14_q15        |   in|   32|   ap_memory|     A_BUF_0_14|         array|
|A_BUF_0_14_we15       |  out|    1|   ap_memory|     A_BUF_0_14|         array|
|A_BUF_0_14_address16  |  out|    4|   ap_memory|     A_BUF_0_14|         array|
|A_BUF_0_14_ce16       |  out|    1|   ap_memory|     A_BUF_0_14|         array|
|A_BUF_0_14_d16        |  out|   32|   ap_memory|     A_BUF_0_14|         array|
|A_BUF_0_14_q16        |   in|   32|   ap_memory|     A_BUF_0_14|         array|
|A_BUF_0_14_we16       |  out|    1|   ap_memory|     A_BUF_0_14|         array|
|A_BUF_0_15_address0   |  out|    4|   ap_memory|     A_BUF_0_15|         array|
|A_BUF_0_15_ce0        |  out|    1|   ap_memory|     A_BUF_0_15|         array|
|A_BUF_0_15_d0         |  out|   32|   ap_memory|     A_BUF_0_15|         array|
|A_BUF_0_15_q0         |   in|   32|   ap_memory|     A_BUF_0_15|         array|
|A_BUF_0_15_we0        |  out|    1|   ap_memory|     A_BUF_0_15|         array|
|A_BUF_0_15_address1   |  out|    4|   ap_memory|     A_BUF_0_15|         array|
|A_BUF_0_15_ce1        |  out|    1|   ap_memory|     A_BUF_0_15|         array|
|A_BUF_0_15_d1         |  out|   32|   ap_memory|     A_BUF_0_15|         array|
|A_BUF_0_15_q1         |   in|   32|   ap_memory|     A_BUF_0_15|         array|
|A_BUF_0_15_we1        |  out|    1|   ap_memory|     A_BUF_0_15|         array|
|A_BUF_0_15_address2   |  out|    4|   ap_memory|     A_BUF_0_15|         array|
|A_BUF_0_15_ce2        |  out|    1|   ap_memory|     A_BUF_0_15|         array|
|A_BUF_0_15_d2         |  out|   32|   ap_memory|     A_BUF_0_15|         array|
|A_BUF_0_15_q2         |   in|   32|   ap_memory|     A_BUF_0_15|         array|
|A_BUF_0_15_we2        |  out|    1|   ap_memory|     A_BUF_0_15|         array|
|A_BUF_0_15_address3   |  out|    4|   ap_memory|     A_BUF_0_15|         array|
|A_BUF_0_15_ce3        |  out|    1|   ap_memory|     A_BUF_0_15|         array|
|A_BUF_0_15_d3         |  out|   32|   ap_memory|     A_BUF_0_15|         array|
|A_BUF_0_15_q3         |   in|   32|   ap_memory|     A_BUF_0_15|         array|
|A_BUF_0_15_we3        |  out|    1|   ap_memory|     A_BUF_0_15|         array|
|A_BUF_0_15_address4   |  out|    4|   ap_memory|     A_BUF_0_15|         array|
|A_BUF_0_15_ce4        |  out|    1|   ap_memory|     A_BUF_0_15|         array|
|A_BUF_0_15_d4         |  out|   32|   ap_memory|     A_BUF_0_15|         array|
|A_BUF_0_15_q4         |   in|   32|   ap_memory|     A_BUF_0_15|         array|
|A_BUF_0_15_we4        |  out|    1|   ap_memory|     A_BUF_0_15|         array|
|A_BUF_0_15_address5   |  out|    4|   ap_memory|     A_BUF_0_15|         array|
|A_BUF_0_15_ce5        |  out|    1|   ap_memory|     A_BUF_0_15|         array|
|A_BUF_0_15_d5         |  out|   32|   ap_memory|     A_BUF_0_15|         array|
|A_BUF_0_15_q5         |   in|   32|   ap_memory|     A_BUF_0_15|         array|
|A_BUF_0_15_we5        |  out|    1|   ap_memory|     A_BUF_0_15|         array|
|A_BUF_0_15_address6   |  out|    4|   ap_memory|     A_BUF_0_15|         array|
|A_BUF_0_15_ce6        |  out|    1|   ap_memory|     A_BUF_0_15|         array|
|A_BUF_0_15_d6         |  out|   32|   ap_memory|     A_BUF_0_15|         array|
|A_BUF_0_15_q6         |   in|   32|   ap_memory|     A_BUF_0_15|         array|
|A_BUF_0_15_we6        |  out|    1|   ap_memory|     A_BUF_0_15|         array|
|A_BUF_0_15_address7   |  out|    4|   ap_memory|     A_BUF_0_15|         array|
|A_BUF_0_15_ce7        |  out|    1|   ap_memory|     A_BUF_0_15|         array|
|A_BUF_0_15_d7         |  out|   32|   ap_memory|     A_BUF_0_15|         array|
|A_BUF_0_15_q7         |   in|   32|   ap_memory|     A_BUF_0_15|         array|
|A_BUF_0_15_we7        |  out|    1|   ap_memory|     A_BUF_0_15|         array|
|A_BUF_0_15_address8   |  out|    4|   ap_memory|     A_BUF_0_15|         array|
|A_BUF_0_15_ce8        |  out|    1|   ap_memory|     A_BUF_0_15|         array|
|A_BUF_0_15_d8         |  out|   32|   ap_memory|     A_BUF_0_15|         array|
|A_BUF_0_15_q8         |   in|   32|   ap_memory|     A_BUF_0_15|         array|
|A_BUF_0_15_we8        |  out|    1|   ap_memory|     A_BUF_0_15|         array|
|A_BUF_0_15_address9   |  out|    4|   ap_memory|     A_BUF_0_15|         array|
|A_BUF_0_15_ce9        |  out|    1|   ap_memory|     A_BUF_0_15|         array|
|A_BUF_0_15_d9         |  out|   32|   ap_memory|     A_BUF_0_15|         array|
|A_BUF_0_15_q9         |   in|   32|   ap_memory|     A_BUF_0_15|         array|
|A_BUF_0_15_we9        |  out|    1|   ap_memory|     A_BUF_0_15|         array|
|A_BUF_0_15_address10  |  out|    4|   ap_memory|     A_BUF_0_15|         array|
|A_BUF_0_15_ce10       |  out|    1|   ap_memory|     A_BUF_0_15|         array|
|A_BUF_0_15_d10        |  out|   32|   ap_memory|     A_BUF_0_15|         array|
|A_BUF_0_15_q10        |   in|   32|   ap_memory|     A_BUF_0_15|         array|
|A_BUF_0_15_we10       |  out|    1|   ap_memory|     A_BUF_0_15|         array|
|A_BUF_0_15_address11  |  out|    4|   ap_memory|     A_BUF_0_15|         array|
|A_BUF_0_15_ce11       |  out|    1|   ap_memory|     A_BUF_0_15|         array|
|A_BUF_0_15_d11        |  out|   32|   ap_memory|     A_BUF_0_15|         array|
|A_BUF_0_15_q11        |   in|   32|   ap_memory|     A_BUF_0_15|         array|
|A_BUF_0_15_we11       |  out|    1|   ap_memory|     A_BUF_0_15|         array|
|A_BUF_0_15_address12  |  out|    4|   ap_memory|     A_BUF_0_15|         array|
|A_BUF_0_15_ce12       |  out|    1|   ap_memory|     A_BUF_0_15|         array|
|A_BUF_0_15_d12        |  out|   32|   ap_memory|     A_BUF_0_15|         array|
|A_BUF_0_15_q12        |   in|   32|   ap_memory|     A_BUF_0_15|         array|
|A_BUF_0_15_we12       |  out|    1|   ap_memory|     A_BUF_0_15|         array|
|A_BUF_0_15_address13  |  out|    4|   ap_memory|     A_BUF_0_15|         array|
|A_BUF_0_15_ce13       |  out|    1|   ap_memory|     A_BUF_0_15|         array|
|A_BUF_0_15_d13        |  out|   32|   ap_memory|     A_BUF_0_15|         array|
|A_BUF_0_15_q13        |   in|   32|   ap_memory|     A_BUF_0_15|         array|
|A_BUF_0_15_we13       |  out|    1|   ap_memory|     A_BUF_0_15|         array|
|A_BUF_0_15_address14  |  out|    4|   ap_memory|     A_BUF_0_15|         array|
|A_BUF_0_15_ce14       |  out|    1|   ap_memory|     A_BUF_0_15|         array|
|A_BUF_0_15_d14        |  out|   32|   ap_memory|     A_BUF_0_15|         array|
|A_BUF_0_15_q14        |   in|   32|   ap_memory|     A_BUF_0_15|         array|
|A_BUF_0_15_we14       |  out|    1|   ap_memory|     A_BUF_0_15|         array|
|A_BUF_0_15_address15  |  out|    4|   ap_memory|     A_BUF_0_15|         array|
|A_BUF_0_15_ce15       |  out|    1|   ap_memory|     A_BUF_0_15|         array|
|A_BUF_0_15_d15        |  out|   32|   ap_memory|     A_BUF_0_15|         array|
|A_BUF_0_15_q15        |   in|   32|   ap_memory|     A_BUF_0_15|         array|
|A_BUF_0_15_we15       |  out|    1|   ap_memory|     A_BUF_0_15|         array|
|A_BUF_0_15_address16  |  out|    4|   ap_memory|     A_BUF_0_15|         array|
|A_BUF_0_15_ce16       |  out|    1|   ap_memory|     A_BUF_0_15|         array|
|A_BUF_0_15_d16        |  out|   32|   ap_memory|     A_BUF_0_15|         array|
|A_BUF_0_15_q16        |   in|   32|   ap_memory|     A_BUF_0_15|         array|
|A_BUF_0_15_we16       |  out|    1|   ap_memory|     A_BUF_0_15|         array|
|A_BUF_1_0_address0    |  out|    4|   ap_memory|      A_BUF_1_0|         array|
|A_BUF_1_0_ce0         |  out|    1|   ap_memory|      A_BUF_1_0|         array|
|A_BUF_1_0_d0          |  out|   32|   ap_memory|      A_BUF_1_0|         array|
|A_BUF_1_0_q0          |   in|   32|   ap_memory|      A_BUF_1_0|         array|
|A_BUF_1_0_we0         |  out|    1|   ap_memory|      A_BUF_1_0|         array|
|A_BUF_1_0_address1    |  out|    4|   ap_memory|      A_BUF_1_0|         array|
|A_BUF_1_0_ce1         |  out|    1|   ap_memory|      A_BUF_1_0|         array|
|A_BUF_1_0_d1          |  out|   32|   ap_memory|      A_BUF_1_0|         array|
|A_BUF_1_0_q1          |   in|   32|   ap_memory|      A_BUF_1_0|         array|
|A_BUF_1_0_we1         |  out|    1|   ap_memory|      A_BUF_1_0|         array|
|A_BUF_1_0_address2    |  out|    4|   ap_memory|      A_BUF_1_0|         array|
|A_BUF_1_0_ce2         |  out|    1|   ap_memory|      A_BUF_1_0|         array|
|A_BUF_1_0_d2          |  out|   32|   ap_memory|      A_BUF_1_0|         array|
|A_BUF_1_0_q2          |   in|   32|   ap_memory|      A_BUF_1_0|         array|
|A_BUF_1_0_we2         |  out|    1|   ap_memory|      A_BUF_1_0|         array|
|A_BUF_1_0_address3    |  out|    4|   ap_memory|      A_BUF_1_0|         array|
|A_BUF_1_0_ce3         |  out|    1|   ap_memory|      A_BUF_1_0|         array|
|A_BUF_1_0_d3          |  out|   32|   ap_memory|      A_BUF_1_0|         array|
|A_BUF_1_0_q3          |   in|   32|   ap_memory|      A_BUF_1_0|         array|
|A_BUF_1_0_we3         |  out|    1|   ap_memory|      A_BUF_1_0|         array|
|A_BUF_1_0_address4    |  out|    4|   ap_memory|      A_BUF_1_0|         array|
|A_BUF_1_0_ce4         |  out|    1|   ap_memory|      A_BUF_1_0|         array|
|A_BUF_1_0_d4          |  out|   32|   ap_memory|      A_BUF_1_0|         array|
|A_BUF_1_0_q4          |   in|   32|   ap_memory|      A_BUF_1_0|         array|
|A_BUF_1_0_we4         |  out|    1|   ap_memory|      A_BUF_1_0|         array|
|A_BUF_1_0_address5    |  out|    4|   ap_memory|      A_BUF_1_0|         array|
|A_BUF_1_0_ce5         |  out|    1|   ap_memory|      A_BUF_1_0|         array|
|A_BUF_1_0_d5          |  out|   32|   ap_memory|      A_BUF_1_0|         array|
|A_BUF_1_0_q5          |   in|   32|   ap_memory|      A_BUF_1_0|         array|
|A_BUF_1_0_we5         |  out|    1|   ap_memory|      A_BUF_1_0|         array|
|A_BUF_1_0_address6    |  out|    4|   ap_memory|      A_BUF_1_0|         array|
|A_BUF_1_0_ce6         |  out|    1|   ap_memory|      A_BUF_1_0|         array|
|A_BUF_1_0_d6          |  out|   32|   ap_memory|      A_BUF_1_0|         array|
|A_BUF_1_0_q6          |   in|   32|   ap_memory|      A_BUF_1_0|         array|
|A_BUF_1_0_we6         |  out|    1|   ap_memory|      A_BUF_1_0|         array|
|A_BUF_1_0_address7    |  out|    4|   ap_memory|      A_BUF_1_0|         array|
|A_BUF_1_0_ce7         |  out|    1|   ap_memory|      A_BUF_1_0|         array|
|A_BUF_1_0_d7          |  out|   32|   ap_memory|      A_BUF_1_0|         array|
|A_BUF_1_0_q7          |   in|   32|   ap_memory|      A_BUF_1_0|         array|
|A_BUF_1_0_we7         |  out|    1|   ap_memory|      A_BUF_1_0|         array|
|A_BUF_1_0_address8    |  out|    4|   ap_memory|      A_BUF_1_0|         array|
|A_BUF_1_0_ce8         |  out|    1|   ap_memory|      A_BUF_1_0|         array|
|A_BUF_1_0_d8          |  out|   32|   ap_memory|      A_BUF_1_0|         array|
|A_BUF_1_0_q8          |   in|   32|   ap_memory|      A_BUF_1_0|         array|
|A_BUF_1_0_we8         |  out|    1|   ap_memory|      A_BUF_1_0|         array|
|A_BUF_1_0_address9    |  out|    4|   ap_memory|      A_BUF_1_0|         array|
|A_BUF_1_0_ce9         |  out|    1|   ap_memory|      A_BUF_1_0|         array|
|A_BUF_1_0_d9          |  out|   32|   ap_memory|      A_BUF_1_0|         array|
|A_BUF_1_0_q9          |   in|   32|   ap_memory|      A_BUF_1_0|         array|
|A_BUF_1_0_we9         |  out|    1|   ap_memory|      A_BUF_1_0|         array|
|A_BUF_1_0_address10   |  out|    4|   ap_memory|      A_BUF_1_0|         array|
|A_BUF_1_0_ce10        |  out|    1|   ap_memory|      A_BUF_1_0|         array|
|A_BUF_1_0_d10         |  out|   32|   ap_memory|      A_BUF_1_0|         array|
|A_BUF_1_0_q10         |   in|   32|   ap_memory|      A_BUF_1_0|         array|
|A_BUF_1_0_we10        |  out|    1|   ap_memory|      A_BUF_1_0|         array|
|A_BUF_1_0_address11   |  out|    4|   ap_memory|      A_BUF_1_0|         array|
|A_BUF_1_0_ce11        |  out|    1|   ap_memory|      A_BUF_1_0|         array|
|A_BUF_1_0_d11         |  out|   32|   ap_memory|      A_BUF_1_0|         array|
|A_BUF_1_0_q11         |   in|   32|   ap_memory|      A_BUF_1_0|         array|
|A_BUF_1_0_we11        |  out|    1|   ap_memory|      A_BUF_1_0|         array|
|A_BUF_1_0_address12   |  out|    4|   ap_memory|      A_BUF_1_0|         array|
|A_BUF_1_0_ce12        |  out|    1|   ap_memory|      A_BUF_1_0|         array|
|A_BUF_1_0_d12         |  out|   32|   ap_memory|      A_BUF_1_0|         array|
|A_BUF_1_0_q12         |   in|   32|   ap_memory|      A_BUF_1_0|         array|
|A_BUF_1_0_we12        |  out|    1|   ap_memory|      A_BUF_1_0|         array|
|A_BUF_1_0_address13   |  out|    4|   ap_memory|      A_BUF_1_0|         array|
|A_BUF_1_0_ce13        |  out|    1|   ap_memory|      A_BUF_1_0|         array|
|A_BUF_1_0_d13         |  out|   32|   ap_memory|      A_BUF_1_0|         array|
|A_BUF_1_0_q13         |   in|   32|   ap_memory|      A_BUF_1_0|         array|
|A_BUF_1_0_we13        |  out|    1|   ap_memory|      A_BUF_1_0|         array|
|A_BUF_1_0_address14   |  out|    4|   ap_memory|      A_BUF_1_0|         array|
|A_BUF_1_0_ce14        |  out|    1|   ap_memory|      A_BUF_1_0|         array|
|A_BUF_1_0_d14         |  out|   32|   ap_memory|      A_BUF_1_0|         array|
|A_BUF_1_0_q14         |   in|   32|   ap_memory|      A_BUF_1_0|         array|
|A_BUF_1_0_we14        |  out|    1|   ap_memory|      A_BUF_1_0|         array|
|A_BUF_1_0_address15   |  out|    4|   ap_memory|      A_BUF_1_0|         array|
|A_BUF_1_0_ce15        |  out|    1|   ap_memory|      A_BUF_1_0|         array|
|A_BUF_1_0_d15         |  out|   32|   ap_memory|      A_BUF_1_0|         array|
|A_BUF_1_0_q15         |   in|   32|   ap_memory|      A_BUF_1_0|         array|
|A_BUF_1_0_we15        |  out|    1|   ap_memory|      A_BUF_1_0|         array|
|A_BUF_1_0_address16   |  out|    4|   ap_memory|      A_BUF_1_0|         array|
|A_BUF_1_0_ce16        |  out|    1|   ap_memory|      A_BUF_1_0|         array|
|A_BUF_1_0_d16         |  out|   32|   ap_memory|      A_BUF_1_0|         array|
|A_BUF_1_0_q16         |   in|   32|   ap_memory|      A_BUF_1_0|         array|
|A_BUF_1_0_we16        |  out|    1|   ap_memory|      A_BUF_1_0|         array|
|A_BUF_1_1_address0    |  out|    4|   ap_memory|      A_BUF_1_1|         array|
|A_BUF_1_1_ce0         |  out|    1|   ap_memory|      A_BUF_1_1|         array|
|A_BUF_1_1_d0          |  out|   32|   ap_memory|      A_BUF_1_1|         array|
|A_BUF_1_1_q0          |   in|   32|   ap_memory|      A_BUF_1_1|         array|
|A_BUF_1_1_we0         |  out|    1|   ap_memory|      A_BUF_1_1|         array|
|A_BUF_1_1_address1    |  out|    4|   ap_memory|      A_BUF_1_1|         array|
|A_BUF_1_1_ce1         |  out|    1|   ap_memory|      A_BUF_1_1|         array|
|A_BUF_1_1_d1          |  out|   32|   ap_memory|      A_BUF_1_1|         array|
|A_BUF_1_1_q1          |   in|   32|   ap_memory|      A_BUF_1_1|         array|
|A_BUF_1_1_we1         |  out|    1|   ap_memory|      A_BUF_1_1|         array|
|A_BUF_1_1_address2    |  out|    4|   ap_memory|      A_BUF_1_1|         array|
|A_BUF_1_1_ce2         |  out|    1|   ap_memory|      A_BUF_1_1|         array|
|A_BUF_1_1_d2          |  out|   32|   ap_memory|      A_BUF_1_1|         array|
|A_BUF_1_1_q2          |   in|   32|   ap_memory|      A_BUF_1_1|         array|
|A_BUF_1_1_we2         |  out|    1|   ap_memory|      A_BUF_1_1|         array|
|A_BUF_1_1_address3    |  out|    4|   ap_memory|      A_BUF_1_1|         array|
|A_BUF_1_1_ce3         |  out|    1|   ap_memory|      A_BUF_1_1|         array|
|A_BUF_1_1_d3          |  out|   32|   ap_memory|      A_BUF_1_1|         array|
|A_BUF_1_1_q3          |   in|   32|   ap_memory|      A_BUF_1_1|         array|
|A_BUF_1_1_we3         |  out|    1|   ap_memory|      A_BUF_1_1|         array|
|A_BUF_1_1_address4    |  out|    4|   ap_memory|      A_BUF_1_1|         array|
|A_BUF_1_1_ce4         |  out|    1|   ap_memory|      A_BUF_1_1|         array|
|A_BUF_1_1_d4          |  out|   32|   ap_memory|      A_BUF_1_1|         array|
|A_BUF_1_1_q4          |   in|   32|   ap_memory|      A_BUF_1_1|         array|
|A_BUF_1_1_we4         |  out|    1|   ap_memory|      A_BUF_1_1|         array|
|A_BUF_1_1_address5    |  out|    4|   ap_memory|      A_BUF_1_1|         array|
|A_BUF_1_1_ce5         |  out|    1|   ap_memory|      A_BUF_1_1|         array|
|A_BUF_1_1_d5          |  out|   32|   ap_memory|      A_BUF_1_1|         array|
|A_BUF_1_1_q5          |   in|   32|   ap_memory|      A_BUF_1_1|         array|
|A_BUF_1_1_we5         |  out|    1|   ap_memory|      A_BUF_1_1|         array|
|A_BUF_1_1_address6    |  out|    4|   ap_memory|      A_BUF_1_1|         array|
|A_BUF_1_1_ce6         |  out|    1|   ap_memory|      A_BUF_1_1|         array|
|A_BUF_1_1_d6          |  out|   32|   ap_memory|      A_BUF_1_1|         array|
|A_BUF_1_1_q6          |   in|   32|   ap_memory|      A_BUF_1_1|         array|
|A_BUF_1_1_we6         |  out|    1|   ap_memory|      A_BUF_1_1|         array|
|A_BUF_1_1_address7    |  out|    4|   ap_memory|      A_BUF_1_1|         array|
|A_BUF_1_1_ce7         |  out|    1|   ap_memory|      A_BUF_1_1|         array|
|A_BUF_1_1_d7          |  out|   32|   ap_memory|      A_BUF_1_1|         array|
|A_BUF_1_1_q7          |   in|   32|   ap_memory|      A_BUF_1_1|         array|
|A_BUF_1_1_we7         |  out|    1|   ap_memory|      A_BUF_1_1|         array|
|A_BUF_1_1_address8    |  out|    4|   ap_memory|      A_BUF_1_1|         array|
|A_BUF_1_1_ce8         |  out|    1|   ap_memory|      A_BUF_1_1|         array|
|A_BUF_1_1_d8          |  out|   32|   ap_memory|      A_BUF_1_1|         array|
|A_BUF_1_1_q8          |   in|   32|   ap_memory|      A_BUF_1_1|         array|
|A_BUF_1_1_we8         |  out|    1|   ap_memory|      A_BUF_1_1|         array|
|A_BUF_1_1_address9    |  out|    4|   ap_memory|      A_BUF_1_1|         array|
|A_BUF_1_1_ce9         |  out|    1|   ap_memory|      A_BUF_1_1|         array|
|A_BUF_1_1_d9          |  out|   32|   ap_memory|      A_BUF_1_1|         array|
|A_BUF_1_1_q9          |   in|   32|   ap_memory|      A_BUF_1_1|         array|
|A_BUF_1_1_we9         |  out|    1|   ap_memory|      A_BUF_1_1|         array|
|A_BUF_1_1_address10   |  out|    4|   ap_memory|      A_BUF_1_1|         array|
|A_BUF_1_1_ce10        |  out|    1|   ap_memory|      A_BUF_1_1|         array|
|A_BUF_1_1_d10         |  out|   32|   ap_memory|      A_BUF_1_1|         array|
|A_BUF_1_1_q10         |   in|   32|   ap_memory|      A_BUF_1_1|         array|
|A_BUF_1_1_we10        |  out|    1|   ap_memory|      A_BUF_1_1|         array|
|A_BUF_1_1_address11   |  out|    4|   ap_memory|      A_BUF_1_1|         array|
|A_BUF_1_1_ce11        |  out|    1|   ap_memory|      A_BUF_1_1|         array|
|A_BUF_1_1_d11         |  out|   32|   ap_memory|      A_BUF_1_1|         array|
|A_BUF_1_1_q11         |   in|   32|   ap_memory|      A_BUF_1_1|         array|
|A_BUF_1_1_we11        |  out|    1|   ap_memory|      A_BUF_1_1|         array|
|A_BUF_1_1_address12   |  out|    4|   ap_memory|      A_BUF_1_1|         array|
|A_BUF_1_1_ce12        |  out|    1|   ap_memory|      A_BUF_1_1|         array|
|A_BUF_1_1_d12         |  out|   32|   ap_memory|      A_BUF_1_1|         array|
|A_BUF_1_1_q12         |   in|   32|   ap_memory|      A_BUF_1_1|         array|
|A_BUF_1_1_we12        |  out|    1|   ap_memory|      A_BUF_1_1|         array|
|A_BUF_1_1_address13   |  out|    4|   ap_memory|      A_BUF_1_1|         array|
|A_BUF_1_1_ce13        |  out|    1|   ap_memory|      A_BUF_1_1|         array|
|A_BUF_1_1_d13         |  out|   32|   ap_memory|      A_BUF_1_1|         array|
|A_BUF_1_1_q13         |   in|   32|   ap_memory|      A_BUF_1_1|         array|
|A_BUF_1_1_we13        |  out|    1|   ap_memory|      A_BUF_1_1|         array|
|A_BUF_1_1_address14   |  out|    4|   ap_memory|      A_BUF_1_1|         array|
|A_BUF_1_1_ce14        |  out|    1|   ap_memory|      A_BUF_1_1|         array|
|A_BUF_1_1_d14         |  out|   32|   ap_memory|      A_BUF_1_1|         array|
|A_BUF_1_1_q14         |   in|   32|   ap_memory|      A_BUF_1_1|         array|
|A_BUF_1_1_we14        |  out|    1|   ap_memory|      A_BUF_1_1|         array|
|A_BUF_1_1_address15   |  out|    4|   ap_memory|      A_BUF_1_1|         array|
|A_BUF_1_1_ce15        |  out|    1|   ap_memory|      A_BUF_1_1|         array|
|A_BUF_1_1_d15         |  out|   32|   ap_memory|      A_BUF_1_1|         array|
|A_BUF_1_1_q15         |   in|   32|   ap_memory|      A_BUF_1_1|         array|
|A_BUF_1_1_we15        |  out|    1|   ap_memory|      A_BUF_1_1|         array|
|A_BUF_1_1_address16   |  out|    4|   ap_memory|      A_BUF_1_1|         array|
|A_BUF_1_1_ce16        |  out|    1|   ap_memory|      A_BUF_1_1|         array|
|A_BUF_1_1_d16         |  out|   32|   ap_memory|      A_BUF_1_1|         array|
|A_BUF_1_1_q16         |   in|   32|   ap_memory|      A_BUF_1_1|         array|
|A_BUF_1_1_we16        |  out|    1|   ap_memory|      A_BUF_1_1|         array|
|A_BUF_1_2_address0    |  out|    4|   ap_memory|      A_BUF_1_2|         array|
|A_BUF_1_2_ce0         |  out|    1|   ap_memory|      A_BUF_1_2|         array|
|A_BUF_1_2_d0          |  out|   32|   ap_memory|      A_BUF_1_2|         array|
|A_BUF_1_2_q0          |   in|   32|   ap_memory|      A_BUF_1_2|         array|
|A_BUF_1_2_we0         |  out|    1|   ap_memory|      A_BUF_1_2|         array|
|A_BUF_1_2_address1    |  out|    4|   ap_memory|      A_BUF_1_2|         array|
|A_BUF_1_2_ce1         |  out|    1|   ap_memory|      A_BUF_1_2|         array|
|A_BUF_1_2_d1          |  out|   32|   ap_memory|      A_BUF_1_2|         array|
|A_BUF_1_2_q1          |   in|   32|   ap_memory|      A_BUF_1_2|         array|
|A_BUF_1_2_we1         |  out|    1|   ap_memory|      A_BUF_1_2|         array|
|A_BUF_1_2_address2    |  out|    4|   ap_memory|      A_BUF_1_2|         array|
|A_BUF_1_2_ce2         |  out|    1|   ap_memory|      A_BUF_1_2|         array|
|A_BUF_1_2_d2          |  out|   32|   ap_memory|      A_BUF_1_2|         array|
|A_BUF_1_2_q2          |   in|   32|   ap_memory|      A_BUF_1_2|         array|
|A_BUF_1_2_we2         |  out|    1|   ap_memory|      A_BUF_1_2|         array|
|A_BUF_1_2_address3    |  out|    4|   ap_memory|      A_BUF_1_2|         array|
|A_BUF_1_2_ce3         |  out|    1|   ap_memory|      A_BUF_1_2|         array|
|A_BUF_1_2_d3          |  out|   32|   ap_memory|      A_BUF_1_2|         array|
|A_BUF_1_2_q3          |   in|   32|   ap_memory|      A_BUF_1_2|         array|
|A_BUF_1_2_we3         |  out|    1|   ap_memory|      A_BUF_1_2|         array|
|A_BUF_1_2_address4    |  out|    4|   ap_memory|      A_BUF_1_2|         array|
|A_BUF_1_2_ce4         |  out|    1|   ap_memory|      A_BUF_1_2|         array|
|A_BUF_1_2_d4          |  out|   32|   ap_memory|      A_BUF_1_2|         array|
|A_BUF_1_2_q4          |   in|   32|   ap_memory|      A_BUF_1_2|         array|
|A_BUF_1_2_we4         |  out|    1|   ap_memory|      A_BUF_1_2|         array|
|A_BUF_1_2_address5    |  out|    4|   ap_memory|      A_BUF_1_2|         array|
|A_BUF_1_2_ce5         |  out|    1|   ap_memory|      A_BUF_1_2|         array|
|A_BUF_1_2_d5          |  out|   32|   ap_memory|      A_BUF_1_2|         array|
|A_BUF_1_2_q5          |   in|   32|   ap_memory|      A_BUF_1_2|         array|
|A_BUF_1_2_we5         |  out|    1|   ap_memory|      A_BUF_1_2|         array|
|A_BUF_1_2_address6    |  out|    4|   ap_memory|      A_BUF_1_2|         array|
|A_BUF_1_2_ce6         |  out|    1|   ap_memory|      A_BUF_1_2|         array|
|A_BUF_1_2_d6          |  out|   32|   ap_memory|      A_BUF_1_2|         array|
|A_BUF_1_2_q6          |   in|   32|   ap_memory|      A_BUF_1_2|         array|
|A_BUF_1_2_we6         |  out|    1|   ap_memory|      A_BUF_1_2|         array|
|A_BUF_1_2_address7    |  out|    4|   ap_memory|      A_BUF_1_2|         array|
|A_BUF_1_2_ce7         |  out|    1|   ap_memory|      A_BUF_1_2|         array|
|A_BUF_1_2_d7          |  out|   32|   ap_memory|      A_BUF_1_2|         array|
|A_BUF_1_2_q7          |   in|   32|   ap_memory|      A_BUF_1_2|         array|
|A_BUF_1_2_we7         |  out|    1|   ap_memory|      A_BUF_1_2|         array|
|A_BUF_1_2_address8    |  out|    4|   ap_memory|      A_BUF_1_2|         array|
|A_BUF_1_2_ce8         |  out|    1|   ap_memory|      A_BUF_1_2|         array|
|A_BUF_1_2_d8          |  out|   32|   ap_memory|      A_BUF_1_2|         array|
|A_BUF_1_2_q8          |   in|   32|   ap_memory|      A_BUF_1_2|         array|
|A_BUF_1_2_we8         |  out|    1|   ap_memory|      A_BUF_1_2|         array|
|A_BUF_1_2_address9    |  out|    4|   ap_memory|      A_BUF_1_2|         array|
|A_BUF_1_2_ce9         |  out|    1|   ap_memory|      A_BUF_1_2|         array|
|A_BUF_1_2_d9          |  out|   32|   ap_memory|      A_BUF_1_2|         array|
|A_BUF_1_2_q9          |   in|   32|   ap_memory|      A_BUF_1_2|         array|
|A_BUF_1_2_we9         |  out|    1|   ap_memory|      A_BUF_1_2|         array|
|A_BUF_1_2_address10   |  out|    4|   ap_memory|      A_BUF_1_2|         array|
|A_BUF_1_2_ce10        |  out|    1|   ap_memory|      A_BUF_1_2|         array|
|A_BUF_1_2_d10         |  out|   32|   ap_memory|      A_BUF_1_2|         array|
|A_BUF_1_2_q10         |   in|   32|   ap_memory|      A_BUF_1_2|         array|
|A_BUF_1_2_we10        |  out|    1|   ap_memory|      A_BUF_1_2|         array|
|A_BUF_1_2_address11   |  out|    4|   ap_memory|      A_BUF_1_2|         array|
|A_BUF_1_2_ce11        |  out|    1|   ap_memory|      A_BUF_1_2|         array|
|A_BUF_1_2_d11         |  out|   32|   ap_memory|      A_BUF_1_2|         array|
|A_BUF_1_2_q11         |   in|   32|   ap_memory|      A_BUF_1_2|         array|
|A_BUF_1_2_we11        |  out|    1|   ap_memory|      A_BUF_1_2|         array|
|A_BUF_1_2_address12   |  out|    4|   ap_memory|      A_BUF_1_2|         array|
|A_BUF_1_2_ce12        |  out|    1|   ap_memory|      A_BUF_1_2|         array|
|A_BUF_1_2_d12         |  out|   32|   ap_memory|      A_BUF_1_2|         array|
|A_BUF_1_2_q12         |   in|   32|   ap_memory|      A_BUF_1_2|         array|
|A_BUF_1_2_we12        |  out|    1|   ap_memory|      A_BUF_1_2|         array|
|A_BUF_1_2_address13   |  out|    4|   ap_memory|      A_BUF_1_2|         array|
|A_BUF_1_2_ce13        |  out|    1|   ap_memory|      A_BUF_1_2|         array|
|A_BUF_1_2_d13         |  out|   32|   ap_memory|      A_BUF_1_2|         array|
|A_BUF_1_2_q13         |   in|   32|   ap_memory|      A_BUF_1_2|         array|
|A_BUF_1_2_we13        |  out|    1|   ap_memory|      A_BUF_1_2|         array|
|A_BUF_1_2_address14   |  out|    4|   ap_memory|      A_BUF_1_2|         array|
|A_BUF_1_2_ce14        |  out|    1|   ap_memory|      A_BUF_1_2|         array|
|A_BUF_1_2_d14         |  out|   32|   ap_memory|      A_BUF_1_2|         array|
|A_BUF_1_2_q14         |   in|   32|   ap_memory|      A_BUF_1_2|         array|
|A_BUF_1_2_we14        |  out|    1|   ap_memory|      A_BUF_1_2|         array|
|A_BUF_1_2_address15   |  out|    4|   ap_memory|      A_BUF_1_2|         array|
|A_BUF_1_2_ce15        |  out|    1|   ap_memory|      A_BUF_1_2|         array|
|A_BUF_1_2_d15         |  out|   32|   ap_memory|      A_BUF_1_2|         array|
|A_BUF_1_2_q15         |   in|   32|   ap_memory|      A_BUF_1_2|         array|
|A_BUF_1_2_we15        |  out|    1|   ap_memory|      A_BUF_1_2|         array|
|A_BUF_1_2_address16   |  out|    4|   ap_memory|      A_BUF_1_2|         array|
|A_BUF_1_2_ce16        |  out|    1|   ap_memory|      A_BUF_1_2|         array|
|A_BUF_1_2_d16         |  out|   32|   ap_memory|      A_BUF_1_2|         array|
|A_BUF_1_2_q16         |   in|   32|   ap_memory|      A_BUF_1_2|         array|
|A_BUF_1_2_we16        |  out|    1|   ap_memory|      A_BUF_1_2|         array|
|A_BUF_1_3_address0    |  out|    4|   ap_memory|      A_BUF_1_3|         array|
|A_BUF_1_3_ce0         |  out|    1|   ap_memory|      A_BUF_1_3|         array|
|A_BUF_1_3_d0          |  out|   32|   ap_memory|      A_BUF_1_3|         array|
|A_BUF_1_3_q0          |   in|   32|   ap_memory|      A_BUF_1_3|         array|
|A_BUF_1_3_we0         |  out|    1|   ap_memory|      A_BUF_1_3|         array|
|A_BUF_1_3_address1    |  out|    4|   ap_memory|      A_BUF_1_3|         array|
|A_BUF_1_3_ce1         |  out|    1|   ap_memory|      A_BUF_1_3|         array|
|A_BUF_1_3_d1          |  out|   32|   ap_memory|      A_BUF_1_3|         array|
|A_BUF_1_3_q1          |   in|   32|   ap_memory|      A_BUF_1_3|         array|
|A_BUF_1_3_we1         |  out|    1|   ap_memory|      A_BUF_1_3|         array|
|A_BUF_1_3_address2    |  out|    4|   ap_memory|      A_BUF_1_3|         array|
|A_BUF_1_3_ce2         |  out|    1|   ap_memory|      A_BUF_1_3|         array|
|A_BUF_1_3_d2          |  out|   32|   ap_memory|      A_BUF_1_3|         array|
|A_BUF_1_3_q2          |   in|   32|   ap_memory|      A_BUF_1_3|         array|
|A_BUF_1_3_we2         |  out|    1|   ap_memory|      A_BUF_1_3|         array|
|A_BUF_1_3_address3    |  out|    4|   ap_memory|      A_BUF_1_3|         array|
|A_BUF_1_3_ce3         |  out|    1|   ap_memory|      A_BUF_1_3|         array|
|A_BUF_1_3_d3          |  out|   32|   ap_memory|      A_BUF_1_3|         array|
|A_BUF_1_3_q3          |   in|   32|   ap_memory|      A_BUF_1_3|         array|
|A_BUF_1_3_we3         |  out|    1|   ap_memory|      A_BUF_1_3|         array|
|A_BUF_1_3_address4    |  out|    4|   ap_memory|      A_BUF_1_3|         array|
|A_BUF_1_3_ce4         |  out|    1|   ap_memory|      A_BUF_1_3|         array|
|A_BUF_1_3_d4          |  out|   32|   ap_memory|      A_BUF_1_3|         array|
|A_BUF_1_3_q4          |   in|   32|   ap_memory|      A_BUF_1_3|         array|
|A_BUF_1_3_we4         |  out|    1|   ap_memory|      A_BUF_1_3|         array|
|A_BUF_1_3_address5    |  out|    4|   ap_memory|      A_BUF_1_3|         array|
|A_BUF_1_3_ce5         |  out|    1|   ap_memory|      A_BUF_1_3|         array|
|A_BUF_1_3_d5          |  out|   32|   ap_memory|      A_BUF_1_3|         array|
|A_BUF_1_3_q5          |   in|   32|   ap_memory|      A_BUF_1_3|         array|
|A_BUF_1_3_we5         |  out|    1|   ap_memory|      A_BUF_1_3|         array|
|A_BUF_1_3_address6    |  out|    4|   ap_memory|      A_BUF_1_3|         array|
|A_BUF_1_3_ce6         |  out|    1|   ap_memory|      A_BUF_1_3|         array|
|A_BUF_1_3_d6          |  out|   32|   ap_memory|      A_BUF_1_3|         array|
|A_BUF_1_3_q6          |   in|   32|   ap_memory|      A_BUF_1_3|         array|
|A_BUF_1_3_we6         |  out|    1|   ap_memory|      A_BUF_1_3|         array|
|A_BUF_1_3_address7    |  out|    4|   ap_memory|      A_BUF_1_3|         array|
|A_BUF_1_3_ce7         |  out|    1|   ap_memory|      A_BUF_1_3|         array|
|A_BUF_1_3_d7          |  out|   32|   ap_memory|      A_BUF_1_3|         array|
|A_BUF_1_3_q7          |   in|   32|   ap_memory|      A_BUF_1_3|         array|
|A_BUF_1_3_we7         |  out|    1|   ap_memory|      A_BUF_1_3|         array|
|A_BUF_1_3_address8    |  out|    4|   ap_memory|      A_BUF_1_3|         array|
|A_BUF_1_3_ce8         |  out|    1|   ap_memory|      A_BUF_1_3|         array|
|A_BUF_1_3_d8          |  out|   32|   ap_memory|      A_BUF_1_3|         array|
|A_BUF_1_3_q8          |   in|   32|   ap_memory|      A_BUF_1_3|         array|
|A_BUF_1_3_we8         |  out|    1|   ap_memory|      A_BUF_1_3|         array|
|A_BUF_1_3_address9    |  out|    4|   ap_memory|      A_BUF_1_3|         array|
|A_BUF_1_3_ce9         |  out|    1|   ap_memory|      A_BUF_1_3|         array|
|A_BUF_1_3_d9          |  out|   32|   ap_memory|      A_BUF_1_3|         array|
|A_BUF_1_3_q9          |   in|   32|   ap_memory|      A_BUF_1_3|         array|
|A_BUF_1_3_we9         |  out|    1|   ap_memory|      A_BUF_1_3|         array|
|A_BUF_1_3_address10   |  out|    4|   ap_memory|      A_BUF_1_3|         array|
|A_BUF_1_3_ce10        |  out|    1|   ap_memory|      A_BUF_1_3|         array|
|A_BUF_1_3_d10         |  out|   32|   ap_memory|      A_BUF_1_3|         array|
|A_BUF_1_3_q10         |   in|   32|   ap_memory|      A_BUF_1_3|         array|
|A_BUF_1_3_we10        |  out|    1|   ap_memory|      A_BUF_1_3|         array|
|A_BUF_1_3_address11   |  out|    4|   ap_memory|      A_BUF_1_3|         array|
|A_BUF_1_3_ce11        |  out|    1|   ap_memory|      A_BUF_1_3|         array|
|A_BUF_1_3_d11         |  out|   32|   ap_memory|      A_BUF_1_3|         array|
|A_BUF_1_3_q11         |   in|   32|   ap_memory|      A_BUF_1_3|         array|
|A_BUF_1_3_we11        |  out|    1|   ap_memory|      A_BUF_1_3|         array|
|A_BUF_1_3_address12   |  out|    4|   ap_memory|      A_BUF_1_3|         array|
|A_BUF_1_3_ce12        |  out|    1|   ap_memory|      A_BUF_1_3|         array|
|A_BUF_1_3_d12         |  out|   32|   ap_memory|      A_BUF_1_3|         array|
|A_BUF_1_3_q12         |   in|   32|   ap_memory|      A_BUF_1_3|         array|
|A_BUF_1_3_we12        |  out|    1|   ap_memory|      A_BUF_1_3|         array|
|A_BUF_1_3_address13   |  out|    4|   ap_memory|      A_BUF_1_3|         array|
|A_BUF_1_3_ce13        |  out|    1|   ap_memory|      A_BUF_1_3|         array|
|A_BUF_1_3_d13         |  out|   32|   ap_memory|      A_BUF_1_3|         array|
|A_BUF_1_3_q13         |   in|   32|   ap_memory|      A_BUF_1_3|         array|
|A_BUF_1_3_we13        |  out|    1|   ap_memory|      A_BUF_1_3|         array|
|A_BUF_1_3_address14   |  out|    4|   ap_memory|      A_BUF_1_3|         array|
|A_BUF_1_3_ce14        |  out|    1|   ap_memory|      A_BUF_1_3|         array|
|A_BUF_1_3_d14         |  out|   32|   ap_memory|      A_BUF_1_3|         array|
|A_BUF_1_3_q14         |   in|   32|   ap_memory|      A_BUF_1_3|         array|
|A_BUF_1_3_we14        |  out|    1|   ap_memory|      A_BUF_1_3|         array|
|A_BUF_1_3_address15   |  out|    4|   ap_memory|      A_BUF_1_3|         array|
|A_BUF_1_3_ce15        |  out|    1|   ap_memory|      A_BUF_1_3|         array|
|A_BUF_1_3_d15         |  out|   32|   ap_memory|      A_BUF_1_3|         array|
|A_BUF_1_3_q15         |   in|   32|   ap_memory|      A_BUF_1_3|         array|
|A_BUF_1_3_we15        |  out|    1|   ap_memory|      A_BUF_1_3|         array|
|A_BUF_1_3_address16   |  out|    4|   ap_memory|      A_BUF_1_3|         array|
|A_BUF_1_3_ce16        |  out|    1|   ap_memory|      A_BUF_1_3|         array|
|A_BUF_1_3_d16         |  out|   32|   ap_memory|      A_BUF_1_3|         array|
|A_BUF_1_3_q16         |   in|   32|   ap_memory|      A_BUF_1_3|         array|
|A_BUF_1_3_we16        |  out|    1|   ap_memory|      A_BUF_1_3|         array|
|A_BUF_1_4_address0    |  out|    4|   ap_memory|      A_BUF_1_4|         array|
|A_BUF_1_4_ce0         |  out|    1|   ap_memory|      A_BUF_1_4|         array|
|A_BUF_1_4_d0          |  out|   32|   ap_memory|      A_BUF_1_4|         array|
|A_BUF_1_4_q0          |   in|   32|   ap_memory|      A_BUF_1_4|         array|
|A_BUF_1_4_we0         |  out|    1|   ap_memory|      A_BUF_1_4|         array|
|A_BUF_1_4_address1    |  out|    4|   ap_memory|      A_BUF_1_4|         array|
|A_BUF_1_4_ce1         |  out|    1|   ap_memory|      A_BUF_1_4|         array|
|A_BUF_1_4_d1          |  out|   32|   ap_memory|      A_BUF_1_4|         array|
|A_BUF_1_4_q1          |   in|   32|   ap_memory|      A_BUF_1_4|         array|
|A_BUF_1_4_we1         |  out|    1|   ap_memory|      A_BUF_1_4|         array|
|A_BUF_1_4_address2    |  out|    4|   ap_memory|      A_BUF_1_4|         array|
|A_BUF_1_4_ce2         |  out|    1|   ap_memory|      A_BUF_1_4|         array|
|A_BUF_1_4_d2          |  out|   32|   ap_memory|      A_BUF_1_4|         array|
|A_BUF_1_4_q2          |   in|   32|   ap_memory|      A_BUF_1_4|         array|
|A_BUF_1_4_we2         |  out|    1|   ap_memory|      A_BUF_1_4|         array|
|A_BUF_1_4_address3    |  out|    4|   ap_memory|      A_BUF_1_4|         array|
|A_BUF_1_4_ce3         |  out|    1|   ap_memory|      A_BUF_1_4|         array|
|A_BUF_1_4_d3          |  out|   32|   ap_memory|      A_BUF_1_4|         array|
|A_BUF_1_4_q3          |   in|   32|   ap_memory|      A_BUF_1_4|         array|
|A_BUF_1_4_we3         |  out|    1|   ap_memory|      A_BUF_1_4|         array|
|A_BUF_1_4_address4    |  out|    4|   ap_memory|      A_BUF_1_4|         array|
|A_BUF_1_4_ce4         |  out|    1|   ap_memory|      A_BUF_1_4|         array|
|A_BUF_1_4_d4          |  out|   32|   ap_memory|      A_BUF_1_4|         array|
|A_BUF_1_4_q4          |   in|   32|   ap_memory|      A_BUF_1_4|         array|
|A_BUF_1_4_we4         |  out|    1|   ap_memory|      A_BUF_1_4|         array|
|A_BUF_1_4_address5    |  out|    4|   ap_memory|      A_BUF_1_4|         array|
|A_BUF_1_4_ce5         |  out|    1|   ap_memory|      A_BUF_1_4|         array|
|A_BUF_1_4_d5          |  out|   32|   ap_memory|      A_BUF_1_4|         array|
|A_BUF_1_4_q5          |   in|   32|   ap_memory|      A_BUF_1_4|         array|
|A_BUF_1_4_we5         |  out|    1|   ap_memory|      A_BUF_1_4|         array|
|A_BUF_1_4_address6    |  out|    4|   ap_memory|      A_BUF_1_4|         array|
|A_BUF_1_4_ce6         |  out|    1|   ap_memory|      A_BUF_1_4|         array|
|A_BUF_1_4_d6          |  out|   32|   ap_memory|      A_BUF_1_4|         array|
|A_BUF_1_4_q6          |   in|   32|   ap_memory|      A_BUF_1_4|         array|
|A_BUF_1_4_we6         |  out|    1|   ap_memory|      A_BUF_1_4|         array|
|A_BUF_1_4_address7    |  out|    4|   ap_memory|      A_BUF_1_4|         array|
|A_BUF_1_4_ce7         |  out|    1|   ap_memory|      A_BUF_1_4|         array|
|A_BUF_1_4_d7          |  out|   32|   ap_memory|      A_BUF_1_4|         array|
|A_BUF_1_4_q7          |   in|   32|   ap_memory|      A_BUF_1_4|         array|
|A_BUF_1_4_we7         |  out|    1|   ap_memory|      A_BUF_1_4|         array|
|A_BUF_1_4_address8    |  out|    4|   ap_memory|      A_BUF_1_4|         array|
|A_BUF_1_4_ce8         |  out|    1|   ap_memory|      A_BUF_1_4|         array|
|A_BUF_1_4_d8          |  out|   32|   ap_memory|      A_BUF_1_4|         array|
|A_BUF_1_4_q8          |   in|   32|   ap_memory|      A_BUF_1_4|         array|
|A_BUF_1_4_we8         |  out|    1|   ap_memory|      A_BUF_1_4|         array|
|A_BUF_1_4_address9    |  out|    4|   ap_memory|      A_BUF_1_4|         array|
|A_BUF_1_4_ce9         |  out|    1|   ap_memory|      A_BUF_1_4|         array|
|A_BUF_1_4_d9          |  out|   32|   ap_memory|      A_BUF_1_4|         array|
|A_BUF_1_4_q9          |   in|   32|   ap_memory|      A_BUF_1_4|         array|
|A_BUF_1_4_we9         |  out|    1|   ap_memory|      A_BUF_1_4|         array|
|A_BUF_1_4_address10   |  out|    4|   ap_memory|      A_BUF_1_4|         array|
|A_BUF_1_4_ce10        |  out|    1|   ap_memory|      A_BUF_1_4|         array|
|A_BUF_1_4_d10         |  out|   32|   ap_memory|      A_BUF_1_4|         array|
|A_BUF_1_4_q10         |   in|   32|   ap_memory|      A_BUF_1_4|         array|
|A_BUF_1_4_we10        |  out|    1|   ap_memory|      A_BUF_1_4|         array|
|A_BUF_1_4_address11   |  out|    4|   ap_memory|      A_BUF_1_4|         array|
|A_BUF_1_4_ce11        |  out|    1|   ap_memory|      A_BUF_1_4|         array|
|A_BUF_1_4_d11         |  out|   32|   ap_memory|      A_BUF_1_4|         array|
|A_BUF_1_4_q11         |   in|   32|   ap_memory|      A_BUF_1_4|         array|
|A_BUF_1_4_we11        |  out|    1|   ap_memory|      A_BUF_1_4|         array|
|A_BUF_1_4_address12   |  out|    4|   ap_memory|      A_BUF_1_4|         array|
|A_BUF_1_4_ce12        |  out|    1|   ap_memory|      A_BUF_1_4|         array|
|A_BUF_1_4_d12         |  out|   32|   ap_memory|      A_BUF_1_4|         array|
|A_BUF_1_4_q12         |   in|   32|   ap_memory|      A_BUF_1_4|         array|
|A_BUF_1_4_we12        |  out|    1|   ap_memory|      A_BUF_1_4|         array|
|A_BUF_1_4_address13   |  out|    4|   ap_memory|      A_BUF_1_4|         array|
|A_BUF_1_4_ce13        |  out|    1|   ap_memory|      A_BUF_1_4|         array|
|A_BUF_1_4_d13         |  out|   32|   ap_memory|      A_BUF_1_4|         array|
|A_BUF_1_4_q13         |   in|   32|   ap_memory|      A_BUF_1_4|         array|
|A_BUF_1_4_we13        |  out|    1|   ap_memory|      A_BUF_1_4|         array|
|A_BUF_1_4_address14   |  out|    4|   ap_memory|      A_BUF_1_4|         array|
|A_BUF_1_4_ce14        |  out|    1|   ap_memory|      A_BUF_1_4|         array|
|A_BUF_1_4_d14         |  out|   32|   ap_memory|      A_BUF_1_4|         array|
|A_BUF_1_4_q14         |   in|   32|   ap_memory|      A_BUF_1_4|         array|
|A_BUF_1_4_we14        |  out|    1|   ap_memory|      A_BUF_1_4|         array|
|A_BUF_1_4_address15   |  out|    4|   ap_memory|      A_BUF_1_4|         array|
|A_BUF_1_4_ce15        |  out|    1|   ap_memory|      A_BUF_1_4|         array|
|A_BUF_1_4_d15         |  out|   32|   ap_memory|      A_BUF_1_4|         array|
|A_BUF_1_4_q15         |   in|   32|   ap_memory|      A_BUF_1_4|         array|
|A_BUF_1_4_we15        |  out|    1|   ap_memory|      A_BUF_1_4|         array|
|A_BUF_1_4_address16   |  out|    4|   ap_memory|      A_BUF_1_4|         array|
|A_BUF_1_4_ce16        |  out|    1|   ap_memory|      A_BUF_1_4|         array|
|A_BUF_1_4_d16         |  out|   32|   ap_memory|      A_BUF_1_4|         array|
|A_BUF_1_4_q16         |   in|   32|   ap_memory|      A_BUF_1_4|         array|
|A_BUF_1_4_we16        |  out|    1|   ap_memory|      A_BUF_1_4|         array|
|A_BUF_1_5_address0    |  out|    4|   ap_memory|      A_BUF_1_5|         array|
|A_BUF_1_5_ce0         |  out|    1|   ap_memory|      A_BUF_1_5|         array|
|A_BUF_1_5_d0          |  out|   32|   ap_memory|      A_BUF_1_5|         array|
|A_BUF_1_5_q0          |   in|   32|   ap_memory|      A_BUF_1_5|         array|
|A_BUF_1_5_we0         |  out|    1|   ap_memory|      A_BUF_1_5|         array|
|A_BUF_1_5_address1    |  out|    4|   ap_memory|      A_BUF_1_5|         array|
|A_BUF_1_5_ce1         |  out|    1|   ap_memory|      A_BUF_1_5|         array|
|A_BUF_1_5_d1          |  out|   32|   ap_memory|      A_BUF_1_5|         array|
|A_BUF_1_5_q1          |   in|   32|   ap_memory|      A_BUF_1_5|         array|
|A_BUF_1_5_we1         |  out|    1|   ap_memory|      A_BUF_1_5|         array|
|A_BUF_1_5_address2    |  out|    4|   ap_memory|      A_BUF_1_5|         array|
|A_BUF_1_5_ce2         |  out|    1|   ap_memory|      A_BUF_1_5|         array|
|A_BUF_1_5_d2          |  out|   32|   ap_memory|      A_BUF_1_5|         array|
|A_BUF_1_5_q2          |   in|   32|   ap_memory|      A_BUF_1_5|         array|
|A_BUF_1_5_we2         |  out|    1|   ap_memory|      A_BUF_1_5|         array|
|A_BUF_1_5_address3    |  out|    4|   ap_memory|      A_BUF_1_5|         array|
|A_BUF_1_5_ce3         |  out|    1|   ap_memory|      A_BUF_1_5|         array|
|A_BUF_1_5_d3          |  out|   32|   ap_memory|      A_BUF_1_5|         array|
|A_BUF_1_5_q3          |   in|   32|   ap_memory|      A_BUF_1_5|         array|
|A_BUF_1_5_we3         |  out|    1|   ap_memory|      A_BUF_1_5|         array|
|A_BUF_1_5_address4    |  out|    4|   ap_memory|      A_BUF_1_5|         array|
|A_BUF_1_5_ce4         |  out|    1|   ap_memory|      A_BUF_1_5|         array|
|A_BUF_1_5_d4          |  out|   32|   ap_memory|      A_BUF_1_5|         array|
|A_BUF_1_5_q4          |   in|   32|   ap_memory|      A_BUF_1_5|         array|
|A_BUF_1_5_we4         |  out|    1|   ap_memory|      A_BUF_1_5|         array|
|A_BUF_1_5_address5    |  out|    4|   ap_memory|      A_BUF_1_5|         array|
|A_BUF_1_5_ce5         |  out|    1|   ap_memory|      A_BUF_1_5|         array|
|A_BUF_1_5_d5          |  out|   32|   ap_memory|      A_BUF_1_5|         array|
|A_BUF_1_5_q5          |   in|   32|   ap_memory|      A_BUF_1_5|         array|
|A_BUF_1_5_we5         |  out|    1|   ap_memory|      A_BUF_1_5|         array|
|A_BUF_1_5_address6    |  out|    4|   ap_memory|      A_BUF_1_5|         array|
|A_BUF_1_5_ce6         |  out|    1|   ap_memory|      A_BUF_1_5|         array|
|A_BUF_1_5_d6          |  out|   32|   ap_memory|      A_BUF_1_5|         array|
|A_BUF_1_5_q6          |   in|   32|   ap_memory|      A_BUF_1_5|         array|
|A_BUF_1_5_we6         |  out|    1|   ap_memory|      A_BUF_1_5|         array|
|A_BUF_1_5_address7    |  out|    4|   ap_memory|      A_BUF_1_5|         array|
|A_BUF_1_5_ce7         |  out|    1|   ap_memory|      A_BUF_1_5|         array|
|A_BUF_1_5_d7          |  out|   32|   ap_memory|      A_BUF_1_5|         array|
|A_BUF_1_5_q7          |   in|   32|   ap_memory|      A_BUF_1_5|         array|
|A_BUF_1_5_we7         |  out|    1|   ap_memory|      A_BUF_1_5|         array|
|A_BUF_1_5_address8    |  out|    4|   ap_memory|      A_BUF_1_5|         array|
|A_BUF_1_5_ce8         |  out|    1|   ap_memory|      A_BUF_1_5|         array|
|A_BUF_1_5_d8          |  out|   32|   ap_memory|      A_BUF_1_5|         array|
|A_BUF_1_5_q8          |   in|   32|   ap_memory|      A_BUF_1_5|         array|
|A_BUF_1_5_we8         |  out|    1|   ap_memory|      A_BUF_1_5|         array|
|A_BUF_1_5_address9    |  out|    4|   ap_memory|      A_BUF_1_5|         array|
|A_BUF_1_5_ce9         |  out|    1|   ap_memory|      A_BUF_1_5|         array|
|A_BUF_1_5_d9          |  out|   32|   ap_memory|      A_BUF_1_5|         array|
|A_BUF_1_5_q9          |   in|   32|   ap_memory|      A_BUF_1_5|         array|
|A_BUF_1_5_we9         |  out|    1|   ap_memory|      A_BUF_1_5|         array|
|A_BUF_1_5_address10   |  out|    4|   ap_memory|      A_BUF_1_5|         array|
|A_BUF_1_5_ce10        |  out|    1|   ap_memory|      A_BUF_1_5|         array|
|A_BUF_1_5_d10         |  out|   32|   ap_memory|      A_BUF_1_5|         array|
|A_BUF_1_5_q10         |   in|   32|   ap_memory|      A_BUF_1_5|         array|
|A_BUF_1_5_we10        |  out|    1|   ap_memory|      A_BUF_1_5|         array|
|A_BUF_1_5_address11   |  out|    4|   ap_memory|      A_BUF_1_5|         array|
|A_BUF_1_5_ce11        |  out|    1|   ap_memory|      A_BUF_1_5|         array|
|A_BUF_1_5_d11         |  out|   32|   ap_memory|      A_BUF_1_5|         array|
|A_BUF_1_5_q11         |   in|   32|   ap_memory|      A_BUF_1_5|         array|
|A_BUF_1_5_we11        |  out|    1|   ap_memory|      A_BUF_1_5|         array|
|A_BUF_1_5_address12   |  out|    4|   ap_memory|      A_BUF_1_5|         array|
|A_BUF_1_5_ce12        |  out|    1|   ap_memory|      A_BUF_1_5|         array|
|A_BUF_1_5_d12         |  out|   32|   ap_memory|      A_BUF_1_5|         array|
|A_BUF_1_5_q12         |   in|   32|   ap_memory|      A_BUF_1_5|         array|
|A_BUF_1_5_we12        |  out|    1|   ap_memory|      A_BUF_1_5|         array|
|A_BUF_1_5_address13   |  out|    4|   ap_memory|      A_BUF_1_5|         array|
|A_BUF_1_5_ce13        |  out|    1|   ap_memory|      A_BUF_1_5|         array|
|A_BUF_1_5_d13         |  out|   32|   ap_memory|      A_BUF_1_5|         array|
|A_BUF_1_5_q13         |   in|   32|   ap_memory|      A_BUF_1_5|         array|
|A_BUF_1_5_we13        |  out|    1|   ap_memory|      A_BUF_1_5|         array|
|A_BUF_1_5_address14   |  out|    4|   ap_memory|      A_BUF_1_5|         array|
|A_BUF_1_5_ce14        |  out|    1|   ap_memory|      A_BUF_1_5|         array|
|A_BUF_1_5_d14         |  out|   32|   ap_memory|      A_BUF_1_5|         array|
|A_BUF_1_5_q14         |   in|   32|   ap_memory|      A_BUF_1_5|         array|
|A_BUF_1_5_we14        |  out|    1|   ap_memory|      A_BUF_1_5|         array|
|A_BUF_1_5_address15   |  out|    4|   ap_memory|      A_BUF_1_5|         array|
|A_BUF_1_5_ce15        |  out|    1|   ap_memory|      A_BUF_1_5|         array|
|A_BUF_1_5_d15         |  out|   32|   ap_memory|      A_BUF_1_5|         array|
|A_BUF_1_5_q15         |   in|   32|   ap_memory|      A_BUF_1_5|         array|
|A_BUF_1_5_we15        |  out|    1|   ap_memory|      A_BUF_1_5|         array|
|A_BUF_1_5_address16   |  out|    4|   ap_memory|      A_BUF_1_5|         array|
|A_BUF_1_5_ce16        |  out|    1|   ap_memory|      A_BUF_1_5|         array|
|A_BUF_1_5_d16         |  out|   32|   ap_memory|      A_BUF_1_5|         array|
|A_BUF_1_5_q16         |   in|   32|   ap_memory|      A_BUF_1_5|         array|
|A_BUF_1_5_we16        |  out|    1|   ap_memory|      A_BUF_1_5|         array|
|A_BUF_1_6_address0    |  out|    4|   ap_memory|      A_BUF_1_6|         array|
|A_BUF_1_6_ce0         |  out|    1|   ap_memory|      A_BUF_1_6|         array|
|A_BUF_1_6_d0          |  out|   32|   ap_memory|      A_BUF_1_6|         array|
|A_BUF_1_6_q0          |   in|   32|   ap_memory|      A_BUF_1_6|         array|
|A_BUF_1_6_we0         |  out|    1|   ap_memory|      A_BUF_1_6|         array|
|A_BUF_1_6_address1    |  out|    4|   ap_memory|      A_BUF_1_6|         array|
|A_BUF_1_6_ce1         |  out|    1|   ap_memory|      A_BUF_1_6|         array|
|A_BUF_1_6_d1          |  out|   32|   ap_memory|      A_BUF_1_6|         array|
|A_BUF_1_6_q1          |   in|   32|   ap_memory|      A_BUF_1_6|         array|
|A_BUF_1_6_we1         |  out|    1|   ap_memory|      A_BUF_1_6|         array|
|A_BUF_1_6_address2    |  out|    4|   ap_memory|      A_BUF_1_6|         array|
|A_BUF_1_6_ce2         |  out|    1|   ap_memory|      A_BUF_1_6|         array|
|A_BUF_1_6_d2          |  out|   32|   ap_memory|      A_BUF_1_6|         array|
|A_BUF_1_6_q2          |   in|   32|   ap_memory|      A_BUF_1_6|         array|
|A_BUF_1_6_we2         |  out|    1|   ap_memory|      A_BUF_1_6|         array|
|A_BUF_1_6_address3    |  out|    4|   ap_memory|      A_BUF_1_6|         array|
|A_BUF_1_6_ce3         |  out|    1|   ap_memory|      A_BUF_1_6|         array|
|A_BUF_1_6_d3          |  out|   32|   ap_memory|      A_BUF_1_6|         array|
|A_BUF_1_6_q3          |   in|   32|   ap_memory|      A_BUF_1_6|         array|
|A_BUF_1_6_we3         |  out|    1|   ap_memory|      A_BUF_1_6|         array|
|A_BUF_1_6_address4    |  out|    4|   ap_memory|      A_BUF_1_6|         array|
|A_BUF_1_6_ce4         |  out|    1|   ap_memory|      A_BUF_1_6|         array|
|A_BUF_1_6_d4          |  out|   32|   ap_memory|      A_BUF_1_6|         array|
|A_BUF_1_6_q4          |   in|   32|   ap_memory|      A_BUF_1_6|         array|
|A_BUF_1_6_we4         |  out|    1|   ap_memory|      A_BUF_1_6|         array|
|A_BUF_1_6_address5    |  out|    4|   ap_memory|      A_BUF_1_6|         array|
|A_BUF_1_6_ce5         |  out|    1|   ap_memory|      A_BUF_1_6|         array|
|A_BUF_1_6_d5          |  out|   32|   ap_memory|      A_BUF_1_6|         array|
|A_BUF_1_6_q5          |   in|   32|   ap_memory|      A_BUF_1_6|         array|
|A_BUF_1_6_we5         |  out|    1|   ap_memory|      A_BUF_1_6|         array|
|A_BUF_1_6_address6    |  out|    4|   ap_memory|      A_BUF_1_6|         array|
|A_BUF_1_6_ce6         |  out|    1|   ap_memory|      A_BUF_1_6|         array|
|A_BUF_1_6_d6          |  out|   32|   ap_memory|      A_BUF_1_6|         array|
|A_BUF_1_6_q6          |   in|   32|   ap_memory|      A_BUF_1_6|         array|
|A_BUF_1_6_we6         |  out|    1|   ap_memory|      A_BUF_1_6|         array|
|A_BUF_1_6_address7    |  out|    4|   ap_memory|      A_BUF_1_6|         array|
|A_BUF_1_6_ce7         |  out|    1|   ap_memory|      A_BUF_1_6|         array|
|A_BUF_1_6_d7          |  out|   32|   ap_memory|      A_BUF_1_6|         array|
|A_BUF_1_6_q7          |   in|   32|   ap_memory|      A_BUF_1_6|         array|
|A_BUF_1_6_we7         |  out|    1|   ap_memory|      A_BUF_1_6|         array|
|A_BUF_1_6_address8    |  out|    4|   ap_memory|      A_BUF_1_6|         array|
|A_BUF_1_6_ce8         |  out|    1|   ap_memory|      A_BUF_1_6|         array|
|A_BUF_1_6_d8          |  out|   32|   ap_memory|      A_BUF_1_6|         array|
|A_BUF_1_6_q8          |   in|   32|   ap_memory|      A_BUF_1_6|         array|
|A_BUF_1_6_we8         |  out|    1|   ap_memory|      A_BUF_1_6|         array|
|A_BUF_1_6_address9    |  out|    4|   ap_memory|      A_BUF_1_6|         array|
|A_BUF_1_6_ce9         |  out|    1|   ap_memory|      A_BUF_1_6|         array|
|A_BUF_1_6_d9          |  out|   32|   ap_memory|      A_BUF_1_6|         array|
|A_BUF_1_6_q9          |   in|   32|   ap_memory|      A_BUF_1_6|         array|
|A_BUF_1_6_we9         |  out|    1|   ap_memory|      A_BUF_1_6|         array|
|A_BUF_1_6_address10   |  out|    4|   ap_memory|      A_BUF_1_6|         array|
|A_BUF_1_6_ce10        |  out|    1|   ap_memory|      A_BUF_1_6|         array|
|A_BUF_1_6_d10         |  out|   32|   ap_memory|      A_BUF_1_6|         array|
|A_BUF_1_6_q10         |   in|   32|   ap_memory|      A_BUF_1_6|         array|
|A_BUF_1_6_we10        |  out|    1|   ap_memory|      A_BUF_1_6|         array|
|A_BUF_1_6_address11   |  out|    4|   ap_memory|      A_BUF_1_6|         array|
|A_BUF_1_6_ce11        |  out|    1|   ap_memory|      A_BUF_1_6|         array|
|A_BUF_1_6_d11         |  out|   32|   ap_memory|      A_BUF_1_6|         array|
|A_BUF_1_6_q11         |   in|   32|   ap_memory|      A_BUF_1_6|         array|
|A_BUF_1_6_we11        |  out|    1|   ap_memory|      A_BUF_1_6|         array|
|A_BUF_1_6_address12   |  out|    4|   ap_memory|      A_BUF_1_6|         array|
|A_BUF_1_6_ce12        |  out|    1|   ap_memory|      A_BUF_1_6|         array|
|A_BUF_1_6_d12         |  out|   32|   ap_memory|      A_BUF_1_6|         array|
|A_BUF_1_6_q12         |   in|   32|   ap_memory|      A_BUF_1_6|         array|
|A_BUF_1_6_we12        |  out|    1|   ap_memory|      A_BUF_1_6|         array|
|A_BUF_1_6_address13   |  out|    4|   ap_memory|      A_BUF_1_6|         array|
|A_BUF_1_6_ce13        |  out|    1|   ap_memory|      A_BUF_1_6|         array|
|A_BUF_1_6_d13         |  out|   32|   ap_memory|      A_BUF_1_6|         array|
|A_BUF_1_6_q13         |   in|   32|   ap_memory|      A_BUF_1_6|         array|
|A_BUF_1_6_we13        |  out|    1|   ap_memory|      A_BUF_1_6|         array|
|A_BUF_1_6_address14   |  out|    4|   ap_memory|      A_BUF_1_6|         array|
|A_BUF_1_6_ce14        |  out|    1|   ap_memory|      A_BUF_1_6|         array|
|A_BUF_1_6_d14         |  out|   32|   ap_memory|      A_BUF_1_6|         array|
|A_BUF_1_6_q14         |   in|   32|   ap_memory|      A_BUF_1_6|         array|
|A_BUF_1_6_we14        |  out|    1|   ap_memory|      A_BUF_1_6|         array|
|A_BUF_1_6_address15   |  out|    4|   ap_memory|      A_BUF_1_6|         array|
|A_BUF_1_6_ce15        |  out|    1|   ap_memory|      A_BUF_1_6|         array|
|A_BUF_1_6_d15         |  out|   32|   ap_memory|      A_BUF_1_6|         array|
|A_BUF_1_6_q15         |   in|   32|   ap_memory|      A_BUF_1_6|         array|
|A_BUF_1_6_we15        |  out|    1|   ap_memory|      A_BUF_1_6|         array|
|A_BUF_1_6_address16   |  out|    4|   ap_memory|      A_BUF_1_6|         array|
|A_BUF_1_6_ce16        |  out|    1|   ap_memory|      A_BUF_1_6|         array|
|A_BUF_1_6_d16         |  out|   32|   ap_memory|      A_BUF_1_6|         array|
|A_BUF_1_6_q16         |   in|   32|   ap_memory|      A_BUF_1_6|         array|
|A_BUF_1_6_we16        |  out|    1|   ap_memory|      A_BUF_1_6|         array|
|A_BUF_1_7_address0    |  out|    4|   ap_memory|      A_BUF_1_7|         array|
|A_BUF_1_7_ce0         |  out|    1|   ap_memory|      A_BUF_1_7|         array|
|A_BUF_1_7_d0          |  out|   32|   ap_memory|      A_BUF_1_7|         array|
|A_BUF_1_7_q0          |   in|   32|   ap_memory|      A_BUF_1_7|         array|
|A_BUF_1_7_we0         |  out|    1|   ap_memory|      A_BUF_1_7|         array|
|A_BUF_1_7_address1    |  out|    4|   ap_memory|      A_BUF_1_7|         array|
|A_BUF_1_7_ce1         |  out|    1|   ap_memory|      A_BUF_1_7|         array|
|A_BUF_1_7_d1          |  out|   32|   ap_memory|      A_BUF_1_7|         array|
|A_BUF_1_7_q1          |   in|   32|   ap_memory|      A_BUF_1_7|         array|
|A_BUF_1_7_we1         |  out|    1|   ap_memory|      A_BUF_1_7|         array|
|A_BUF_1_7_address2    |  out|    4|   ap_memory|      A_BUF_1_7|         array|
|A_BUF_1_7_ce2         |  out|    1|   ap_memory|      A_BUF_1_7|         array|
|A_BUF_1_7_d2          |  out|   32|   ap_memory|      A_BUF_1_7|         array|
|A_BUF_1_7_q2          |   in|   32|   ap_memory|      A_BUF_1_7|         array|
|A_BUF_1_7_we2         |  out|    1|   ap_memory|      A_BUF_1_7|         array|
|A_BUF_1_7_address3    |  out|    4|   ap_memory|      A_BUF_1_7|         array|
|A_BUF_1_7_ce3         |  out|    1|   ap_memory|      A_BUF_1_7|         array|
|A_BUF_1_7_d3          |  out|   32|   ap_memory|      A_BUF_1_7|         array|
|A_BUF_1_7_q3          |   in|   32|   ap_memory|      A_BUF_1_7|         array|
|A_BUF_1_7_we3         |  out|    1|   ap_memory|      A_BUF_1_7|         array|
|A_BUF_1_7_address4    |  out|    4|   ap_memory|      A_BUF_1_7|         array|
|A_BUF_1_7_ce4         |  out|    1|   ap_memory|      A_BUF_1_7|         array|
|A_BUF_1_7_d4          |  out|   32|   ap_memory|      A_BUF_1_7|         array|
|A_BUF_1_7_q4          |   in|   32|   ap_memory|      A_BUF_1_7|         array|
|A_BUF_1_7_we4         |  out|    1|   ap_memory|      A_BUF_1_7|         array|
|A_BUF_1_7_address5    |  out|    4|   ap_memory|      A_BUF_1_7|         array|
|A_BUF_1_7_ce5         |  out|    1|   ap_memory|      A_BUF_1_7|         array|
|A_BUF_1_7_d5          |  out|   32|   ap_memory|      A_BUF_1_7|         array|
|A_BUF_1_7_q5          |   in|   32|   ap_memory|      A_BUF_1_7|         array|
|A_BUF_1_7_we5         |  out|    1|   ap_memory|      A_BUF_1_7|         array|
|A_BUF_1_7_address6    |  out|    4|   ap_memory|      A_BUF_1_7|         array|
|A_BUF_1_7_ce6         |  out|    1|   ap_memory|      A_BUF_1_7|         array|
|A_BUF_1_7_d6          |  out|   32|   ap_memory|      A_BUF_1_7|         array|
|A_BUF_1_7_q6          |   in|   32|   ap_memory|      A_BUF_1_7|         array|
|A_BUF_1_7_we6         |  out|    1|   ap_memory|      A_BUF_1_7|         array|
|A_BUF_1_7_address7    |  out|    4|   ap_memory|      A_BUF_1_7|         array|
|A_BUF_1_7_ce7         |  out|    1|   ap_memory|      A_BUF_1_7|         array|
|A_BUF_1_7_d7          |  out|   32|   ap_memory|      A_BUF_1_7|         array|
|A_BUF_1_7_q7          |   in|   32|   ap_memory|      A_BUF_1_7|         array|
|A_BUF_1_7_we7         |  out|    1|   ap_memory|      A_BUF_1_7|         array|
|A_BUF_1_7_address8    |  out|    4|   ap_memory|      A_BUF_1_7|         array|
|A_BUF_1_7_ce8         |  out|    1|   ap_memory|      A_BUF_1_7|         array|
|A_BUF_1_7_d8          |  out|   32|   ap_memory|      A_BUF_1_7|         array|
|A_BUF_1_7_q8          |   in|   32|   ap_memory|      A_BUF_1_7|         array|
|A_BUF_1_7_we8         |  out|    1|   ap_memory|      A_BUF_1_7|         array|
|A_BUF_1_7_address9    |  out|    4|   ap_memory|      A_BUF_1_7|         array|
|A_BUF_1_7_ce9         |  out|    1|   ap_memory|      A_BUF_1_7|         array|
|A_BUF_1_7_d9          |  out|   32|   ap_memory|      A_BUF_1_7|         array|
|A_BUF_1_7_q9          |   in|   32|   ap_memory|      A_BUF_1_7|         array|
|A_BUF_1_7_we9         |  out|    1|   ap_memory|      A_BUF_1_7|         array|
|A_BUF_1_7_address10   |  out|    4|   ap_memory|      A_BUF_1_7|         array|
|A_BUF_1_7_ce10        |  out|    1|   ap_memory|      A_BUF_1_7|         array|
|A_BUF_1_7_d10         |  out|   32|   ap_memory|      A_BUF_1_7|         array|
|A_BUF_1_7_q10         |   in|   32|   ap_memory|      A_BUF_1_7|         array|
|A_BUF_1_7_we10        |  out|    1|   ap_memory|      A_BUF_1_7|         array|
|A_BUF_1_7_address11   |  out|    4|   ap_memory|      A_BUF_1_7|         array|
|A_BUF_1_7_ce11        |  out|    1|   ap_memory|      A_BUF_1_7|         array|
|A_BUF_1_7_d11         |  out|   32|   ap_memory|      A_BUF_1_7|         array|
|A_BUF_1_7_q11         |   in|   32|   ap_memory|      A_BUF_1_7|         array|
|A_BUF_1_7_we11        |  out|    1|   ap_memory|      A_BUF_1_7|         array|
|A_BUF_1_7_address12   |  out|    4|   ap_memory|      A_BUF_1_7|         array|
|A_BUF_1_7_ce12        |  out|    1|   ap_memory|      A_BUF_1_7|         array|
|A_BUF_1_7_d12         |  out|   32|   ap_memory|      A_BUF_1_7|         array|
|A_BUF_1_7_q12         |   in|   32|   ap_memory|      A_BUF_1_7|         array|
|A_BUF_1_7_we12        |  out|    1|   ap_memory|      A_BUF_1_7|         array|
|A_BUF_1_7_address13   |  out|    4|   ap_memory|      A_BUF_1_7|         array|
|A_BUF_1_7_ce13        |  out|    1|   ap_memory|      A_BUF_1_7|         array|
|A_BUF_1_7_d13         |  out|   32|   ap_memory|      A_BUF_1_7|         array|
|A_BUF_1_7_q13         |   in|   32|   ap_memory|      A_BUF_1_7|         array|
|A_BUF_1_7_we13        |  out|    1|   ap_memory|      A_BUF_1_7|         array|
|A_BUF_1_7_address14   |  out|    4|   ap_memory|      A_BUF_1_7|         array|
|A_BUF_1_7_ce14        |  out|    1|   ap_memory|      A_BUF_1_7|         array|
|A_BUF_1_7_d14         |  out|   32|   ap_memory|      A_BUF_1_7|         array|
|A_BUF_1_7_q14         |   in|   32|   ap_memory|      A_BUF_1_7|         array|
|A_BUF_1_7_we14        |  out|    1|   ap_memory|      A_BUF_1_7|         array|
|A_BUF_1_7_address15   |  out|    4|   ap_memory|      A_BUF_1_7|         array|
|A_BUF_1_7_ce15        |  out|    1|   ap_memory|      A_BUF_1_7|         array|
|A_BUF_1_7_d15         |  out|   32|   ap_memory|      A_BUF_1_7|         array|
|A_BUF_1_7_q15         |   in|   32|   ap_memory|      A_BUF_1_7|         array|
|A_BUF_1_7_we15        |  out|    1|   ap_memory|      A_BUF_1_7|         array|
|A_BUF_1_7_address16   |  out|    4|   ap_memory|      A_BUF_1_7|         array|
|A_BUF_1_7_ce16        |  out|    1|   ap_memory|      A_BUF_1_7|         array|
|A_BUF_1_7_d16         |  out|   32|   ap_memory|      A_BUF_1_7|         array|
|A_BUF_1_7_q16         |   in|   32|   ap_memory|      A_BUF_1_7|         array|
|A_BUF_1_7_we16        |  out|    1|   ap_memory|      A_BUF_1_7|         array|
|A_BUF_1_8_address0    |  out|    4|   ap_memory|      A_BUF_1_8|         array|
|A_BUF_1_8_ce0         |  out|    1|   ap_memory|      A_BUF_1_8|         array|
|A_BUF_1_8_d0          |  out|   32|   ap_memory|      A_BUF_1_8|         array|
|A_BUF_1_8_q0          |   in|   32|   ap_memory|      A_BUF_1_8|         array|
|A_BUF_1_8_we0         |  out|    1|   ap_memory|      A_BUF_1_8|         array|
|A_BUF_1_8_address1    |  out|    4|   ap_memory|      A_BUF_1_8|         array|
|A_BUF_1_8_ce1         |  out|    1|   ap_memory|      A_BUF_1_8|         array|
|A_BUF_1_8_d1          |  out|   32|   ap_memory|      A_BUF_1_8|         array|
|A_BUF_1_8_q1          |   in|   32|   ap_memory|      A_BUF_1_8|         array|
|A_BUF_1_8_we1         |  out|    1|   ap_memory|      A_BUF_1_8|         array|
|A_BUF_1_8_address2    |  out|    4|   ap_memory|      A_BUF_1_8|         array|
|A_BUF_1_8_ce2         |  out|    1|   ap_memory|      A_BUF_1_8|         array|
|A_BUF_1_8_d2          |  out|   32|   ap_memory|      A_BUF_1_8|         array|
|A_BUF_1_8_q2          |   in|   32|   ap_memory|      A_BUF_1_8|         array|
|A_BUF_1_8_we2         |  out|    1|   ap_memory|      A_BUF_1_8|         array|
|A_BUF_1_8_address3    |  out|    4|   ap_memory|      A_BUF_1_8|         array|
|A_BUF_1_8_ce3         |  out|    1|   ap_memory|      A_BUF_1_8|         array|
|A_BUF_1_8_d3          |  out|   32|   ap_memory|      A_BUF_1_8|         array|
|A_BUF_1_8_q3          |   in|   32|   ap_memory|      A_BUF_1_8|         array|
|A_BUF_1_8_we3         |  out|    1|   ap_memory|      A_BUF_1_8|         array|
|A_BUF_1_8_address4    |  out|    4|   ap_memory|      A_BUF_1_8|         array|
|A_BUF_1_8_ce4         |  out|    1|   ap_memory|      A_BUF_1_8|         array|
|A_BUF_1_8_d4          |  out|   32|   ap_memory|      A_BUF_1_8|         array|
|A_BUF_1_8_q4          |   in|   32|   ap_memory|      A_BUF_1_8|         array|
|A_BUF_1_8_we4         |  out|    1|   ap_memory|      A_BUF_1_8|         array|
|A_BUF_1_8_address5    |  out|    4|   ap_memory|      A_BUF_1_8|         array|
|A_BUF_1_8_ce5         |  out|    1|   ap_memory|      A_BUF_1_8|         array|
|A_BUF_1_8_d5          |  out|   32|   ap_memory|      A_BUF_1_8|         array|
|A_BUF_1_8_q5          |   in|   32|   ap_memory|      A_BUF_1_8|         array|
|A_BUF_1_8_we5         |  out|    1|   ap_memory|      A_BUF_1_8|         array|
|A_BUF_1_8_address6    |  out|    4|   ap_memory|      A_BUF_1_8|         array|
|A_BUF_1_8_ce6         |  out|    1|   ap_memory|      A_BUF_1_8|         array|
|A_BUF_1_8_d6          |  out|   32|   ap_memory|      A_BUF_1_8|         array|
|A_BUF_1_8_q6          |   in|   32|   ap_memory|      A_BUF_1_8|         array|
|A_BUF_1_8_we6         |  out|    1|   ap_memory|      A_BUF_1_8|         array|
|A_BUF_1_8_address7    |  out|    4|   ap_memory|      A_BUF_1_8|         array|
|A_BUF_1_8_ce7         |  out|    1|   ap_memory|      A_BUF_1_8|         array|
|A_BUF_1_8_d7          |  out|   32|   ap_memory|      A_BUF_1_8|         array|
|A_BUF_1_8_q7          |   in|   32|   ap_memory|      A_BUF_1_8|         array|
|A_BUF_1_8_we7         |  out|    1|   ap_memory|      A_BUF_1_8|         array|
|A_BUF_1_8_address8    |  out|    4|   ap_memory|      A_BUF_1_8|         array|
|A_BUF_1_8_ce8         |  out|    1|   ap_memory|      A_BUF_1_8|         array|
|A_BUF_1_8_d8          |  out|   32|   ap_memory|      A_BUF_1_8|         array|
|A_BUF_1_8_q8          |   in|   32|   ap_memory|      A_BUF_1_8|         array|
|A_BUF_1_8_we8         |  out|    1|   ap_memory|      A_BUF_1_8|         array|
|A_BUF_1_8_address9    |  out|    4|   ap_memory|      A_BUF_1_8|         array|
|A_BUF_1_8_ce9         |  out|    1|   ap_memory|      A_BUF_1_8|         array|
|A_BUF_1_8_d9          |  out|   32|   ap_memory|      A_BUF_1_8|         array|
|A_BUF_1_8_q9          |   in|   32|   ap_memory|      A_BUF_1_8|         array|
|A_BUF_1_8_we9         |  out|    1|   ap_memory|      A_BUF_1_8|         array|
|A_BUF_1_8_address10   |  out|    4|   ap_memory|      A_BUF_1_8|         array|
|A_BUF_1_8_ce10        |  out|    1|   ap_memory|      A_BUF_1_8|         array|
|A_BUF_1_8_d10         |  out|   32|   ap_memory|      A_BUF_1_8|         array|
|A_BUF_1_8_q10         |   in|   32|   ap_memory|      A_BUF_1_8|         array|
|A_BUF_1_8_we10        |  out|    1|   ap_memory|      A_BUF_1_8|         array|
|A_BUF_1_8_address11   |  out|    4|   ap_memory|      A_BUF_1_8|         array|
|A_BUF_1_8_ce11        |  out|    1|   ap_memory|      A_BUF_1_8|         array|
|A_BUF_1_8_d11         |  out|   32|   ap_memory|      A_BUF_1_8|         array|
|A_BUF_1_8_q11         |   in|   32|   ap_memory|      A_BUF_1_8|         array|
|A_BUF_1_8_we11        |  out|    1|   ap_memory|      A_BUF_1_8|         array|
|A_BUF_1_8_address12   |  out|    4|   ap_memory|      A_BUF_1_8|         array|
|A_BUF_1_8_ce12        |  out|    1|   ap_memory|      A_BUF_1_8|         array|
|A_BUF_1_8_d12         |  out|   32|   ap_memory|      A_BUF_1_8|         array|
|A_BUF_1_8_q12         |   in|   32|   ap_memory|      A_BUF_1_8|         array|
|A_BUF_1_8_we12        |  out|    1|   ap_memory|      A_BUF_1_8|         array|
|A_BUF_1_8_address13   |  out|    4|   ap_memory|      A_BUF_1_8|         array|
|A_BUF_1_8_ce13        |  out|    1|   ap_memory|      A_BUF_1_8|         array|
|A_BUF_1_8_d13         |  out|   32|   ap_memory|      A_BUF_1_8|         array|
|A_BUF_1_8_q13         |   in|   32|   ap_memory|      A_BUF_1_8|         array|
|A_BUF_1_8_we13        |  out|    1|   ap_memory|      A_BUF_1_8|         array|
|A_BUF_1_8_address14   |  out|    4|   ap_memory|      A_BUF_1_8|         array|
|A_BUF_1_8_ce14        |  out|    1|   ap_memory|      A_BUF_1_8|         array|
|A_BUF_1_8_d14         |  out|   32|   ap_memory|      A_BUF_1_8|         array|
|A_BUF_1_8_q14         |   in|   32|   ap_memory|      A_BUF_1_8|         array|
|A_BUF_1_8_we14        |  out|    1|   ap_memory|      A_BUF_1_8|         array|
|A_BUF_1_8_address15   |  out|    4|   ap_memory|      A_BUF_1_8|         array|
|A_BUF_1_8_ce15        |  out|    1|   ap_memory|      A_BUF_1_8|         array|
|A_BUF_1_8_d15         |  out|   32|   ap_memory|      A_BUF_1_8|         array|
|A_BUF_1_8_q15         |   in|   32|   ap_memory|      A_BUF_1_8|         array|
|A_BUF_1_8_we15        |  out|    1|   ap_memory|      A_BUF_1_8|         array|
|A_BUF_1_8_address16   |  out|    4|   ap_memory|      A_BUF_1_8|         array|
|A_BUF_1_8_ce16        |  out|    1|   ap_memory|      A_BUF_1_8|         array|
|A_BUF_1_8_d16         |  out|   32|   ap_memory|      A_BUF_1_8|         array|
|A_BUF_1_8_q16         |   in|   32|   ap_memory|      A_BUF_1_8|         array|
|A_BUF_1_8_we16        |  out|    1|   ap_memory|      A_BUF_1_8|         array|
|A_BUF_1_9_address0    |  out|    4|   ap_memory|      A_BUF_1_9|         array|
|A_BUF_1_9_ce0         |  out|    1|   ap_memory|      A_BUF_1_9|         array|
|A_BUF_1_9_d0          |  out|   32|   ap_memory|      A_BUF_1_9|         array|
|A_BUF_1_9_q0          |   in|   32|   ap_memory|      A_BUF_1_9|         array|
|A_BUF_1_9_we0         |  out|    1|   ap_memory|      A_BUF_1_9|         array|
|A_BUF_1_9_address1    |  out|    4|   ap_memory|      A_BUF_1_9|         array|
|A_BUF_1_9_ce1         |  out|    1|   ap_memory|      A_BUF_1_9|         array|
|A_BUF_1_9_d1          |  out|   32|   ap_memory|      A_BUF_1_9|         array|
|A_BUF_1_9_q1          |   in|   32|   ap_memory|      A_BUF_1_9|         array|
|A_BUF_1_9_we1         |  out|    1|   ap_memory|      A_BUF_1_9|         array|
|A_BUF_1_9_address2    |  out|    4|   ap_memory|      A_BUF_1_9|         array|
|A_BUF_1_9_ce2         |  out|    1|   ap_memory|      A_BUF_1_9|         array|
|A_BUF_1_9_d2          |  out|   32|   ap_memory|      A_BUF_1_9|         array|
|A_BUF_1_9_q2          |   in|   32|   ap_memory|      A_BUF_1_9|         array|
|A_BUF_1_9_we2         |  out|    1|   ap_memory|      A_BUF_1_9|         array|
|A_BUF_1_9_address3    |  out|    4|   ap_memory|      A_BUF_1_9|         array|
|A_BUF_1_9_ce3         |  out|    1|   ap_memory|      A_BUF_1_9|         array|
|A_BUF_1_9_d3          |  out|   32|   ap_memory|      A_BUF_1_9|         array|
|A_BUF_1_9_q3          |   in|   32|   ap_memory|      A_BUF_1_9|         array|
|A_BUF_1_9_we3         |  out|    1|   ap_memory|      A_BUF_1_9|         array|
|A_BUF_1_9_address4    |  out|    4|   ap_memory|      A_BUF_1_9|         array|
|A_BUF_1_9_ce4         |  out|    1|   ap_memory|      A_BUF_1_9|         array|
|A_BUF_1_9_d4          |  out|   32|   ap_memory|      A_BUF_1_9|         array|
|A_BUF_1_9_q4          |   in|   32|   ap_memory|      A_BUF_1_9|         array|
|A_BUF_1_9_we4         |  out|    1|   ap_memory|      A_BUF_1_9|         array|
|A_BUF_1_9_address5    |  out|    4|   ap_memory|      A_BUF_1_9|         array|
|A_BUF_1_9_ce5         |  out|    1|   ap_memory|      A_BUF_1_9|         array|
|A_BUF_1_9_d5          |  out|   32|   ap_memory|      A_BUF_1_9|         array|
|A_BUF_1_9_q5          |   in|   32|   ap_memory|      A_BUF_1_9|         array|
|A_BUF_1_9_we5         |  out|    1|   ap_memory|      A_BUF_1_9|         array|
|A_BUF_1_9_address6    |  out|    4|   ap_memory|      A_BUF_1_9|         array|
|A_BUF_1_9_ce6         |  out|    1|   ap_memory|      A_BUF_1_9|         array|
|A_BUF_1_9_d6          |  out|   32|   ap_memory|      A_BUF_1_9|         array|
|A_BUF_1_9_q6          |   in|   32|   ap_memory|      A_BUF_1_9|         array|
|A_BUF_1_9_we6         |  out|    1|   ap_memory|      A_BUF_1_9|         array|
|A_BUF_1_9_address7    |  out|    4|   ap_memory|      A_BUF_1_9|         array|
|A_BUF_1_9_ce7         |  out|    1|   ap_memory|      A_BUF_1_9|         array|
|A_BUF_1_9_d7          |  out|   32|   ap_memory|      A_BUF_1_9|         array|
|A_BUF_1_9_q7          |   in|   32|   ap_memory|      A_BUF_1_9|         array|
|A_BUF_1_9_we7         |  out|    1|   ap_memory|      A_BUF_1_9|         array|
|A_BUF_1_9_address8    |  out|    4|   ap_memory|      A_BUF_1_9|         array|
|A_BUF_1_9_ce8         |  out|    1|   ap_memory|      A_BUF_1_9|         array|
|A_BUF_1_9_d8          |  out|   32|   ap_memory|      A_BUF_1_9|         array|
|A_BUF_1_9_q8          |   in|   32|   ap_memory|      A_BUF_1_9|         array|
|A_BUF_1_9_we8         |  out|    1|   ap_memory|      A_BUF_1_9|         array|
|A_BUF_1_9_address9    |  out|    4|   ap_memory|      A_BUF_1_9|         array|
|A_BUF_1_9_ce9         |  out|    1|   ap_memory|      A_BUF_1_9|         array|
|A_BUF_1_9_d9          |  out|   32|   ap_memory|      A_BUF_1_9|         array|
|A_BUF_1_9_q9          |   in|   32|   ap_memory|      A_BUF_1_9|         array|
|A_BUF_1_9_we9         |  out|    1|   ap_memory|      A_BUF_1_9|         array|
|A_BUF_1_9_address10   |  out|    4|   ap_memory|      A_BUF_1_9|         array|
|A_BUF_1_9_ce10        |  out|    1|   ap_memory|      A_BUF_1_9|         array|
|A_BUF_1_9_d10         |  out|   32|   ap_memory|      A_BUF_1_9|         array|
|A_BUF_1_9_q10         |   in|   32|   ap_memory|      A_BUF_1_9|         array|
|A_BUF_1_9_we10        |  out|    1|   ap_memory|      A_BUF_1_9|         array|
|A_BUF_1_9_address11   |  out|    4|   ap_memory|      A_BUF_1_9|         array|
|A_BUF_1_9_ce11        |  out|    1|   ap_memory|      A_BUF_1_9|         array|
|A_BUF_1_9_d11         |  out|   32|   ap_memory|      A_BUF_1_9|         array|
|A_BUF_1_9_q11         |   in|   32|   ap_memory|      A_BUF_1_9|         array|
|A_BUF_1_9_we11        |  out|    1|   ap_memory|      A_BUF_1_9|         array|
|A_BUF_1_9_address12   |  out|    4|   ap_memory|      A_BUF_1_9|         array|
|A_BUF_1_9_ce12        |  out|    1|   ap_memory|      A_BUF_1_9|         array|
|A_BUF_1_9_d12         |  out|   32|   ap_memory|      A_BUF_1_9|         array|
|A_BUF_1_9_q12         |   in|   32|   ap_memory|      A_BUF_1_9|         array|
|A_BUF_1_9_we12        |  out|    1|   ap_memory|      A_BUF_1_9|         array|
|A_BUF_1_9_address13   |  out|    4|   ap_memory|      A_BUF_1_9|         array|
|A_BUF_1_9_ce13        |  out|    1|   ap_memory|      A_BUF_1_9|         array|
|A_BUF_1_9_d13         |  out|   32|   ap_memory|      A_BUF_1_9|         array|
|A_BUF_1_9_q13         |   in|   32|   ap_memory|      A_BUF_1_9|         array|
|A_BUF_1_9_we13        |  out|    1|   ap_memory|      A_BUF_1_9|         array|
|A_BUF_1_9_address14   |  out|    4|   ap_memory|      A_BUF_1_9|         array|
|A_BUF_1_9_ce14        |  out|    1|   ap_memory|      A_BUF_1_9|         array|
|A_BUF_1_9_d14         |  out|   32|   ap_memory|      A_BUF_1_9|         array|
|A_BUF_1_9_q14         |   in|   32|   ap_memory|      A_BUF_1_9|         array|
|A_BUF_1_9_we14        |  out|    1|   ap_memory|      A_BUF_1_9|         array|
|A_BUF_1_9_address15   |  out|    4|   ap_memory|      A_BUF_1_9|         array|
|A_BUF_1_9_ce15        |  out|    1|   ap_memory|      A_BUF_1_9|         array|
|A_BUF_1_9_d15         |  out|   32|   ap_memory|      A_BUF_1_9|         array|
|A_BUF_1_9_q15         |   in|   32|   ap_memory|      A_BUF_1_9|         array|
|A_BUF_1_9_we15        |  out|    1|   ap_memory|      A_BUF_1_9|         array|
|A_BUF_1_9_address16   |  out|    4|   ap_memory|      A_BUF_1_9|         array|
|A_BUF_1_9_ce16        |  out|    1|   ap_memory|      A_BUF_1_9|         array|
|A_BUF_1_9_d16         |  out|   32|   ap_memory|      A_BUF_1_9|         array|
|A_BUF_1_9_q16         |   in|   32|   ap_memory|      A_BUF_1_9|         array|
|A_BUF_1_9_we16        |  out|    1|   ap_memory|      A_BUF_1_9|         array|
|A_BUF_1_10_address0   |  out|    4|   ap_memory|     A_BUF_1_10|         array|
|A_BUF_1_10_ce0        |  out|    1|   ap_memory|     A_BUF_1_10|         array|
|A_BUF_1_10_d0         |  out|   32|   ap_memory|     A_BUF_1_10|         array|
|A_BUF_1_10_q0         |   in|   32|   ap_memory|     A_BUF_1_10|         array|
|A_BUF_1_10_we0        |  out|    1|   ap_memory|     A_BUF_1_10|         array|
|A_BUF_1_10_address1   |  out|    4|   ap_memory|     A_BUF_1_10|         array|
|A_BUF_1_10_ce1        |  out|    1|   ap_memory|     A_BUF_1_10|         array|
|A_BUF_1_10_d1         |  out|   32|   ap_memory|     A_BUF_1_10|         array|
|A_BUF_1_10_q1         |   in|   32|   ap_memory|     A_BUF_1_10|         array|
|A_BUF_1_10_we1        |  out|    1|   ap_memory|     A_BUF_1_10|         array|
|A_BUF_1_10_address2   |  out|    4|   ap_memory|     A_BUF_1_10|         array|
|A_BUF_1_10_ce2        |  out|    1|   ap_memory|     A_BUF_1_10|         array|
|A_BUF_1_10_d2         |  out|   32|   ap_memory|     A_BUF_1_10|         array|
|A_BUF_1_10_q2         |   in|   32|   ap_memory|     A_BUF_1_10|         array|
|A_BUF_1_10_we2        |  out|    1|   ap_memory|     A_BUF_1_10|         array|
|A_BUF_1_10_address3   |  out|    4|   ap_memory|     A_BUF_1_10|         array|
|A_BUF_1_10_ce3        |  out|    1|   ap_memory|     A_BUF_1_10|         array|
|A_BUF_1_10_d3         |  out|   32|   ap_memory|     A_BUF_1_10|         array|
|A_BUF_1_10_q3         |   in|   32|   ap_memory|     A_BUF_1_10|         array|
|A_BUF_1_10_we3        |  out|    1|   ap_memory|     A_BUF_1_10|         array|
|A_BUF_1_10_address4   |  out|    4|   ap_memory|     A_BUF_1_10|         array|
|A_BUF_1_10_ce4        |  out|    1|   ap_memory|     A_BUF_1_10|         array|
|A_BUF_1_10_d4         |  out|   32|   ap_memory|     A_BUF_1_10|         array|
|A_BUF_1_10_q4         |   in|   32|   ap_memory|     A_BUF_1_10|         array|
|A_BUF_1_10_we4        |  out|    1|   ap_memory|     A_BUF_1_10|         array|
|A_BUF_1_10_address5   |  out|    4|   ap_memory|     A_BUF_1_10|         array|
|A_BUF_1_10_ce5        |  out|    1|   ap_memory|     A_BUF_1_10|         array|
|A_BUF_1_10_d5         |  out|   32|   ap_memory|     A_BUF_1_10|         array|
|A_BUF_1_10_q5         |   in|   32|   ap_memory|     A_BUF_1_10|         array|
|A_BUF_1_10_we5        |  out|    1|   ap_memory|     A_BUF_1_10|         array|
|A_BUF_1_10_address6   |  out|    4|   ap_memory|     A_BUF_1_10|         array|
|A_BUF_1_10_ce6        |  out|    1|   ap_memory|     A_BUF_1_10|         array|
|A_BUF_1_10_d6         |  out|   32|   ap_memory|     A_BUF_1_10|         array|
|A_BUF_1_10_q6         |   in|   32|   ap_memory|     A_BUF_1_10|         array|
|A_BUF_1_10_we6        |  out|    1|   ap_memory|     A_BUF_1_10|         array|
|A_BUF_1_10_address7   |  out|    4|   ap_memory|     A_BUF_1_10|         array|
|A_BUF_1_10_ce7        |  out|    1|   ap_memory|     A_BUF_1_10|         array|
|A_BUF_1_10_d7         |  out|   32|   ap_memory|     A_BUF_1_10|         array|
|A_BUF_1_10_q7         |   in|   32|   ap_memory|     A_BUF_1_10|         array|
|A_BUF_1_10_we7        |  out|    1|   ap_memory|     A_BUF_1_10|         array|
|A_BUF_1_10_address8   |  out|    4|   ap_memory|     A_BUF_1_10|         array|
|A_BUF_1_10_ce8        |  out|    1|   ap_memory|     A_BUF_1_10|         array|
|A_BUF_1_10_d8         |  out|   32|   ap_memory|     A_BUF_1_10|         array|
|A_BUF_1_10_q8         |   in|   32|   ap_memory|     A_BUF_1_10|         array|
|A_BUF_1_10_we8        |  out|    1|   ap_memory|     A_BUF_1_10|         array|
|A_BUF_1_10_address9   |  out|    4|   ap_memory|     A_BUF_1_10|         array|
|A_BUF_1_10_ce9        |  out|    1|   ap_memory|     A_BUF_1_10|         array|
|A_BUF_1_10_d9         |  out|   32|   ap_memory|     A_BUF_1_10|         array|
|A_BUF_1_10_q9         |   in|   32|   ap_memory|     A_BUF_1_10|         array|
|A_BUF_1_10_we9        |  out|    1|   ap_memory|     A_BUF_1_10|         array|
|A_BUF_1_10_address10  |  out|    4|   ap_memory|     A_BUF_1_10|         array|
|A_BUF_1_10_ce10       |  out|    1|   ap_memory|     A_BUF_1_10|         array|
|A_BUF_1_10_d10        |  out|   32|   ap_memory|     A_BUF_1_10|         array|
|A_BUF_1_10_q10        |   in|   32|   ap_memory|     A_BUF_1_10|         array|
|A_BUF_1_10_we10       |  out|    1|   ap_memory|     A_BUF_1_10|         array|
|A_BUF_1_10_address11  |  out|    4|   ap_memory|     A_BUF_1_10|         array|
|A_BUF_1_10_ce11       |  out|    1|   ap_memory|     A_BUF_1_10|         array|
|A_BUF_1_10_d11        |  out|   32|   ap_memory|     A_BUF_1_10|         array|
|A_BUF_1_10_q11        |   in|   32|   ap_memory|     A_BUF_1_10|         array|
|A_BUF_1_10_we11       |  out|    1|   ap_memory|     A_BUF_1_10|         array|
|A_BUF_1_10_address12  |  out|    4|   ap_memory|     A_BUF_1_10|         array|
|A_BUF_1_10_ce12       |  out|    1|   ap_memory|     A_BUF_1_10|         array|
|A_BUF_1_10_d12        |  out|   32|   ap_memory|     A_BUF_1_10|         array|
|A_BUF_1_10_q12        |   in|   32|   ap_memory|     A_BUF_1_10|         array|
|A_BUF_1_10_we12       |  out|    1|   ap_memory|     A_BUF_1_10|         array|
|A_BUF_1_10_address13  |  out|    4|   ap_memory|     A_BUF_1_10|         array|
|A_BUF_1_10_ce13       |  out|    1|   ap_memory|     A_BUF_1_10|         array|
|A_BUF_1_10_d13        |  out|   32|   ap_memory|     A_BUF_1_10|         array|
|A_BUF_1_10_q13        |   in|   32|   ap_memory|     A_BUF_1_10|         array|
|A_BUF_1_10_we13       |  out|    1|   ap_memory|     A_BUF_1_10|         array|
|A_BUF_1_10_address14  |  out|    4|   ap_memory|     A_BUF_1_10|         array|
|A_BUF_1_10_ce14       |  out|    1|   ap_memory|     A_BUF_1_10|         array|
|A_BUF_1_10_d14        |  out|   32|   ap_memory|     A_BUF_1_10|         array|
|A_BUF_1_10_q14        |   in|   32|   ap_memory|     A_BUF_1_10|         array|
|A_BUF_1_10_we14       |  out|    1|   ap_memory|     A_BUF_1_10|         array|
|A_BUF_1_10_address15  |  out|    4|   ap_memory|     A_BUF_1_10|         array|
|A_BUF_1_10_ce15       |  out|    1|   ap_memory|     A_BUF_1_10|         array|
|A_BUF_1_10_d15        |  out|   32|   ap_memory|     A_BUF_1_10|         array|
|A_BUF_1_10_q15        |   in|   32|   ap_memory|     A_BUF_1_10|         array|
|A_BUF_1_10_we15       |  out|    1|   ap_memory|     A_BUF_1_10|         array|
|A_BUF_1_10_address16  |  out|    4|   ap_memory|     A_BUF_1_10|         array|
|A_BUF_1_10_ce16       |  out|    1|   ap_memory|     A_BUF_1_10|         array|
|A_BUF_1_10_d16        |  out|   32|   ap_memory|     A_BUF_1_10|         array|
|A_BUF_1_10_q16        |   in|   32|   ap_memory|     A_BUF_1_10|         array|
|A_BUF_1_10_we16       |  out|    1|   ap_memory|     A_BUF_1_10|         array|
|A_BUF_1_11_address0   |  out|    4|   ap_memory|     A_BUF_1_11|         array|
|A_BUF_1_11_ce0        |  out|    1|   ap_memory|     A_BUF_1_11|         array|
|A_BUF_1_11_d0         |  out|   32|   ap_memory|     A_BUF_1_11|         array|
|A_BUF_1_11_q0         |   in|   32|   ap_memory|     A_BUF_1_11|         array|
|A_BUF_1_11_we0        |  out|    1|   ap_memory|     A_BUF_1_11|         array|
|A_BUF_1_11_address1   |  out|    4|   ap_memory|     A_BUF_1_11|         array|
|A_BUF_1_11_ce1        |  out|    1|   ap_memory|     A_BUF_1_11|         array|
|A_BUF_1_11_d1         |  out|   32|   ap_memory|     A_BUF_1_11|         array|
|A_BUF_1_11_q1         |   in|   32|   ap_memory|     A_BUF_1_11|         array|
|A_BUF_1_11_we1        |  out|    1|   ap_memory|     A_BUF_1_11|         array|
|A_BUF_1_11_address2   |  out|    4|   ap_memory|     A_BUF_1_11|         array|
|A_BUF_1_11_ce2        |  out|    1|   ap_memory|     A_BUF_1_11|         array|
|A_BUF_1_11_d2         |  out|   32|   ap_memory|     A_BUF_1_11|         array|
|A_BUF_1_11_q2         |   in|   32|   ap_memory|     A_BUF_1_11|         array|
|A_BUF_1_11_we2        |  out|    1|   ap_memory|     A_BUF_1_11|         array|
|A_BUF_1_11_address3   |  out|    4|   ap_memory|     A_BUF_1_11|         array|
|A_BUF_1_11_ce3        |  out|    1|   ap_memory|     A_BUF_1_11|         array|
|A_BUF_1_11_d3         |  out|   32|   ap_memory|     A_BUF_1_11|         array|
|A_BUF_1_11_q3         |   in|   32|   ap_memory|     A_BUF_1_11|         array|
|A_BUF_1_11_we3        |  out|    1|   ap_memory|     A_BUF_1_11|         array|
|A_BUF_1_11_address4   |  out|    4|   ap_memory|     A_BUF_1_11|         array|
|A_BUF_1_11_ce4        |  out|    1|   ap_memory|     A_BUF_1_11|         array|
|A_BUF_1_11_d4         |  out|   32|   ap_memory|     A_BUF_1_11|         array|
|A_BUF_1_11_q4         |   in|   32|   ap_memory|     A_BUF_1_11|         array|
|A_BUF_1_11_we4        |  out|    1|   ap_memory|     A_BUF_1_11|         array|
|A_BUF_1_11_address5   |  out|    4|   ap_memory|     A_BUF_1_11|         array|
|A_BUF_1_11_ce5        |  out|    1|   ap_memory|     A_BUF_1_11|         array|
|A_BUF_1_11_d5         |  out|   32|   ap_memory|     A_BUF_1_11|         array|
|A_BUF_1_11_q5         |   in|   32|   ap_memory|     A_BUF_1_11|         array|
|A_BUF_1_11_we5        |  out|    1|   ap_memory|     A_BUF_1_11|         array|
|A_BUF_1_11_address6   |  out|    4|   ap_memory|     A_BUF_1_11|         array|
|A_BUF_1_11_ce6        |  out|    1|   ap_memory|     A_BUF_1_11|         array|
|A_BUF_1_11_d6         |  out|   32|   ap_memory|     A_BUF_1_11|         array|
|A_BUF_1_11_q6         |   in|   32|   ap_memory|     A_BUF_1_11|         array|
|A_BUF_1_11_we6        |  out|    1|   ap_memory|     A_BUF_1_11|         array|
|A_BUF_1_11_address7   |  out|    4|   ap_memory|     A_BUF_1_11|         array|
|A_BUF_1_11_ce7        |  out|    1|   ap_memory|     A_BUF_1_11|         array|
|A_BUF_1_11_d7         |  out|   32|   ap_memory|     A_BUF_1_11|         array|
|A_BUF_1_11_q7         |   in|   32|   ap_memory|     A_BUF_1_11|         array|
|A_BUF_1_11_we7        |  out|    1|   ap_memory|     A_BUF_1_11|         array|
|A_BUF_1_11_address8   |  out|    4|   ap_memory|     A_BUF_1_11|         array|
|A_BUF_1_11_ce8        |  out|    1|   ap_memory|     A_BUF_1_11|         array|
|A_BUF_1_11_d8         |  out|   32|   ap_memory|     A_BUF_1_11|         array|
|A_BUF_1_11_q8         |   in|   32|   ap_memory|     A_BUF_1_11|         array|
|A_BUF_1_11_we8        |  out|    1|   ap_memory|     A_BUF_1_11|         array|
|A_BUF_1_11_address9   |  out|    4|   ap_memory|     A_BUF_1_11|         array|
|A_BUF_1_11_ce9        |  out|    1|   ap_memory|     A_BUF_1_11|         array|
|A_BUF_1_11_d9         |  out|   32|   ap_memory|     A_BUF_1_11|         array|
|A_BUF_1_11_q9         |   in|   32|   ap_memory|     A_BUF_1_11|         array|
|A_BUF_1_11_we9        |  out|    1|   ap_memory|     A_BUF_1_11|         array|
|A_BUF_1_11_address10  |  out|    4|   ap_memory|     A_BUF_1_11|         array|
|A_BUF_1_11_ce10       |  out|    1|   ap_memory|     A_BUF_1_11|         array|
|A_BUF_1_11_d10        |  out|   32|   ap_memory|     A_BUF_1_11|         array|
|A_BUF_1_11_q10        |   in|   32|   ap_memory|     A_BUF_1_11|         array|
|A_BUF_1_11_we10       |  out|    1|   ap_memory|     A_BUF_1_11|         array|
|A_BUF_1_11_address11  |  out|    4|   ap_memory|     A_BUF_1_11|         array|
|A_BUF_1_11_ce11       |  out|    1|   ap_memory|     A_BUF_1_11|         array|
|A_BUF_1_11_d11        |  out|   32|   ap_memory|     A_BUF_1_11|         array|
|A_BUF_1_11_q11        |   in|   32|   ap_memory|     A_BUF_1_11|         array|
|A_BUF_1_11_we11       |  out|    1|   ap_memory|     A_BUF_1_11|         array|
|A_BUF_1_11_address12  |  out|    4|   ap_memory|     A_BUF_1_11|         array|
|A_BUF_1_11_ce12       |  out|    1|   ap_memory|     A_BUF_1_11|         array|
|A_BUF_1_11_d12        |  out|   32|   ap_memory|     A_BUF_1_11|         array|
|A_BUF_1_11_q12        |   in|   32|   ap_memory|     A_BUF_1_11|         array|
|A_BUF_1_11_we12       |  out|    1|   ap_memory|     A_BUF_1_11|         array|
|A_BUF_1_11_address13  |  out|    4|   ap_memory|     A_BUF_1_11|         array|
|A_BUF_1_11_ce13       |  out|    1|   ap_memory|     A_BUF_1_11|         array|
|A_BUF_1_11_d13        |  out|   32|   ap_memory|     A_BUF_1_11|         array|
|A_BUF_1_11_q13        |   in|   32|   ap_memory|     A_BUF_1_11|         array|
|A_BUF_1_11_we13       |  out|    1|   ap_memory|     A_BUF_1_11|         array|
|A_BUF_1_11_address14  |  out|    4|   ap_memory|     A_BUF_1_11|         array|
|A_BUF_1_11_ce14       |  out|    1|   ap_memory|     A_BUF_1_11|         array|
|A_BUF_1_11_d14        |  out|   32|   ap_memory|     A_BUF_1_11|         array|
|A_BUF_1_11_q14        |   in|   32|   ap_memory|     A_BUF_1_11|         array|
|A_BUF_1_11_we14       |  out|    1|   ap_memory|     A_BUF_1_11|         array|
|A_BUF_1_11_address15  |  out|    4|   ap_memory|     A_BUF_1_11|         array|
|A_BUF_1_11_ce15       |  out|    1|   ap_memory|     A_BUF_1_11|         array|
|A_BUF_1_11_d15        |  out|   32|   ap_memory|     A_BUF_1_11|         array|
|A_BUF_1_11_q15        |   in|   32|   ap_memory|     A_BUF_1_11|         array|
|A_BUF_1_11_we15       |  out|    1|   ap_memory|     A_BUF_1_11|         array|
|A_BUF_1_11_address16  |  out|    4|   ap_memory|     A_BUF_1_11|         array|
|A_BUF_1_11_ce16       |  out|    1|   ap_memory|     A_BUF_1_11|         array|
|A_BUF_1_11_d16        |  out|   32|   ap_memory|     A_BUF_1_11|         array|
|A_BUF_1_11_q16        |   in|   32|   ap_memory|     A_BUF_1_11|         array|
|A_BUF_1_11_we16       |  out|    1|   ap_memory|     A_BUF_1_11|         array|
|A_BUF_1_12_address0   |  out|    4|   ap_memory|     A_BUF_1_12|         array|
|A_BUF_1_12_ce0        |  out|    1|   ap_memory|     A_BUF_1_12|         array|
|A_BUF_1_12_d0         |  out|   32|   ap_memory|     A_BUF_1_12|         array|
|A_BUF_1_12_q0         |   in|   32|   ap_memory|     A_BUF_1_12|         array|
|A_BUF_1_12_we0        |  out|    1|   ap_memory|     A_BUF_1_12|         array|
|A_BUF_1_12_address1   |  out|    4|   ap_memory|     A_BUF_1_12|         array|
|A_BUF_1_12_ce1        |  out|    1|   ap_memory|     A_BUF_1_12|         array|
|A_BUF_1_12_d1         |  out|   32|   ap_memory|     A_BUF_1_12|         array|
|A_BUF_1_12_q1         |   in|   32|   ap_memory|     A_BUF_1_12|         array|
|A_BUF_1_12_we1        |  out|    1|   ap_memory|     A_BUF_1_12|         array|
|A_BUF_1_12_address2   |  out|    4|   ap_memory|     A_BUF_1_12|         array|
|A_BUF_1_12_ce2        |  out|    1|   ap_memory|     A_BUF_1_12|         array|
|A_BUF_1_12_d2         |  out|   32|   ap_memory|     A_BUF_1_12|         array|
|A_BUF_1_12_q2         |   in|   32|   ap_memory|     A_BUF_1_12|         array|
|A_BUF_1_12_we2        |  out|    1|   ap_memory|     A_BUF_1_12|         array|
|A_BUF_1_12_address3   |  out|    4|   ap_memory|     A_BUF_1_12|         array|
|A_BUF_1_12_ce3        |  out|    1|   ap_memory|     A_BUF_1_12|         array|
|A_BUF_1_12_d3         |  out|   32|   ap_memory|     A_BUF_1_12|         array|
|A_BUF_1_12_q3         |   in|   32|   ap_memory|     A_BUF_1_12|         array|
|A_BUF_1_12_we3        |  out|    1|   ap_memory|     A_BUF_1_12|         array|
|A_BUF_1_12_address4   |  out|    4|   ap_memory|     A_BUF_1_12|         array|
|A_BUF_1_12_ce4        |  out|    1|   ap_memory|     A_BUF_1_12|         array|
|A_BUF_1_12_d4         |  out|   32|   ap_memory|     A_BUF_1_12|         array|
|A_BUF_1_12_q4         |   in|   32|   ap_memory|     A_BUF_1_12|         array|
|A_BUF_1_12_we4        |  out|    1|   ap_memory|     A_BUF_1_12|         array|
|A_BUF_1_12_address5   |  out|    4|   ap_memory|     A_BUF_1_12|         array|
|A_BUF_1_12_ce5        |  out|    1|   ap_memory|     A_BUF_1_12|         array|
|A_BUF_1_12_d5         |  out|   32|   ap_memory|     A_BUF_1_12|         array|
|A_BUF_1_12_q5         |   in|   32|   ap_memory|     A_BUF_1_12|         array|
|A_BUF_1_12_we5        |  out|    1|   ap_memory|     A_BUF_1_12|         array|
|A_BUF_1_12_address6   |  out|    4|   ap_memory|     A_BUF_1_12|         array|
|A_BUF_1_12_ce6        |  out|    1|   ap_memory|     A_BUF_1_12|         array|
|A_BUF_1_12_d6         |  out|   32|   ap_memory|     A_BUF_1_12|         array|
|A_BUF_1_12_q6         |   in|   32|   ap_memory|     A_BUF_1_12|         array|
|A_BUF_1_12_we6        |  out|    1|   ap_memory|     A_BUF_1_12|         array|
|A_BUF_1_12_address7   |  out|    4|   ap_memory|     A_BUF_1_12|         array|
|A_BUF_1_12_ce7        |  out|    1|   ap_memory|     A_BUF_1_12|         array|
|A_BUF_1_12_d7         |  out|   32|   ap_memory|     A_BUF_1_12|         array|
|A_BUF_1_12_q7         |   in|   32|   ap_memory|     A_BUF_1_12|         array|
|A_BUF_1_12_we7        |  out|    1|   ap_memory|     A_BUF_1_12|         array|
|A_BUF_1_12_address8   |  out|    4|   ap_memory|     A_BUF_1_12|         array|
|A_BUF_1_12_ce8        |  out|    1|   ap_memory|     A_BUF_1_12|         array|
|A_BUF_1_12_d8         |  out|   32|   ap_memory|     A_BUF_1_12|         array|
|A_BUF_1_12_q8         |   in|   32|   ap_memory|     A_BUF_1_12|         array|
|A_BUF_1_12_we8        |  out|    1|   ap_memory|     A_BUF_1_12|         array|
|A_BUF_1_12_address9   |  out|    4|   ap_memory|     A_BUF_1_12|         array|
|A_BUF_1_12_ce9        |  out|    1|   ap_memory|     A_BUF_1_12|         array|
|A_BUF_1_12_d9         |  out|   32|   ap_memory|     A_BUF_1_12|         array|
|A_BUF_1_12_q9         |   in|   32|   ap_memory|     A_BUF_1_12|         array|
|A_BUF_1_12_we9        |  out|    1|   ap_memory|     A_BUF_1_12|         array|
|A_BUF_1_12_address10  |  out|    4|   ap_memory|     A_BUF_1_12|         array|
|A_BUF_1_12_ce10       |  out|    1|   ap_memory|     A_BUF_1_12|         array|
|A_BUF_1_12_d10        |  out|   32|   ap_memory|     A_BUF_1_12|         array|
|A_BUF_1_12_q10        |   in|   32|   ap_memory|     A_BUF_1_12|         array|
|A_BUF_1_12_we10       |  out|    1|   ap_memory|     A_BUF_1_12|         array|
|A_BUF_1_12_address11  |  out|    4|   ap_memory|     A_BUF_1_12|         array|
|A_BUF_1_12_ce11       |  out|    1|   ap_memory|     A_BUF_1_12|         array|
|A_BUF_1_12_d11        |  out|   32|   ap_memory|     A_BUF_1_12|         array|
|A_BUF_1_12_q11        |   in|   32|   ap_memory|     A_BUF_1_12|         array|
|A_BUF_1_12_we11       |  out|    1|   ap_memory|     A_BUF_1_12|         array|
|A_BUF_1_12_address12  |  out|    4|   ap_memory|     A_BUF_1_12|         array|
|A_BUF_1_12_ce12       |  out|    1|   ap_memory|     A_BUF_1_12|         array|
|A_BUF_1_12_d12        |  out|   32|   ap_memory|     A_BUF_1_12|         array|
|A_BUF_1_12_q12        |   in|   32|   ap_memory|     A_BUF_1_12|         array|
|A_BUF_1_12_we12       |  out|    1|   ap_memory|     A_BUF_1_12|         array|
|A_BUF_1_12_address13  |  out|    4|   ap_memory|     A_BUF_1_12|         array|
|A_BUF_1_12_ce13       |  out|    1|   ap_memory|     A_BUF_1_12|         array|
|A_BUF_1_12_d13        |  out|   32|   ap_memory|     A_BUF_1_12|         array|
|A_BUF_1_12_q13        |   in|   32|   ap_memory|     A_BUF_1_12|         array|
|A_BUF_1_12_we13       |  out|    1|   ap_memory|     A_BUF_1_12|         array|
|A_BUF_1_12_address14  |  out|    4|   ap_memory|     A_BUF_1_12|         array|
|A_BUF_1_12_ce14       |  out|    1|   ap_memory|     A_BUF_1_12|         array|
|A_BUF_1_12_d14        |  out|   32|   ap_memory|     A_BUF_1_12|         array|
|A_BUF_1_12_q14        |   in|   32|   ap_memory|     A_BUF_1_12|         array|
|A_BUF_1_12_we14       |  out|    1|   ap_memory|     A_BUF_1_12|         array|
|A_BUF_1_12_address15  |  out|    4|   ap_memory|     A_BUF_1_12|         array|
|A_BUF_1_12_ce15       |  out|    1|   ap_memory|     A_BUF_1_12|         array|
|A_BUF_1_12_d15        |  out|   32|   ap_memory|     A_BUF_1_12|         array|
|A_BUF_1_12_q15        |   in|   32|   ap_memory|     A_BUF_1_12|         array|
|A_BUF_1_12_we15       |  out|    1|   ap_memory|     A_BUF_1_12|         array|
|A_BUF_1_12_address16  |  out|    4|   ap_memory|     A_BUF_1_12|         array|
|A_BUF_1_12_ce16       |  out|    1|   ap_memory|     A_BUF_1_12|         array|
|A_BUF_1_12_d16        |  out|   32|   ap_memory|     A_BUF_1_12|         array|
|A_BUF_1_12_q16        |   in|   32|   ap_memory|     A_BUF_1_12|         array|
|A_BUF_1_12_we16       |  out|    1|   ap_memory|     A_BUF_1_12|         array|
|A_BUF_1_13_address0   |  out|    4|   ap_memory|     A_BUF_1_13|         array|
|A_BUF_1_13_ce0        |  out|    1|   ap_memory|     A_BUF_1_13|         array|
|A_BUF_1_13_d0         |  out|   32|   ap_memory|     A_BUF_1_13|         array|
|A_BUF_1_13_q0         |   in|   32|   ap_memory|     A_BUF_1_13|         array|
|A_BUF_1_13_we0        |  out|    1|   ap_memory|     A_BUF_1_13|         array|
|A_BUF_1_13_address1   |  out|    4|   ap_memory|     A_BUF_1_13|         array|
|A_BUF_1_13_ce1        |  out|    1|   ap_memory|     A_BUF_1_13|         array|
|A_BUF_1_13_d1         |  out|   32|   ap_memory|     A_BUF_1_13|         array|
|A_BUF_1_13_q1         |   in|   32|   ap_memory|     A_BUF_1_13|         array|
|A_BUF_1_13_we1        |  out|    1|   ap_memory|     A_BUF_1_13|         array|
|A_BUF_1_13_address2   |  out|    4|   ap_memory|     A_BUF_1_13|         array|
|A_BUF_1_13_ce2        |  out|    1|   ap_memory|     A_BUF_1_13|         array|
|A_BUF_1_13_d2         |  out|   32|   ap_memory|     A_BUF_1_13|         array|
|A_BUF_1_13_q2         |   in|   32|   ap_memory|     A_BUF_1_13|         array|
|A_BUF_1_13_we2        |  out|    1|   ap_memory|     A_BUF_1_13|         array|
|A_BUF_1_13_address3   |  out|    4|   ap_memory|     A_BUF_1_13|         array|
|A_BUF_1_13_ce3        |  out|    1|   ap_memory|     A_BUF_1_13|         array|
|A_BUF_1_13_d3         |  out|   32|   ap_memory|     A_BUF_1_13|         array|
|A_BUF_1_13_q3         |   in|   32|   ap_memory|     A_BUF_1_13|         array|
|A_BUF_1_13_we3        |  out|    1|   ap_memory|     A_BUF_1_13|         array|
|A_BUF_1_13_address4   |  out|    4|   ap_memory|     A_BUF_1_13|         array|
|A_BUF_1_13_ce4        |  out|    1|   ap_memory|     A_BUF_1_13|         array|
|A_BUF_1_13_d4         |  out|   32|   ap_memory|     A_BUF_1_13|         array|
|A_BUF_1_13_q4         |   in|   32|   ap_memory|     A_BUF_1_13|         array|
|A_BUF_1_13_we4        |  out|    1|   ap_memory|     A_BUF_1_13|         array|
|A_BUF_1_13_address5   |  out|    4|   ap_memory|     A_BUF_1_13|         array|
|A_BUF_1_13_ce5        |  out|    1|   ap_memory|     A_BUF_1_13|         array|
|A_BUF_1_13_d5         |  out|   32|   ap_memory|     A_BUF_1_13|         array|
|A_BUF_1_13_q5         |   in|   32|   ap_memory|     A_BUF_1_13|         array|
|A_BUF_1_13_we5        |  out|    1|   ap_memory|     A_BUF_1_13|         array|
|A_BUF_1_13_address6   |  out|    4|   ap_memory|     A_BUF_1_13|         array|
|A_BUF_1_13_ce6        |  out|    1|   ap_memory|     A_BUF_1_13|         array|
|A_BUF_1_13_d6         |  out|   32|   ap_memory|     A_BUF_1_13|         array|
|A_BUF_1_13_q6         |   in|   32|   ap_memory|     A_BUF_1_13|         array|
|A_BUF_1_13_we6        |  out|    1|   ap_memory|     A_BUF_1_13|         array|
|A_BUF_1_13_address7   |  out|    4|   ap_memory|     A_BUF_1_13|         array|
|A_BUF_1_13_ce7        |  out|    1|   ap_memory|     A_BUF_1_13|         array|
|A_BUF_1_13_d7         |  out|   32|   ap_memory|     A_BUF_1_13|         array|
|A_BUF_1_13_q7         |   in|   32|   ap_memory|     A_BUF_1_13|         array|
|A_BUF_1_13_we7        |  out|    1|   ap_memory|     A_BUF_1_13|         array|
|A_BUF_1_13_address8   |  out|    4|   ap_memory|     A_BUF_1_13|         array|
|A_BUF_1_13_ce8        |  out|    1|   ap_memory|     A_BUF_1_13|         array|
|A_BUF_1_13_d8         |  out|   32|   ap_memory|     A_BUF_1_13|         array|
|A_BUF_1_13_q8         |   in|   32|   ap_memory|     A_BUF_1_13|         array|
|A_BUF_1_13_we8        |  out|    1|   ap_memory|     A_BUF_1_13|         array|
|A_BUF_1_13_address9   |  out|    4|   ap_memory|     A_BUF_1_13|         array|
|A_BUF_1_13_ce9        |  out|    1|   ap_memory|     A_BUF_1_13|         array|
|A_BUF_1_13_d9         |  out|   32|   ap_memory|     A_BUF_1_13|         array|
|A_BUF_1_13_q9         |   in|   32|   ap_memory|     A_BUF_1_13|         array|
|A_BUF_1_13_we9        |  out|    1|   ap_memory|     A_BUF_1_13|         array|
|A_BUF_1_13_address10  |  out|    4|   ap_memory|     A_BUF_1_13|         array|
|A_BUF_1_13_ce10       |  out|    1|   ap_memory|     A_BUF_1_13|         array|
|A_BUF_1_13_d10        |  out|   32|   ap_memory|     A_BUF_1_13|         array|
|A_BUF_1_13_q10        |   in|   32|   ap_memory|     A_BUF_1_13|         array|
|A_BUF_1_13_we10       |  out|    1|   ap_memory|     A_BUF_1_13|         array|
|A_BUF_1_13_address11  |  out|    4|   ap_memory|     A_BUF_1_13|         array|
|A_BUF_1_13_ce11       |  out|    1|   ap_memory|     A_BUF_1_13|         array|
|A_BUF_1_13_d11        |  out|   32|   ap_memory|     A_BUF_1_13|         array|
|A_BUF_1_13_q11        |   in|   32|   ap_memory|     A_BUF_1_13|         array|
|A_BUF_1_13_we11       |  out|    1|   ap_memory|     A_BUF_1_13|         array|
|A_BUF_1_13_address12  |  out|    4|   ap_memory|     A_BUF_1_13|         array|
|A_BUF_1_13_ce12       |  out|    1|   ap_memory|     A_BUF_1_13|         array|
|A_BUF_1_13_d12        |  out|   32|   ap_memory|     A_BUF_1_13|         array|
|A_BUF_1_13_q12        |   in|   32|   ap_memory|     A_BUF_1_13|         array|
|A_BUF_1_13_we12       |  out|    1|   ap_memory|     A_BUF_1_13|         array|
|A_BUF_1_13_address13  |  out|    4|   ap_memory|     A_BUF_1_13|         array|
|A_BUF_1_13_ce13       |  out|    1|   ap_memory|     A_BUF_1_13|         array|
|A_BUF_1_13_d13        |  out|   32|   ap_memory|     A_BUF_1_13|         array|
|A_BUF_1_13_q13        |   in|   32|   ap_memory|     A_BUF_1_13|         array|
|A_BUF_1_13_we13       |  out|    1|   ap_memory|     A_BUF_1_13|         array|
|A_BUF_1_13_address14  |  out|    4|   ap_memory|     A_BUF_1_13|         array|
|A_BUF_1_13_ce14       |  out|    1|   ap_memory|     A_BUF_1_13|         array|
|A_BUF_1_13_d14        |  out|   32|   ap_memory|     A_BUF_1_13|         array|
|A_BUF_1_13_q14        |   in|   32|   ap_memory|     A_BUF_1_13|         array|
|A_BUF_1_13_we14       |  out|    1|   ap_memory|     A_BUF_1_13|         array|
|A_BUF_1_13_address15  |  out|    4|   ap_memory|     A_BUF_1_13|         array|
|A_BUF_1_13_ce15       |  out|    1|   ap_memory|     A_BUF_1_13|         array|
|A_BUF_1_13_d15        |  out|   32|   ap_memory|     A_BUF_1_13|         array|
|A_BUF_1_13_q15        |   in|   32|   ap_memory|     A_BUF_1_13|         array|
|A_BUF_1_13_we15       |  out|    1|   ap_memory|     A_BUF_1_13|         array|
|A_BUF_1_13_address16  |  out|    4|   ap_memory|     A_BUF_1_13|         array|
|A_BUF_1_13_ce16       |  out|    1|   ap_memory|     A_BUF_1_13|         array|
|A_BUF_1_13_d16        |  out|   32|   ap_memory|     A_BUF_1_13|         array|
|A_BUF_1_13_q16        |   in|   32|   ap_memory|     A_BUF_1_13|         array|
|A_BUF_1_13_we16       |  out|    1|   ap_memory|     A_BUF_1_13|         array|
|A_BUF_1_14_address0   |  out|    4|   ap_memory|     A_BUF_1_14|         array|
|A_BUF_1_14_ce0        |  out|    1|   ap_memory|     A_BUF_1_14|         array|
|A_BUF_1_14_d0         |  out|   32|   ap_memory|     A_BUF_1_14|         array|
|A_BUF_1_14_q0         |   in|   32|   ap_memory|     A_BUF_1_14|         array|
|A_BUF_1_14_we0        |  out|    1|   ap_memory|     A_BUF_1_14|         array|
|A_BUF_1_14_address1   |  out|    4|   ap_memory|     A_BUF_1_14|         array|
|A_BUF_1_14_ce1        |  out|    1|   ap_memory|     A_BUF_1_14|         array|
|A_BUF_1_14_d1         |  out|   32|   ap_memory|     A_BUF_1_14|         array|
|A_BUF_1_14_q1         |   in|   32|   ap_memory|     A_BUF_1_14|         array|
|A_BUF_1_14_we1        |  out|    1|   ap_memory|     A_BUF_1_14|         array|
|A_BUF_1_14_address2   |  out|    4|   ap_memory|     A_BUF_1_14|         array|
|A_BUF_1_14_ce2        |  out|    1|   ap_memory|     A_BUF_1_14|         array|
|A_BUF_1_14_d2         |  out|   32|   ap_memory|     A_BUF_1_14|         array|
|A_BUF_1_14_q2         |   in|   32|   ap_memory|     A_BUF_1_14|         array|
|A_BUF_1_14_we2        |  out|    1|   ap_memory|     A_BUF_1_14|         array|
|A_BUF_1_14_address3   |  out|    4|   ap_memory|     A_BUF_1_14|         array|
|A_BUF_1_14_ce3        |  out|    1|   ap_memory|     A_BUF_1_14|         array|
|A_BUF_1_14_d3         |  out|   32|   ap_memory|     A_BUF_1_14|         array|
|A_BUF_1_14_q3         |   in|   32|   ap_memory|     A_BUF_1_14|         array|
|A_BUF_1_14_we3        |  out|    1|   ap_memory|     A_BUF_1_14|         array|
|A_BUF_1_14_address4   |  out|    4|   ap_memory|     A_BUF_1_14|         array|
|A_BUF_1_14_ce4        |  out|    1|   ap_memory|     A_BUF_1_14|         array|
|A_BUF_1_14_d4         |  out|   32|   ap_memory|     A_BUF_1_14|         array|
|A_BUF_1_14_q4         |   in|   32|   ap_memory|     A_BUF_1_14|         array|
|A_BUF_1_14_we4        |  out|    1|   ap_memory|     A_BUF_1_14|         array|
|A_BUF_1_14_address5   |  out|    4|   ap_memory|     A_BUF_1_14|         array|
|A_BUF_1_14_ce5        |  out|    1|   ap_memory|     A_BUF_1_14|         array|
|A_BUF_1_14_d5         |  out|   32|   ap_memory|     A_BUF_1_14|         array|
|A_BUF_1_14_q5         |   in|   32|   ap_memory|     A_BUF_1_14|         array|
|A_BUF_1_14_we5        |  out|    1|   ap_memory|     A_BUF_1_14|         array|
|A_BUF_1_14_address6   |  out|    4|   ap_memory|     A_BUF_1_14|         array|
|A_BUF_1_14_ce6        |  out|    1|   ap_memory|     A_BUF_1_14|         array|
|A_BUF_1_14_d6         |  out|   32|   ap_memory|     A_BUF_1_14|         array|
|A_BUF_1_14_q6         |   in|   32|   ap_memory|     A_BUF_1_14|         array|
|A_BUF_1_14_we6        |  out|    1|   ap_memory|     A_BUF_1_14|         array|
|A_BUF_1_14_address7   |  out|    4|   ap_memory|     A_BUF_1_14|         array|
|A_BUF_1_14_ce7        |  out|    1|   ap_memory|     A_BUF_1_14|         array|
|A_BUF_1_14_d7         |  out|   32|   ap_memory|     A_BUF_1_14|         array|
|A_BUF_1_14_q7         |   in|   32|   ap_memory|     A_BUF_1_14|         array|
|A_BUF_1_14_we7        |  out|    1|   ap_memory|     A_BUF_1_14|         array|
|A_BUF_1_14_address8   |  out|    4|   ap_memory|     A_BUF_1_14|         array|
|A_BUF_1_14_ce8        |  out|    1|   ap_memory|     A_BUF_1_14|         array|
|A_BUF_1_14_d8         |  out|   32|   ap_memory|     A_BUF_1_14|         array|
|A_BUF_1_14_q8         |   in|   32|   ap_memory|     A_BUF_1_14|         array|
|A_BUF_1_14_we8        |  out|    1|   ap_memory|     A_BUF_1_14|         array|
|A_BUF_1_14_address9   |  out|    4|   ap_memory|     A_BUF_1_14|         array|
|A_BUF_1_14_ce9        |  out|    1|   ap_memory|     A_BUF_1_14|         array|
|A_BUF_1_14_d9         |  out|   32|   ap_memory|     A_BUF_1_14|         array|
|A_BUF_1_14_q9         |   in|   32|   ap_memory|     A_BUF_1_14|         array|
|A_BUF_1_14_we9        |  out|    1|   ap_memory|     A_BUF_1_14|         array|
|A_BUF_1_14_address10  |  out|    4|   ap_memory|     A_BUF_1_14|         array|
|A_BUF_1_14_ce10       |  out|    1|   ap_memory|     A_BUF_1_14|         array|
|A_BUF_1_14_d10        |  out|   32|   ap_memory|     A_BUF_1_14|         array|
|A_BUF_1_14_q10        |   in|   32|   ap_memory|     A_BUF_1_14|         array|
|A_BUF_1_14_we10       |  out|    1|   ap_memory|     A_BUF_1_14|         array|
|A_BUF_1_14_address11  |  out|    4|   ap_memory|     A_BUF_1_14|         array|
|A_BUF_1_14_ce11       |  out|    1|   ap_memory|     A_BUF_1_14|         array|
|A_BUF_1_14_d11        |  out|   32|   ap_memory|     A_BUF_1_14|         array|
|A_BUF_1_14_q11        |   in|   32|   ap_memory|     A_BUF_1_14|         array|
|A_BUF_1_14_we11       |  out|    1|   ap_memory|     A_BUF_1_14|         array|
|A_BUF_1_14_address12  |  out|    4|   ap_memory|     A_BUF_1_14|         array|
|A_BUF_1_14_ce12       |  out|    1|   ap_memory|     A_BUF_1_14|         array|
|A_BUF_1_14_d12        |  out|   32|   ap_memory|     A_BUF_1_14|         array|
|A_BUF_1_14_q12        |   in|   32|   ap_memory|     A_BUF_1_14|         array|
|A_BUF_1_14_we12       |  out|    1|   ap_memory|     A_BUF_1_14|         array|
|A_BUF_1_14_address13  |  out|    4|   ap_memory|     A_BUF_1_14|         array|
|A_BUF_1_14_ce13       |  out|    1|   ap_memory|     A_BUF_1_14|         array|
|A_BUF_1_14_d13        |  out|   32|   ap_memory|     A_BUF_1_14|         array|
|A_BUF_1_14_q13        |   in|   32|   ap_memory|     A_BUF_1_14|         array|
|A_BUF_1_14_we13       |  out|    1|   ap_memory|     A_BUF_1_14|         array|
|A_BUF_1_14_address14  |  out|    4|   ap_memory|     A_BUF_1_14|         array|
|A_BUF_1_14_ce14       |  out|    1|   ap_memory|     A_BUF_1_14|         array|
|A_BUF_1_14_d14        |  out|   32|   ap_memory|     A_BUF_1_14|         array|
|A_BUF_1_14_q14        |   in|   32|   ap_memory|     A_BUF_1_14|         array|
|A_BUF_1_14_we14       |  out|    1|   ap_memory|     A_BUF_1_14|         array|
|A_BUF_1_14_address15  |  out|    4|   ap_memory|     A_BUF_1_14|         array|
|A_BUF_1_14_ce15       |  out|    1|   ap_memory|     A_BUF_1_14|         array|
|A_BUF_1_14_d15        |  out|   32|   ap_memory|     A_BUF_1_14|         array|
|A_BUF_1_14_q15        |   in|   32|   ap_memory|     A_BUF_1_14|         array|
|A_BUF_1_14_we15       |  out|    1|   ap_memory|     A_BUF_1_14|         array|
|A_BUF_1_14_address16  |  out|    4|   ap_memory|     A_BUF_1_14|         array|
|A_BUF_1_14_ce16       |  out|    1|   ap_memory|     A_BUF_1_14|         array|
|A_BUF_1_14_d16        |  out|   32|   ap_memory|     A_BUF_1_14|         array|
|A_BUF_1_14_q16        |   in|   32|   ap_memory|     A_BUF_1_14|         array|
|A_BUF_1_14_we16       |  out|    1|   ap_memory|     A_BUF_1_14|         array|
|A_BUF_1_15_address0   |  out|    4|   ap_memory|     A_BUF_1_15|         array|
|A_BUF_1_15_ce0        |  out|    1|   ap_memory|     A_BUF_1_15|         array|
|A_BUF_1_15_d0         |  out|   32|   ap_memory|     A_BUF_1_15|         array|
|A_BUF_1_15_q0         |   in|   32|   ap_memory|     A_BUF_1_15|         array|
|A_BUF_1_15_we0        |  out|    1|   ap_memory|     A_BUF_1_15|         array|
|A_BUF_1_15_address1   |  out|    4|   ap_memory|     A_BUF_1_15|         array|
|A_BUF_1_15_ce1        |  out|    1|   ap_memory|     A_BUF_1_15|         array|
|A_BUF_1_15_d1         |  out|   32|   ap_memory|     A_BUF_1_15|         array|
|A_BUF_1_15_q1         |   in|   32|   ap_memory|     A_BUF_1_15|         array|
|A_BUF_1_15_we1        |  out|    1|   ap_memory|     A_BUF_1_15|         array|
|A_BUF_1_15_address2   |  out|    4|   ap_memory|     A_BUF_1_15|         array|
|A_BUF_1_15_ce2        |  out|    1|   ap_memory|     A_BUF_1_15|         array|
|A_BUF_1_15_d2         |  out|   32|   ap_memory|     A_BUF_1_15|         array|
|A_BUF_1_15_q2         |   in|   32|   ap_memory|     A_BUF_1_15|         array|
|A_BUF_1_15_we2        |  out|    1|   ap_memory|     A_BUF_1_15|         array|
|A_BUF_1_15_address3   |  out|    4|   ap_memory|     A_BUF_1_15|         array|
|A_BUF_1_15_ce3        |  out|    1|   ap_memory|     A_BUF_1_15|         array|
|A_BUF_1_15_d3         |  out|   32|   ap_memory|     A_BUF_1_15|         array|
|A_BUF_1_15_q3         |   in|   32|   ap_memory|     A_BUF_1_15|         array|
|A_BUF_1_15_we3        |  out|    1|   ap_memory|     A_BUF_1_15|         array|
|A_BUF_1_15_address4   |  out|    4|   ap_memory|     A_BUF_1_15|         array|
|A_BUF_1_15_ce4        |  out|    1|   ap_memory|     A_BUF_1_15|         array|
|A_BUF_1_15_d4         |  out|   32|   ap_memory|     A_BUF_1_15|         array|
|A_BUF_1_15_q4         |   in|   32|   ap_memory|     A_BUF_1_15|         array|
|A_BUF_1_15_we4        |  out|    1|   ap_memory|     A_BUF_1_15|         array|
|A_BUF_1_15_address5   |  out|    4|   ap_memory|     A_BUF_1_15|         array|
|A_BUF_1_15_ce5        |  out|    1|   ap_memory|     A_BUF_1_15|         array|
|A_BUF_1_15_d5         |  out|   32|   ap_memory|     A_BUF_1_15|         array|
|A_BUF_1_15_q5         |   in|   32|   ap_memory|     A_BUF_1_15|         array|
|A_BUF_1_15_we5        |  out|    1|   ap_memory|     A_BUF_1_15|         array|
|A_BUF_1_15_address6   |  out|    4|   ap_memory|     A_BUF_1_15|         array|
|A_BUF_1_15_ce6        |  out|    1|   ap_memory|     A_BUF_1_15|         array|
|A_BUF_1_15_d6         |  out|   32|   ap_memory|     A_BUF_1_15|         array|
|A_BUF_1_15_q6         |   in|   32|   ap_memory|     A_BUF_1_15|         array|
|A_BUF_1_15_we6        |  out|    1|   ap_memory|     A_BUF_1_15|         array|
|A_BUF_1_15_address7   |  out|    4|   ap_memory|     A_BUF_1_15|         array|
|A_BUF_1_15_ce7        |  out|    1|   ap_memory|     A_BUF_1_15|         array|
|A_BUF_1_15_d7         |  out|   32|   ap_memory|     A_BUF_1_15|         array|
|A_BUF_1_15_q7         |   in|   32|   ap_memory|     A_BUF_1_15|         array|
|A_BUF_1_15_we7        |  out|    1|   ap_memory|     A_BUF_1_15|         array|
|A_BUF_1_15_address8   |  out|    4|   ap_memory|     A_BUF_1_15|         array|
|A_BUF_1_15_ce8        |  out|    1|   ap_memory|     A_BUF_1_15|         array|
|A_BUF_1_15_d8         |  out|   32|   ap_memory|     A_BUF_1_15|         array|
|A_BUF_1_15_q8         |   in|   32|   ap_memory|     A_BUF_1_15|         array|
|A_BUF_1_15_we8        |  out|    1|   ap_memory|     A_BUF_1_15|         array|
|A_BUF_1_15_address9   |  out|    4|   ap_memory|     A_BUF_1_15|         array|
|A_BUF_1_15_ce9        |  out|    1|   ap_memory|     A_BUF_1_15|         array|
|A_BUF_1_15_d9         |  out|   32|   ap_memory|     A_BUF_1_15|         array|
|A_BUF_1_15_q9         |   in|   32|   ap_memory|     A_BUF_1_15|         array|
|A_BUF_1_15_we9        |  out|    1|   ap_memory|     A_BUF_1_15|         array|
|A_BUF_1_15_address10  |  out|    4|   ap_memory|     A_BUF_1_15|         array|
|A_BUF_1_15_ce10       |  out|    1|   ap_memory|     A_BUF_1_15|         array|
|A_BUF_1_15_d10        |  out|   32|   ap_memory|     A_BUF_1_15|         array|
|A_BUF_1_15_q10        |   in|   32|   ap_memory|     A_BUF_1_15|         array|
|A_BUF_1_15_we10       |  out|    1|   ap_memory|     A_BUF_1_15|         array|
|A_BUF_1_15_address11  |  out|    4|   ap_memory|     A_BUF_1_15|         array|
|A_BUF_1_15_ce11       |  out|    1|   ap_memory|     A_BUF_1_15|         array|
|A_BUF_1_15_d11        |  out|   32|   ap_memory|     A_BUF_1_15|         array|
|A_BUF_1_15_q11        |   in|   32|   ap_memory|     A_BUF_1_15|         array|
|A_BUF_1_15_we11       |  out|    1|   ap_memory|     A_BUF_1_15|         array|
|A_BUF_1_15_address12  |  out|    4|   ap_memory|     A_BUF_1_15|         array|
|A_BUF_1_15_ce12       |  out|    1|   ap_memory|     A_BUF_1_15|         array|
|A_BUF_1_15_d12        |  out|   32|   ap_memory|     A_BUF_1_15|         array|
|A_BUF_1_15_q12        |   in|   32|   ap_memory|     A_BUF_1_15|         array|
|A_BUF_1_15_we12       |  out|    1|   ap_memory|     A_BUF_1_15|         array|
|A_BUF_1_15_address13  |  out|    4|   ap_memory|     A_BUF_1_15|         array|
|A_BUF_1_15_ce13       |  out|    1|   ap_memory|     A_BUF_1_15|         array|
|A_BUF_1_15_d13        |  out|   32|   ap_memory|     A_BUF_1_15|         array|
|A_BUF_1_15_q13        |   in|   32|   ap_memory|     A_BUF_1_15|         array|
|A_BUF_1_15_we13       |  out|    1|   ap_memory|     A_BUF_1_15|         array|
|A_BUF_1_15_address14  |  out|    4|   ap_memory|     A_BUF_1_15|         array|
|A_BUF_1_15_ce14       |  out|    1|   ap_memory|     A_BUF_1_15|         array|
|A_BUF_1_15_d14        |  out|   32|   ap_memory|     A_BUF_1_15|         array|
|A_BUF_1_15_q14        |   in|   32|   ap_memory|     A_BUF_1_15|         array|
|A_BUF_1_15_we14       |  out|    1|   ap_memory|     A_BUF_1_15|         array|
|A_BUF_1_15_address15  |  out|    4|   ap_memory|     A_BUF_1_15|         array|
|A_BUF_1_15_ce15       |  out|    1|   ap_memory|     A_BUF_1_15|         array|
|A_BUF_1_15_d15        |  out|   32|   ap_memory|     A_BUF_1_15|         array|
|A_BUF_1_15_q15        |   in|   32|   ap_memory|     A_BUF_1_15|         array|
|A_BUF_1_15_we15       |  out|    1|   ap_memory|     A_BUF_1_15|         array|
|A_BUF_1_15_address16  |  out|    4|   ap_memory|     A_BUF_1_15|         array|
|A_BUF_1_15_ce16       |  out|    1|   ap_memory|     A_BUF_1_15|         array|
|A_BUF_1_15_d16        |  out|   32|   ap_memory|     A_BUF_1_15|         array|
|A_BUF_1_15_q16        |   in|   32|   ap_memory|     A_BUF_1_15|         array|
|A_BUF_1_15_we16       |  out|    1|   ap_memory|     A_BUF_1_15|         array|
|ap_clk                |   in|    1|  ap_ctrl_hs|  loadAFromDRAM|  return value|
|ap_rst                |   in|    1|  ap_ctrl_hs|  loadAFromDRAM|  return value|
|ap_start              |   in|    1|  ap_ctrl_hs|  loadAFromDRAM|  return value|
|ap_done               |  out|    1|  ap_ctrl_hs|  loadAFromDRAM|  return value|
|ap_ready              |  out|    1|  ap_ctrl_hs|  loadAFromDRAM|  return value|
|ap_idle               |  out|    1|  ap_ctrl_hs|  loadAFromDRAM|  return value|
|ap_continue           |   in|    1|  ap_ctrl_hs|  loadAFromDRAM|  return value|
+----------------------+-----+-----+------------+---------------+--------------+

