

================================================================
== Vitis HLS Report for 'loadTileBFromDRAM8'
================================================================
* Date:           Wed Jul  1 18:24:07 2026

* Version:        2023.2 (Build 4023990 on Oct 11 2023)
* Project:        hls_project
* Solution:       gemm2 (Vitis Kernel Flow Target)
* Product family: versalaicore
* Target device:  xcvc1902-vsva2197-2MP-e-S


================================================================
== Performance Estimates
================================================================
+ Timing: 
    * Summary: 
    +--------+---------+----------+------------+
    |  Clock |  Target | Estimated| Uncertainty|
    +--------+---------+----------+------------+
    |ap_clk  |  3.33 ns|  1.492 ns|     0.90 ns|
    +--------+---------+----------+------------+

+ Latency: 
    * Summary: 
    +---------+---------+-----------+-----------+-----+-----+---------+
    |  Latency (cycles) |   Latency (absolute)  |  Interval | Pipeline|
    |   min   |   max   |    min    |    max    | min | max |   Type  |
    +---------+---------+-----------+-----------+-----+-----+---------+
    |       19|       19|  63.327 ns|  63.327 ns|   19|   19|       no|
    +---------+---------+-----------+-----------+-----+-----+---------+

    + Detail: 
        * Instance: 
        N/A

        * Loop: 
        +---------------+---------+---------+----------+-----------+-----------+------+----------+
        |               |  Latency (cycles) | Iteration|  Initiation Interval  | Trip |          |
        |   Loop Name   |   min   |   max   |  Latency |  achieved |   target  | Count| Pipelined|
        +---------------+---------+---------+----------+-----------+-----------+------+----------+
        |- load_tile_B  |       16|       16|         1|          -|          -|    16|        no|
        +---------------+---------+---------+----------+-----------+-----------+------+----------+



================================================================
== Utilization Estimates
================================================================
* Summary: 
+-----------------+---------+------+---------+--------+-----+
|       Name      | BRAM_18K|  DSP |    FF   |   LUT  | URAM|
+-----------------+---------+------+---------+--------+-----+
|DSP              |        -|     -|        -|       -|    -|
|Expression       |        -|     -|        0|      13|    -|
|FIFO             |        -|     -|        -|       -|    -|
|Instance         |        -|     -|        0|    5120|    -|
|Memory           |        -|     -|        -|       -|    -|
|Multiplexer      |        -|     -|        -|   17597|    -|
|Register         |        -|     -|    49162|       -|    -|
+-----------------+---------+------+---------+--------+-----+
|Total            |        0|     0|    49162|   22730|    0|
+-----------------+---------+------+---------+--------+-----+
|Available        |     1934|  1968|  1799680|  899840|  463|
+-----------------+---------+------+---------+--------+-----+
|Utilization (%)  |        0|     0|        2|       2|    0|
+-----------------+---------+------+---------+--------+-----+

+ Detail: 
    * Instance: 
    +-----------------------------+-----------------------+---------+----+---+-----+-----+
    |           Instance          |         Module        | BRAM_18K| DSP| FF| LUT | URAM|
    +-----------------------------+-----------------------+---------+----+---+-----+-----+
    |sparsemux_33_4_32_1_1_U1649  |sparsemux_33_4_32_1_1  |        0|   0|  0|  160|    0|
    |sparsemux_33_4_32_1_1_U1650  |sparsemux_33_4_32_1_1  |        0|   0|  0|  160|    0|
    |sparsemux_33_4_32_1_1_U1651  |sparsemux_33_4_32_1_1  |        0|   0|  0|  160|    0|
    |sparsemux_33_4_32_1_1_U1652  |sparsemux_33_4_32_1_1  |        0|   0|  0|  160|    0|
    |sparsemux_33_4_32_1_1_U1653  |sparsemux_33_4_32_1_1  |        0|   0|  0|  160|    0|
    |sparsemux_33_4_32_1_1_U1654  |sparsemux_33_4_32_1_1  |        0|   0|  0|  160|    0|
    |sparsemux_33_4_32_1_1_U1655  |sparsemux_33_4_32_1_1  |        0|   0|  0|  160|    0|
    |sparsemux_33_4_32_1_1_U1656  |sparsemux_33_4_32_1_1  |        0|   0|  0|  160|    0|
    |sparsemux_33_4_32_1_1_U1657  |sparsemux_33_4_32_1_1  |        0|   0|  0|  160|    0|
    |sparsemux_33_4_32_1_1_U1658  |sparsemux_33_4_32_1_1  |        0|   0|  0|  160|    0|
    |sparsemux_33_4_32_1_1_U1659  |sparsemux_33_4_32_1_1  |        0|   0|  0|  160|    0|
    |sparsemux_33_4_32_1_1_U1660  |sparsemux_33_4_32_1_1  |        0|   0|  0|  160|    0|
    |sparsemux_33_4_32_1_1_U1661  |sparsemux_33_4_32_1_1  |        0|   0|  0|  160|    0|
    |sparsemux_33_4_32_1_1_U1662  |sparsemux_33_4_32_1_1  |        0|   0|  0|  160|    0|
    |sparsemux_33_4_32_1_1_U1663  |sparsemux_33_4_32_1_1  |        0|   0|  0|  160|    0|
    |sparsemux_33_4_32_1_1_U1664  |sparsemux_33_4_32_1_1  |        0|   0|  0|  160|    0|
    |sparsemux_33_4_32_1_1_U1665  |sparsemux_33_4_32_1_1  |        0|   0|  0|  160|    0|
    |sparsemux_33_4_32_1_1_U1666  |sparsemux_33_4_32_1_1  |        0|   0|  0|  160|    0|
    |sparsemux_33_4_32_1_1_U1667  |sparsemux_33_4_32_1_1  |        0|   0|  0|  160|    0|
    |sparsemux_33_4_32_1_1_U1668  |sparsemux_33_4_32_1_1  |        0|   0|  0|  160|    0|
    |sparsemux_33_4_32_1_1_U1669  |sparsemux_33_4_32_1_1  |        0|   0|  0|  160|    0|
    |sparsemux_33_4_32_1_1_U1670  |sparsemux_33_4_32_1_1  |        0|   0|  0|  160|    0|
    |sparsemux_33_4_32_1_1_U1671  |sparsemux_33_4_32_1_1  |        0|   0|  0|  160|    0|
    |sparsemux_33_4_32_1_1_U1672  |sparsemux_33_4_32_1_1  |        0|   0|  0|  160|    0|
    |sparsemux_33_4_32_1_1_U1673  |sparsemux_33_4_32_1_1  |        0|   0|  0|  160|    0|
    |sparsemux_33_4_32_1_1_U1674  |sparsemux_33_4_32_1_1  |        0|   0|  0|  160|    0|
    |sparsemux_33_4_32_1_1_U1675  |sparsemux_33_4_32_1_1  |        0|   0|  0|  160|    0|
    |sparsemux_33_4_32_1_1_U1676  |sparsemux_33_4_32_1_1  |        0|   0|  0|  160|    0|
    |sparsemux_33_4_32_1_1_U1677  |sparsemux_33_4_32_1_1  |        0|   0|  0|  160|    0|
    |sparsemux_33_4_32_1_1_U1678  |sparsemux_33_4_32_1_1  |        0|   0|  0|  160|    0|
    |sparsemux_33_4_32_1_1_U1679  |sparsemux_33_4_32_1_1  |        0|   0|  0|  160|    0|
    |sparsemux_33_4_32_1_1_U1680  |sparsemux_33_4_32_1_1  |        0|   0|  0|  160|    0|
    +-----------------------------+-----------------------+---------+----+---+-----+-----+
    |Total                        |                       |        0|   0|  0| 5120|    0|
    +-----------------------------+-----------------------+---------+----+---+-----+-----+

    * DSP: 
    N/A

    * Memory: 
    N/A

    * FIFO: 
    N/A

    * Expression: 
    +-----------------------+----------+----+---+----+------------+------------+
    |     Variable Name     | Operation| DSP| FF| LUT| Bitwidth P0| Bitwidth P1|
    +-----------------------+----------+----+---+----+------------+------------+
    |add_ln32_fu_16226_p2   |         +|   0|  0|   5|           5|           1|
    |icmp_ln32_fu_16232_p2  |      icmp|   0|  0|   6|           5|           6|
    |ap_block_state1        |        or|   0|  0|   2|           1|           1|
    +-----------------------+----------+----+---+----+------------+------------+
    |Total                  |          |   0|  0|  13|          11|           8|
    +-----------------------+----------+----+---+----+------------+------------+

    * Multiplexer: 
    +---------------------+-----+-----------+-----+-----------+
    |         Name        | LUT | Input Size| Bits| Total Bits|
    +---------------------+-----+-----------+-----+-----------+
    |B_DRAM_0_address0    |    5|          3|    5|         15|
    |B_DRAM_0_address1    |    5|          3|    5|         15|
    |B_DRAM_0_address10   |    5|          3|    5|         15|
    |B_DRAM_0_address11   |    5|          3|    5|         15|
    |B_DRAM_0_address12   |    5|          3|    5|         15|
    |B_DRAM_0_address13   |    5|          3|    5|         15|
    |B_DRAM_0_address14   |    5|          3|    5|         15|
    |B_DRAM_0_address2    |    5|          3|    5|         15|
    |B_DRAM_0_address3    |    5|          3|    5|         15|
    |B_DRAM_0_address4    |    5|          3|    5|         15|
    |B_DRAM_0_address5    |    5|          3|    5|         15|
    |B_DRAM_0_address6    |    5|          3|    5|         15|
    |B_DRAM_0_address7    |    5|          3|    5|         15|
    |B_DRAM_0_address8    |    5|          3|    5|         15|
    |B_DRAM_0_address9    |    5|          3|    5|         15|
    |B_DRAM_10_address0   |    5|          3|    5|         15|
    |B_DRAM_10_address1   |    5|          3|    5|         15|
    |B_DRAM_10_address10  |    5|          3|    5|         15|
    |B_DRAM_10_address11  |    5|          3|    5|         15|
    |B_DRAM_10_address12  |    5|          3|    5|         15|
    |B_DRAM_10_address13  |    5|          3|    5|         15|
    |B_DRAM_10_address14  |    5|          3|    5|         15|
    |B_DRAM_10_address2   |    5|          3|    5|         15|
    |B_DRAM_10_address3   |    5|          3|    5|         15|
    |B_DRAM_10_address4   |    5|          3|    5|         15|
    |B_DRAM_10_address5   |    5|          3|    5|         15|
    |B_DRAM_10_address6   |    5|          3|    5|         15|
    |B_DRAM_10_address7   |    5|          3|    5|         15|
    |B_DRAM_10_address8   |    5|          3|    5|         15|
    |B_DRAM_10_address9   |    5|          3|    5|         15|
    |B_DRAM_11_address0   |    5|          3|    5|         15|
    |B_DRAM_11_address1   |    5|          3|    5|         15|
    |B_DRAM_11_address10  |    5|          3|    5|         15|
    |B_DRAM_11_address11  |    5|          3|    5|         15|
    |B_DRAM_11_address12  |    5|          3|    5|         15|
    |B_DRAM_11_address13  |    5|          3|    5|         15|
    |B_DRAM_11_address14  |    5|          3|    5|         15|
    |B_DRAM_11_address2   |    5|          3|    5|         15|
    |B_DRAM_11_address3   |    5|          3|    5|         15|
    |B_DRAM_11_address4   |    5|          3|    5|         15|
    |B_DRAM_11_address5   |    5|          3|    5|         15|
    |B_DRAM_11_address6   |    5|          3|    5|         15|
    |B_DRAM_11_address7   |    5|          3|    5|         15|
    |B_DRAM_11_address8   |    5|          3|    5|         15|
    |B_DRAM_11_address9   |    5|          3|    5|         15|
    |B_DRAM_12_address0   |    5|          3|    5|         15|
    |B_DRAM_12_address1   |    5|          3|    5|         15|
    |B_DRAM_12_address10  |    5|          3|    5|         15|
    |B_DRAM_12_address11  |    5|          3|    5|         15|
    |B_DRAM_12_address12  |    5|          3|    5|         15|
    |B_DRAM_12_address13  |    5|          3|    5|         15|
    |B_DRAM_12_address14  |    5|          3|    5|         15|
    |B_DRAM_12_address2   |    5|          3|    5|         15|
    |B_DRAM_12_address3   |    5|          3|    5|         15|
    |B_DRAM_12_address4   |    5|          3|    5|         15|
    |B_DRAM_12_address5   |    5|          3|    5|         15|
    |B_DRAM_12_address6   |    5|          3|    5|         15|
    |B_DRAM_12_address7   |    5|          3|    5|         15|
    |B_DRAM_12_address8   |    5|          3|    5|         15|
    |B_DRAM_12_address9   |    5|          3|    5|         15|
    |B_DRAM_13_address0   |    5|          3|    5|         15|
    |B_DRAM_13_address1   |    5|          3|    5|         15|
    |B_DRAM_13_address10  |    5|          3|    5|         15|
    |B_DRAM_13_address11  |    5|          3|    5|         15|
    |B_DRAM_13_address12  |    5|          3|    5|         15|
    |B_DRAM_13_address13  |    5|          3|    5|         15|
    |B_DRAM_13_address14  |    5|          3|    5|         15|
    |B_DRAM_13_address2   |    5|          3|    5|         15|
    |B_DRAM_13_address3   |    5|          3|    5|         15|
    |B_DRAM_13_address4   |    5|          3|    5|         15|
    |B_DRAM_13_address5   |    5|          3|    5|         15|
    |B_DRAM_13_address6   |    5|          3|    5|         15|
    |B_DRAM_13_address7   |    5|          3|    5|         15|
    |B_DRAM_13_address8   |    5|          3|    5|         15|
    |B_DRAM_13_address9   |    5|          3|    5|         15|
    |B_DRAM_14_address0   |    5|          3|    5|         15|
    |B_DRAM_14_address1   |    5|          3|    5|         15|
    |B_DRAM_14_address10  |    5|          3|    5|         15|
    |B_DRAM_14_address11  |    5|          3|    5|         15|
    |B_DRAM_14_address12  |    5|          3|    5|         15|
    |B_DRAM_14_address13  |    5|          3|    5|         15|
    |B_DRAM_14_address14  |    5|          3|    5|         15|
    |B_DRAM_14_address2   |    5|          3|    5|         15|
    |B_DRAM_14_address3   |    5|          3|    5|         15|
    |B_DRAM_14_address4   |    5|          3|    5|         15|
    |B_DRAM_14_address5   |    5|          3|    5|         15|
    |B_DRAM_14_address6   |    5|          3|    5|         15|
    |B_DRAM_14_address7   |    5|          3|    5|         15|
    |B_DRAM_14_address8   |    5|          3|    5|         15|
    |B_DRAM_14_address9   |    5|          3|    5|         15|
    |B_DRAM_15_address0   |    5|          3|    5|         15|
    |B_DRAM_15_address1   |    5|          3|    5|         15|
    |B_DRAM_15_address10  |    5|          3|    5|         15|
    |B_DRAM_15_address11  |    5|          3|    5|         15|
    |B_DRAM_15_address12  |    5|          3|    5|         15|
    |B_DRAM_15_address13  |    5|          3|    5|         15|
    |B_DRAM_15_address14  |    5|          3|    5|         15|
    |B_DRAM_15_address2   |    5|          3|    5|         15|
    |B_DRAM_15_address3   |    5|          3|    5|         15|
    |B_DRAM_15_address4   |    5|          3|    5|         15|
    |B_DRAM_15_address5   |    5|          3|    5|         15|
    |B_DRAM_15_address6   |    5|          3|    5|         15|
    |B_DRAM_15_address7   |    5|          3|    5|         15|
    |B_DRAM_15_address8   |    5|          3|    5|         15|
    |B_DRAM_15_address9   |    5|          3|    5|         15|
    |B_DRAM_1_address0    |    5|          3|    5|         15|
    |B_DRAM_1_address1    |    5|          3|    5|         15|
    |B_DRAM_1_address10   |    5|          3|    5|         15|
    |B_DRAM_1_address11   |    5|          3|    5|         15|
    |B_DRAM_1_address12   |    5|          3|    5|         15|
    |B_DRAM_1_address13   |    5|          3|    5|         15|
    |B_DRAM_1_address14   |    5|          3|    5|         15|
    |B_DRAM_1_address2    |    5|          3|    5|         15|
    |B_DRAM_1_address3    |    5|          3|    5|         15|
    |B_DRAM_1_address4    |    5|          3|    5|         15|
    |B_DRAM_1_address5    |    5|          3|    5|         15|
    |B_DRAM_1_address6    |    5|          3|    5|         15|
    |B_DRAM_1_address7    |    5|          3|    5|         15|
    |B_DRAM_1_address8    |    5|          3|    5|         15|
    |B_DRAM_1_address9    |    5|          3|    5|         15|
    |B_DRAM_2_address0    |    5|          3|    5|         15|
    |B_DRAM_2_address1    |    5|          3|    5|         15|
    |B_DRAM_2_address10   |    5|          3|    5|         15|
    |B_DRAM_2_address11   |    5|          3|    5|         15|
    |B_DRAM_2_address12   |    5|          3|    5|         15|
    |B_DRAM_2_address13   |    5|          3|    5|         15|
    |B_DRAM_2_address14   |    5|          3|    5|         15|
    |B_DRAM_2_address2    |    5|          3|    5|         15|
    |B_DRAM_2_address3    |    5|          3|    5|         15|
    |B_DRAM_2_address4    |    5|          3|    5|         15|
    |B_DRAM_2_address5    |    5|          3|    5|         15|
    |B_DRAM_2_address6    |    5|          3|    5|         15|
    |B_DRAM_2_address7    |    5|          3|    5|         15|
    |B_DRAM_2_address8    |    5|          3|    5|         15|
    |B_DRAM_2_address9    |    5|          3|    5|         15|
    |B_DRAM_3_address0    |    5|          3|    5|         15|
    |B_DRAM_3_address1    |    5|          3|    5|         15|
    |B_DRAM_3_address10   |    5|          3|    5|         15|
    |B_DRAM_3_address11   |    5|          3|    5|         15|
    |B_DRAM_3_address12   |    5|          3|    5|         15|
    |B_DRAM_3_address13   |    5|          3|    5|         15|
    |B_DRAM_3_address14   |    5|          3|    5|         15|
    |B_DRAM_3_address2    |    5|          3|    5|         15|
    |B_DRAM_3_address3    |    5|          3|    5|         15|
    |B_DRAM_3_address4    |    5|          3|    5|         15|
    |B_DRAM_3_address5    |    5|          3|    5|         15|
    |B_DRAM_3_address6    |    5|          3|    5|         15|
    |B_DRAM_3_address7    |    5|          3|    5|         15|
    |B_DRAM_3_address8    |    5|          3|    5|         15|
    |B_DRAM_3_address9    |    5|          3|    5|         15|
    |B_DRAM_4_address0    |    5|          3|    5|         15|
    |B_DRAM_4_address1    |    5|          3|    5|         15|
    |B_DRAM_4_address10   |    5|          3|    5|         15|
    |B_DRAM_4_address11   |    5|          3|    5|         15|
    |B_DRAM_4_address12   |    5|          3|    5|         15|
    |B_DRAM_4_address13   |    5|          3|    5|         15|
    |B_DRAM_4_address14   |    5|          3|    5|         15|
    |B_DRAM_4_address2    |    5|          3|    5|         15|
    |B_DRAM_4_address3    |    5|          3|    5|         15|
    |B_DRAM_4_address4    |    5|          3|    5|         15|
    |B_DRAM_4_address5    |    5|          3|    5|         15|
    |B_DRAM_4_address6    |    5|          3|    5|         15|
    |B_DRAM_4_address7    |    5|          3|    5|         15|
    |B_DRAM_4_address8    |    5|          3|    5|         15|
    |B_DRAM_4_address9    |    5|          3|    5|         15|
    |B_DRAM_5_address0    |    5|          3|    5|         15|
    |B_DRAM_5_address1    |    5|          3|    5|         15|
    |B_DRAM_5_address10   |    5|          3|    5|         15|
    |B_DRAM_5_address11   |    5|          3|    5|         15|
    |B_DRAM_5_address12   |    5|          3|    5|         15|
    |B_DRAM_5_address13   |    5|          3|    5|         15|
    |B_DRAM_5_address14   |    5|          3|    5|         15|
    |B_DRAM_5_address2    |    5|          3|    5|         15|
    |B_DRAM_5_address3    |    5|          3|    5|         15|
    |B_DRAM_5_address4    |    5|          3|    5|         15|
    |B_DRAM_5_address5    |    5|          3|    5|         15|
    |B_DRAM_5_address6    |    5|          3|    5|         15|
    |B_DRAM_5_address7    |    5|          3|    5|         15|
    |B_DRAM_5_address8    |    5|          3|    5|         15|
    |B_DRAM_5_address9    |    5|          3|    5|         15|
    |B_DRAM_6_address0    |    5|          3|    5|         15|
    |B_DRAM_6_address1    |    5|          3|    5|         15|
    |B_DRAM_6_address10   |    5|          3|    5|         15|
    |B_DRAM_6_address11   |    5|          3|    5|         15|
    |B_DRAM_6_address12   |    5|          3|    5|         15|
    |B_DRAM_6_address13   |    5|          3|    5|         15|
    |B_DRAM_6_address14   |    5|          3|    5|         15|
    |B_DRAM_6_address2    |    5|          3|    5|         15|
    |B_DRAM_6_address3    |    5|          3|    5|         15|
    |B_DRAM_6_address4    |    5|          3|    5|         15|
    |B_DRAM_6_address5    |    5|          3|    5|         15|
    |B_DRAM_6_address6    |    5|          3|    5|         15|
    |B_DRAM_6_address7    |    5|          3|    5|         15|
    |B_DRAM_6_address8    |    5|          3|    5|         15|
    |B_DRAM_6_address9    |    5|          3|    5|         15|
    |B_DRAM_7_address0    |    5|          3|    5|         15|
    |B_DRAM_7_address1    |    5|          3|    5|         15|
    |B_DRAM_7_address10   |    5|          3|    5|         15|
    |B_DRAM_7_address11   |    5|          3|    5|         15|
    |B_DRAM_7_address12   |    5|          3|    5|         15|
    |B_DRAM_7_address13   |    5|          3|    5|         15|
    |B_DRAM_7_address14   |    5|          3|    5|         15|
    |B_DRAM_7_address2    |    5|          3|    5|         15|
    |B_DRAM_7_address3    |    5|          3|    5|         15|
    |B_DRAM_7_address4    |    5|          3|    5|         15|
    |B_DRAM_7_address5    |    5|          3|    5|         15|
    |B_DRAM_7_address6    |    5|          3|    5|         15|
    |B_DRAM_7_address7    |    5|          3|    5|         15|
    |B_DRAM_7_address8    |    5|          3|    5|         15|
    |B_DRAM_7_address9    |    5|          3|    5|         15|
    |B_DRAM_8_address0    |    5|          3|    5|         15|
    |B_DRAM_8_address1    |    5|          3|    5|         15|
    |B_DRAM_8_address10   |    5|          3|    5|         15|
    |B_DRAM_8_address11   |    5|          3|    5|         15|
    |B_DRAM_8_address12   |    5|          3|    5|         15|
    |B_DRAM_8_address13   |    5|          3|    5|         15|
    |B_DRAM_8_address14   |    5|          3|    5|         15|
    |B_DRAM_8_address2    |    5|          3|    5|         15|
    |B_DRAM_8_address3    |    5|          3|    5|         15|
    |B_DRAM_8_address4    |    5|          3|    5|         15|
    |B_DRAM_8_address5    |    5|          3|    5|         15|
    |B_DRAM_8_address6    |    5|          3|    5|         15|
    |B_DRAM_8_address7    |    5|          3|    5|         15|
    |B_DRAM_8_address8    |    5|          3|    5|         15|
    |B_DRAM_8_address9    |    5|          3|    5|         15|
    |B_DRAM_9_address0    |    5|          3|    5|         15|
    |B_DRAM_9_address1    |    5|          3|    5|         15|
    |B_DRAM_9_address10   |    5|          3|    5|         15|
    |B_DRAM_9_address11   |    5|          3|    5|         15|
    |B_DRAM_9_address12   |    5|          3|    5|         15|
    |B_DRAM_9_address13   |    5|          3|    5|         15|
    |B_DRAM_9_address14   |    5|          3|    5|         15|
    |B_DRAM_9_address2    |    5|          3|    5|         15|
    |B_DRAM_9_address3    |    5|          3|    5|         15|
    |B_DRAM_9_address4    |    5|          3|    5|         15|
    |B_DRAM_9_address5    |    5|          3|    5|         15|
    |B_DRAM_9_address6    |    5|          3|    5|         15|
    |B_DRAM_9_address7    |    5|          3|    5|         15|
    |B_DRAM_9_address8    |    5|          3|    5|         15|
    |B_DRAM_9_address9    |    5|          3|    5|         15|
    |B_TILE_0_0_out       |   32|          2|   32|         64|
    |B_TILE_0_10_out      |   32|          2|   32|         64|
    |B_TILE_0_11_out      |   32|          2|   32|         64|
    |B_TILE_0_12_out      |   32|          2|   32|         64|
    |B_TILE_0_13_out      |   32|          2|   32|         64|
    |B_TILE_0_14_out      |   32|          2|   32|         64|
    |B_TILE_0_15_out      |   32|          2|   32|         64|
    |B_TILE_0_16_out      |   32|          2|   32|         64|
    |B_TILE_0_17_out      |   32|          2|   32|         64|
    |B_TILE_0_18_out      |   32|          2|   32|         64|
    |B_TILE_0_19_out      |   32|          2|   32|         64|
    |B_TILE_0_1_out       |   32|          2|   32|         64|
    |B_TILE_0_20_out      |   32|          2|   32|         64|
    |B_TILE_0_21_out      |   32|          2|   32|         64|
    |B_TILE_0_22_out      |   32|          2|   32|         64|
    |B_TILE_0_23_out      |   32|          2|   32|         64|
    |B_TILE_0_24_out      |   32|          2|   32|         64|
    |B_TILE_0_25_out      |   32|          2|   32|         64|
    |B_TILE_0_26_out      |   32|          2|   32|         64|
    |B_TILE_0_27_out      |   32|          2|   32|         64|
    |B_TILE_0_28_out      |   32|          2|   32|         64|
    |B_TILE_0_29_out      |   32|          2|   32|         64|
    |B_TILE_0_2_out       |   32|          2|   32|         64|
    |B_TILE_0_30_out      |   32|          2|   32|         64|
    |B_TILE_0_31_out      |   32|          2|   32|         64|
    |B_TILE_0_3_out       |   32|          2|   32|         64|
    |B_TILE_0_4_out       |   32|          2|   32|         64|
    |B_TILE_0_5_out       |   32|          2|   32|         64|
    |B_TILE_0_6_out       |   32|          2|   32|         64|
    |B_TILE_0_7_out       |   32|          2|   32|         64|
    |B_TILE_0_8_out       |   32|          2|   32|         64|
    |B_TILE_0_9_out       |   32|          2|   32|         64|
    |B_TILE_10_0_out      |   32|          2|   32|         64|
    |B_TILE_10_10_out     |   32|          2|   32|         64|
    |B_TILE_10_11_out     |   32|          2|   32|         64|
    |B_TILE_10_12_out     |   32|          2|   32|         64|
    |B_TILE_10_13_out     |   32|          2|   32|         64|
    |B_TILE_10_14_out     |   32|          2|   32|         64|
    |B_TILE_10_15_out     |   32|          2|   32|         64|
    |B_TILE_10_16_out     |   32|          2|   32|         64|
    |B_TILE_10_17_out     |   32|          2|   32|         64|
    |B_TILE_10_18_out     |   32|          2|   32|         64|
    |B_TILE_10_19_out     |   32|          2|   32|         64|
    |B_TILE_10_1_out      |   32|          2|   32|         64|
    |B_TILE_10_20_out     |   32|          2|   32|         64|
    |B_TILE_10_21_out     |   32|          2|   32|         64|
    |B_TILE_10_22_out     |   32|          2|   32|         64|
    |B_TILE_10_23_out     |   32|          2|   32|         64|
    |B_TILE_10_24_out     |   32|          2|   32|         64|
    |B_TILE_10_25_out     |   32|          2|   32|         64|
    |B_TILE_10_26_out     |   32|          2|   32|         64|
    |B_TILE_10_27_out     |   32|          2|   32|         64|
    |B_TILE_10_28_out     |   32|          2|   32|         64|
    |B_TILE_10_29_out     |   32|          2|   32|         64|
    |B_TILE_10_2_out      |   32|          2|   32|         64|
    |B_TILE_10_30_out     |   32|          2|   32|         64|
    |B_TILE_10_31_out     |   32|          2|   32|         64|
    |B_TILE_10_3_out      |   32|          2|   32|         64|
    |B_TILE_10_4_out      |   32|          2|   32|         64|
    |B_TILE_10_5_out      |   32|          2|   32|         64|
    |B_TILE_10_6_out      |   32|          2|   32|         64|
    |B_TILE_10_7_out      |   32|          2|   32|         64|
    |B_TILE_10_8_out      |   32|          2|   32|         64|
    |B_TILE_10_9_out      |   32|          2|   32|         64|
    |B_TILE_11_0_out      |   32|          2|   32|         64|
    |B_TILE_11_10_out     |   32|          2|   32|         64|
    |B_TILE_11_11_out     |   32|          2|   32|         64|
    |B_TILE_11_12_out     |   32|          2|   32|         64|
    |B_TILE_11_13_out     |   32|          2|   32|         64|
    |B_TILE_11_14_out     |   32|          2|   32|         64|
    |B_TILE_11_15_out     |   32|          2|   32|         64|
    |B_TILE_11_16_out     |   32|          2|   32|         64|
    |B_TILE_11_17_out     |   32|          2|   32|         64|
    |B_TILE_11_18_out     |   32|          2|   32|         64|
    |B_TILE_11_19_out     |   32|          2|   32|         64|
    |B_TILE_11_1_out      |   32|          2|   32|         64|
    |B_TILE_11_20_out     |   32|          2|   32|         64|
    |B_TILE_11_21_out     |   32|          2|   32|         64|
    |B_TILE_11_22_out     |   32|          2|   32|         64|
    |B_TILE_11_23_out     |   32|          2|   32|         64|
    |B_TILE_11_24_out     |   32|          2|   32|         64|
    |B_TILE_11_25_out     |   32|          2|   32|         64|
    |B_TILE_11_26_out     |   32|          2|   32|         64|
    |B_TILE_11_27_out     |   32|          2|   32|         64|
    |B_TILE_11_28_out     |   32|          2|   32|         64|
    |B_TILE_11_29_out     |   32|          2|   32|         64|
    |B_TILE_11_2_out      |   32|          2|   32|         64|
    |B_TILE_11_30_out     |   32|          2|   32|         64|
    |B_TILE_11_31_out     |   32|          2|   32|         64|
    |B_TILE_11_3_out      |   32|          2|   32|         64|
    |B_TILE_11_4_out      |   32|          2|   32|         64|
    |B_TILE_11_5_out      |   32|          2|   32|         64|
    |B_TILE_11_6_out      |   32|          2|   32|         64|
    |B_TILE_11_7_out      |   32|          2|   32|         64|
    |B_TILE_11_8_out      |   32|          2|   32|         64|
    |B_TILE_11_9_out      |   32|          2|   32|         64|
    |B_TILE_12_0_out      |   32|          2|   32|         64|
    |B_TILE_12_10_out     |   32|          2|   32|         64|
    |B_TILE_12_11_out     |   32|          2|   32|         64|
    |B_TILE_12_12_out     |   32|          2|   32|         64|
    |B_TILE_12_13_out     |   32|          2|   32|         64|
    |B_TILE_12_14_out     |   32|          2|   32|         64|
    |B_TILE_12_15_out     |   32|          2|   32|         64|
    |B_TILE_12_16_out     |   32|          2|   32|         64|
    |B_TILE_12_17_out     |   32|          2|   32|         64|
    |B_TILE_12_18_out     |   32|          2|   32|         64|
    |B_TILE_12_19_out     |   32|          2|   32|         64|
    |B_TILE_12_1_out      |   32|          2|   32|         64|
    |B_TILE_12_20_out     |   32|          2|   32|         64|
    |B_TILE_12_21_out     |   32|          2|   32|         64|
    |B_TILE_12_22_out     |   32|          2|   32|         64|
    |B_TILE_12_23_out     |   32|          2|   32|         64|
    |B_TILE_12_24_out     |   32|          2|   32|         64|
    |B_TILE_12_25_out     |   32|          2|   32|         64|
    |B_TILE_12_26_out     |   32|          2|   32|         64|
    |B_TILE_12_27_out     |   32|          2|   32|         64|
    |B_TILE_12_28_out     |   32|          2|   32|         64|
    |B_TILE_12_29_out     |   32|          2|   32|         64|
    |B_TILE_12_2_out      |   32|          2|   32|         64|
    |B_TILE_12_30_out     |   32|          2|   32|         64|
    |B_TILE_12_31_out     |   32|          2|   32|         64|
    |B_TILE_12_3_out      |   32|          2|   32|         64|
    |B_TILE_12_4_out      |   32|          2|   32|         64|
    |B_TILE_12_5_out      |   32|          2|   32|         64|
    |B_TILE_12_6_out      |   32|          2|   32|         64|
    |B_TILE_12_7_out      |   32|          2|   32|         64|
    |B_TILE_12_8_out      |   32|          2|   32|         64|
    |B_TILE_12_9_out      |   32|          2|   32|         64|
    |B_TILE_13_0_out      |   32|          2|   32|         64|
    |B_TILE_13_10_out     |   32|          2|   32|         64|
    |B_TILE_13_11_out     |   32|          2|   32|         64|
    |B_TILE_13_12_out     |   32|          2|   32|         64|
    |B_TILE_13_13_out     |   32|          2|   32|         64|
    |B_TILE_13_14_out     |   32|          2|   32|         64|
    |B_TILE_13_15_out     |   32|          2|   32|         64|
    |B_TILE_13_16_out     |   32|          2|   32|         64|
    |B_TILE_13_17_out     |   32|          2|   32|         64|
    |B_TILE_13_18_out     |   32|          2|   32|         64|
    |B_TILE_13_19_out     |   32|          2|   32|         64|
    |B_TILE_13_1_out      |   32|          2|   32|         64|
    |B_TILE_13_20_out     |   32|          2|   32|         64|
    |B_TILE_13_21_out     |   32|          2|   32|         64|
    |B_TILE_13_22_out     |   32|          2|   32|         64|
    |B_TILE_13_23_out     |   32|          2|   32|         64|
    |B_TILE_13_24_out     |   32|          2|   32|         64|
    |B_TILE_13_25_out     |   32|          2|   32|         64|
    |B_TILE_13_26_out     |   32|          2|   32|         64|
    |B_TILE_13_27_out     |   32|          2|   32|         64|
    |B_TILE_13_28_out     |   32|          2|   32|         64|
    |B_TILE_13_29_out     |   32|          2|   32|         64|
    |B_TILE_13_2_out      |   32|          2|   32|         64|
    |B_TILE_13_30_out     |   32|          2|   32|         64|
    |B_TILE_13_31_out     |   32|          2|   32|         64|
    |B_TILE_13_3_out      |   32|          2|   32|         64|
    |B_TILE_13_4_out      |   32|          2|   32|         64|
    |B_TILE_13_5_out      |   32|          2|   32|         64|
    |B_TILE_13_6_out      |   32|          2|   32|         64|
    |B_TILE_13_7_out      |   32|          2|   32|         64|
    |B_TILE_13_8_out      |   32|          2|   32|         64|
    |B_TILE_13_9_out      |   32|          2|   32|         64|
    |B_TILE_14_0_out      |   32|          2|   32|         64|
    |B_TILE_14_10_out     |   32|          2|   32|         64|
    |B_TILE_14_11_out     |   32|          2|   32|         64|
    |B_TILE_14_12_out     |   32|          2|   32|         64|
    |B_TILE_14_13_out     |   32|          2|   32|         64|
    |B_TILE_14_14_out     |   32|          2|   32|         64|
    |B_TILE_14_15_out     |   32|          2|   32|         64|
    |B_TILE_14_16_out     |   32|          2|   32|         64|
    |B_TILE_14_17_out     |   32|          2|   32|         64|
    |B_TILE_14_18_out     |   32|          2|   32|         64|
    |B_TILE_14_19_out     |   32|          2|   32|         64|
    |B_TILE_14_1_out      |   32|          2|   32|         64|
    |B_TILE_14_20_out     |   32|          2|   32|         64|
    |B_TILE_14_21_out     |   32|          2|   32|         64|
    |B_TILE_14_22_out     |   32|          2|   32|         64|
    |B_TILE_14_23_out     |   32|          2|   32|         64|
    |B_TILE_14_24_out     |   32|          2|   32|         64|
    |B_TILE_14_25_out     |   32|          2|   32|         64|
    |B_TILE_14_26_out     |   32|          2|   32|         64|
    |B_TILE_14_27_out     |   32|          2|   32|         64|
    |B_TILE_14_28_out     |   32|          2|   32|         64|
    |B_TILE_14_29_out     |   32|          2|   32|         64|
    |B_TILE_14_2_out      |   32|          2|   32|         64|
    |B_TILE_14_30_out     |   32|          2|   32|         64|
    |B_TILE_14_31_out     |   32|          2|   32|         64|
    |B_TILE_14_3_out      |   32|          2|   32|         64|
    |B_TILE_14_4_out      |   32|          2|   32|         64|
    |B_TILE_14_5_out      |   32|          2|   32|         64|
    |B_TILE_14_6_out      |   32|          2|   32|         64|
    |B_TILE_14_7_out      |   32|          2|   32|         64|
    |B_TILE_14_8_out      |   32|          2|   32|         64|
    |B_TILE_14_9_out      |   32|          2|   32|         64|
    |B_TILE_15_0_out      |   32|          2|   32|         64|
    |B_TILE_15_10_out     |   32|          2|   32|         64|
    |B_TILE_15_11_out     |   32|          2|   32|         64|
    |B_TILE_15_12_out     |   32|          2|   32|         64|
    |B_TILE_15_13_out     |   32|          2|   32|         64|
    |B_TILE_15_14_out     |   32|          2|   32|         64|
    |B_TILE_15_15_out     |   32|          2|   32|         64|
    |B_TILE_15_16_out     |   32|          2|   32|         64|
    |B_TILE_15_17_out     |   32|          2|   32|         64|
    |B_TILE_15_18_out     |   32|          2|   32|         64|
    |B_TILE_15_19_out     |   32|          2|   32|         64|
    |B_TILE_15_1_out      |   32|          2|   32|         64|
    |B_TILE_15_20_out     |   32|          2|   32|         64|
    |B_TILE_15_21_out     |   32|          2|   32|         64|
    |B_TILE_15_22_out     |   32|          2|   32|         64|
    |B_TILE_15_23_out     |   32|          2|   32|         64|
    |B_TILE_15_24_out     |   32|          2|   32|         64|
    |B_TILE_15_25_out     |   32|          2|   32|         64|
    |B_TILE_15_26_out     |   32|          2|   32|         64|
    |B_TILE_15_27_out     |   32|          2|   32|         64|
    |B_TILE_15_28_out     |   32|          2|   32|         64|
    |B_TILE_15_29_out     |   32|          2|   32|         64|
    |B_TILE_15_2_out      |   32|          2|   32|         64|
    |B_TILE_15_30_out     |   32|          2|   32|         64|
    |B_TILE_15_31_out     |   32|          2|   32|         64|
    |B_TILE_15_3_out      |   32|          2|   32|         64|
    |B_TILE_15_4_out      |   32|          2|   32|         64|
    |B_TILE_15_5_out      |   32|          2|   32|         64|
    |B_TILE_15_6_out      |   32|          2|   32|         64|
    |B_TILE_15_7_out      |   32|          2|   32|         64|
    |B_TILE_15_8_out      |   32|          2|   32|         64|
    |B_TILE_15_9_out      |   32|          2|   32|         64|
    |B_TILE_1_0_out       |   32|          2|   32|         64|
    |B_TILE_1_10_out      |   32|          2|   32|         64|
    |B_TILE_1_11_out      |   32|          2|   32|         64|
    |B_TILE_1_12_out      |   32|          2|   32|         64|
    |B_TILE_1_13_out      |   32|          2|   32|         64|
    |B_TILE_1_14_out      |   32|          2|   32|         64|
    |B_TILE_1_15_out      |   32|          2|   32|         64|
    |B_TILE_1_16_out      |   32|          2|   32|         64|
    |B_TILE_1_17_out      |   32|          2|   32|         64|
    |B_TILE_1_18_out      |   32|          2|   32|         64|
    |B_TILE_1_19_out      |   32|          2|   32|         64|
    |B_TILE_1_1_out       |   32|          2|   32|         64|
    |B_TILE_1_20_out      |   32|          2|   32|         64|
    |B_TILE_1_21_out      |   32|          2|   32|         64|
    |B_TILE_1_22_out      |   32|          2|   32|         64|
    |B_TILE_1_23_out      |   32|          2|   32|         64|
    |B_TILE_1_24_out      |   32|          2|   32|         64|
    |B_TILE_1_25_out      |   32|          2|   32|         64|
    |B_TILE_1_26_out      |   32|          2|   32|         64|
    |B_TILE_1_27_out      |   32|          2|   32|         64|
    |B_TILE_1_28_out      |   32|          2|   32|         64|
    |B_TILE_1_29_out      |   32|          2|   32|         64|
    |B_TILE_1_2_out       |   32|          2|   32|         64|
    |B_TILE_1_30_out      |   32|          2|   32|         64|
    |B_TILE_1_31_out      |   32|          2|   32|         64|
    |B_TILE_1_3_out       |   32|          2|   32|         64|
    |B_TILE_1_4_out       |   32|          2|   32|         64|
    |B_TILE_1_5_out       |   32|          2|   32|         64|
    |B_TILE_1_6_out       |   32|          2|   32|         64|
    |B_TILE_1_7_out       |   32|          2|   32|         64|
    |B_TILE_1_8_out       |   32|          2|   32|         64|
    |B_TILE_1_9_out       |   32|          2|   32|         64|
    |B_TILE_2_0_out       |   32|          2|   32|         64|
    |B_TILE_2_10_out      |   32|          2|   32|         64|
    |B_TILE_2_11_out      |   32|          2|   32|         64|
    |B_TILE_2_12_out      |   32|          2|   32|         64|
    |B_TILE_2_13_out      |   32|          2|   32|         64|
    |B_TILE_2_14_out      |   32|          2|   32|         64|
    |B_TILE_2_15_out      |   32|          2|   32|         64|
    |B_TILE_2_16_out      |   32|          2|   32|         64|
    |B_TILE_2_17_out      |   32|          2|   32|         64|
    |B_TILE_2_18_out      |   32|          2|   32|         64|
    |B_TILE_2_19_out      |   32|          2|   32|         64|
    |B_TILE_2_1_out       |   32|          2|   32|         64|
    |B_TILE_2_20_out      |   32|          2|   32|         64|
    |B_TILE_2_21_out      |   32|          2|   32|         64|
    |B_TILE_2_22_out      |   32|          2|   32|         64|
    |B_TILE_2_23_out      |   32|          2|   32|         64|
    |B_TILE_2_24_out      |   32|          2|   32|         64|
    |B_TILE_2_25_out      |   32|          2|   32|         64|
    |B_TILE_2_26_out      |   32|          2|   32|         64|
    |B_TILE_2_27_out      |   32|          2|   32|         64|
    |B_TILE_2_28_out      |   32|          2|   32|         64|
    |B_TILE_2_29_out      |   32|          2|   32|         64|
    |B_TILE_2_2_out       |   32|          2|   32|         64|
    |B_TILE_2_30_out      |   32|          2|   32|         64|
    |B_TILE_2_31_out      |   32|          2|   32|         64|
    |B_TILE_2_3_out       |   32|          2|   32|         64|
    |B_TILE_2_4_out       |   32|          2|   32|         64|
    |B_TILE_2_5_out       |   32|          2|   32|         64|
    |B_TILE_2_6_out       |   32|          2|   32|         64|
    |B_TILE_2_7_out       |   32|          2|   32|         64|
    |B_TILE_2_8_out       |   32|          2|   32|         64|
    |B_TILE_2_9_out       |   32|          2|   32|         64|
    |B_TILE_3_0_out       |   32|          2|   32|         64|
    |B_TILE_3_10_out      |   32|          2|   32|         64|
    |B_TILE_3_11_out      |   32|          2|   32|         64|
    |B_TILE_3_12_out      |   32|          2|   32|         64|
    |B_TILE_3_13_out      |   32|          2|   32|         64|
    |B_TILE_3_14_out      |   32|          2|   32|         64|
    |B_TILE_3_15_out      |   32|          2|   32|         64|
    |B_TILE_3_16_out      |   32|          2|   32|         64|
    |B_TILE_3_17_out      |   32|          2|   32|         64|
    |B_TILE_3_18_out      |   32|          2|   32|         64|
    |B_TILE_3_19_out      |   32|          2|   32|         64|
    |B_TILE_3_1_out       |   32|          2|   32|         64|
    |B_TILE_3_20_out      |   32|          2|   32|         64|
    |B_TILE_3_21_out      |   32|          2|   32|         64|
    |B_TILE_3_22_out      |   32|          2|   32|         64|
    |B_TILE_3_23_out      |   32|          2|   32|         64|
    |B_TILE_3_24_out      |   32|          2|   32|         64|
    |B_TILE_3_25_out      |   32|          2|   32|         64|
    |B_TILE_3_26_out      |   32|          2|   32|         64|
    |B_TILE_3_27_out      |   32|          2|   32|         64|
    |B_TILE_3_28_out      |   32|          2|   32|         64|
    |B_TILE_3_29_out      |   32|          2|   32|         64|
    |B_TILE_3_2_out       |   32|          2|   32|         64|
    |B_TILE_3_30_out      |   32|          2|   32|         64|
    |B_TILE_3_31_out      |   32|          2|   32|         64|
    |B_TILE_3_3_out       |   32|          2|   32|         64|
    |B_TILE_3_4_out       |   32|          2|   32|         64|
    |B_TILE_3_5_out       |   32|          2|   32|         64|
    |B_TILE_3_6_out       |   32|          2|   32|         64|
    |B_TILE_3_7_out       |   32|          2|   32|         64|
    |B_TILE_3_8_out       |   32|          2|   32|         64|
    |B_TILE_3_9_out       |   32|          2|   32|         64|
    |B_TILE_4_0_out       |   32|          2|   32|         64|
    |B_TILE_4_10_out      |   32|          2|   32|         64|
    |B_TILE_4_11_out      |   32|          2|   32|         64|
    |B_TILE_4_12_out      |   32|          2|   32|         64|
    |B_TILE_4_13_out      |   32|          2|   32|         64|
    |B_TILE_4_14_out      |   32|          2|   32|         64|
    |B_TILE_4_15_out      |   32|          2|   32|         64|
    |B_TILE_4_16_out      |   32|          2|   32|         64|
    |B_TILE_4_17_out      |   32|          2|   32|         64|
    |B_TILE_4_18_out      |   32|          2|   32|         64|
    |B_TILE_4_19_out      |   32|          2|   32|         64|
    |B_TILE_4_1_out       |   32|          2|   32|         64|
    |B_TILE_4_20_out      |   32|          2|   32|         64|
    |B_TILE_4_21_out      |   32|          2|   32|         64|
    |B_TILE_4_22_out      |   32|          2|   32|         64|
    |B_TILE_4_23_out      |   32|          2|   32|         64|
    |B_TILE_4_24_out      |   32|          2|   32|         64|
    |B_TILE_4_25_out      |   32|          2|   32|         64|
    |B_TILE_4_26_out      |   32|          2|   32|         64|
    |B_TILE_4_27_out      |   32|          2|   32|         64|
    |B_TILE_4_28_out      |   32|          2|   32|         64|
    |B_TILE_4_29_out      |   32|          2|   32|         64|
    |B_TILE_4_2_out       |   32|          2|   32|         64|
    |B_TILE_4_30_out      |   32|          2|   32|         64|
    |B_TILE_4_31_out      |   32|          2|   32|         64|
    |B_TILE_4_3_out       |   32|          2|   32|         64|
    |B_TILE_4_4_out       |   32|          2|   32|         64|
    |B_TILE_4_5_out       |   32|          2|   32|         64|
    |B_TILE_4_6_out       |   32|          2|   32|         64|
    |B_TILE_4_7_out       |   32|          2|   32|         64|
    |B_TILE_4_8_out       |   32|          2|   32|         64|
    |B_TILE_4_9_out       |   32|          2|   32|         64|
    |B_TILE_5_0_out       |   32|          2|   32|         64|
    |B_TILE_5_10_out      |   32|          2|   32|         64|
    |B_TILE_5_11_out      |   32|          2|   32|         64|
    |B_TILE_5_12_out      |   32|          2|   32|         64|
    |B_TILE_5_13_out      |   32|          2|   32|         64|
    |B_TILE_5_14_out      |   32|          2|   32|         64|
    |B_TILE_5_15_out      |   32|          2|   32|         64|
    |B_TILE_5_16_out      |   32|          2|   32|         64|
    |B_TILE_5_17_out      |   32|          2|   32|         64|
    |B_TILE_5_18_out      |   32|          2|   32|         64|
    |B_TILE_5_19_out      |   32|          2|   32|         64|
    |B_TILE_5_1_out       |   32|          2|   32|         64|
    |B_TILE_5_20_out      |   32|          2|   32|         64|
    |B_TILE_5_21_out      |   32|          2|   32|         64|
    |B_TILE_5_22_out      |   32|          2|   32|         64|
    |B_TILE_5_23_out      |   32|          2|   32|         64|
    |B_TILE_5_24_out      |   32|          2|   32|         64|
    |B_TILE_5_25_out      |   32|          2|   32|         64|
    |B_TILE_5_26_out      |   32|          2|   32|         64|
    |B_TILE_5_27_out      |   32|          2|   32|         64|
    |B_TILE_5_28_out      |   32|          2|   32|         64|
    |B_TILE_5_29_out      |   32|          2|   32|         64|
    |B_TILE_5_2_out       |   32|          2|   32|         64|
    |B_TILE_5_30_out      |   32|          2|   32|         64|
    |B_TILE_5_31_out      |   32|          2|   32|         64|
    |B_TILE_5_3_out       |   32|          2|   32|         64|
    |B_TILE_5_4_out       |   32|          2|   32|         64|
    |B_TILE_5_5_out       |   32|          2|   32|         64|
    |B_TILE_5_6_out       |   32|          2|   32|         64|
    |B_TILE_5_7_out       |   32|          2|   32|         64|
    |B_TILE_5_8_out       |   32|          2|   32|         64|
    |B_TILE_5_9_out       |   32|          2|   32|         64|
    |B_TILE_6_0_out       |   32|          2|   32|         64|
    |B_TILE_6_10_out      |   32|          2|   32|         64|
    |B_TILE_6_11_out      |   32|          2|   32|         64|
    |B_TILE_6_12_out      |   32|          2|   32|         64|
    |B_TILE_6_13_out      |   32|          2|   32|         64|
    |B_TILE_6_14_out      |   32|          2|   32|         64|
    |B_TILE_6_15_out      |   32|          2|   32|         64|
    |B_TILE_6_16_out      |   32|          2|   32|         64|
    |B_TILE_6_17_out      |   32|          2|   32|         64|
    |B_TILE_6_18_out      |   32|          2|   32|         64|
    |B_TILE_6_19_out      |   32|          2|   32|         64|
    |B_TILE_6_1_out       |   32|          2|   32|         64|
    |B_TILE_6_20_out      |   32|          2|   32|         64|
    |B_TILE_6_21_out      |   32|          2|   32|         64|
    |B_TILE_6_22_out      |   32|          2|   32|         64|
    |B_TILE_6_23_out      |   32|          2|   32|         64|
    |B_TILE_6_24_out      |   32|          2|   32|         64|
    |B_TILE_6_25_out      |   32|          2|   32|         64|
    |B_TILE_6_26_out      |   32|          2|   32|         64|
    |B_TILE_6_27_out      |   32|          2|   32|         64|
    |B_TILE_6_28_out      |   32|          2|   32|         64|
    |B_TILE_6_29_out      |   32|          2|   32|         64|
    |B_TILE_6_2_out       |   32|          2|   32|         64|
    |B_TILE_6_30_out      |   32|          2|   32|         64|
    |B_TILE_6_31_out      |   32|          2|   32|         64|
    |B_TILE_6_3_out       |   32|          2|   32|         64|
    |B_TILE_6_4_out       |   32|          2|   32|         64|
    |B_TILE_6_5_out       |   32|          2|   32|         64|
    |B_TILE_6_6_out       |   32|          2|   32|         64|
    |B_TILE_6_7_out       |   32|          2|   32|         64|
    |B_TILE_6_8_out       |   32|          2|   32|         64|
    |B_TILE_6_9_out       |   32|          2|   32|         64|
    |B_TILE_7_0_out       |   32|          2|   32|         64|
    |B_TILE_7_10_out      |   32|          2|   32|         64|
    |B_TILE_7_11_out      |   32|          2|   32|         64|
    |B_TILE_7_12_out      |   32|          2|   32|         64|
    |B_TILE_7_13_out      |   32|          2|   32|         64|
    |B_TILE_7_14_out      |   32|          2|   32|         64|
    |B_TILE_7_15_out      |   32|          2|   32|         64|
    |B_TILE_7_16_out      |   32|          2|   32|         64|
    |B_TILE_7_17_out      |   32|          2|   32|         64|
    |B_TILE_7_18_out      |   32|          2|   32|         64|
    |B_TILE_7_19_out      |   32|          2|   32|         64|
    |B_TILE_7_1_out       |   32|          2|   32|         64|
    |B_TILE_7_20_out      |   32|          2|   32|         64|
    |B_TILE_7_21_out      |   32|          2|   32|         64|
    |B_TILE_7_22_out      |   32|          2|   32|         64|
    |B_TILE_7_23_out      |   32|          2|   32|         64|
    |B_TILE_7_24_out      |   32|          2|   32|         64|
    |B_TILE_7_25_out      |   32|          2|   32|         64|
    |B_TILE_7_26_out      |   32|          2|   32|         64|
    |B_TILE_7_27_out      |   32|          2|   32|         64|
    |B_TILE_7_28_out      |   32|          2|   32|         64|
    |B_TILE_7_29_out      |   32|          2|   32|         64|
    |B_TILE_7_2_out       |   32|          2|   32|         64|
    |B_TILE_7_30_out      |   32|          2|   32|         64|
    |B_TILE_7_31_out      |   32|          2|   32|         64|
    |B_TILE_7_3_out       |   32|          2|   32|         64|
    |B_TILE_7_4_out       |   32|          2|   32|         64|
    |B_TILE_7_5_out       |   32|          2|   32|         64|
    |B_TILE_7_6_out       |   32|          2|   32|         64|
    |B_TILE_7_7_out       |   32|          2|   32|         64|
    |B_TILE_7_8_out       |   32|          2|   32|         64|
    |B_TILE_7_9_out       |   32|          2|   32|         64|
    |B_TILE_8_0_out       |   32|          2|   32|         64|
    |B_TILE_8_10_out      |   32|          2|   32|         64|
    |B_TILE_8_11_out      |   32|          2|   32|         64|
    |B_TILE_8_12_out      |   32|          2|   32|         64|
    |B_TILE_8_13_out      |   32|          2|   32|         64|
    |B_TILE_8_14_out      |   32|          2|   32|         64|
    |B_TILE_8_15_out      |   32|          2|   32|         64|
    |B_TILE_8_16_out      |   32|          2|   32|         64|
    |B_TILE_8_17_out      |   32|          2|   32|         64|
    |B_TILE_8_18_out      |   32|          2|   32|         64|
    |B_TILE_8_19_out      |   32|          2|   32|         64|
    |B_TILE_8_1_out       |   32|          2|   32|         64|
    |B_TILE_8_20_out      |   32|          2|   32|         64|
    |B_TILE_8_21_out      |   32|          2|   32|         64|
    |B_TILE_8_22_out      |   32|          2|   32|         64|
    |B_TILE_8_23_out      |   32|          2|   32|         64|
    |B_TILE_8_24_out      |   32|          2|   32|         64|
    |B_TILE_8_25_out      |   32|          2|   32|         64|
    |B_TILE_8_26_out      |   32|          2|   32|         64|
    |B_TILE_8_27_out      |   32|          2|   32|         64|
    |B_TILE_8_28_out      |   32|          2|   32|         64|
    |B_TILE_8_29_out      |   32|          2|   32|         64|
    |B_TILE_8_2_out       |   32|          2|   32|         64|
    |B_TILE_8_30_out      |   32|          2|   32|         64|
    |B_TILE_8_31_out      |   32|          2|   32|         64|
    |B_TILE_8_3_out       |   32|          2|   32|         64|
    |B_TILE_8_4_out       |   32|          2|   32|         64|
    |B_TILE_8_5_out       |   32|          2|   32|         64|
    |B_TILE_8_6_out       |   32|          2|   32|         64|
    |B_TILE_8_7_out       |   32|          2|   32|         64|
    |B_TILE_8_8_out       |   32|          2|   32|         64|
    |B_TILE_8_9_out       |   32|          2|   32|         64|
    |B_TILE_9_0_out       |   32|          2|   32|         64|
    |B_TILE_9_10_out      |   32|          2|   32|         64|
    |B_TILE_9_11_out      |   32|          2|   32|         64|
    |B_TILE_9_12_out      |   32|          2|   32|         64|
    |B_TILE_9_13_out      |   32|          2|   32|         64|
    |B_TILE_9_14_out      |   32|          2|   32|         64|
    |B_TILE_9_15_out      |   32|          2|   32|         64|
    |B_TILE_9_16_out      |   32|          2|   32|         64|
    |B_TILE_9_17_out      |   32|          2|   32|         64|
    |B_TILE_9_18_out      |   32|          2|   32|         64|
    |B_TILE_9_19_out      |   32|          2|   32|         64|
    |B_TILE_9_1_out       |   32|          2|   32|         64|
    |B_TILE_9_20_out      |   32|          2|   32|         64|
    |B_TILE_9_21_out      |   32|          2|   32|         64|
    |B_TILE_9_22_out      |   32|          2|   32|         64|
    |B_TILE_9_23_out      |   32|          2|   32|         64|
    |B_TILE_9_24_out      |   32|          2|   32|         64|
    |B_TILE_9_25_out      |   32|          2|   32|         64|
    |B_TILE_9_26_out      |   32|          2|   32|         64|
    |B_TILE_9_27_out      |   32|          2|   32|         64|
    |B_TILE_9_28_out      |   32|          2|   32|         64|
    |B_TILE_9_29_out      |   32|          2|   32|         64|
    |B_TILE_9_2_out       |   32|          2|   32|         64|
    |B_TILE_9_30_out      |   32|          2|   32|         64|
    |B_TILE_9_31_out      |   32|          2|   32|         64|
    |B_TILE_9_3_out       |   32|          2|   32|         64|
    |B_TILE_9_4_out       |   32|          2|   32|         64|
    |B_TILE_9_5_out       |   32|          2|   32|         64|
    |B_TILE_9_6_out       |   32|          2|   32|         64|
    |B_TILE_9_7_out       |   32|          2|   32|         64|
    |B_TILE_9_8_out       |   32|          2|   32|         64|
    |B_TILE_9_9_out       |   32|          2|   32|         64|
    |ap_NS_fsm            |    6|          5|    1|          5|
    |ap_done              |    2|          2|    1|          2|
    |k_fu_1180            |    5|          2|    5|         10|
    +---------------------+-----+-----------+-----+-----------+
    |Total                |17597|       1753|17591|      36385|
    +---------------------+-----+-----------+-----+-----------+

    * Register: 
    +-----------------------------+-----+----+-----+-----------+
    |             Name            |  FF | LUT| Bits| Const Bits|
    +-----------------------------+-----+----+-----+-----------+
    |B_DRAM_0_load_10_reg_31688   |   32|   0|   32|          0|
    |B_DRAM_0_load_11_reg_31768   |   32|   0|   32|          0|
    |B_DRAM_0_load_12_reg_31848   |   32|   0|   32|          0|
    |B_DRAM_0_load_13_reg_31928   |   32|   0|   32|          0|
    |B_DRAM_0_load_14_reg_32008   |   32|   0|   32|          0|
    |B_DRAM_0_load_15_reg_32088   |   32|   0|   32|          0|
    |B_DRAM_0_load_16_reg_32168   |   32|   0|   32|          0|
    |B_DRAM_0_load_17_reg_32248   |   32|   0|   32|          0|
    |B_DRAM_0_load_18_reg_32328   |   32|   0|   32|          0|
    |B_DRAM_0_load_19_reg_32408   |   32|   0|   32|          0|
    |B_DRAM_0_load_1_reg_30968    |   32|   0|   32|          0|
    |B_DRAM_0_load_20_reg_32488   |   32|   0|   32|          0|
    |B_DRAM_0_load_21_reg_32568   |   32|   0|   32|          0|
    |B_DRAM_0_load_22_reg_32648   |   32|   0|   32|          0|
    |B_DRAM_0_load_23_reg_32728   |   32|   0|   32|          0|
    |B_DRAM_0_load_24_reg_32808   |   32|   0|   32|          0|
    |B_DRAM_0_load_25_reg_32888   |   32|   0|   32|          0|
    |B_DRAM_0_load_26_reg_32968   |   32|   0|   32|          0|
    |B_DRAM_0_load_27_reg_33048   |   32|   0|   32|          0|
    |B_DRAM_0_load_28_reg_33128   |   32|   0|   32|          0|
    |B_DRAM_0_load_29_reg_33208   |   32|   0|   32|          0|
    |B_DRAM_0_load_2_reg_31048    |   32|   0|   32|          0|
    |B_DRAM_0_load_30_reg_33288   |   32|   0|   32|          0|
    |B_DRAM_0_load_31_reg_33368   |   32|   0|   32|          0|
    |B_DRAM_0_load_3_reg_31128    |   32|   0|   32|          0|
    |B_DRAM_0_load_4_reg_31208    |   32|   0|   32|          0|
    |B_DRAM_0_load_5_reg_31288    |   32|   0|   32|          0|
    |B_DRAM_0_load_6_reg_31368    |   32|   0|   32|          0|
    |B_DRAM_0_load_7_reg_31448    |   32|   0|   32|          0|
    |B_DRAM_0_load_8_reg_31528    |   32|   0|   32|          0|
    |B_DRAM_0_load_9_reg_31608    |   32|   0|   32|          0|
    |B_DRAM_0_load_reg_29528      |   32|   0|   32|          0|
    |B_DRAM_10_load_10_reg_31738  |   32|   0|   32|          0|
    |B_DRAM_10_load_11_reg_31818  |   32|   0|   32|          0|
    |B_DRAM_10_load_12_reg_31898  |   32|   0|   32|          0|
    |B_DRAM_10_load_13_reg_31978  |   32|   0|   32|          0|
    |B_DRAM_10_load_14_reg_32058  |   32|   0|   32|          0|
    |B_DRAM_10_load_15_reg_32138  |   32|   0|   32|          0|
    |B_DRAM_10_load_16_reg_32218  |   32|   0|   32|          0|
    |B_DRAM_10_load_17_reg_32298  |   32|   0|   32|          0|
    |B_DRAM_10_load_18_reg_32378  |   32|   0|   32|          0|
    |B_DRAM_10_load_19_reg_32458  |   32|   0|   32|          0|
    |B_DRAM_10_load_1_reg_31018   |   32|   0|   32|          0|
    |B_DRAM_10_load_20_reg_32538  |   32|   0|   32|          0|
    |B_DRAM_10_load_21_reg_32618  |   32|   0|   32|          0|
    |B_DRAM_10_load_22_reg_32698  |   32|   0|   32|          0|
    |B_DRAM_10_load_23_reg_32778  |   32|   0|   32|          0|
    |B_DRAM_10_load_24_reg_32858  |   32|   0|   32|          0|
    |B_DRAM_10_load_25_reg_32938  |   32|   0|   32|          0|
    |B_DRAM_10_load_26_reg_33018  |   32|   0|   32|          0|
    |B_DRAM_10_load_27_reg_33098  |   32|   0|   32|          0|
    |B_DRAM_10_load_28_reg_33178  |   32|   0|   32|          0|
    |B_DRAM_10_load_29_reg_33258  |   32|   0|   32|          0|
    |B_DRAM_10_load_2_reg_31098   |   32|   0|   32|          0|
    |B_DRAM_10_load_30_reg_33338  |   32|   0|   32|          0|
    |B_DRAM_10_load_31_reg_33418  |   32|   0|   32|          0|
    |B_DRAM_10_load_3_reg_31178   |   32|   0|   32|          0|
    |B_DRAM_10_load_4_reg_31258   |   32|   0|   32|          0|
    |B_DRAM_10_load_5_reg_31338   |   32|   0|   32|          0|
    |B_DRAM_10_load_6_reg_31418   |   32|   0|   32|          0|
    |B_DRAM_10_load_7_reg_31498   |   32|   0|   32|          0|
    |B_DRAM_10_load_8_reg_31578   |   32|   0|   32|          0|
    |B_DRAM_10_load_9_reg_31658   |   32|   0|   32|          0|
    |B_DRAM_10_load_reg_29578     |   32|   0|   32|          0|
    |B_DRAM_11_load_10_reg_31743  |   32|   0|   32|          0|
    |B_DRAM_11_load_11_reg_31823  |   32|   0|   32|          0|
    |B_DRAM_11_load_12_reg_31903  |   32|   0|   32|          0|
    |B_DRAM_11_load_13_reg_31983  |   32|   0|   32|          0|
    |B_DRAM_11_load_14_reg_32063  |   32|   0|   32|          0|
    |B_DRAM_11_load_15_reg_32143  |   32|   0|   32|          0|
    |B_DRAM_11_load_16_reg_32223  |   32|   0|   32|          0|
    |B_DRAM_11_load_17_reg_32303  |   32|   0|   32|          0|
    |B_DRAM_11_load_18_reg_32383  |   32|   0|   32|          0|
    |B_DRAM_11_load_19_reg_32463  |   32|   0|   32|          0|
    |B_DRAM_11_load_1_reg_31023   |   32|   0|   32|          0|
    |B_DRAM_11_load_20_reg_32543  |   32|   0|   32|          0|
    |B_DRAM_11_load_21_reg_32623  |   32|   0|   32|          0|
    |B_DRAM_11_load_22_reg_32703  |   32|   0|   32|          0|
    |B_DRAM_11_load_23_reg_32783  |   32|   0|   32|          0|
    |B_DRAM_11_load_24_reg_32863  |   32|   0|   32|          0|
    |B_DRAM_11_load_25_reg_32943  |   32|   0|   32|          0|
    |B_DRAM_11_load_26_reg_33023  |   32|   0|   32|          0|
    |B_DRAM_11_load_27_reg_33103  |   32|   0|   32|          0|
    |B_DRAM_11_load_28_reg_33183  |   32|   0|   32|          0|
    |B_DRAM_11_load_29_reg_33263  |   32|   0|   32|          0|
    |B_DRAM_11_load_2_reg_31103   |   32|   0|   32|          0|
    |B_DRAM_11_load_30_reg_33343  |   32|   0|   32|          0|
    |B_DRAM_11_load_31_reg_33423  |   32|   0|   32|          0|
    |B_DRAM_11_load_3_reg_31183   |   32|   0|   32|          0|
    |B_DRAM_11_load_4_reg_31263   |   32|   0|   32|          0|
    |B_DRAM_11_load_5_reg_31343   |   32|   0|   32|          0|
    |B_DRAM_11_load_6_reg_31423   |   32|   0|   32|          0|
    |B_DRAM_11_load_7_reg_31503   |   32|   0|   32|          0|
    |B_DRAM_11_load_8_reg_31583   |   32|   0|   32|          0|
    |B_DRAM_11_load_9_reg_31663   |   32|   0|   32|          0|
    |B_DRAM_11_load_reg_29583     |   32|   0|   32|          0|
    |B_DRAM_12_load_10_reg_31748  |   32|   0|   32|          0|
    |B_DRAM_12_load_11_reg_31828  |   32|   0|   32|          0|
    |B_DRAM_12_load_12_reg_31908  |   32|   0|   32|          0|
    |B_DRAM_12_load_13_reg_31988  |   32|   0|   32|          0|
    |B_DRAM_12_load_14_reg_32068  |   32|   0|   32|          0|
    |B_DRAM_12_load_15_reg_32148  |   32|   0|   32|          0|
    |B_DRAM_12_load_16_reg_32228  |   32|   0|   32|          0|
    |B_DRAM_12_load_17_reg_32308  |   32|   0|   32|          0|
    |B_DRAM_12_load_18_reg_32388  |   32|   0|   32|          0|
    |B_DRAM_12_load_19_reg_32468  |   32|   0|   32|          0|
    |B_DRAM_12_load_1_reg_31028   |   32|   0|   32|          0|
    |B_DRAM_12_load_20_reg_32548  |   32|   0|   32|          0|
    |B_DRAM_12_load_21_reg_32628  |   32|   0|   32|          0|
    |B_DRAM_12_load_22_reg_32708  |   32|   0|   32|          0|
    |B_DRAM_12_load_23_reg_32788  |   32|   0|   32|          0|
    |B_DRAM_12_load_24_reg_32868  |   32|   0|   32|          0|
    |B_DRAM_12_load_25_reg_32948  |   32|   0|   32|          0|
    |B_DRAM_12_load_26_reg_33028  |   32|   0|   32|          0|
    |B_DRAM_12_load_27_reg_33108  |   32|   0|   32|          0|
    |B_DRAM_12_load_28_reg_33188  |   32|   0|   32|          0|
    |B_DRAM_12_load_29_reg_33268  |   32|   0|   32|          0|
    |B_DRAM_12_load_2_reg_31108   |   32|   0|   32|          0|
    |B_DRAM_12_load_30_reg_33348  |   32|   0|   32|          0|
    |B_DRAM_12_load_31_reg_33428  |   32|   0|   32|          0|
    |B_DRAM_12_load_3_reg_31188   |   32|   0|   32|          0|
    |B_DRAM_12_load_4_reg_31268   |   32|   0|   32|          0|
    |B_DRAM_12_load_5_reg_31348   |   32|   0|   32|          0|
    |B_DRAM_12_load_6_reg_31428   |   32|   0|   32|          0|
    |B_DRAM_12_load_7_reg_31508   |   32|   0|   32|          0|
    |B_DRAM_12_load_8_reg_31588   |   32|   0|   32|          0|
    |B_DRAM_12_load_9_reg_31668   |   32|   0|   32|          0|
    |B_DRAM_12_load_reg_29588     |   32|   0|   32|          0|
    |B_DRAM_13_load_10_reg_31753  |   32|   0|   32|          0|
    |B_DRAM_13_load_11_reg_31833  |   32|   0|   32|          0|
    |B_DRAM_13_load_12_reg_31913  |   32|   0|   32|          0|
    |B_DRAM_13_load_13_reg_31993  |   32|   0|   32|          0|
    |B_DRAM_13_load_14_reg_32073  |   32|   0|   32|          0|
    |B_DRAM_13_load_15_reg_32153  |   32|   0|   32|          0|
    |B_DRAM_13_load_16_reg_32233  |   32|   0|   32|          0|
    |B_DRAM_13_load_17_reg_32313  |   32|   0|   32|          0|
    |B_DRAM_13_load_18_reg_32393  |   32|   0|   32|          0|
    |B_DRAM_13_load_19_reg_32473  |   32|   0|   32|          0|
    |B_DRAM_13_load_1_reg_31033   |   32|   0|   32|          0|
    |B_DRAM_13_load_20_reg_32553  |   32|   0|   32|          0|
    |B_DRAM_13_load_21_reg_32633  |   32|   0|   32|          0|
    |B_DRAM_13_load_22_reg_32713  |   32|   0|   32|          0|
    |B_DRAM_13_load_23_reg_32793  |   32|   0|   32|          0|
    |B_DRAM_13_load_24_reg_32873  |   32|   0|   32|          0|
    |B_DRAM_13_load_25_reg_32953  |   32|   0|   32|          0|
    |B_DRAM_13_load_26_reg_33033  |   32|   0|   32|          0|
    |B_DRAM_13_load_27_reg_33113  |   32|   0|   32|          0|
    |B_DRAM_13_load_28_reg_33193  |   32|   0|   32|          0|
    |B_DRAM_13_load_29_reg_33273  |   32|   0|   32|          0|
    |B_DRAM_13_load_2_reg_31113   |   32|   0|   32|          0|
    |B_DRAM_13_load_30_reg_33353  |   32|   0|   32|          0|
    |B_DRAM_13_load_31_reg_33433  |   32|   0|   32|          0|
    |B_DRAM_13_load_3_reg_31193   |   32|   0|   32|          0|
    |B_DRAM_13_load_4_reg_31273   |   32|   0|   32|          0|
    |B_DRAM_13_load_5_reg_31353   |   32|   0|   32|          0|
    |B_DRAM_13_load_6_reg_31433   |   32|   0|   32|          0|
    |B_DRAM_13_load_7_reg_31513   |   32|   0|   32|          0|
    |B_DRAM_13_load_8_reg_31593   |   32|   0|   32|          0|
    |B_DRAM_13_load_9_reg_31673   |   32|   0|   32|          0|
    |B_DRAM_13_load_reg_29593     |   32|   0|   32|          0|
    |B_DRAM_14_load_10_reg_31758  |   32|   0|   32|          0|
    |B_DRAM_14_load_11_reg_31838  |   32|   0|   32|          0|
    |B_DRAM_14_load_12_reg_31918  |   32|   0|   32|          0|
    |B_DRAM_14_load_13_reg_31998  |   32|   0|   32|          0|
    |B_DRAM_14_load_14_reg_32078  |   32|   0|   32|          0|
    |B_DRAM_14_load_15_reg_32158  |   32|   0|   32|          0|
    |B_DRAM_14_load_16_reg_32238  |   32|   0|   32|          0|
    |B_DRAM_14_load_17_reg_32318  |   32|   0|   32|          0|
    |B_DRAM_14_load_18_reg_32398  |   32|   0|   32|          0|
    |B_DRAM_14_load_19_reg_32478  |   32|   0|   32|          0|
    |B_DRAM_14_load_1_reg_31038   |   32|   0|   32|          0|
    |B_DRAM_14_load_20_reg_32558  |   32|   0|   32|          0|
    |B_DRAM_14_load_21_reg_32638  |   32|   0|   32|          0|
    |B_DRAM_14_load_22_reg_32718  |   32|   0|   32|          0|
    |B_DRAM_14_load_23_reg_32798  |   32|   0|   32|          0|
    |B_DRAM_14_load_24_reg_32878  |   32|   0|   32|          0|
    |B_DRAM_14_load_25_reg_32958  |   32|   0|   32|          0|
    |B_DRAM_14_load_26_reg_33038  |   32|   0|   32|          0|
    |B_DRAM_14_load_27_reg_33118  |   32|   0|   32|          0|
    |B_DRAM_14_load_28_reg_33198  |   32|   0|   32|          0|
    |B_DRAM_14_load_29_reg_33278  |   32|   0|   32|          0|
    |B_DRAM_14_load_2_reg_31118   |   32|   0|   32|          0|
    |B_DRAM_14_load_30_reg_33358  |   32|   0|   32|          0|
    |B_DRAM_14_load_31_reg_33438  |   32|   0|   32|          0|
    |B_DRAM_14_load_3_reg_31198   |   32|   0|   32|          0|
    |B_DRAM_14_load_4_reg_31278   |   32|   0|   32|          0|
    |B_DRAM_14_load_5_reg_31358   |   32|   0|   32|          0|
    |B_DRAM_14_load_6_reg_31438   |   32|   0|   32|          0|
    |B_DRAM_14_load_7_reg_31518   |   32|   0|   32|          0|
    |B_DRAM_14_load_8_reg_31598   |   32|   0|   32|          0|
    |B_DRAM_14_load_9_reg_31678   |   32|   0|   32|          0|
    |B_DRAM_14_load_reg_29598     |   32|   0|   32|          0|
    |B_DRAM_15_load_10_reg_31763  |   32|   0|   32|          0|
    |B_DRAM_15_load_11_reg_31843  |   32|   0|   32|          0|
    |B_DRAM_15_load_12_reg_31923  |   32|   0|   32|          0|
    |B_DRAM_15_load_13_reg_32003  |   32|   0|   32|          0|
    |B_DRAM_15_load_14_reg_32083  |   32|   0|   32|          0|
    |B_DRAM_15_load_15_reg_32163  |   32|   0|   32|          0|
    |B_DRAM_15_load_16_reg_32243  |   32|   0|   32|          0|
    |B_DRAM_15_load_17_reg_32323  |   32|   0|   32|          0|
    |B_DRAM_15_load_18_reg_32403  |   32|   0|   32|          0|
    |B_DRAM_15_load_19_reg_32483  |   32|   0|   32|          0|
    |B_DRAM_15_load_1_reg_31043   |   32|   0|   32|          0|
    |B_DRAM_15_load_20_reg_32563  |   32|   0|   32|          0|
    |B_DRAM_15_load_21_reg_32643  |   32|   0|   32|          0|
    |B_DRAM_15_load_22_reg_32723  |   32|   0|   32|          0|
    |B_DRAM_15_load_23_reg_32803  |   32|   0|   32|          0|
    |B_DRAM_15_load_24_reg_32883  |   32|   0|   32|          0|
    |B_DRAM_15_load_25_reg_32963  |   32|   0|   32|          0|
    |B_DRAM_15_load_26_reg_33043  |   32|   0|   32|          0|
    |B_DRAM_15_load_27_reg_33123  |   32|   0|   32|          0|
    |B_DRAM_15_load_28_reg_33203  |   32|   0|   32|          0|
    |B_DRAM_15_load_29_reg_33283  |   32|   0|   32|          0|
    |B_DRAM_15_load_2_reg_31123   |   32|   0|   32|          0|
    |B_DRAM_15_load_30_reg_33363  |   32|   0|   32|          0|
    |B_DRAM_15_load_31_reg_33443  |   32|   0|   32|          0|
    |B_DRAM_15_load_3_reg_31203   |   32|   0|   32|          0|
    |B_DRAM_15_load_4_reg_31283   |   32|   0|   32|          0|
    |B_DRAM_15_load_5_reg_31363   |   32|   0|   32|          0|
    |B_DRAM_15_load_6_reg_31443   |   32|   0|   32|          0|
    |B_DRAM_15_load_7_reg_31523   |   32|   0|   32|          0|
    |B_DRAM_15_load_8_reg_31603   |   32|   0|   32|          0|
    |B_DRAM_15_load_9_reg_31683   |   32|   0|   32|          0|
    |B_DRAM_15_load_reg_29603     |   32|   0|   32|          0|
    |B_DRAM_1_load_10_reg_31693   |   32|   0|   32|          0|
    |B_DRAM_1_load_11_reg_31773   |   32|   0|   32|          0|
    |B_DRAM_1_load_12_reg_31853   |   32|   0|   32|          0|
    |B_DRAM_1_load_13_reg_31933   |   32|   0|   32|          0|
    |B_DRAM_1_load_14_reg_32013   |   32|   0|   32|          0|
    |B_DRAM_1_load_15_reg_32093   |   32|   0|   32|          0|
    |B_DRAM_1_load_16_reg_32173   |   32|   0|   32|          0|
    |B_DRAM_1_load_17_reg_32253   |   32|   0|   32|          0|
    |B_DRAM_1_load_18_reg_32333   |   32|   0|   32|          0|
    |B_DRAM_1_load_19_reg_32413   |   32|   0|   32|          0|
    |B_DRAM_1_load_1_reg_30973    |   32|   0|   32|          0|
    |B_DRAM_1_load_20_reg_32493   |   32|   0|   32|          0|
    |B_DRAM_1_load_21_reg_32573   |   32|   0|   32|          0|
    |B_DRAM_1_load_22_reg_32653   |   32|   0|   32|          0|
    |B_DRAM_1_load_23_reg_32733   |   32|   0|   32|          0|
    |B_DRAM_1_load_24_reg_32813   |   32|   0|   32|          0|
    |B_DRAM_1_load_25_reg_32893   |   32|   0|   32|          0|
    |B_DRAM_1_load_26_reg_32973   |   32|   0|   32|          0|
    |B_DRAM_1_load_27_reg_33053   |   32|   0|   32|          0|
    |B_DRAM_1_load_28_reg_33133   |   32|   0|   32|          0|
    |B_DRAM_1_load_29_reg_33213   |   32|   0|   32|          0|
    |B_DRAM_1_load_2_reg_31053    |   32|   0|   32|          0|
    |B_DRAM_1_load_30_reg_33293   |   32|   0|   32|          0|
    |B_DRAM_1_load_31_reg_33373   |   32|   0|   32|          0|
    |B_DRAM_1_load_3_reg_31133    |   32|   0|   32|          0|
    |B_DRAM_1_load_4_reg_31213    |   32|   0|   32|          0|
    |B_DRAM_1_load_5_reg_31293    |   32|   0|   32|          0|
    |B_DRAM_1_load_6_reg_31373    |   32|   0|   32|          0|
    |B_DRAM_1_load_7_reg_31453    |   32|   0|   32|          0|
    |B_DRAM_1_load_8_reg_31533    |   32|   0|   32|          0|
    |B_DRAM_1_load_9_reg_31613    |   32|   0|   32|          0|
    |B_DRAM_1_load_reg_29533      |   32|   0|   32|          0|
    |B_DRAM_2_load_10_reg_31698   |   32|   0|   32|          0|
    |B_DRAM_2_load_11_reg_31778   |   32|   0|   32|          0|
    |B_DRAM_2_load_12_reg_31858   |   32|   0|   32|          0|
    |B_DRAM_2_load_13_reg_31938   |   32|   0|   32|          0|
    |B_DRAM_2_load_14_reg_32018   |   32|   0|   32|          0|
    |B_DRAM_2_load_15_reg_32098   |   32|   0|   32|          0|
    |B_DRAM_2_load_16_reg_32178   |   32|   0|   32|          0|
    |B_DRAM_2_load_17_reg_32258   |   32|   0|   32|          0|
    |B_DRAM_2_load_18_reg_32338   |   32|   0|   32|          0|
    |B_DRAM_2_load_19_reg_32418   |   32|   0|   32|          0|
    |B_DRAM_2_load_1_reg_30978    |   32|   0|   32|          0|
    |B_DRAM_2_load_20_reg_32498   |   32|   0|   32|          0|
    |B_DRAM_2_load_21_reg_32578   |   32|   0|   32|          0|
    |B_DRAM_2_load_22_reg_32658   |   32|   0|   32|          0|
    |B_DRAM_2_load_23_reg_32738   |   32|   0|   32|          0|
    |B_DRAM_2_load_24_reg_32818   |   32|   0|   32|          0|
    |B_DRAM_2_load_25_reg_32898   |   32|   0|   32|          0|
    |B_DRAM_2_load_26_reg_32978   |   32|   0|   32|          0|
    |B_DRAM_2_load_27_reg_33058   |   32|   0|   32|          0|
    |B_DRAM_2_load_28_reg_33138   |   32|   0|   32|          0|
    |B_DRAM_2_load_29_reg_33218   |   32|   0|   32|          0|
    |B_DRAM_2_load_2_reg_31058    |   32|   0|   32|          0|
    |B_DRAM_2_load_30_reg_33298   |   32|   0|   32|          0|
    |B_DRAM_2_load_31_reg_33378   |   32|   0|   32|          0|
    |B_DRAM_2_load_3_reg_31138    |   32|   0|   32|          0|
    |B_DRAM_2_load_4_reg_31218    |   32|   0|   32|          0|
    |B_DRAM_2_load_5_reg_31298    |   32|   0|   32|          0|
    |B_DRAM_2_load_6_reg_31378    |   32|   0|   32|          0|
    |B_DRAM_2_load_7_reg_31458    |   32|   0|   32|          0|
    |B_DRAM_2_load_8_reg_31538    |   32|   0|   32|          0|
    |B_DRAM_2_load_9_reg_31618    |   32|   0|   32|          0|
    |B_DRAM_2_load_reg_29538      |   32|   0|   32|          0|
    |B_DRAM_3_load_10_reg_31703   |   32|   0|   32|          0|
    |B_DRAM_3_load_11_reg_31783   |   32|   0|   32|          0|
    |B_DRAM_3_load_12_reg_31863   |   32|   0|   32|          0|
    |B_DRAM_3_load_13_reg_31943   |   32|   0|   32|          0|
    |B_DRAM_3_load_14_reg_32023   |   32|   0|   32|          0|
    |B_DRAM_3_load_15_reg_32103   |   32|   0|   32|          0|
    |B_DRAM_3_load_16_reg_32183   |   32|   0|   32|          0|
    |B_DRAM_3_load_17_reg_32263   |   32|   0|   32|          0|
    |B_DRAM_3_load_18_reg_32343   |   32|   0|   32|          0|
    |B_DRAM_3_load_19_reg_32423   |   32|   0|   32|          0|
    |B_DRAM_3_load_1_reg_30983    |   32|   0|   32|          0|
    |B_DRAM_3_load_20_reg_32503   |   32|   0|   32|          0|
    |B_DRAM_3_load_21_reg_32583   |   32|   0|   32|          0|
    |B_DRAM_3_load_22_reg_32663   |   32|   0|   32|          0|
    |B_DRAM_3_load_23_reg_32743   |   32|   0|   32|          0|
    |B_DRAM_3_load_24_reg_32823   |   32|   0|   32|          0|
    |B_DRAM_3_load_25_reg_32903   |   32|   0|   32|          0|
    |B_DRAM_3_load_26_reg_32983   |   32|   0|   32|          0|
    |B_DRAM_3_load_27_reg_33063   |   32|   0|   32|          0|
    |B_DRAM_3_load_28_reg_33143   |   32|   0|   32|          0|
    |B_DRAM_3_load_29_reg_33223   |   32|   0|   32|          0|
    |B_DRAM_3_load_2_reg_31063    |   32|   0|   32|          0|
    |B_DRAM_3_load_30_reg_33303   |   32|   0|   32|          0|
    |B_DRAM_3_load_31_reg_33383   |   32|   0|   32|          0|
    |B_DRAM_3_load_3_reg_31143    |   32|   0|   32|          0|
    |B_DRAM_3_load_4_reg_31223    |   32|   0|   32|          0|
    |B_DRAM_3_load_5_reg_31303    |   32|   0|   32|          0|
    |B_DRAM_3_load_6_reg_31383    |   32|   0|   32|          0|
    |B_DRAM_3_load_7_reg_31463    |   32|   0|   32|          0|
    |B_DRAM_3_load_8_reg_31543    |   32|   0|   32|          0|
    |B_DRAM_3_load_9_reg_31623    |   32|   0|   32|          0|
    |B_DRAM_3_load_reg_29543      |   32|   0|   32|          0|
    |B_DRAM_4_load_10_reg_31708   |   32|   0|   32|          0|
    |B_DRAM_4_load_11_reg_31788   |   32|   0|   32|          0|
    |B_DRAM_4_load_12_reg_31868   |   32|   0|   32|          0|
    |B_DRAM_4_load_13_reg_31948   |   32|   0|   32|          0|
    |B_DRAM_4_load_14_reg_32028   |   32|   0|   32|          0|
    |B_DRAM_4_load_15_reg_32108   |   32|   0|   32|          0|
    |B_DRAM_4_load_16_reg_32188   |   32|   0|   32|          0|
    |B_DRAM_4_load_17_reg_32268   |   32|   0|   32|          0|
    |B_DRAM_4_load_18_reg_32348   |   32|   0|   32|          0|
    |B_DRAM_4_load_19_reg_32428   |   32|   0|   32|          0|
    |B_DRAM_4_load_1_reg_30988    |   32|   0|   32|          0|
    |B_DRAM_4_load_20_reg_32508   |   32|   0|   32|          0|
    |B_DRAM_4_load_21_reg_32588   |   32|   0|   32|          0|
    |B_DRAM_4_load_22_reg_32668   |   32|   0|   32|          0|
    |B_DRAM_4_load_23_reg_32748   |   32|   0|   32|          0|
    |B_DRAM_4_load_24_reg_32828   |   32|   0|   32|          0|
    |B_DRAM_4_load_25_reg_32908   |   32|   0|   32|          0|
    |B_DRAM_4_load_26_reg_32988   |   32|   0|   32|          0|
    |B_DRAM_4_load_27_reg_33068   |   32|   0|   32|          0|
    |B_DRAM_4_load_28_reg_33148   |   32|   0|   32|          0|
    |B_DRAM_4_load_29_reg_33228   |   32|   0|   32|          0|
    |B_DRAM_4_load_2_reg_31068    |   32|   0|   32|          0|
    |B_DRAM_4_load_30_reg_33308   |   32|   0|   32|          0|
    |B_DRAM_4_load_31_reg_33388   |   32|   0|   32|          0|
    |B_DRAM_4_load_3_reg_31148    |   32|   0|   32|          0|
    |B_DRAM_4_load_4_reg_31228    |   32|   0|   32|          0|
    |B_DRAM_4_load_5_reg_31308    |   32|   0|   32|          0|
    |B_DRAM_4_load_6_reg_31388    |   32|   0|   32|          0|
    |B_DRAM_4_load_7_reg_31468    |   32|   0|   32|          0|
    |B_DRAM_4_load_8_reg_31548    |   32|   0|   32|          0|
    |B_DRAM_4_load_9_reg_31628    |   32|   0|   32|          0|
    |B_DRAM_4_load_reg_29548      |   32|   0|   32|          0|
    |B_DRAM_5_load_10_reg_31713   |   32|   0|   32|          0|
    |B_DRAM_5_load_11_reg_31793   |   32|   0|   32|          0|
    |B_DRAM_5_load_12_reg_31873   |   32|   0|   32|          0|
    |B_DRAM_5_load_13_reg_31953   |   32|   0|   32|          0|
    |B_DRAM_5_load_14_reg_32033   |   32|   0|   32|          0|
    |B_DRAM_5_load_15_reg_32113   |   32|   0|   32|          0|
    |B_DRAM_5_load_16_reg_32193   |   32|   0|   32|          0|
    |B_DRAM_5_load_17_reg_32273   |   32|   0|   32|          0|
    |B_DRAM_5_load_18_reg_32353   |   32|   0|   32|          0|
    |B_DRAM_5_load_19_reg_32433   |   32|   0|   32|          0|
    |B_DRAM_5_load_1_reg_30993    |   32|   0|   32|          0|
    |B_DRAM_5_load_20_reg_32513   |   32|   0|   32|          0|
    |B_DRAM_5_load_21_reg_32593   |   32|   0|   32|          0|
    |B_DRAM_5_load_22_reg_32673   |   32|   0|   32|          0|
    |B_DRAM_5_load_23_reg_32753   |   32|   0|   32|          0|
    |B_DRAM_5_load_24_reg_32833   |   32|   0|   32|          0|
    |B_DRAM_5_load_25_reg_32913   |   32|   0|   32|          0|
    |B_DRAM_5_load_26_reg_32993   |   32|   0|   32|          0|
    |B_DRAM_5_load_27_reg_33073   |   32|   0|   32|          0|
    |B_DRAM_5_load_28_reg_33153   |   32|   0|   32|          0|
    |B_DRAM_5_load_29_reg_33233   |   32|   0|   32|          0|
    |B_DRAM_5_load_2_reg_31073    |   32|   0|   32|          0|
    |B_DRAM_5_load_30_reg_33313   |   32|   0|   32|          0|
    |B_DRAM_5_load_31_reg_33393   |   32|   0|   32|          0|
    |B_DRAM_5_load_3_reg_31153    |   32|   0|   32|          0|
    |B_DRAM_5_load_4_reg_31233    |   32|   0|   32|          0|
    |B_DRAM_5_load_5_reg_31313    |   32|   0|   32|          0|
    |B_DRAM_5_load_6_reg_31393    |   32|   0|   32|          0|
    |B_DRAM_5_load_7_reg_31473    |   32|   0|   32|          0|
    |B_DRAM_5_load_8_reg_31553    |   32|   0|   32|          0|
    |B_DRAM_5_load_9_reg_31633    |   32|   0|   32|          0|
    |B_DRAM_5_load_reg_29553      |   32|   0|   32|          0|
    |B_DRAM_6_load_10_reg_31718   |   32|   0|   32|          0|
    |B_DRAM_6_load_11_reg_31798   |   32|   0|   32|          0|
    |B_DRAM_6_load_12_reg_31878   |   32|   0|   32|          0|
    |B_DRAM_6_load_13_reg_31958   |   32|   0|   32|          0|
    |B_DRAM_6_load_14_reg_32038   |   32|   0|   32|          0|
    |B_DRAM_6_load_15_reg_32118   |   32|   0|   32|          0|
    |B_DRAM_6_load_16_reg_32198   |   32|   0|   32|          0|
    |B_DRAM_6_load_17_reg_32278   |   32|   0|   32|          0|
    |B_DRAM_6_load_18_reg_32358   |   32|   0|   32|          0|
    |B_DRAM_6_load_19_reg_32438   |   32|   0|   32|          0|
    |B_DRAM_6_load_1_reg_30998    |   32|   0|   32|          0|
    |B_DRAM_6_load_20_reg_32518   |   32|   0|   32|          0|
    |B_DRAM_6_load_21_reg_32598   |   32|   0|   32|          0|
    |B_DRAM_6_load_22_reg_32678   |   32|   0|   32|          0|
    |B_DRAM_6_load_23_reg_32758   |   32|   0|   32|          0|
    |B_DRAM_6_load_24_reg_32838   |   32|   0|   32|          0|
    |B_DRAM_6_load_25_reg_32918   |   32|   0|   32|          0|
    |B_DRAM_6_load_26_reg_32998   |   32|   0|   32|          0|
    |B_DRAM_6_load_27_reg_33078   |   32|   0|   32|          0|
    |B_DRAM_6_load_28_reg_33158   |   32|   0|   32|          0|
    |B_DRAM_6_load_29_reg_33238   |   32|   0|   32|          0|
    |B_DRAM_6_load_2_reg_31078    |   32|   0|   32|          0|
    |B_DRAM_6_load_30_reg_33318   |   32|   0|   32|          0|
    |B_DRAM_6_load_31_reg_33398   |   32|   0|   32|          0|
    |B_DRAM_6_load_3_reg_31158    |   32|   0|   32|          0|
    |B_DRAM_6_load_4_reg_31238    |   32|   0|   32|          0|
    |B_DRAM_6_load_5_reg_31318    |   32|   0|   32|          0|
    |B_DRAM_6_load_6_reg_31398    |   32|   0|   32|          0|
    |B_DRAM_6_load_7_reg_31478    |   32|   0|   32|          0|
    |B_DRAM_6_load_8_reg_31558    |   32|   0|   32|          0|
    |B_DRAM_6_load_9_reg_31638    |   32|   0|   32|          0|
    |B_DRAM_6_load_reg_29558      |   32|   0|   32|          0|
    |B_DRAM_7_load_10_reg_31723   |   32|   0|   32|          0|
    |B_DRAM_7_load_11_reg_31803   |   32|   0|   32|          0|
    |B_DRAM_7_load_12_reg_31883   |   32|   0|   32|          0|
    |B_DRAM_7_load_13_reg_31963   |   32|   0|   32|          0|
    |B_DRAM_7_load_14_reg_32043   |   32|   0|   32|          0|
    |B_DRAM_7_load_15_reg_32123   |   32|   0|   32|          0|
    |B_DRAM_7_load_16_reg_32203   |   32|   0|   32|          0|
    |B_DRAM_7_load_17_reg_32283   |   32|   0|   32|          0|
    |B_DRAM_7_load_18_reg_32363   |   32|   0|   32|          0|
    |B_DRAM_7_load_19_reg_32443   |   32|   0|   32|          0|
    |B_DRAM_7_load_1_reg_31003    |   32|   0|   32|          0|
    |B_DRAM_7_load_20_reg_32523   |   32|   0|   32|          0|
    |B_DRAM_7_load_21_reg_32603   |   32|   0|   32|          0|
    |B_DRAM_7_load_22_reg_32683   |   32|   0|   32|          0|
    |B_DRAM_7_load_23_reg_32763   |   32|   0|   32|          0|
    |B_DRAM_7_load_24_reg_32843   |   32|   0|   32|          0|
    |B_DRAM_7_load_25_reg_32923   |   32|   0|   32|          0|
    |B_DRAM_7_load_26_reg_33003   |   32|   0|   32|          0|
    |B_DRAM_7_load_27_reg_33083   |   32|   0|   32|          0|
    |B_DRAM_7_load_28_reg_33163   |   32|   0|   32|          0|
    |B_DRAM_7_load_29_reg_33243   |   32|   0|   32|          0|
    |B_DRAM_7_load_2_reg_31083    |   32|   0|   32|          0|
    |B_DRAM_7_load_30_reg_33323   |   32|   0|   32|          0|
    |B_DRAM_7_load_31_reg_33403   |   32|   0|   32|          0|
    |B_DRAM_7_load_3_reg_31163    |   32|   0|   32|          0|
    |B_DRAM_7_load_4_reg_31243    |   32|   0|   32|          0|
    |B_DRAM_7_load_5_reg_31323    |   32|   0|   32|          0|
    |B_DRAM_7_load_6_reg_31403    |   32|   0|   32|          0|
    |B_DRAM_7_load_7_reg_31483    |   32|   0|   32|          0|
    |B_DRAM_7_load_8_reg_31563    |   32|   0|   32|          0|
    |B_DRAM_7_load_9_reg_31643    |   32|   0|   32|          0|
    |B_DRAM_7_load_reg_29563      |   32|   0|   32|          0|
    |B_DRAM_8_load_10_reg_31728   |   32|   0|   32|          0|
    |B_DRAM_8_load_11_reg_31808   |   32|   0|   32|          0|
    |B_DRAM_8_load_12_reg_31888   |   32|   0|   32|          0|
    |B_DRAM_8_load_13_reg_31968   |   32|   0|   32|          0|
    |B_DRAM_8_load_14_reg_32048   |   32|   0|   32|          0|
    |B_DRAM_8_load_15_reg_32128   |   32|   0|   32|          0|
    |B_DRAM_8_load_16_reg_32208   |   32|   0|   32|          0|
    |B_DRAM_8_load_17_reg_32288   |   32|   0|   32|          0|
    |B_DRAM_8_load_18_reg_32368   |   32|   0|   32|          0|
    |B_DRAM_8_load_19_reg_32448   |   32|   0|   32|          0|
    |B_DRAM_8_load_1_reg_31008    |   32|   0|   32|          0|
    |B_DRAM_8_load_20_reg_32528   |   32|   0|   32|          0|
    |B_DRAM_8_load_21_reg_32608   |   32|   0|   32|          0|
    |B_DRAM_8_load_22_reg_32688   |   32|   0|   32|          0|
    |B_DRAM_8_load_23_reg_32768   |   32|   0|   32|          0|
    |B_DRAM_8_load_24_reg_32848   |   32|   0|   32|          0|
    |B_DRAM_8_load_25_reg_32928   |   32|   0|   32|          0|
    |B_DRAM_8_load_26_reg_33008   |   32|   0|   32|          0|
    |B_DRAM_8_load_27_reg_33088   |   32|   0|   32|          0|
    |B_DRAM_8_load_28_reg_33168   |   32|   0|   32|          0|
    |B_DRAM_8_load_29_reg_33248   |   32|   0|   32|          0|
    |B_DRAM_8_load_2_reg_31088    |   32|   0|   32|          0|
    |B_DRAM_8_load_30_reg_33328   |   32|   0|   32|          0|
    |B_DRAM_8_load_31_reg_33408   |   32|   0|   32|          0|
    |B_DRAM_8_load_3_reg_31168    |   32|   0|   32|          0|
    |B_DRAM_8_load_4_reg_31248    |   32|   0|   32|          0|
    |B_DRAM_8_load_5_reg_31328    |   32|   0|   32|          0|
    |B_DRAM_8_load_6_reg_31408    |   32|   0|   32|          0|
    |B_DRAM_8_load_7_reg_31488    |   32|   0|   32|          0|
    |B_DRAM_8_load_8_reg_31568    |   32|   0|   32|          0|
    |B_DRAM_8_load_9_reg_31648    |   32|   0|   32|          0|
    |B_DRAM_8_load_reg_29568      |   32|   0|   32|          0|
    |B_DRAM_9_load_10_reg_31733   |   32|   0|   32|          0|
    |B_DRAM_9_load_11_reg_31813   |   32|   0|   32|          0|
    |B_DRAM_9_load_12_reg_31893   |   32|   0|   32|          0|
    |B_DRAM_9_load_13_reg_31973   |   32|   0|   32|          0|
    |B_DRAM_9_load_14_reg_32053   |   32|   0|   32|          0|
    |B_DRAM_9_load_15_reg_32133   |   32|   0|   32|          0|
    |B_DRAM_9_load_16_reg_32213   |   32|   0|   32|          0|
    |B_DRAM_9_load_17_reg_32293   |   32|   0|   32|          0|
    |B_DRAM_9_load_18_reg_32373   |   32|   0|   32|          0|
    |B_DRAM_9_load_19_reg_32453   |   32|   0|   32|          0|
    |B_DRAM_9_load_1_reg_31013    |   32|   0|   32|          0|
    |B_DRAM_9_load_20_reg_32533   |   32|   0|   32|          0|
    |B_DRAM_9_load_21_reg_32613   |   32|   0|   32|          0|
    |B_DRAM_9_load_22_reg_32693   |   32|   0|   32|          0|
    |B_DRAM_9_load_23_reg_32773   |   32|   0|   32|          0|
    |B_DRAM_9_load_24_reg_32853   |   32|   0|   32|          0|
    |B_DRAM_9_load_25_reg_32933   |   32|   0|   32|          0|
    |B_DRAM_9_load_26_reg_33013   |   32|   0|   32|          0|
    |B_DRAM_9_load_27_reg_33093   |   32|   0|   32|          0|
    |B_DRAM_9_load_28_reg_33173   |   32|   0|   32|          0|
    |B_DRAM_9_load_29_reg_33253   |   32|   0|   32|          0|
    |B_DRAM_9_load_2_reg_31093    |   32|   0|   32|          0|
    |B_DRAM_9_load_30_reg_33333   |   32|   0|   32|          0|
    |B_DRAM_9_load_31_reg_33413   |   32|   0|   32|          0|
    |B_DRAM_9_load_3_reg_31173    |   32|   0|   32|          0|
    |B_DRAM_9_load_4_reg_31253    |   32|   0|   32|          0|
    |B_DRAM_9_load_5_reg_31333    |   32|   0|   32|          0|
    |B_DRAM_9_load_6_reg_31413    |   32|   0|   32|          0|
    |B_DRAM_9_load_7_reg_31493    |   32|   0|   32|          0|
    |B_DRAM_9_load_8_reg_31573    |   32|   0|   32|          0|
    |B_DRAM_9_load_9_reg_31653    |   32|   0|   32|          0|
    |B_DRAM_9_load_reg_29573      |   32|   0|   32|          0|
    |B_TILE_0_0_out_preg          |   32|   0|   32|          0|
    |B_TILE_0_10_out_preg         |   32|   0|   32|          0|
    |B_TILE_0_11_out_preg         |   32|   0|   32|          0|
    |B_TILE_0_12_out_preg         |   32|   0|   32|          0|
    |B_TILE_0_13_out_preg         |   32|   0|   32|          0|
    |B_TILE_0_14_out_preg         |   32|   0|   32|          0|
    |B_TILE_0_15_out_preg         |   32|   0|   32|          0|
    |B_TILE_0_16_out_preg         |   32|   0|   32|          0|
    |B_TILE_0_17_out_preg         |   32|   0|   32|          0|
    |B_TILE_0_18_out_preg         |   32|   0|   32|          0|
    |B_TILE_0_19_out_preg         |   32|   0|   32|          0|
    |B_TILE_0_1_out_preg          |   32|   0|   32|          0|
    |B_TILE_0_20_out_preg         |   32|   0|   32|          0|
    |B_TILE_0_21_out_preg         |   32|   0|   32|          0|
    |B_TILE_0_22_out_preg         |   32|   0|   32|          0|
    |B_TILE_0_23_out_preg         |   32|   0|   32|          0|
    |B_TILE_0_24_out_preg         |   32|   0|   32|          0|
    |B_TILE_0_25_out_preg         |   32|   0|   32|          0|
    |B_TILE_0_26_out_preg         |   32|   0|   32|          0|
    |B_TILE_0_27_out_preg         |   32|   0|   32|          0|
    |B_TILE_0_28_out_preg         |   32|   0|   32|          0|
    |B_TILE_0_29_out_preg         |   32|   0|   32|          0|
    |B_TILE_0_2_out_preg          |   32|   0|   32|          0|
    |B_TILE_0_30_out_preg         |   32|   0|   32|          0|
    |B_TILE_0_31_out_preg         |   32|   0|   32|          0|
    |B_TILE_0_3_out_preg          |   32|   0|   32|          0|
    |B_TILE_0_4_out_preg          |   32|   0|   32|          0|
    |B_TILE_0_5_out_preg          |   32|   0|   32|          0|
    |B_TILE_0_6_out_preg          |   32|   0|   32|          0|
    |B_TILE_0_7_out_preg          |   32|   0|   32|          0|
    |B_TILE_0_8_out_preg          |   32|   0|   32|          0|
    |B_TILE_0_9_out_preg          |   32|   0|   32|          0|
    |B_TILE_100_fu_2828           |   32|   0|   32|          0|
    |B_TILE_101_fu_2824           |   32|   0|   32|          0|
    |B_TILE_102_fu_2820           |   32|   0|   32|          0|
    |B_TILE_103_fu_2816           |   32|   0|   32|          0|
    |B_TILE_104_fu_2812           |   32|   0|   32|          0|
    |B_TILE_105_fu_2808           |   32|   0|   32|          0|
    |B_TILE_106_fu_2804           |   32|   0|   32|          0|
    |B_TILE_107_fu_2800           |   32|   0|   32|          0|
    |B_TILE_108_fu_2796           |   32|   0|   32|          0|
    |B_TILE_109_fu_2792           |   32|   0|   32|          0|
    |B_TILE_10_0_out_preg         |   32|   0|   32|          0|
    |B_TILE_10_10_out_preg        |   32|   0|   32|          0|
    |B_TILE_10_11_out_preg        |   32|   0|   32|          0|
    |B_TILE_10_12_out_preg        |   32|   0|   32|          0|
    |B_TILE_10_13_out_preg        |   32|   0|   32|          0|
    |B_TILE_10_14_out_preg        |   32|   0|   32|          0|
    |B_TILE_10_15_out_preg        |   32|   0|   32|          0|
    |B_TILE_10_16_out_preg        |   32|   0|   32|          0|
    |B_TILE_10_17_out_preg        |   32|   0|   32|          0|
    |B_TILE_10_18_out_preg        |   32|   0|   32|          0|
    |B_TILE_10_19_out_preg        |   32|   0|   32|          0|
    |B_TILE_10_1_out_preg         |   32|   0|   32|          0|
    |B_TILE_10_20_out_preg        |   32|   0|   32|          0|
    |B_TILE_10_21_out_preg        |   32|   0|   32|          0|
    |B_TILE_10_22_out_preg        |   32|   0|   32|          0|
    |B_TILE_10_23_out_preg        |   32|   0|   32|          0|
    |B_TILE_10_24_out_preg        |   32|   0|   32|          0|
    |B_TILE_10_25_out_preg        |   32|   0|   32|          0|
    |B_TILE_10_26_out_preg        |   32|   0|   32|          0|
    |B_TILE_10_27_out_preg        |   32|   0|   32|          0|
    |B_TILE_10_28_out_preg        |   32|   0|   32|          0|
    |B_TILE_10_29_out_preg        |   32|   0|   32|          0|
    |B_TILE_10_2_out_preg         |   32|   0|   32|          0|
    |B_TILE_10_30_out_preg        |   32|   0|   32|          0|
    |B_TILE_10_31_out_preg        |   32|   0|   32|          0|
    |B_TILE_10_3_out_preg         |   32|   0|   32|          0|
    |B_TILE_10_4_out_preg         |   32|   0|   32|          0|
    |B_TILE_10_5_out_preg         |   32|   0|   32|          0|
    |B_TILE_10_6_out_preg         |   32|   0|   32|          0|
    |B_TILE_10_7_out_preg         |   32|   0|   32|          0|
    |B_TILE_10_8_out_preg         |   32|   0|   32|          0|
    |B_TILE_10_9_out_preg         |   32|   0|   32|          0|
    |B_TILE_10_fu_3188            |   32|   0|   32|          0|
    |B_TILE_110_fu_2788           |   32|   0|   32|          0|
    |B_TILE_111_fu_2784           |   32|   0|   32|          0|
    |B_TILE_112_fu_2780           |   32|   0|   32|          0|
    |B_TILE_113_fu_2776           |   32|   0|   32|          0|
    |B_TILE_114_fu_2772           |   32|   0|   32|          0|
    |B_TILE_115_fu_2768           |   32|   0|   32|          0|
    |B_TILE_116_fu_2764           |   32|   0|   32|          0|
    |B_TILE_117_fu_2760           |   32|   0|   32|          0|
    |B_TILE_118_fu_2756           |   32|   0|   32|          0|
    |B_TILE_119_fu_2752           |   32|   0|   32|          0|
    |B_TILE_11_0_out_preg         |   32|   0|   32|          0|
    |B_TILE_11_10_out_preg        |   32|   0|   32|          0|
    |B_TILE_11_11_out_preg        |   32|   0|   32|          0|
    |B_TILE_11_12_out_preg        |   32|   0|   32|          0|
    |B_TILE_11_13_out_preg        |   32|   0|   32|          0|
    |B_TILE_11_14_out_preg        |   32|   0|   32|          0|
    |B_TILE_11_15_out_preg        |   32|   0|   32|          0|
    |B_TILE_11_16_out_preg        |   32|   0|   32|          0|
    |B_TILE_11_17_out_preg        |   32|   0|   32|          0|
    |B_TILE_11_18_out_preg        |   32|   0|   32|          0|
    |B_TILE_11_19_out_preg        |   32|   0|   32|          0|
    |B_TILE_11_1_out_preg         |   32|   0|   32|          0|
    |B_TILE_11_20_out_preg        |   32|   0|   32|          0|
    |B_TILE_11_21_out_preg        |   32|   0|   32|          0|
    |B_TILE_11_22_out_preg        |   32|   0|   32|          0|
    |B_TILE_11_23_out_preg        |   32|   0|   32|          0|
    |B_TILE_11_24_out_preg        |   32|   0|   32|          0|
    |B_TILE_11_25_out_preg        |   32|   0|   32|          0|
    |B_TILE_11_26_out_preg        |   32|   0|   32|          0|
    |B_TILE_11_27_out_preg        |   32|   0|   32|          0|
    |B_TILE_11_28_out_preg        |   32|   0|   32|          0|
    |B_TILE_11_29_out_preg        |   32|   0|   32|          0|
    |B_TILE_11_2_out_preg         |   32|   0|   32|          0|
    |B_TILE_11_30_out_preg        |   32|   0|   32|          0|
    |B_TILE_11_31_out_preg        |   32|   0|   32|          0|
    |B_TILE_11_3_out_preg         |   32|   0|   32|          0|
    |B_TILE_11_4_out_preg         |   32|   0|   32|          0|
    |B_TILE_11_5_out_preg         |   32|   0|   32|          0|
    |B_TILE_11_6_out_preg         |   32|   0|   32|          0|
    |B_TILE_11_7_out_preg         |   32|   0|   32|          0|
    |B_TILE_11_8_out_preg         |   32|   0|   32|          0|
    |B_TILE_11_9_out_preg         |   32|   0|   32|          0|
    |B_TILE_11_fu_3184            |   32|   0|   32|          0|
    |B_TILE_120_fu_2748           |   32|   0|   32|          0|
    |B_TILE_121_fu_2744           |   32|   0|   32|          0|
    |B_TILE_122_fu_2740           |   32|   0|   32|          0|
    |B_TILE_123_fu_2736           |   32|   0|   32|          0|
    |B_TILE_124_fu_2732           |   32|   0|   32|          0|
    |B_TILE_125_fu_2728           |   32|   0|   32|          0|
    |B_TILE_126_fu_2724           |   32|   0|   32|          0|
    |B_TILE_127_fu_2720           |   32|   0|   32|          0|
    |B_TILE_128_fu_2716           |   32|   0|   32|          0|
    |B_TILE_129_fu_2712           |   32|   0|   32|          0|
    |B_TILE_12_0_out_preg         |   32|   0|   32|          0|
    |B_TILE_12_10_out_preg        |   32|   0|   32|          0|
    |B_TILE_12_11_out_preg        |   32|   0|   32|          0|
    |B_TILE_12_12_out_preg        |   32|   0|   32|          0|
    |B_TILE_12_13_out_preg        |   32|   0|   32|          0|
    |B_TILE_12_14_out_preg        |   32|   0|   32|          0|
    |B_TILE_12_15_out_preg        |   32|   0|   32|          0|
    |B_TILE_12_16_out_preg        |   32|   0|   32|          0|
    |B_TILE_12_17_out_preg        |   32|   0|   32|          0|
    |B_TILE_12_18_out_preg        |   32|   0|   32|          0|
    |B_TILE_12_19_out_preg        |   32|   0|   32|          0|
    |B_TILE_12_1_out_preg         |   32|   0|   32|          0|
    |B_TILE_12_20_out_preg        |   32|   0|   32|          0|
    |B_TILE_12_21_out_preg        |   32|   0|   32|          0|
    |B_TILE_12_22_out_preg        |   32|   0|   32|          0|
    |B_TILE_12_23_out_preg        |   32|   0|   32|          0|
    |B_TILE_12_24_out_preg        |   32|   0|   32|          0|
    |B_TILE_12_25_out_preg        |   32|   0|   32|          0|
    |B_TILE_12_26_out_preg        |   32|   0|   32|          0|
    |B_TILE_12_27_out_preg        |   32|   0|   32|          0|
    |B_TILE_12_28_out_preg        |   32|   0|   32|          0|
    |B_TILE_12_29_out_preg        |   32|   0|   32|          0|
    |B_TILE_12_2_out_preg         |   32|   0|   32|          0|
    |B_TILE_12_30_out_preg        |   32|   0|   32|          0|
    |B_TILE_12_31_out_preg        |   32|   0|   32|          0|
    |B_TILE_12_3_out_preg         |   32|   0|   32|          0|
    |B_TILE_12_4_out_preg         |   32|   0|   32|          0|
    |B_TILE_12_5_out_preg         |   32|   0|   32|          0|
    |B_TILE_12_6_out_preg         |   32|   0|   32|          0|
    |B_TILE_12_7_out_preg         |   32|   0|   32|          0|
    |B_TILE_12_8_out_preg         |   32|   0|   32|          0|
    |B_TILE_12_9_out_preg         |   32|   0|   32|          0|
    |B_TILE_12_fu_3180            |   32|   0|   32|          0|
    |B_TILE_130_fu_2708           |   32|   0|   32|          0|
    |B_TILE_131_fu_2704           |   32|   0|   32|          0|
    |B_TILE_132_fu_2700           |   32|   0|   32|          0|
    |B_TILE_133_fu_2696           |   32|   0|   32|          0|
    |B_TILE_134_fu_2692           |   32|   0|   32|          0|
    |B_TILE_135_fu_2688           |   32|   0|   32|          0|
    |B_TILE_136_fu_2684           |   32|   0|   32|          0|
    |B_TILE_137_fu_2680           |   32|   0|   32|          0|
    |B_TILE_138_fu_2676           |   32|   0|   32|          0|
    |B_TILE_139_fu_2672           |   32|   0|   32|          0|
    |B_TILE_13_0_out_preg         |   32|   0|   32|          0|
    |B_TILE_13_10_out_preg        |   32|   0|   32|          0|
    |B_TILE_13_11_out_preg        |   32|   0|   32|          0|
    |B_TILE_13_12_out_preg        |   32|   0|   32|          0|
    |B_TILE_13_13_out_preg        |   32|   0|   32|          0|
    |B_TILE_13_14_out_preg        |   32|   0|   32|          0|
    |B_TILE_13_15_out_preg        |   32|   0|   32|          0|
    |B_TILE_13_16_out_preg        |   32|   0|   32|          0|
    |B_TILE_13_17_out_preg        |   32|   0|   32|          0|
    |B_TILE_13_18_out_preg        |   32|   0|   32|          0|
    |B_TILE_13_19_out_preg        |   32|   0|   32|          0|
    |B_TILE_13_1_out_preg         |   32|   0|   32|          0|
    |B_TILE_13_20_out_preg        |   32|   0|   32|          0|
    |B_TILE_13_21_out_preg        |   32|   0|   32|          0|
    |B_TILE_13_22_out_preg        |   32|   0|   32|          0|
    |B_TILE_13_23_out_preg        |   32|   0|   32|          0|
    |B_TILE_13_24_out_preg        |   32|   0|   32|          0|
    |B_TILE_13_25_out_preg        |   32|   0|   32|          0|
    |B_TILE_13_26_out_preg        |   32|   0|   32|          0|
    |B_TILE_13_27_out_preg        |   32|   0|   32|          0|
    |B_TILE_13_28_out_preg        |   32|   0|   32|          0|
    |B_TILE_13_29_out_preg        |   32|   0|   32|          0|
    |B_TILE_13_2_out_preg         |   32|   0|   32|          0|
    |B_TILE_13_30_out_preg        |   32|   0|   32|          0|
    |B_TILE_13_31_out_preg        |   32|   0|   32|          0|
    |B_TILE_13_3_out_preg         |   32|   0|   32|          0|
    |B_TILE_13_4_out_preg         |   32|   0|   32|          0|
    |B_TILE_13_5_out_preg         |   32|   0|   32|          0|
    |B_TILE_13_6_out_preg         |   32|   0|   32|          0|
    |B_TILE_13_7_out_preg         |   32|   0|   32|          0|
    |B_TILE_13_8_out_preg         |   32|   0|   32|          0|
    |B_TILE_13_9_out_preg         |   32|   0|   32|          0|
    |B_TILE_13_fu_3176            |   32|   0|   32|          0|
    |B_TILE_140_fu_2668           |   32|   0|   32|          0|
    |B_TILE_141_fu_2664           |   32|   0|   32|          0|
    |B_TILE_142_fu_2660           |   32|   0|   32|          0|
    |B_TILE_143_fu_2656           |   32|   0|   32|          0|
    |B_TILE_144_fu_2652           |   32|   0|   32|          0|
    |B_TILE_145_fu_2648           |   32|   0|   32|          0|
    |B_TILE_146_fu_2644           |   32|   0|   32|          0|
    |B_TILE_147_fu_2640           |   32|   0|   32|          0|
    |B_TILE_148_fu_2636           |   32|   0|   32|          0|
    |B_TILE_149_fu_2632           |   32|   0|   32|          0|
    |B_TILE_14_0_out_preg         |   32|   0|   32|          0|
    |B_TILE_14_10_out_preg        |   32|   0|   32|          0|
    |B_TILE_14_11_out_preg        |   32|   0|   32|          0|
    |B_TILE_14_12_out_preg        |   32|   0|   32|          0|
    |B_TILE_14_13_out_preg        |   32|   0|   32|          0|
    |B_TILE_14_14_out_preg        |   32|   0|   32|          0|
    |B_TILE_14_15_out_preg        |   32|   0|   32|          0|
    |B_TILE_14_16_out_preg        |   32|   0|   32|          0|
    |B_TILE_14_17_out_preg        |   32|   0|   32|          0|
    |B_TILE_14_18_out_preg        |   32|   0|   32|          0|
    |B_TILE_14_19_out_preg        |   32|   0|   32|          0|
    |B_TILE_14_1_out_preg         |   32|   0|   32|          0|
    |B_TILE_14_20_out_preg        |   32|   0|   32|          0|
    |B_TILE_14_21_out_preg        |   32|   0|   32|          0|
    |B_TILE_14_22_out_preg        |   32|   0|   32|          0|
    |B_TILE_14_23_out_preg        |   32|   0|   32|          0|
    |B_TILE_14_24_out_preg        |   32|   0|   32|          0|
    |B_TILE_14_25_out_preg        |   32|   0|   32|          0|
    |B_TILE_14_26_out_preg        |   32|   0|   32|          0|
    |B_TILE_14_27_out_preg        |   32|   0|   32|          0|
    |B_TILE_14_28_out_preg        |   32|   0|   32|          0|
    |B_TILE_14_29_out_preg        |   32|   0|   32|          0|
    |B_TILE_14_2_out_preg         |   32|   0|   32|          0|
    |B_TILE_14_30_out_preg        |   32|   0|   32|          0|
    |B_TILE_14_31_out_preg        |   32|   0|   32|          0|
    |B_TILE_14_3_out_preg         |   32|   0|   32|          0|
    |B_TILE_14_4_out_preg         |   32|   0|   32|          0|
    |B_TILE_14_5_out_preg         |   32|   0|   32|          0|
    |B_TILE_14_6_out_preg         |   32|   0|   32|          0|
    |B_TILE_14_7_out_preg         |   32|   0|   32|          0|
    |B_TILE_14_8_out_preg         |   32|   0|   32|          0|
    |B_TILE_14_9_out_preg         |   32|   0|   32|          0|
    |B_TILE_14_fu_3172            |   32|   0|   32|          0|
    |B_TILE_150_fu_2628           |   32|   0|   32|          0|
    |B_TILE_151_fu_2624           |   32|   0|   32|          0|
    |B_TILE_152_fu_2620           |   32|   0|   32|          0|
    |B_TILE_153_fu_2616           |   32|   0|   32|          0|
    |B_TILE_154_fu_2612           |   32|   0|   32|          0|
    |B_TILE_155_fu_2608           |   32|   0|   32|          0|
    |B_TILE_156_fu_2604           |   32|   0|   32|          0|
    |B_TILE_157_fu_2600           |   32|   0|   32|          0|
    |B_TILE_158_fu_2596           |   32|   0|   32|          0|
    |B_TILE_159_fu_2592           |   32|   0|   32|          0|
    |B_TILE_15_0_out_preg         |   32|   0|   32|          0|
    |B_TILE_15_10_out_preg        |   32|   0|   32|          0|
    |B_TILE_15_11_out_preg        |   32|   0|   32|          0|
    |B_TILE_15_12_out_preg        |   32|   0|   32|          0|
    |B_TILE_15_13_out_preg        |   32|   0|   32|          0|
    |B_TILE_15_14_out_preg        |   32|   0|   32|          0|
    |B_TILE_15_15_out_preg        |   32|   0|   32|          0|
    |B_TILE_15_16_out_preg        |   32|   0|   32|          0|
    |B_TILE_15_17_out_preg        |   32|   0|   32|          0|
    |B_TILE_15_18_out_preg        |   32|   0|   32|          0|
    |B_TILE_15_19_out_preg        |   32|   0|   32|          0|
    |B_TILE_15_1_out_preg         |   32|   0|   32|          0|
    |B_TILE_15_20_out_preg        |   32|   0|   32|          0|
    |B_TILE_15_21_out_preg        |   32|   0|   32|          0|
    |B_TILE_15_22_out_preg        |   32|   0|   32|          0|
    |B_TILE_15_23_out_preg        |   32|   0|   32|          0|
    |B_TILE_15_24_out_preg        |   32|   0|   32|          0|
    |B_TILE_15_25_out_preg        |   32|   0|   32|          0|
    |B_TILE_15_26_out_preg        |   32|   0|   32|          0|
    |B_TILE_15_27_out_preg        |   32|   0|   32|          0|
    |B_TILE_15_28_out_preg        |   32|   0|   32|          0|
    |B_TILE_15_29_out_preg        |   32|   0|   32|          0|
    |B_TILE_15_2_out_preg         |   32|   0|   32|          0|
    |B_TILE_15_30_out_preg        |   32|   0|   32|          0|
    |B_TILE_15_31_out_preg        |   32|   0|   32|          0|
    |B_TILE_15_3_out_preg         |   32|   0|   32|          0|
    |B_TILE_15_4_out_preg         |   32|   0|   32|          0|
    |B_TILE_15_5_out_preg         |   32|   0|   32|          0|
    |B_TILE_15_6_out_preg         |   32|   0|   32|          0|
    |B_TILE_15_7_out_preg         |   32|   0|   32|          0|
    |B_TILE_15_8_out_preg         |   32|   0|   32|          0|
    |B_TILE_15_9_out_preg         |   32|   0|   32|          0|
    |B_TILE_15_fu_3168            |   32|   0|   32|          0|
    |B_TILE_160_fu_2588           |   32|   0|   32|          0|
    |B_TILE_161_fu_2584           |   32|   0|   32|          0|
    |B_TILE_162_fu_2580           |   32|   0|   32|          0|
    |B_TILE_163_fu_2576           |   32|   0|   32|          0|
    |B_TILE_164_fu_2572           |   32|   0|   32|          0|
    |B_TILE_165_fu_2568           |   32|   0|   32|          0|
    |B_TILE_166_fu_2564           |   32|   0|   32|          0|
    |B_TILE_167_fu_2560           |   32|   0|   32|          0|
    |B_TILE_168_fu_2556           |   32|   0|   32|          0|
    |B_TILE_169_fu_2552           |   32|   0|   32|          0|
    |B_TILE_16_fu_3164            |   32|   0|   32|          0|
    |B_TILE_170_fu_2548           |   32|   0|   32|          0|
    |B_TILE_171_fu_2544           |   32|   0|   32|          0|
    |B_TILE_172_fu_2540           |   32|   0|   32|          0|
    |B_TILE_173_fu_2536           |   32|   0|   32|          0|
    |B_TILE_174_fu_2532           |   32|   0|   32|          0|
    |B_TILE_175_fu_2528           |   32|   0|   32|          0|
    |B_TILE_176_fu_2524           |   32|   0|   32|          0|
    |B_TILE_177_fu_2520           |   32|   0|   32|          0|
    |B_TILE_178_fu_2516           |   32|   0|   32|          0|
    |B_TILE_179_fu_2512           |   32|   0|   32|          0|
    |B_TILE_17_fu_3160            |   32|   0|   32|          0|
    |B_TILE_180_fu_2508           |   32|   0|   32|          0|
    |B_TILE_181_fu_2504           |   32|   0|   32|          0|
    |B_TILE_182_fu_2500           |   32|   0|   32|          0|
    |B_TILE_183_fu_2496           |   32|   0|   32|          0|
    |B_TILE_184_fu_2492           |   32|   0|   32|          0|
    |B_TILE_185_fu_2488           |   32|   0|   32|          0|
    |B_TILE_186_fu_2484           |   32|   0|   32|          0|
    |B_TILE_187_fu_2480           |   32|   0|   32|          0|
    |B_TILE_188_fu_2476           |   32|   0|   32|          0|
    |B_TILE_189_fu_2472           |   32|   0|   32|          0|
    |B_TILE_18_fu_3156            |   32|   0|   32|          0|
    |B_TILE_190_fu_2468           |   32|   0|   32|          0|
    |B_TILE_191_fu_2464           |   32|   0|   32|          0|
    |B_TILE_192_fu_2460           |   32|   0|   32|          0|
    |B_TILE_193_fu_2456           |   32|   0|   32|          0|
    |B_TILE_194_fu_2452           |   32|   0|   32|          0|
    |B_TILE_195_fu_2448           |   32|   0|   32|          0|
    |B_TILE_196_fu_2444           |   32|   0|   32|          0|
    |B_TILE_197_fu_2440           |   32|   0|   32|          0|
    |B_TILE_198_fu_2436           |   32|   0|   32|          0|
    |B_TILE_199_fu_2432           |   32|   0|   32|          0|
    |B_TILE_19_fu_3152            |   32|   0|   32|          0|
    |B_TILE_1_0_out_preg          |   32|   0|   32|          0|
    |B_TILE_1_10_out_preg         |   32|   0|   32|          0|
    |B_TILE_1_11_out_preg         |   32|   0|   32|          0|
    |B_TILE_1_12_out_preg         |   32|   0|   32|          0|
    |B_TILE_1_13_out_preg         |   32|   0|   32|          0|
    |B_TILE_1_14_out_preg         |   32|   0|   32|          0|
    |B_TILE_1_15_out_preg         |   32|   0|   32|          0|
    |B_TILE_1_16_out_preg         |   32|   0|   32|          0|
    |B_TILE_1_17_out_preg         |   32|   0|   32|          0|
    |B_TILE_1_18_out_preg         |   32|   0|   32|          0|
    |B_TILE_1_19_out_preg         |   32|   0|   32|          0|
    |B_TILE_1_1_out_preg          |   32|   0|   32|          0|
    |B_TILE_1_20_out_preg         |   32|   0|   32|          0|
    |B_TILE_1_21_out_preg         |   32|   0|   32|          0|
    |B_TILE_1_22_out_preg         |   32|   0|   32|          0|
    |B_TILE_1_23_out_preg         |   32|   0|   32|          0|
    |B_TILE_1_24_out_preg         |   32|   0|   32|          0|
    |B_TILE_1_25_out_preg         |   32|   0|   32|          0|
    |B_TILE_1_26_out_preg         |   32|   0|   32|          0|
    |B_TILE_1_27_out_preg         |   32|   0|   32|          0|
    |B_TILE_1_28_out_preg         |   32|   0|   32|          0|
    |B_TILE_1_29_out_preg         |   32|   0|   32|          0|
    |B_TILE_1_2_out_preg          |   32|   0|   32|          0|
    |B_TILE_1_30_out_preg         |   32|   0|   32|          0|
    |B_TILE_1_31_out_preg         |   32|   0|   32|          0|
    |B_TILE_1_3_out_preg          |   32|   0|   32|          0|
    |B_TILE_1_4_out_preg          |   32|   0|   32|          0|
    |B_TILE_1_5_out_preg          |   32|   0|   32|          0|
    |B_TILE_1_6_out_preg          |   32|   0|   32|          0|
    |B_TILE_1_7_out_preg          |   32|   0|   32|          0|
    |B_TILE_1_8_out_preg          |   32|   0|   32|          0|
    |B_TILE_1_9_out_preg          |   32|   0|   32|          0|
    |B_TILE_1_fu_3224             |   32|   0|   32|          0|
    |B_TILE_200_fu_2428           |   32|   0|   32|          0|
    |B_TILE_201_fu_2424           |   32|   0|   32|          0|
    |B_TILE_202_fu_2420           |   32|   0|   32|          0|
    |B_TILE_203_fu_2416           |   32|   0|   32|          0|
    |B_TILE_204_fu_2412           |   32|   0|   32|          0|
    |B_TILE_205_fu_2408           |   32|   0|   32|          0|
    |B_TILE_206_fu_2404           |   32|   0|   32|          0|
    |B_TILE_207_fu_2400           |   32|   0|   32|          0|
    |B_TILE_208_fu_2396           |   32|   0|   32|          0|
    |B_TILE_209_fu_2392           |   32|   0|   32|          0|
    |B_TILE_20_fu_3148            |   32|   0|   32|          0|
    |B_TILE_210_fu_2388           |   32|   0|   32|          0|
    |B_TILE_211_fu_2384           |   32|   0|   32|          0|
    |B_TILE_212_fu_2380           |   32|   0|   32|          0|
    |B_TILE_213_fu_2376           |   32|   0|   32|          0|
    |B_TILE_214_fu_2372           |   32|   0|   32|          0|
    |B_TILE_215_fu_2368           |   32|   0|   32|          0|
    |B_TILE_216_fu_2364           |   32|   0|   32|          0|
    |B_TILE_217_fu_2360           |   32|   0|   32|          0|
    |B_TILE_218_fu_2356           |   32|   0|   32|          0|
    |B_TILE_219_fu_2352           |   32|   0|   32|          0|
    |B_TILE_21_fu_3144            |   32|   0|   32|          0|
    |B_TILE_220_fu_2348           |   32|   0|   32|          0|
    |B_TILE_221_fu_2344           |   32|   0|   32|          0|
    |B_TILE_222_fu_2340           |   32|   0|   32|          0|
    |B_TILE_223_fu_2336           |   32|   0|   32|          0|
    |B_TILE_224_fu_2332           |   32|   0|   32|          0|
    |B_TILE_225_fu_2328           |   32|   0|   32|          0|
    |B_TILE_226_fu_2324           |   32|   0|   32|          0|
    |B_TILE_227_fu_2320           |   32|   0|   32|          0|
    |B_TILE_228_fu_2316           |   32|   0|   32|          0|
    |B_TILE_229_fu_2312           |   32|   0|   32|          0|
    |B_TILE_22_fu_3140            |   32|   0|   32|          0|
    |B_TILE_230_fu_2308           |   32|   0|   32|          0|
    |B_TILE_231_fu_2304           |   32|   0|   32|          0|
    |B_TILE_232_fu_2300           |   32|   0|   32|          0|
    |B_TILE_233_fu_2296           |   32|   0|   32|          0|
    |B_TILE_234_fu_2292           |   32|   0|   32|          0|
    |B_TILE_235_fu_2288           |   32|   0|   32|          0|
    |B_TILE_236_fu_2284           |   32|   0|   32|          0|
    |B_TILE_237_fu_2280           |   32|   0|   32|          0|
    |B_TILE_238_fu_2276           |   32|   0|   32|          0|
    |B_TILE_239_fu_2272           |   32|   0|   32|          0|
    |B_TILE_23_fu_3136            |   32|   0|   32|          0|
    |B_TILE_240_fu_2268           |   32|   0|   32|          0|
    |B_TILE_241_fu_2264           |   32|   0|   32|          0|
    |B_TILE_242_fu_2260           |   32|   0|   32|          0|
    |B_TILE_243_fu_2256           |   32|   0|   32|          0|
    |B_TILE_244_fu_2252           |   32|   0|   32|          0|
    |B_TILE_245_fu_2248           |   32|   0|   32|          0|
    |B_TILE_246_fu_2244           |   32|   0|   32|          0|
    |B_TILE_247_fu_2240           |   32|   0|   32|          0|
    |B_TILE_248_fu_2236           |   32|   0|   32|          0|
    |B_TILE_249_fu_2232           |   32|   0|   32|          0|
    |B_TILE_24_fu_3132            |   32|   0|   32|          0|
    |B_TILE_250_fu_2228           |   32|   0|   32|          0|
    |B_TILE_251_fu_2224           |   32|   0|   32|          0|
    |B_TILE_252_fu_2220           |   32|   0|   32|          0|
    |B_TILE_253_fu_2216           |   32|   0|   32|          0|
    |B_TILE_254_fu_2212           |   32|   0|   32|          0|
    |B_TILE_255_fu_2208           |   32|   0|   32|          0|
    |B_TILE_256_fu_2204           |   32|   0|   32|          0|
    |B_TILE_257_fu_2200           |   32|   0|   32|          0|
    |B_TILE_258_fu_2196           |   32|   0|   32|          0|
    |B_TILE_259_fu_2192           |   32|   0|   32|          0|
    |B_TILE_25_fu_3128            |   32|   0|   32|          0|
    |B_TILE_260_fu_2188           |   32|   0|   32|          0|
    |B_TILE_261_fu_2184           |   32|   0|   32|          0|
    |B_TILE_262_fu_2180           |   32|   0|   32|          0|
    |B_TILE_263_fu_2176           |   32|   0|   32|          0|
    |B_TILE_264_fu_2172           |   32|   0|   32|          0|
    |B_TILE_265_fu_2168           |   32|   0|   32|          0|
    |B_TILE_266_fu_2164           |   32|   0|   32|          0|
    |B_TILE_267_fu_2160           |   32|   0|   32|          0|
    |B_TILE_268_fu_2156           |   32|   0|   32|          0|
    |B_TILE_269_fu_2152           |   32|   0|   32|          0|
    |B_TILE_26_fu_3124            |   32|   0|   32|          0|
    |B_TILE_270_fu_2148           |   32|   0|   32|          0|
    |B_TILE_271_fu_2144           |   32|   0|   32|          0|
    |B_TILE_272_fu_2140           |   32|   0|   32|          0|
    |B_TILE_273_fu_2136           |   32|   0|   32|          0|
    |B_TILE_274_fu_2132           |   32|   0|   32|          0|
    |B_TILE_275_fu_2128           |   32|   0|   32|          0|
    |B_TILE_276_fu_2124           |   32|   0|   32|          0|
    |B_TILE_277_fu_2120           |   32|   0|   32|          0|
    |B_TILE_278_fu_2116           |   32|   0|   32|          0|
    |B_TILE_279_fu_2112           |   32|   0|   32|          0|
    |B_TILE_27_fu_3120            |   32|   0|   32|          0|
    |B_TILE_280_fu_2108           |   32|   0|   32|          0|
    |B_TILE_281_fu_2104           |   32|   0|   32|          0|
    |B_TILE_282_fu_2100           |   32|   0|   32|          0|
    |B_TILE_283_fu_2096           |   32|   0|   32|          0|
    |B_TILE_284_fu_2092           |   32|   0|   32|          0|
    |B_TILE_285_fu_2088           |   32|   0|   32|          0|
    |B_TILE_286_fu_2084           |   32|   0|   32|          0|
    |B_TILE_287_fu_2080           |   32|   0|   32|          0|
    |B_TILE_288_fu_2076           |   32|   0|   32|          0|
    |B_TILE_289_fu_2072           |   32|   0|   32|          0|
    |B_TILE_28_fu_3116            |   32|   0|   32|          0|
    |B_TILE_290_fu_2068           |   32|   0|   32|          0|
    |B_TILE_291_fu_2064           |   32|   0|   32|          0|
    |B_TILE_292_fu_2060           |   32|   0|   32|          0|
    |B_TILE_293_fu_2056           |   32|   0|   32|          0|
    |B_TILE_294_fu_2052           |   32|   0|   32|          0|
    |B_TILE_295_fu_2048           |   32|   0|   32|          0|
    |B_TILE_296_fu_2044           |   32|   0|   32|          0|
    |B_TILE_297_fu_2040           |   32|   0|   32|          0|
    |B_TILE_298_fu_2036           |   32|   0|   32|          0|
    |B_TILE_299_fu_2032           |   32|   0|   32|          0|
    |B_TILE_29_fu_3112            |   32|   0|   32|          0|
    |B_TILE_2_0_out_preg          |   32|   0|   32|          0|
    |B_TILE_2_10_out_preg         |   32|   0|   32|          0|
    |B_TILE_2_11_out_preg         |   32|   0|   32|          0|
    |B_TILE_2_12_out_preg         |   32|   0|   32|          0|
    |B_TILE_2_13_out_preg         |   32|   0|   32|          0|
    |B_TILE_2_14_out_preg         |   32|   0|   32|          0|
    |B_TILE_2_15_out_preg         |   32|   0|   32|          0|
    |B_TILE_2_16_out_preg         |   32|   0|   32|          0|
    |B_TILE_2_17_out_preg         |   32|   0|   32|          0|
    |B_TILE_2_18_out_preg         |   32|   0|   32|          0|
    |B_TILE_2_19_out_preg         |   32|   0|   32|          0|
    |B_TILE_2_1_out_preg          |   32|   0|   32|          0|
    |B_TILE_2_20_out_preg         |   32|   0|   32|          0|
    |B_TILE_2_21_out_preg         |   32|   0|   32|          0|
    |B_TILE_2_22_out_preg         |   32|   0|   32|          0|
    |B_TILE_2_23_out_preg         |   32|   0|   32|          0|
    |B_TILE_2_24_out_preg         |   32|   0|   32|          0|
    |B_TILE_2_25_out_preg         |   32|   0|   32|          0|
    |B_TILE_2_26_out_preg         |   32|   0|   32|          0|
    |B_TILE_2_27_out_preg         |   32|   0|   32|          0|
    |B_TILE_2_28_out_preg         |   32|   0|   32|          0|
    |B_TILE_2_29_out_preg         |   32|   0|   32|          0|
    |B_TILE_2_2_out_preg          |   32|   0|   32|          0|
    |B_TILE_2_30_out_preg         |   32|   0|   32|          0|
    |B_TILE_2_31_out_preg         |   32|   0|   32|          0|
    |B_TILE_2_3_out_preg          |   32|   0|   32|          0|
    |B_TILE_2_4_out_preg          |   32|   0|   32|          0|
    |B_TILE_2_5_out_preg          |   32|   0|   32|          0|
    |B_TILE_2_6_out_preg          |   32|   0|   32|          0|
    |B_TILE_2_7_out_preg          |   32|   0|   32|          0|
    |B_TILE_2_8_out_preg          |   32|   0|   32|          0|
    |B_TILE_2_9_out_preg          |   32|   0|   32|          0|
    |B_TILE_2_fu_3220             |   32|   0|   32|          0|
    |B_TILE_300_fu_2028           |   32|   0|   32|          0|
    |B_TILE_301_fu_2024           |   32|   0|   32|          0|
    |B_TILE_302_fu_2020           |   32|   0|   32|          0|
    |B_TILE_303_fu_2016           |   32|   0|   32|          0|
    |B_TILE_304_fu_2012           |   32|   0|   32|          0|
    |B_TILE_305_fu_2008           |   32|   0|   32|          0|
    |B_TILE_306_fu_2004           |   32|   0|   32|          0|
    |B_TILE_307_fu_2000           |   32|   0|   32|          0|
    |B_TILE_308_fu_1996           |   32|   0|   32|          0|
    |B_TILE_309_fu_1992           |   32|   0|   32|          0|
    |B_TILE_30_fu_3108            |   32|   0|   32|          0|
    |B_TILE_310_fu_1988           |   32|   0|   32|          0|
    |B_TILE_311_fu_1984           |   32|   0|   32|          0|
    |B_TILE_312_fu_1980           |   32|   0|   32|          0|
    |B_TILE_313_fu_1976           |   32|   0|   32|          0|
    |B_TILE_314_fu_1972           |   32|   0|   32|          0|
    |B_TILE_315_fu_1968           |   32|   0|   32|          0|
    |B_TILE_316_fu_1964           |   32|   0|   32|          0|
    |B_TILE_317_fu_1960           |   32|   0|   32|          0|
    |B_TILE_318_fu_1956           |   32|   0|   32|          0|
    |B_TILE_319_fu_1952           |   32|   0|   32|          0|
    |B_TILE_31_fu_3104            |   32|   0|   32|          0|
    |B_TILE_320_fu_1948           |   32|   0|   32|          0|
    |B_TILE_321_fu_1944           |   32|   0|   32|          0|
    |B_TILE_322_fu_1940           |   32|   0|   32|          0|
    |B_TILE_323_fu_1936           |   32|   0|   32|          0|
    |B_TILE_324_fu_1932           |   32|   0|   32|          0|
    |B_TILE_325_fu_1928           |   32|   0|   32|          0|
    |B_TILE_326_fu_1924           |   32|   0|   32|          0|
    |B_TILE_327_fu_1920           |   32|   0|   32|          0|
    |B_TILE_328_fu_1916           |   32|   0|   32|          0|
    |B_TILE_329_fu_1912           |   32|   0|   32|          0|
    |B_TILE_32_fu_3100            |   32|   0|   32|          0|
    |B_TILE_330_fu_1908           |   32|   0|   32|          0|
    |B_TILE_331_fu_1904           |   32|   0|   32|          0|
    |B_TILE_332_fu_1900           |   32|   0|   32|          0|
    |B_TILE_333_fu_1896           |   32|   0|   32|          0|
    |B_TILE_334_fu_1892           |   32|   0|   32|          0|
    |B_TILE_335_fu_1888           |   32|   0|   32|          0|
    |B_TILE_336_fu_1884           |   32|   0|   32|          0|
    |B_TILE_337_fu_1880           |   32|   0|   32|          0|
    |B_TILE_338_fu_1876           |   32|   0|   32|          0|
    |B_TILE_339_fu_1872           |   32|   0|   32|          0|
    |B_TILE_33_fu_3096            |   32|   0|   32|          0|
    |B_TILE_340_fu_1868           |   32|   0|   32|          0|
    |B_TILE_341_fu_1864           |   32|   0|   32|          0|
    |B_TILE_342_fu_1860           |   32|   0|   32|          0|
    |B_TILE_343_fu_1856           |   32|   0|   32|          0|
    |B_TILE_344_fu_1852           |   32|   0|   32|          0|
    |B_TILE_345_fu_1848           |   32|   0|   32|          0|
    |B_TILE_346_fu_1844           |   32|   0|   32|          0|
    |B_TILE_347_fu_1840           |   32|   0|   32|          0|
    |B_TILE_348_fu_1836           |   32|   0|   32|          0|
    |B_TILE_349_fu_1832           |   32|   0|   32|          0|
    |B_TILE_34_fu_3092            |   32|   0|   32|          0|
    |B_TILE_350_fu_1828           |   32|   0|   32|          0|
    |B_TILE_351_fu_1824           |   32|   0|   32|          0|
    |B_TILE_352_fu_1820           |   32|   0|   32|          0|
    |B_TILE_353_fu_1816           |   32|   0|   32|          0|
    |B_TILE_354_fu_1812           |   32|   0|   32|          0|
    |B_TILE_355_fu_1808           |   32|   0|   32|          0|
    |B_TILE_356_fu_1804           |   32|   0|   32|          0|
    |B_TILE_357_fu_1800           |   32|   0|   32|          0|
    |B_TILE_358_fu_1796           |   32|   0|   32|          0|
    |B_TILE_359_fu_1792           |   32|   0|   32|          0|
    |B_TILE_35_fu_3088            |   32|   0|   32|          0|
    |B_TILE_360_fu_1788           |   32|   0|   32|          0|
    |B_TILE_361_fu_1784           |   32|   0|   32|          0|
    |B_TILE_362_fu_1780           |   32|   0|   32|          0|
    |B_TILE_363_fu_1776           |   32|   0|   32|          0|
    |B_TILE_364_fu_1772           |   32|   0|   32|          0|
    |B_TILE_365_fu_1768           |   32|   0|   32|          0|
    |B_TILE_366_fu_1764           |   32|   0|   32|          0|
    |B_TILE_367_fu_1760           |   32|   0|   32|          0|
    |B_TILE_368_fu_1756           |   32|   0|   32|          0|
    |B_TILE_369_fu_1752           |   32|   0|   32|          0|
    |B_TILE_36_fu_3084            |   32|   0|   32|          0|
    |B_TILE_370_fu_1748           |   32|   0|   32|          0|
    |B_TILE_371_fu_1744           |   32|   0|   32|          0|
    |B_TILE_372_fu_1740           |   32|   0|   32|          0|
    |B_TILE_373_fu_1736           |   32|   0|   32|          0|
    |B_TILE_374_fu_1732           |   32|   0|   32|          0|
    |B_TILE_375_fu_1728           |   32|   0|   32|          0|
    |B_TILE_376_fu_1724           |   32|   0|   32|          0|
    |B_TILE_377_fu_1720           |   32|   0|   32|          0|
    |B_TILE_378_fu_1716           |   32|   0|   32|          0|
    |B_TILE_379_fu_1712           |   32|   0|   32|          0|
    |B_TILE_37_fu_3080            |   32|   0|   32|          0|
    |B_TILE_380_fu_1708           |   32|   0|   32|          0|
    |B_TILE_381_fu_1704           |   32|   0|   32|          0|
    |B_TILE_382_fu_1700           |   32|   0|   32|          0|
    |B_TILE_383_fu_1696           |   32|   0|   32|          0|
    |B_TILE_384_fu_1692           |   32|   0|   32|          0|
    |B_TILE_385_fu_1688           |   32|   0|   32|          0|
    |B_TILE_386_fu_1684           |   32|   0|   32|          0|
    |B_TILE_387_fu_1680           |   32|   0|   32|          0|
    |B_TILE_388_fu_1676           |   32|   0|   32|          0|
    |B_TILE_389_fu_1672           |   32|   0|   32|          0|
    |B_TILE_38_fu_3076            |   32|   0|   32|          0|
    |B_TILE_390_fu_1668           |   32|   0|   32|          0|
    |B_TILE_391_fu_1664           |   32|   0|   32|          0|
    |B_TILE_392_fu_1660           |   32|   0|   32|          0|
    |B_TILE_393_fu_1656           |   32|   0|   32|          0|
    |B_TILE_394_fu_1652           |   32|   0|   32|          0|
    |B_TILE_395_fu_1648           |   32|   0|   32|          0|
    |B_TILE_396_fu_1644           |   32|   0|   32|          0|
    |B_TILE_397_fu_1640           |   32|   0|   32|          0|
    |B_TILE_398_fu_1636           |   32|   0|   32|          0|
    |B_TILE_399_fu_1632           |   32|   0|   32|          0|
    |B_TILE_39_fu_3072            |   32|   0|   32|          0|
    |B_TILE_3_0_out_preg          |   32|   0|   32|          0|
    |B_TILE_3_10_out_preg         |   32|   0|   32|          0|
    |B_TILE_3_11_out_preg         |   32|   0|   32|          0|
    |B_TILE_3_12_out_preg         |   32|   0|   32|          0|
    |B_TILE_3_13_out_preg         |   32|   0|   32|          0|
    |B_TILE_3_14_out_preg         |   32|   0|   32|          0|
    |B_TILE_3_15_out_preg         |   32|   0|   32|          0|
    |B_TILE_3_16_out_preg         |   32|   0|   32|          0|
    |B_TILE_3_17_out_preg         |   32|   0|   32|          0|
    |B_TILE_3_18_out_preg         |   32|   0|   32|          0|
    |B_TILE_3_19_out_preg         |   32|   0|   32|          0|
    |B_TILE_3_1_out_preg          |   32|   0|   32|          0|
    |B_TILE_3_20_out_preg         |   32|   0|   32|          0|
    |B_TILE_3_21_out_preg         |   32|   0|   32|          0|
    |B_TILE_3_22_out_preg         |   32|   0|   32|          0|
    |B_TILE_3_23_out_preg         |   32|   0|   32|          0|
    |B_TILE_3_24_out_preg         |   32|   0|   32|          0|
    |B_TILE_3_25_out_preg         |   32|   0|   32|          0|
    |B_TILE_3_26_out_preg         |   32|   0|   32|          0|
    |B_TILE_3_27_out_preg         |   32|   0|   32|          0|
    |B_TILE_3_28_out_preg         |   32|   0|   32|          0|
    |B_TILE_3_29_out_preg         |   32|   0|   32|          0|
    |B_TILE_3_2_out_preg          |   32|   0|   32|          0|
    |B_TILE_3_30_out_preg         |   32|   0|   32|          0|
    |B_TILE_3_31_out_preg         |   32|   0|   32|          0|
    |B_TILE_3_3_out_preg          |   32|   0|   32|          0|
    |B_TILE_3_4_out_preg          |   32|   0|   32|          0|
    |B_TILE_3_5_out_preg          |   32|   0|   32|          0|
    |B_TILE_3_6_out_preg          |   32|   0|   32|          0|
    |B_TILE_3_7_out_preg          |   32|   0|   32|          0|
    |B_TILE_3_8_out_preg          |   32|   0|   32|          0|
    |B_TILE_3_9_out_preg          |   32|   0|   32|          0|
    |B_TILE_3_fu_3216             |   32|   0|   32|          0|
    |B_TILE_400_fu_1628           |   32|   0|   32|          0|
    |B_TILE_401_fu_1624           |   32|   0|   32|          0|
    |B_TILE_402_fu_1620           |   32|   0|   32|          0|
    |B_TILE_403_fu_1616           |   32|   0|   32|          0|
    |B_TILE_404_fu_1612           |   32|   0|   32|          0|
    |B_TILE_405_fu_1608           |   32|   0|   32|          0|
    |B_TILE_406_fu_1604           |   32|   0|   32|          0|
    |B_TILE_407_fu_1600           |   32|   0|   32|          0|
    |B_TILE_408_fu_1596           |   32|   0|   32|          0|
    |B_TILE_409_fu_1592           |   32|   0|   32|          0|
    |B_TILE_40_fu_3068            |   32|   0|   32|          0|
    |B_TILE_410_fu_1588           |   32|   0|   32|          0|
    |B_TILE_411_fu_1584           |   32|   0|   32|          0|
    |B_TILE_412_fu_1580           |   32|   0|   32|          0|
    |B_TILE_413_fu_1576           |   32|   0|   32|          0|
    |B_TILE_414_fu_1572           |   32|   0|   32|          0|
    |B_TILE_415_fu_1568           |   32|   0|   32|          0|
    |B_TILE_416_fu_1564           |   32|   0|   32|          0|
    |B_TILE_417_fu_1560           |   32|   0|   32|          0|
    |B_TILE_418_fu_1556           |   32|   0|   32|          0|
    |B_TILE_419_fu_1552           |   32|   0|   32|          0|
    |B_TILE_41_fu_3064            |   32|   0|   32|          0|
    |B_TILE_420_fu_1548           |   32|   0|   32|          0|
    |B_TILE_421_fu_1544           |   32|   0|   32|          0|
    |B_TILE_422_fu_1540           |   32|   0|   32|          0|
    |B_TILE_423_fu_1536           |   32|   0|   32|          0|
    |B_TILE_424_fu_1532           |   32|   0|   32|          0|
    |B_TILE_425_fu_1528           |   32|   0|   32|          0|
    |B_TILE_426_fu_1524           |   32|   0|   32|          0|
    |B_TILE_427_fu_1520           |   32|   0|   32|          0|
    |B_TILE_428_fu_1516           |   32|   0|   32|          0|
    |B_TILE_429_fu_1512           |   32|   0|   32|          0|
    |B_TILE_42_fu_3060            |   32|   0|   32|          0|
    |B_TILE_430_fu_1508           |   32|   0|   32|          0|
    |B_TILE_431_fu_1504           |   32|   0|   32|          0|
    |B_TILE_432_fu_1500           |   32|   0|   32|          0|
    |B_TILE_433_fu_1496           |   32|   0|   32|          0|
    |B_TILE_434_fu_1492           |   32|   0|   32|          0|
    |B_TILE_435_fu_1488           |   32|   0|   32|          0|
    |B_TILE_436_fu_1484           |   32|   0|   32|          0|
    |B_TILE_437_fu_1480           |   32|   0|   32|          0|
    |B_TILE_438_fu_1476           |   32|   0|   32|          0|
    |B_TILE_439_fu_1472           |   32|   0|   32|          0|
    |B_TILE_43_fu_3056            |   32|   0|   32|          0|
    |B_TILE_440_fu_1468           |   32|   0|   32|          0|
    |B_TILE_441_fu_1464           |   32|   0|   32|          0|
    |B_TILE_442_fu_1460           |   32|   0|   32|          0|
    |B_TILE_443_fu_1456           |   32|   0|   32|          0|
    |B_TILE_444_fu_1452           |   32|   0|   32|          0|
    |B_TILE_445_fu_1448           |   32|   0|   32|          0|
    |B_TILE_446_fu_1444           |   32|   0|   32|          0|
    |B_TILE_447_fu_1440           |   32|   0|   32|          0|
    |B_TILE_448_fu_1436           |   32|   0|   32|          0|
    |B_TILE_449_fu_1432           |   32|   0|   32|          0|
    |B_TILE_44_fu_3052            |   32|   0|   32|          0|
    |B_TILE_450_fu_1428           |   32|   0|   32|          0|
    |B_TILE_451_fu_1424           |   32|   0|   32|          0|
    |B_TILE_452_fu_1420           |   32|   0|   32|          0|
    |B_TILE_453_fu_1416           |   32|   0|   32|          0|
    |B_TILE_454_fu_1412           |   32|   0|   32|          0|
    |B_TILE_455_fu_1408           |   32|   0|   32|          0|
    |B_TILE_456_fu_1404           |   32|   0|   32|          0|
    |B_TILE_457_fu_1400           |   32|   0|   32|          0|
    |B_TILE_458_fu_1396           |   32|   0|   32|          0|
    |B_TILE_459_fu_1392           |   32|   0|   32|          0|
    |B_TILE_45_fu_3048            |   32|   0|   32|          0|
    |B_TILE_460_fu_1388           |   32|   0|   32|          0|
    |B_TILE_461_fu_1384           |   32|   0|   32|          0|
    |B_TILE_462_fu_1380           |   32|   0|   32|          0|
    |B_TILE_463_fu_1376           |   32|   0|   32|          0|
    |B_TILE_464_fu_1372           |   32|   0|   32|          0|
    |B_TILE_465_fu_1368           |   32|   0|   32|          0|
    |B_TILE_466_fu_1364           |   32|   0|   32|          0|
    |B_TILE_467_fu_1360           |   32|   0|   32|          0|
    |B_TILE_468_fu_1356           |   32|   0|   32|          0|
    |B_TILE_469_fu_1352           |   32|   0|   32|          0|
    |B_TILE_46_fu_3044            |   32|   0|   32|          0|
    |B_TILE_470_fu_1348           |   32|   0|   32|          0|
    |B_TILE_471_fu_1344           |   32|   0|   32|          0|
    |B_TILE_472_fu_1340           |   32|   0|   32|          0|
    |B_TILE_473_fu_1336           |   32|   0|   32|          0|
    |B_TILE_474_fu_1332           |   32|   0|   32|          0|
    |B_TILE_475_fu_1328           |   32|   0|   32|          0|
    |B_TILE_476_fu_1324           |   32|   0|   32|          0|
    |B_TILE_477_fu_1320           |   32|   0|   32|          0|
    |B_TILE_478_fu_1316           |   32|   0|   32|          0|
    |B_TILE_479_fu_1312           |   32|   0|   32|          0|
    |B_TILE_47_fu_3040            |   32|   0|   32|          0|
    |B_TILE_480_fu_1308           |   32|   0|   32|          0|
    |B_TILE_481_fu_1304           |   32|   0|   32|          0|
    |B_TILE_482_fu_1300           |   32|   0|   32|          0|
    |B_TILE_483_fu_1296           |   32|   0|   32|          0|
    |B_TILE_484_fu_1292           |   32|   0|   32|          0|
    |B_TILE_485_fu_1288           |   32|   0|   32|          0|
    |B_TILE_486_fu_1284           |   32|   0|   32|          0|
    |B_TILE_487_fu_1280           |   32|   0|   32|          0|
    |B_TILE_488_fu_1276           |   32|   0|   32|          0|
    |B_TILE_489_fu_1272           |   32|   0|   32|          0|
    |B_TILE_48_fu_3036            |   32|   0|   32|          0|
    |B_TILE_490_fu_1268           |   32|   0|   32|          0|
    |B_TILE_491_fu_1264           |   32|   0|   32|          0|
    |B_TILE_492_fu_1260           |   32|   0|   32|          0|
    |B_TILE_493_fu_1256           |   32|   0|   32|          0|
    |B_TILE_494_fu_1252           |   32|   0|   32|          0|
    |B_TILE_495_fu_1248           |   32|   0|   32|          0|
    |B_TILE_496_fu_1244           |   32|   0|   32|          0|
    |B_TILE_497_fu_1240           |   32|   0|   32|          0|
    |B_TILE_498_fu_1236           |   32|   0|   32|          0|
    |B_TILE_499_fu_1232           |   32|   0|   32|          0|
    |B_TILE_49_fu_3032            |   32|   0|   32|          0|
    |B_TILE_4_0_out_preg          |   32|   0|   32|          0|
    |B_TILE_4_10_out_preg         |   32|   0|   32|          0|
    |B_TILE_4_11_out_preg         |   32|   0|   32|          0|
    |B_TILE_4_12_out_preg         |   32|   0|   32|          0|
    |B_TILE_4_13_out_preg         |   32|   0|   32|          0|
    |B_TILE_4_14_out_preg         |   32|   0|   32|          0|
    |B_TILE_4_15_out_preg         |   32|   0|   32|          0|
    |B_TILE_4_16_out_preg         |   32|   0|   32|          0|
    |B_TILE_4_17_out_preg         |   32|   0|   32|          0|
    |B_TILE_4_18_out_preg         |   32|   0|   32|          0|
    |B_TILE_4_19_out_preg         |   32|   0|   32|          0|
    |B_TILE_4_1_out_preg          |   32|   0|   32|          0|
    |B_TILE_4_20_out_preg         |   32|   0|   32|          0|
    |B_TILE_4_21_out_preg         |   32|   0|   32|          0|
    |B_TILE_4_22_out_preg         |   32|   0|   32|          0|
    |B_TILE_4_23_out_preg         |   32|   0|   32|          0|
    |B_TILE_4_24_out_preg         |   32|   0|   32|          0|
    |B_TILE_4_25_out_preg         |   32|   0|   32|          0|
    |B_TILE_4_26_out_preg         |   32|   0|   32|          0|
    |B_TILE_4_27_out_preg         |   32|   0|   32|          0|
    |B_TILE_4_28_out_preg         |   32|   0|   32|          0|
    |B_TILE_4_29_out_preg         |   32|   0|   32|          0|
    |B_TILE_4_2_out_preg          |   32|   0|   32|          0|
    |B_TILE_4_30_out_preg         |   32|   0|   32|          0|
    |B_TILE_4_31_out_preg         |   32|   0|   32|          0|
    |B_TILE_4_3_out_preg          |   32|   0|   32|          0|
    |B_TILE_4_4_out_preg          |   32|   0|   32|          0|
    |B_TILE_4_5_out_preg          |   32|   0|   32|          0|
    |B_TILE_4_6_out_preg          |   32|   0|   32|          0|
    |B_TILE_4_7_out_preg          |   32|   0|   32|          0|
    |B_TILE_4_8_out_preg          |   32|   0|   32|          0|
    |B_TILE_4_9_out_preg          |   32|   0|   32|          0|
    |B_TILE_4_fu_3212             |   32|   0|   32|          0|
    |B_TILE_500_fu_1228           |   32|   0|   32|          0|
    |B_TILE_501_fu_1224           |   32|   0|   32|          0|
    |B_TILE_502_fu_1220           |   32|   0|   32|          0|
    |B_TILE_503_fu_1216           |   32|   0|   32|          0|
    |B_TILE_504_fu_1212           |   32|   0|   32|          0|
    |B_TILE_505_fu_1208           |   32|   0|   32|          0|
    |B_TILE_506_fu_1204           |   32|   0|   32|          0|
    |B_TILE_507_fu_1200           |   32|   0|   32|          0|
    |B_TILE_508_fu_1196           |   32|   0|   32|          0|
    |B_TILE_509_fu_1192           |   32|   0|   32|          0|
    |B_TILE_50_fu_3028            |   32|   0|   32|          0|
    |B_TILE_510_fu_1188           |   32|   0|   32|          0|
    |B_TILE_511_fu_1184           |   32|   0|   32|          0|
    |B_TILE_51_fu_3024            |   32|   0|   32|          0|
    |B_TILE_52_fu_3020            |   32|   0|   32|          0|
    |B_TILE_53_fu_3016            |   32|   0|   32|          0|
    |B_TILE_54_fu_3012            |   32|   0|   32|          0|
    |B_TILE_55_fu_3008            |   32|   0|   32|          0|
    |B_TILE_56_fu_3004            |   32|   0|   32|          0|
    |B_TILE_57_fu_3000            |   32|   0|   32|          0|
    |B_TILE_58_fu_2996            |   32|   0|   32|          0|
    |B_TILE_59_fu_2992            |   32|   0|   32|          0|
    |B_TILE_5_0_out_preg          |   32|   0|   32|          0|
    |B_TILE_5_10_out_preg         |   32|   0|   32|          0|
    |B_TILE_5_11_out_preg         |   32|   0|   32|          0|
    |B_TILE_5_12_out_preg         |   32|   0|   32|          0|
    |B_TILE_5_13_out_preg         |   32|   0|   32|          0|
    |B_TILE_5_14_out_preg         |   32|   0|   32|          0|
    |B_TILE_5_15_out_preg         |   32|   0|   32|          0|
    |B_TILE_5_16_out_preg         |   32|   0|   32|          0|
    |B_TILE_5_17_out_preg         |   32|   0|   32|          0|
    |B_TILE_5_18_out_preg         |   32|   0|   32|          0|
    |B_TILE_5_19_out_preg         |   32|   0|   32|          0|
    |B_TILE_5_1_out_preg          |   32|   0|   32|          0|
    |B_TILE_5_20_out_preg         |   32|   0|   32|          0|
    |B_TILE_5_21_out_preg         |   32|   0|   32|          0|
    |B_TILE_5_22_out_preg         |   32|   0|   32|          0|
    |B_TILE_5_23_out_preg         |   32|   0|   32|          0|
    |B_TILE_5_24_out_preg         |   32|   0|   32|          0|
    |B_TILE_5_25_out_preg         |   32|   0|   32|          0|
    |B_TILE_5_26_out_preg         |   32|   0|   32|          0|
    |B_TILE_5_27_out_preg         |   32|   0|   32|          0|
    |B_TILE_5_28_out_preg         |   32|   0|   32|          0|
    |B_TILE_5_29_out_preg         |   32|   0|   32|          0|
    |B_TILE_5_2_out_preg          |   32|   0|   32|          0|
    |B_TILE_5_30_out_preg         |   32|   0|   32|          0|
    |B_TILE_5_31_out_preg         |   32|   0|   32|          0|
    |B_TILE_5_3_out_preg          |   32|   0|   32|          0|
    |B_TILE_5_4_out_preg          |   32|   0|   32|          0|
    |B_TILE_5_5_out_preg          |   32|   0|   32|          0|
    |B_TILE_5_6_out_preg          |   32|   0|   32|          0|
    |B_TILE_5_7_out_preg          |   32|   0|   32|          0|
    |B_TILE_5_8_out_preg          |   32|   0|   32|          0|
    |B_TILE_5_9_out_preg          |   32|   0|   32|          0|
    |B_TILE_5_fu_3208             |   32|   0|   32|          0|
    |B_TILE_60_fu_2988            |   32|   0|   32|          0|
    |B_TILE_61_fu_2984            |   32|   0|   32|          0|
    |B_TILE_62_fu_2980            |   32|   0|   32|          0|
    |B_TILE_63_fu_2976            |   32|   0|   32|          0|
    |B_TILE_64_fu_2972            |   32|   0|   32|          0|
    |B_TILE_65_fu_2968            |   32|   0|   32|          0|
    |B_TILE_66_fu_2964            |   32|   0|   32|          0|
    |B_TILE_67_fu_2960            |   32|   0|   32|          0|
    |B_TILE_68_fu_2956            |   32|   0|   32|          0|
    |B_TILE_69_fu_2952            |   32|   0|   32|          0|
    |B_TILE_6_0_out_preg          |   32|   0|   32|          0|
    |B_TILE_6_10_out_preg         |   32|   0|   32|          0|
    |B_TILE_6_11_out_preg         |   32|   0|   32|          0|
    |B_TILE_6_12_out_preg         |   32|   0|   32|          0|
    |B_TILE_6_13_out_preg         |   32|   0|   32|          0|
    |B_TILE_6_14_out_preg         |   32|   0|   32|          0|
    |B_TILE_6_15_out_preg         |   32|   0|   32|          0|
    |B_TILE_6_16_out_preg         |   32|   0|   32|          0|
    |B_TILE_6_17_out_preg         |   32|   0|   32|          0|
    |B_TILE_6_18_out_preg         |   32|   0|   32|          0|
    |B_TILE_6_19_out_preg         |   32|   0|   32|          0|
    |B_TILE_6_1_out_preg          |   32|   0|   32|          0|
    |B_TILE_6_20_out_preg         |   32|   0|   32|          0|
    |B_TILE_6_21_out_preg         |   32|   0|   32|          0|
    |B_TILE_6_22_out_preg         |   32|   0|   32|          0|
    |B_TILE_6_23_out_preg         |   32|   0|   32|          0|
    |B_TILE_6_24_out_preg         |   32|   0|   32|          0|
    |B_TILE_6_25_out_preg         |   32|   0|   32|          0|
    |B_TILE_6_26_out_preg         |   32|   0|   32|          0|
    |B_TILE_6_27_out_preg         |   32|   0|   32|          0|
    |B_TILE_6_28_out_preg         |   32|   0|   32|          0|
    |B_TILE_6_29_out_preg         |   32|   0|   32|          0|
    |B_TILE_6_2_out_preg          |   32|   0|   32|          0|
    |B_TILE_6_30_out_preg         |   32|   0|   32|          0|
    |B_TILE_6_31_out_preg         |   32|   0|   32|          0|
    |B_TILE_6_3_out_preg          |   32|   0|   32|          0|
    |B_TILE_6_4_out_preg          |   32|   0|   32|          0|
    |B_TILE_6_5_out_preg          |   32|   0|   32|          0|
    |B_TILE_6_6_out_preg          |   32|   0|   32|          0|
    |B_TILE_6_7_out_preg          |   32|   0|   32|          0|
    |B_TILE_6_8_out_preg          |   32|   0|   32|          0|
    |B_TILE_6_9_out_preg          |   32|   0|   32|          0|
    |B_TILE_6_fu_3204             |   32|   0|   32|          0|
    |B_TILE_70_fu_2948            |   32|   0|   32|          0|
    |B_TILE_71_fu_2944            |   32|   0|   32|          0|
    |B_TILE_72_fu_2940            |   32|   0|   32|          0|
    |B_TILE_73_fu_2936            |   32|   0|   32|          0|
    |B_TILE_74_fu_2932            |   32|   0|   32|          0|
    |B_TILE_75_fu_2928            |   32|   0|   32|          0|
    |B_TILE_76_fu_2924            |   32|   0|   32|          0|
    |B_TILE_77_fu_2920            |   32|   0|   32|          0|
    |B_TILE_78_fu_2916            |   32|   0|   32|          0|
    |B_TILE_79_fu_2912            |   32|   0|   32|          0|
    |B_TILE_7_0_out_preg          |   32|   0|   32|          0|
    |B_TILE_7_10_out_preg         |   32|   0|   32|          0|
    |B_TILE_7_11_out_preg         |   32|   0|   32|          0|
    |B_TILE_7_12_out_preg         |   32|   0|   32|          0|
    |B_TILE_7_13_out_preg         |   32|   0|   32|          0|
    |B_TILE_7_14_out_preg         |   32|   0|   32|          0|
    |B_TILE_7_15_out_preg         |   32|   0|   32|          0|
    |B_TILE_7_16_out_preg         |   32|   0|   32|          0|
    |B_TILE_7_17_out_preg         |   32|   0|   32|          0|
    |B_TILE_7_18_out_preg         |   32|   0|   32|          0|
    |B_TILE_7_19_out_preg         |   32|   0|   32|          0|
    |B_TILE_7_1_out_preg          |   32|   0|   32|          0|
    |B_TILE_7_20_out_preg         |   32|   0|   32|          0|
    |B_TILE_7_21_out_preg         |   32|   0|   32|          0|
    |B_TILE_7_22_out_preg         |   32|   0|   32|          0|
    |B_TILE_7_23_out_preg         |   32|   0|   32|          0|
    |B_TILE_7_24_out_preg         |   32|   0|   32|          0|
    |B_TILE_7_25_out_preg         |   32|   0|   32|          0|
    |B_TILE_7_26_out_preg         |   32|   0|   32|          0|
    |B_TILE_7_27_out_preg         |   32|   0|   32|          0|
    |B_TILE_7_28_out_preg         |   32|   0|   32|          0|
    |B_TILE_7_29_out_preg         |   32|   0|   32|          0|
    |B_TILE_7_2_out_preg          |   32|   0|   32|          0|
    |B_TILE_7_30_out_preg         |   32|   0|   32|          0|
    |B_TILE_7_31_out_preg         |   32|   0|   32|          0|
    |B_TILE_7_3_out_preg          |   32|   0|   32|          0|
    |B_TILE_7_4_out_preg          |   32|   0|   32|          0|
    |B_TILE_7_5_out_preg          |   32|   0|   32|          0|
    |B_TILE_7_6_out_preg          |   32|   0|   32|          0|
    |B_TILE_7_7_out_preg          |   32|   0|   32|          0|
    |B_TILE_7_8_out_preg          |   32|   0|   32|          0|
    |B_TILE_7_9_out_preg          |   32|   0|   32|          0|
    |B_TILE_7_fu_3200             |   32|   0|   32|          0|
    |B_TILE_80_fu_2908            |   32|   0|   32|          0|
    |B_TILE_81_fu_2904            |   32|   0|   32|          0|
    |B_TILE_82_fu_2900            |   32|   0|   32|          0|
    |B_TILE_83_fu_2896            |   32|   0|   32|          0|
    |B_TILE_84_fu_2892            |   32|   0|   32|          0|
    |B_TILE_85_fu_2888            |   32|   0|   32|          0|
    |B_TILE_86_fu_2884            |   32|   0|   32|          0|
    |B_TILE_87_fu_2880            |   32|   0|   32|          0|
    |B_TILE_88_fu_2876            |   32|   0|   32|          0|
    |B_TILE_89_fu_2872            |   32|   0|   32|          0|
    |B_TILE_8_0_out_preg          |   32|   0|   32|          0|
    |B_TILE_8_10_out_preg         |   32|   0|   32|          0|
    |B_TILE_8_11_out_preg         |   32|   0|   32|          0|
    |B_TILE_8_12_out_preg         |   32|   0|   32|          0|
    |B_TILE_8_13_out_preg         |   32|   0|   32|          0|
    |B_TILE_8_14_out_preg         |   32|   0|   32|          0|
    |B_TILE_8_15_out_preg         |   32|   0|   32|          0|
    |B_TILE_8_16_out_preg         |   32|   0|   32|          0|
    |B_TILE_8_17_out_preg         |   32|   0|   32|          0|
    |B_TILE_8_18_out_preg         |   32|   0|   32|          0|
    |B_TILE_8_19_out_preg         |   32|   0|   32|          0|
    |B_TILE_8_1_out_preg          |   32|   0|   32|          0|
    |B_TILE_8_20_out_preg         |   32|   0|   32|          0|
    |B_TILE_8_21_out_preg         |   32|   0|   32|          0|
    |B_TILE_8_22_out_preg         |   32|   0|   32|          0|
    |B_TILE_8_23_out_preg         |   32|   0|   32|          0|
    |B_TILE_8_24_out_preg         |   32|   0|   32|          0|
    |B_TILE_8_25_out_preg         |   32|   0|   32|          0|
    |B_TILE_8_26_out_preg         |   32|   0|   32|          0|
    |B_TILE_8_27_out_preg         |   32|   0|   32|          0|
    |B_TILE_8_28_out_preg         |   32|   0|   32|          0|
    |B_TILE_8_29_out_preg         |   32|   0|   32|          0|
    |B_TILE_8_2_out_preg          |   32|   0|   32|          0|
    |B_TILE_8_30_out_preg         |   32|   0|   32|          0|
    |B_TILE_8_31_out_preg         |   32|   0|   32|          0|
    |B_TILE_8_3_out_preg          |   32|   0|   32|          0|
    |B_TILE_8_4_out_preg          |   32|   0|   32|          0|
    |B_TILE_8_5_out_preg          |   32|   0|   32|          0|
    |B_TILE_8_6_out_preg          |   32|   0|   32|          0|
    |B_TILE_8_7_out_preg          |   32|   0|   32|          0|
    |B_TILE_8_8_out_preg          |   32|   0|   32|          0|
    |B_TILE_8_9_out_preg          |   32|   0|   32|          0|
    |B_TILE_8_fu_3196             |   32|   0|   32|          0|
    |B_TILE_90_fu_2868            |   32|   0|   32|          0|
    |B_TILE_91_fu_2864            |   32|   0|   32|          0|
    |B_TILE_92_fu_2860            |   32|   0|   32|          0|
    |B_TILE_93_fu_2856            |   32|   0|   32|          0|
    |B_TILE_94_fu_2852            |   32|   0|   32|          0|
    |B_TILE_95_fu_2848            |   32|   0|   32|          0|
    |B_TILE_96_fu_2844            |   32|   0|   32|          0|
    |B_TILE_97_fu_2840            |   32|   0|   32|          0|
    |B_TILE_98_fu_2836            |   32|   0|   32|          0|
    |B_TILE_99_fu_2832            |   32|   0|   32|          0|
    |B_TILE_9_0_out_preg          |   32|   0|   32|          0|
    |B_TILE_9_10_out_preg         |   32|   0|   32|          0|
    |B_TILE_9_11_out_preg         |   32|   0|   32|          0|
    |B_TILE_9_12_out_preg         |   32|   0|   32|          0|
    |B_TILE_9_13_out_preg         |   32|   0|   32|          0|
    |B_TILE_9_14_out_preg         |   32|   0|   32|          0|
    |B_TILE_9_15_out_preg         |   32|   0|   32|          0|
    |B_TILE_9_16_out_preg         |   32|   0|   32|          0|
    |B_TILE_9_17_out_preg         |   32|   0|   32|          0|
    |B_TILE_9_18_out_preg         |   32|   0|   32|          0|
    |B_TILE_9_19_out_preg         |   32|   0|   32|          0|
    |B_TILE_9_1_out_preg          |   32|   0|   32|          0|
    |B_TILE_9_20_out_preg         |   32|   0|   32|          0|
    |B_TILE_9_21_out_preg         |   32|   0|   32|          0|
    |B_TILE_9_22_out_preg         |   32|   0|   32|          0|
    |B_TILE_9_23_out_preg         |   32|   0|   32|          0|
    |B_TILE_9_24_out_preg         |   32|   0|   32|          0|
    |B_TILE_9_25_out_preg         |   32|   0|   32|          0|
    |B_TILE_9_26_out_preg         |   32|   0|   32|          0|
    |B_TILE_9_27_out_preg         |   32|   0|   32|          0|
    |B_TILE_9_28_out_preg         |   32|   0|   32|          0|
    |B_TILE_9_29_out_preg         |   32|   0|   32|          0|
    |B_TILE_9_2_out_preg          |   32|   0|   32|          0|
    |B_TILE_9_30_out_preg         |   32|   0|   32|          0|
    |B_TILE_9_31_out_preg         |   32|   0|   32|          0|
    |B_TILE_9_3_out_preg          |   32|   0|   32|          0|
    |B_TILE_9_4_out_preg          |   32|   0|   32|          0|
    |B_TILE_9_5_out_preg          |   32|   0|   32|          0|
    |B_TILE_9_6_out_preg          |   32|   0|   32|          0|
    |B_TILE_9_7_out_preg          |   32|   0|   32|          0|
    |B_TILE_9_8_out_preg          |   32|   0|   32|          0|
    |B_TILE_9_9_out_preg          |   32|   0|   32|          0|
    |B_TILE_9_fu_3192             |   32|   0|   32|          0|
    |B_TILE_fu_3228               |   32|   0|   32|          0|
    |ap_CS_fsm                    |    4|   0|    4|          0|
    |ap_done_reg                  |    1|   0|    1|          0|
    |k_fu_1180                    |    5|   0|    5|          0|
    +-----------------------------+-----+----+-----+-----------+
    |Total                        |49162|   0|49162|          0|
    +-----------------------------+-----+----+-----+-----------+



================================================================
== Interface
================================================================
* Summary: 
+---------------------+-----+-----+------------+--------------------+--------------+
|      RTL Ports      | Dir | Bits|  Protocol  |    Source Object   |    C Type    |
+---------------------+-----+-----+------------+--------------------+--------------+
|ap_clk               |   in|    1|  ap_ctrl_hs|  loadTileBFromDRAM8|  return value|
|ap_rst               |   in|    1|  ap_ctrl_hs|  loadTileBFromDRAM8|  return value|
|ap_start             |   in|    1|  ap_ctrl_hs|  loadTileBFromDRAM8|  return value|
|ap_done              |  out|    1|  ap_ctrl_hs|  loadTileBFromDRAM8|  return value|
|ap_continue          |   in|    1|  ap_ctrl_hs|  loadTileBFromDRAM8|  return value|
|ap_idle              |  out|    1|  ap_ctrl_hs|  loadTileBFromDRAM8|  return value|
|ap_ready             |  out|    1|  ap_ctrl_hs|  loadTileBFromDRAM8|  return value|
|B_DRAM_0_address0    |  out|    5|   ap_memory|            B_DRAM_0|         array|
|B_DRAM_0_ce0         |  out|    1|   ap_memory|            B_DRAM_0|         array|
|B_DRAM_0_q0          |   in|   32|   ap_memory|            B_DRAM_0|         array|
|B_DRAM_0_address1    |  out|    5|   ap_memory|            B_DRAM_0|         array|
|B_DRAM_0_ce1         |  out|    1|   ap_memory|            B_DRAM_0|         array|
|B_DRAM_0_q1          |   in|   32|   ap_memory|            B_DRAM_0|         array|
|B_DRAM_0_address2    |  out|    5|   ap_memory|            B_DRAM_0|         array|
|B_DRAM_0_ce2         |  out|    1|   ap_memory|            B_DRAM_0|         array|
|B_DRAM_0_q2          |   in|   32|   ap_memory|            B_DRAM_0|         array|
|B_DRAM_0_address3    |  out|    5|   ap_memory|            B_DRAM_0|         array|
|B_DRAM_0_ce3         |  out|    1|   ap_memory|            B_DRAM_0|         array|
|B_DRAM_0_q3          |   in|   32|   ap_memory|            B_DRAM_0|         array|
|B_DRAM_0_address4    |  out|    5|   ap_memory|            B_DRAM_0|         array|
|B_DRAM_0_ce4         |  out|    1|   ap_memory|            B_DRAM_0|         array|
|B_DRAM_0_q4          |   in|   32|   ap_memory|            B_DRAM_0|         array|
|B_DRAM_0_address5    |  out|    5|   ap_memory|            B_DRAM_0|         array|
|B_DRAM_0_ce5         |  out|    1|   ap_memory|            B_DRAM_0|         array|
|B_DRAM_0_q5          |   in|   32|   ap_memory|            B_DRAM_0|         array|
|B_DRAM_0_address6    |  out|    5|   ap_memory|            B_DRAM_0|         array|
|B_DRAM_0_ce6         |  out|    1|   ap_memory|            B_DRAM_0|         array|
|B_DRAM_0_q6          |   in|   32|   ap_memory|            B_DRAM_0|         array|
|B_DRAM_0_address7    |  out|    5|   ap_memory|            B_DRAM_0|         array|
|B_DRAM_0_ce7         |  out|    1|   ap_memory|            B_DRAM_0|         array|
|B_DRAM_0_q7          |   in|   32|   ap_memory|            B_DRAM_0|         array|
|B_DRAM_0_address8    |  out|    5|   ap_memory|            B_DRAM_0|         array|
|B_DRAM_0_ce8         |  out|    1|   ap_memory|            B_DRAM_0|         array|
|B_DRAM_0_q8          |   in|   32|   ap_memory|            B_DRAM_0|         array|
|B_DRAM_0_address9    |  out|    5|   ap_memory|            B_DRAM_0|         array|
|B_DRAM_0_ce9         |  out|    1|   ap_memory|            B_DRAM_0|         array|
|B_DRAM_0_q9          |   in|   32|   ap_memory|            B_DRAM_0|         array|
|B_DRAM_0_address10   |  out|    5|   ap_memory|            B_DRAM_0|         array|
|B_DRAM_0_ce10        |  out|    1|   ap_memory|            B_DRAM_0|         array|
|B_DRAM_0_q10         |   in|   32|   ap_memory|            B_DRAM_0|         array|
|B_DRAM_0_address11   |  out|    5|   ap_memory|            B_DRAM_0|         array|
|B_DRAM_0_ce11        |  out|    1|   ap_memory|            B_DRAM_0|         array|
|B_DRAM_0_q11         |   in|   32|   ap_memory|            B_DRAM_0|         array|
|B_DRAM_0_address12   |  out|    5|   ap_memory|            B_DRAM_0|         array|
|B_DRAM_0_ce12        |  out|    1|   ap_memory|            B_DRAM_0|         array|
|B_DRAM_0_q12         |   in|   32|   ap_memory|            B_DRAM_0|         array|
|B_DRAM_0_address13   |  out|    5|   ap_memory|            B_DRAM_0|         array|
|B_DRAM_0_ce13        |  out|    1|   ap_memory|            B_DRAM_0|         array|
|B_DRAM_0_q13         |   in|   32|   ap_memory|            B_DRAM_0|         array|
|B_DRAM_0_address14   |  out|    5|   ap_memory|            B_DRAM_0|         array|
|B_DRAM_0_ce14        |  out|    1|   ap_memory|            B_DRAM_0|         array|
|B_DRAM_0_q14         |   in|   32|   ap_memory|            B_DRAM_0|         array|
|B_DRAM_0_address15   |  out|    5|   ap_memory|            B_DRAM_0|         array|
|B_DRAM_0_ce15        |  out|    1|   ap_memory|            B_DRAM_0|         array|
|B_DRAM_0_q15         |   in|   32|   ap_memory|            B_DRAM_0|         array|
|B_DRAM_0_address16   |  out|    5|   ap_memory|            B_DRAM_0|         array|
|B_DRAM_0_ce16        |  out|    1|   ap_memory|            B_DRAM_0|         array|
|B_DRAM_0_q16         |   in|   32|   ap_memory|            B_DRAM_0|         array|
|B_DRAM_1_address0    |  out|    5|   ap_memory|            B_DRAM_1|         array|
|B_DRAM_1_ce0         |  out|    1|   ap_memory|            B_DRAM_1|         array|
|B_DRAM_1_q0          |   in|   32|   ap_memory|            B_DRAM_1|         array|
|B_DRAM_1_address1    |  out|    5|   ap_memory|            B_DRAM_1|         array|
|B_DRAM_1_ce1         |  out|    1|   ap_memory|            B_DRAM_1|         array|
|B_DRAM_1_q1          |   in|   32|   ap_memory|            B_DRAM_1|         array|
|B_DRAM_1_address2    |  out|    5|   ap_memory|            B_DRAM_1|         array|
|B_DRAM_1_ce2         |  out|    1|   ap_memory|            B_DRAM_1|         array|
|B_DRAM_1_q2          |   in|   32|   ap_memory|            B_DRAM_1|         array|
|B_DRAM_1_address3    |  out|    5|   ap_memory|            B_DRAM_1|         array|
|B_DRAM_1_ce3         |  out|    1|   ap_memory|            B_DRAM_1|         array|
|B_DRAM_1_q3          |   in|   32|   ap_memory|            B_DRAM_1|         array|
|B_DRAM_1_address4    |  out|    5|   ap_memory|            B_DRAM_1|         array|
|B_DRAM_1_ce4         |  out|    1|   ap_memory|            B_DRAM_1|         array|
|B_DRAM_1_q4          |   in|   32|   ap_memory|            B_DRAM_1|         array|
|B_DRAM_1_address5    |  out|    5|   ap_memory|            B_DRAM_1|         array|
|B_DRAM_1_ce5         |  out|    1|   ap_memory|            B_DRAM_1|         array|
|B_DRAM_1_q5          |   in|   32|   ap_memory|            B_DRAM_1|         array|
|B_DRAM_1_address6    |  out|    5|   ap_memory|            B_DRAM_1|         array|
|B_DRAM_1_ce6         |  out|    1|   ap_memory|            B_DRAM_1|         array|
|B_DRAM_1_q6          |   in|   32|   ap_memory|            B_DRAM_1|         array|
|B_DRAM_1_address7    |  out|    5|   ap_memory|            B_DRAM_1|         array|
|B_DRAM_1_ce7         |  out|    1|   ap_memory|            B_DRAM_1|         array|
|B_DRAM_1_q7          |   in|   32|   ap_memory|            B_DRAM_1|         array|
|B_DRAM_1_address8    |  out|    5|   ap_memory|            B_DRAM_1|         array|
|B_DRAM_1_ce8         |  out|    1|   ap_memory|            B_DRAM_1|         array|
|B_DRAM_1_q8          |   in|   32|   ap_memory|            B_DRAM_1|         array|
|B_DRAM_1_address9    |  out|    5|   ap_memory|            B_DRAM_1|         array|
|B_DRAM_1_ce9         |  out|    1|   ap_memory|            B_DRAM_1|         array|
|B_DRAM_1_q9          |   in|   32|   ap_memory|            B_DRAM_1|         array|
|B_DRAM_1_address10   |  out|    5|   ap_memory|            B_DRAM_1|         array|
|B_DRAM_1_ce10        |  out|    1|   ap_memory|            B_DRAM_1|         array|
|B_DRAM_1_q10         |   in|   32|   ap_memory|            B_DRAM_1|         array|
|B_DRAM_1_address11   |  out|    5|   ap_memory|            B_DRAM_1|         array|
|B_DRAM_1_ce11        |  out|    1|   ap_memory|            B_DRAM_1|         array|
|B_DRAM_1_q11         |   in|   32|   ap_memory|            B_DRAM_1|         array|
|B_DRAM_1_address12   |  out|    5|   ap_memory|            B_DRAM_1|         array|
|B_DRAM_1_ce12        |  out|    1|   ap_memory|            B_DRAM_1|         array|
|B_DRAM_1_q12         |   in|   32|   ap_memory|            B_DRAM_1|         array|
|B_DRAM_1_address13   |  out|    5|   ap_memory|            B_DRAM_1|         array|
|B_DRAM_1_ce13        |  out|    1|   ap_memory|            B_DRAM_1|         array|
|B_DRAM_1_q13         |   in|   32|   ap_memory|            B_DRAM_1|         array|
|B_DRAM_1_address14   |  out|    5|   ap_memory|            B_DRAM_1|         array|
|B_DRAM_1_ce14        |  out|    1|   ap_memory|            B_DRAM_1|         array|
|B_DRAM_1_q14         |   in|   32|   ap_memory|            B_DRAM_1|         array|
|B_DRAM_1_address15   |  out|    5|   ap_memory|            B_DRAM_1|         array|
|B_DRAM_1_ce15        |  out|    1|   ap_memory|            B_DRAM_1|         array|
|B_DRAM_1_q15         |   in|   32|   ap_memory|            B_DRAM_1|         array|
|B_DRAM_1_address16   |  out|    5|   ap_memory|            B_DRAM_1|         array|
|B_DRAM_1_ce16        |  out|    1|   ap_memory|            B_DRAM_1|         array|
|B_DRAM_1_q16         |   in|   32|   ap_memory|            B_DRAM_1|         array|
|B_DRAM_2_address0    |  out|    5|   ap_memory|            B_DRAM_2|         array|
|B_DRAM_2_ce0         |  out|    1|   ap_memory|            B_DRAM_2|         array|
|B_DRAM_2_q0          |   in|   32|   ap_memory|            B_DRAM_2|         array|
|B_DRAM_2_address1    |  out|    5|   ap_memory|            B_DRAM_2|         array|
|B_DRAM_2_ce1         |  out|    1|   ap_memory|            B_DRAM_2|         array|
|B_DRAM_2_q1          |   in|   32|   ap_memory|            B_DRAM_2|         array|
|B_DRAM_2_address2    |  out|    5|   ap_memory|            B_DRAM_2|         array|
|B_DRAM_2_ce2         |  out|    1|   ap_memory|            B_DRAM_2|         array|
|B_DRAM_2_q2          |   in|   32|   ap_memory|            B_DRAM_2|         array|
|B_DRAM_2_address3    |  out|    5|   ap_memory|            B_DRAM_2|         array|
|B_DRAM_2_ce3         |  out|    1|   ap_memory|            B_DRAM_2|         array|
|B_DRAM_2_q3          |   in|   32|   ap_memory|            B_DRAM_2|         array|
|B_DRAM_2_address4    |  out|    5|   ap_memory|            B_DRAM_2|         array|
|B_DRAM_2_ce4         |  out|    1|   ap_memory|            B_DRAM_2|         array|
|B_DRAM_2_q4          |   in|   32|   ap_memory|            B_DRAM_2|         array|
|B_DRAM_2_address5    |  out|    5|   ap_memory|            B_DRAM_2|         array|
|B_DRAM_2_ce5         |  out|    1|   ap_memory|            B_DRAM_2|         array|
|B_DRAM_2_q5          |   in|   32|   ap_memory|            B_DRAM_2|         array|
|B_DRAM_2_address6    |  out|    5|   ap_memory|            B_DRAM_2|         array|
|B_DRAM_2_ce6         |  out|    1|   ap_memory|            B_DRAM_2|         array|
|B_DRAM_2_q6          |   in|   32|   ap_memory|            B_DRAM_2|         array|
|B_DRAM_2_address7    |  out|    5|   ap_memory|            B_DRAM_2|         array|
|B_DRAM_2_ce7         |  out|    1|   ap_memory|            B_DRAM_2|         array|
|B_DRAM_2_q7          |   in|   32|   ap_memory|            B_DRAM_2|         array|
|B_DRAM_2_address8    |  out|    5|   ap_memory|            B_DRAM_2|         array|
|B_DRAM_2_ce8         |  out|    1|   ap_memory|            B_DRAM_2|         array|
|B_DRAM_2_q8          |   in|   32|   ap_memory|            B_DRAM_2|         array|
|B_DRAM_2_address9    |  out|    5|   ap_memory|            B_DRAM_2|         array|
|B_DRAM_2_ce9         |  out|    1|   ap_memory|            B_DRAM_2|         array|
|B_DRAM_2_q9          |   in|   32|   ap_memory|            B_DRAM_2|         array|
|B_DRAM_2_address10   |  out|    5|   ap_memory|            B_DRAM_2|         array|
|B_DRAM_2_ce10        |  out|    1|   ap_memory|            B_DRAM_2|         array|
|B_DRAM_2_q10         |   in|   32|   ap_memory|            B_DRAM_2|         array|
|B_DRAM_2_address11   |  out|    5|   ap_memory|            B_DRAM_2|         array|
|B_DRAM_2_ce11        |  out|    1|   ap_memory|            B_DRAM_2|         array|
|B_DRAM_2_q11         |   in|   32|   ap_memory|            B_DRAM_2|         array|
|B_DRAM_2_address12   |  out|    5|   ap_memory|            B_DRAM_2|         array|
|B_DRAM_2_ce12        |  out|    1|   ap_memory|            B_DRAM_2|         array|
|B_DRAM_2_q12         |   in|   32|   ap_memory|            B_DRAM_2|         array|
|B_DRAM_2_address13   |  out|    5|   ap_memory|            B_DRAM_2|         array|
|B_DRAM_2_ce13        |  out|    1|   ap_memory|            B_DRAM_2|         array|
|B_DRAM_2_q13         |   in|   32|   ap_memory|            B_DRAM_2|         array|
|B_DRAM_2_address14   |  out|    5|   ap_memory|            B_DRAM_2|         array|
|B_DRAM_2_ce14        |  out|    1|   ap_memory|            B_DRAM_2|         array|
|B_DRAM_2_q14         |   in|   32|   ap_memory|            B_DRAM_2|         array|
|B_DRAM_2_address15   |  out|    5|   ap_memory|            B_DRAM_2|         array|
|B_DRAM_2_ce15        |  out|    1|   ap_memory|            B_DRAM_2|         array|
|B_DRAM_2_q15         |   in|   32|   ap_memory|            B_DRAM_2|         array|
|B_DRAM_2_address16   |  out|    5|   ap_memory|            B_DRAM_2|         array|
|B_DRAM_2_ce16        |  out|    1|   ap_memory|            B_DRAM_2|         array|
|B_DRAM_2_q16         |   in|   32|   ap_memory|            B_DRAM_2|         array|
|B_DRAM_3_address0    |  out|    5|   ap_memory|            B_DRAM_3|         array|
|B_DRAM_3_ce0         |  out|    1|   ap_memory|            B_DRAM_3|         array|
|B_DRAM_3_q0          |   in|   32|   ap_memory|            B_DRAM_3|         array|
|B_DRAM_3_address1    |  out|    5|   ap_memory|            B_DRAM_3|         array|
|B_DRAM_3_ce1         |  out|    1|   ap_memory|            B_DRAM_3|         array|
|B_DRAM_3_q1          |   in|   32|   ap_memory|            B_DRAM_3|         array|
|B_DRAM_3_address2    |  out|    5|   ap_memory|            B_DRAM_3|         array|
|B_DRAM_3_ce2         |  out|    1|   ap_memory|            B_DRAM_3|         array|
|B_DRAM_3_q2          |   in|   32|   ap_memory|            B_DRAM_3|         array|
|B_DRAM_3_address3    |  out|    5|   ap_memory|            B_DRAM_3|         array|
|B_DRAM_3_ce3         |  out|    1|   ap_memory|            B_DRAM_3|         array|
|B_DRAM_3_q3          |   in|   32|   ap_memory|            B_DRAM_3|         array|
|B_DRAM_3_address4    |  out|    5|   ap_memory|            B_DRAM_3|         array|
|B_DRAM_3_ce4         |  out|    1|   ap_memory|            B_DRAM_3|         array|
|B_DRAM_3_q4          |   in|   32|   ap_memory|            B_DRAM_3|         array|
|B_DRAM_3_address5    |  out|    5|   ap_memory|            B_DRAM_3|         array|
|B_DRAM_3_ce5         |  out|    1|   ap_memory|            B_DRAM_3|         array|
|B_DRAM_3_q5          |   in|   32|   ap_memory|            B_DRAM_3|         array|
|B_DRAM_3_address6    |  out|    5|   ap_memory|            B_DRAM_3|         array|
|B_DRAM_3_ce6         |  out|    1|   ap_memory|            B_DRAM_3|         array|
|B_DRAM_3_q6          |   in|   32|   ap_memory|            B_DRAM_3|         array|
|B_DRAM_3_address7    |  out|    5|   ap_memory|            B_DRAM_3|         array|
|B_DRAM_3_ce7         |  out|    1|   ap_memory|            B_DRAM_3|         array|
|B_DRAM_3_q7          |   in|   32|   ap_memory|            B_DRAM_3|         array|
|B_DRAM_3_address8    |  out|    5|   ap_memory|            B_DRAM_3|         array|
|B_DRAM_3_ce8         |  out|    1|   ap_memory|            B_DRAM_3|         array|
|B_DRAM_3_q8          |   in|   32|   ap_memory|            B_DRAM_3|         array|
|B_DRAM_3_address9    |  out|    5|   ap_memory|            B_DRAM_3|         array|
|B_DRAM_3_ce9         |  out|    1|   ap_memory|            B_DRAM_3|         array|
|B_DRAM_3_q9          |   in|   32|   ap_memory|            B_DRAM_3|         array|
|B_DRAM_3_address10   |  out|    5|   ap_memory|            B_DRAM_3|         array|
|B_DRAM_3_ce10        |  out|    1|   ap_memory|            B_DRAM_3|         array|
|B_DRAM_3_q10         |   in|   32|   ap_memory|            B_DRAM_3|         array|
|B_DRAM_3_address11   |  out|    5|   ap_memory|            B_DRAM_3|         array|
|B_DRAM_3_ce11        |  out|    1|   ap_memory|            B_DRAM_3|         array|
|B_DRAM_3_q11         |   in|   32|   ap_memory|            B_DRAM_3|         array|
|B_DRAM_3_address12   |  out|    5|   ap_memory|            B_DRAM_3|         array|
|B_DRAM_3_ce12        |  out|    1|   ap_memory|            B_DRAM_3|         array|
|B_DRAM_3_q12         |   in|   32|   ap_memory|            B_DRAM_3|         array|
|B_DRAM_3_address13   |  out|    5|   ap_memory|            B_DRAM_3|         array|
|B_DRAM_3_ce13        |  out|    1|   ap_memory|            B_DRAM_3|         array|
|B_DRAM_3_q13         |   in|   32|   ap_memory|            B_DRAM_3|         array|
|B_DRAM_3_address14   |  out|    5|   ap_memory|            B_DRAM_3|         array|
|B_DRAM_3_ce14        |  out|    1|   ap_memory|            B_DRAM_3|         array|
|B_DRAM_3_q14         |   in|   32|   ap_memory|            B_DRAM_3|         array|
|B_DRAM_3_address15   |  out|    5|   ap_memory|            B_DRAM_3|         array|
|B_DRAM_3_ce15        |  out|    1|   ap_memory|            B_DRAM_3|         array|
|B_DRAM_3_q15         |   in|   32|   ap_memory|            B_DRAM_3|         array|
|B_DRAM_3_address16   |  out|    5|   ap_memory|            B_DRAM_3|         array|
|B_DRAM_3_ce16        |  out|    1|   ap_memory|            B_DRAM_3|         array|
|B_DRAM_3_q16         |   in|   32|   ap_memory|            B_DRAM_3|         array|
|B_DRAM_4_address0    |  out|    5|   ap_memory|            B_DRAM_4|         array|
|B_DRAM_4_ce0         |  out|    1|   ap_memory|            B_DRAM_4|         array|
|B_DRAM_4_q0          |   in|   32|   ap_memory|            B_DRAM_4|         array|
|B_DRAM_4_address1    |  out|    5|   ap_memory|            B_DRAM_4|         array|
|B_DRAM_4_ce1         |  out|    1|   ap_memory|            B_DRAM_4|         array|
|B_DRAM_4_q1          |   in|   32|   ap_memory|            B_DRAM_4|         array|
|B_DRAM_4_address2    |  out|    5|   ap_memory|            B_DRAM_4|         array|
|B_DRAM_4_ce2         |  out|    1|   ap_memory|            B_DRAM_4|         array|
|B_DRAM_4_q2          |   in|   32|   ap_memory|            B_DRAM_4|         array|
|B_DRAM_4_address3    |  out|    5|   ap_memory|            B_DRAM_4|         array|
|B_DRAM_4_ce3         |  out|    1|   ap_memory|            B_DRAM_4|         array|
|B_DRAM_4_q3          |   in|   32|   ap_memory|            B_DRAM_4|         array|
|B_DRAM_4_address4    |  out|    5|   ap_memory|            B_DRAM_4|         array|
|B_DRAM_4_ce4         |  out|    1|   ap_memory|            B_DRAM_4|         array|
|B_DRAM_4_q4          |   in|   32|   ap_memory|            B_DRAM_4|         array|
|B_DRAM_4_address5    |  out|    5|   ap_memory|            B_DRAM_4|         array|
|B_DRAM_4_ce5         |  out|    1|   ap_memory|            B_DRAM_4|         array|
|B_DRAM_4_q5          |   in|   32|   ap_memory|            B_DRAM_4|         array|
|B_DRAM_4_address6    |  out|    5|   ap_memory|            B_DRAM_4|         array|
|B_DRAM_4_ce6         |  out|    1|   ap_memory|            B_DRAM_4|         array|
|B_DRAM_4_q6          |   in|   32|   ap_memory|            B_DRAM_4|         array|
|B_DRAM_4_address7    |  out|    5|   ap_memory|            B_DRAM_4|         array|
|B_DRAM_4_ce7         |  out|    1|   ap_memory|            B_DRAM_4|         array|
|B_DRAM_4_q7          |   in|   32|   ap_memory|            B_DRAM_4|         array|
|B_DRAM_4_address8    |  out|    5|   ap_memory|            B_DRAM_4|         array|
|B_DRAM_4_ce8         |  out|    1|   ap_memory|            B_DRAM_4|         array|
|B_DRAM_4_q8          |   in|   32|   ap_memory|            B_DRAM_4|         array|
|B_DRAM_4_address9    |  out|    5|   ap_memory|            B_DRAM_4|         array|
|B_DRAM_4_ce9         |  out|    1|   ap_memory|            B_DRAM_4|         array|
|B_DRAM_4_q9          |   in|   32|   ap_memory|            B_DRAM_4|         array|
|B_DRAM_4_address10   |  out|    5|   ap_memory|            B_DRAM_4|         array|
|B_DRAM_4_ce10        |  out|    1|   ap_memory|            B_DRAM_4|         array|
|B_DRAM_4_q10         |   in|   32|   ap_memory|            B_DRAM_4|         array|
|B_DRAM_4_address11   |  out|    5|   ap_memory|            B_DRAM_4|         array|
|B_DRAM_4_ce11        |  out|    1|   ap_memory|            B_DRAM_4|         array|
|B_DRAM_4_q11         |   in|   32|   ap_memory|            B_DRAM_4|         array|
|B_DRAM_4_address12   |  out|    5|   ap_memory|            B_DRAM_4|         array|
|B_DRAM_4_ce12        |  out|    1|   ap_memory|            B_DRAM_4|         array|
|B_DRAM_4_q12         |   in|   32|   ap_memory|            B_DRAM_4|         array|
|B_DRAM_4_address13   |  out|    5|   ap_memory|            B_DRAM_4|         array|
|B_DRAM_4_ce13        |  out|    1|   ap_memory|            B_DRAM_4|         array|
|B_DRAM_4_q13         |   in|   32|   ap_memory|            B_DRAM_4|         array|
|B_DRAM_4_address14   |  out|    5|   ap_memory|            B_DRAM_4|         array|
|B_DRAM_4_ce14        |  out|    1|   ap_memory|            B_DRAM_4|         array|
|B_DRAM_4_q14         |   in|   32|   ap_memory|            B_DRAM_4|         array|
|B_DRAM_4_address15   |  out|    5|   ap_memory|            B_DRAM_4|         array|
|B_DRAM_4_ce15        |  out|    1|   ap_memory|            B_DRAM_4|         array|
|B_DRAM_4_q15         |   in|   32|   ap_memory|            B_DRAM_4|         array|
|B_DRAM_4_address16   |  out|    5|   ap_memory|            B_DRAM_4|         array|
|B_DRAM_4_ce16        |  out|    1|   ap_memory|            B_DRAM_4|         array|
|B_DRAM_4_q16         |   in|   32|   ap_memory|            B_DRAM_4|         array|
|B_DRAM_5_address0    |  out|    5|   ap_memory|            B_DRAM_5|         array|
|B_DRAM_5_ce0         |  out|    1|   ap_memory|            B_DRAM_5|         array|
|B_DRAM_5_q0          |   in|   32|   ap_memory|            B_DRAM_5|         array|
|B_DRAM_5_address1    |  out|    5|   ap_memory|            B_DRAM_5|         array|
|B_DRAM_5_ce1         |  out|    1|   ap_memory|            B_DRAM_5|         array|
|B_DRAM_5_q1          |   in|   32|   ap_memory|            B_DRAM_5|         array|
|B_DRAM_5_address2    |  out|    5|   ap_memory|            B_DRAM_5|         array|
|B_DRAM_5_ce2         |  out|    1|   ap_memory|            B_DRAM_5|         array|
|B_DRAM_5_q2          |   in|   32|   ap_memory|            B_DRAM_5|         array|
|B_DRAM_5_address3    |  out|    5|   ap_memory|            B_DRAM_5|         array|
|B_DRAM_5_ce3         |  out|    1|   ap_memory|            B_DRAM_5|         array|
|B_DRAM_5_q3          |   in|   32|   ap_memory|            B_DRAM_5|         array|
|B_DRAM_5_address4    |  out|    5|   ap_memory|            B_DRAM_5|         array|
|B_DRAM_5_ce4         |  out|    1|   ap_memory|            B_DRAM_5|         array|
|B_DRAM_5_q4          |   in|   32|   ap_memory|            B_DRAM_5|         array|
|B_DRAM_5_address5    |  out|    5|   ap_memory|            B_DRAM_5|         array|
|B_DRAM_5_ce5         |  out|    1|   ap_memory|            B_DRAM_5|         array|
|B_DRAM_5_q5          |   in|   32|   ap_memory|            B_DRAM_5|         array|
|B_DRAM_5_address6    |  out|    5|   ap_memory|            B_DRAM_5|         array|
|B_DRAM_5_ce6         |  out|    1|   ap_memory|            B_DRAM_5|         array|
|B_DRAM_5_q6          |   in|   32|   ap_memory|            B_DRAM_5|         array|
|B_DRAM_5_address7    |  out|    5|   ap_memory|            B_DRAM_5|         array|
|B_DRAM_5_ce7         |  out|    1|   ap_memory|            B_DRAM_5|         array|
|B_DRAM_5_q7          |   in|   32|   ap_memory|            B_DRAM_5|         array|
|B_DRAM_5_address8    |  out|    5|   ap_memory|            B_DRAM_5|         array|
|B_DRAM_5_ce8         |  out|    1|   ap_memory|            B_DRAM_5|         array|
|B_DRAM_5_q8          |   in|   32|   ap_memory|            B_DRAM_5|         array|
|B_DRAM_5_address9    |  out|    5|   ap_memory|            B_DRAM_5|         array|
|B_DRAM_5_ce9         |  out|    1|   ap_memory|            B_DRAM_5|         array|
|B_DRAM_5_q9          |   in|   32|   ap_memory|            B_DRAM_5|         array|
|B_DRAM_5_address10   |  out|    5|   ap_memory|            B_DRAM_5|         array|
|B_DRAM_5_ce10        |  out|    1|   ap_memory|            B_DRAM_5|         array|
|B_DRAM_5_q10         |   in|   32|   ap_memory|            B_DRAM_5|         array|
|B_DRAM_5_address11   |  out|    5|   ap_memory|            B_DRAM_5|         array|
|B_DRAM_5_ce11        |  out|    1|   ap_memory|            B_DRAM_5|         array|
|B_DRAM_5_q11         |   in|   32|   ap_memory|            B_DRAM_5|         array|
|B_DRAM_5_address12   |  out|    5|   ap_memory|            B_DRAM_5|         array|
|B_DRAM_5_ce12        |  out|    1|   ap_memory|            B_DRAM_5|         array|
|B_DRAM_5_q12         |   in|   32|   ap_memory|            B_DRAM_5|         array|
|B_DRAM_5_address13   |  out|    5|   ap_memory|            B_DRAM_5|         array|
|B_DRAM_5_ce13        |  out|    1|   ap_memory|            B_DRAM_5|         array|
|B_DRAM_5_q13         |   in|   32|   ap_memory|            B_DRAM_5|         array|
|B_DRAM_5_address14   |  out|    5|   ap_memory|            B_DRAM_5|         array|
|B_DRAM_5_ce14        |  out|    1|   ap_memory|            B_DRAM_5|         array|
|B_DRAM_5_q14         |   in|   32|   ap_memory|            B_DRAM_5|         array|
|B_DRAM_5_address15   |  out|    5|   ap_memory|            B_DRAM_5|         array|
|B_DRAM_5_ce15        |  out|    1|   ap_memory|            B_DRAM_5|         array|
|B_DRAM_5_q15         |   in|   32|   ap_memory|            B_DRAM_5|         array|
|B_DRAM_5_address16   |  out|    5|   ap_memory|            B_DRAM_5|         array|
|B_DRAM_5_ce16        |  out|    1|   ap_memory|            B_DRAM_5|         array|
|B_DRAM_5_q16         |   in|   32|   ap_memory|            B_DRAM_5|         array|
|B_DRAM_6_address0    |  out|    5|   ap_memory|            B_DRAM_6|         array|
|B_DRAM_6_ce0         |  out|    1|   ap_memory|            B_DRAM_6|         array|
|B_DRAM_6_q0          |   in|   32|   ap_memory|            B_DRAM_6|         array|
|B_DRAM_6_address1    |  out|    5|   ap_memory|            B_DRAM_6|         array|
|B_DRAM_6_ce1         |  out|    1|   ap_memory|            B_DRAM_6|         array|
|B_DRAM_6_q1          |   in|   32|   ap_memory|            B_DRAM_6|         array|
|B_DRAM_6_address2    |  out|    5|   ap_memory|            B_DRAM_6|         array|
|B_DRAM_6_ce2         |  out|    1|   ap_memory|            B_DRAM_6|         array|
|B_DRAM_6_q2          |   in|   32|   ap_memory|            B_DRAM_6|         array|
|B_DRAM_6_address3    |  out|    5|   ap_memory|            B_DRAM_6|         array|
|B_DRAM_6_ce3         |  out|    1|   ap_memory|            B_DRAM_6|         array|
|B_DRAM_6_q3          |   in|   32|   ap_memory|            B_DRAM_6|         array|
|B_DRAM_6_address4    |  out|    5|   ap_memory|            B_DRAM_6|         array|
|B_DRAM_6_ce4         |  out|    1|   ap_memory|            B_DRAM_6|         array|
|B_DRAM_6_q4          |   in|   32|   ap_memory|            B_DRAM_6|         array|
|B_DRAM_6_address5    |  out|    5|   ap_memory|            B_DRAM_6|         array|
|B_DRAM_6_ce5         |  out|    1|   ap_memory|            B_DRAM_6|         array|
|B_DRAM_6_q5          |   in|   32|   ap_memory|            B_DRAM_6|         array|
|B_DRAM_6_address6    |  out|    5|   ap_memory|            B_DRAM_6|         array|
|B_DRAM_6_ce6         |  out|    1|   ap_memory|            B_DRAM_6|         array|
|B_DRAM_6_q6          |   in|   32|   ap_memory|            B_DRAM_6|         array|
|B_DRAM_6_address7    |  out|    5|   ap_memory|            B_DRAM_6|         array|
|B_DRAM_6_ce7         |  out|    1|   ap_memory|            B_DRAM_6|         array|
|B_DRAM_6_q7          |   in|   32|   ap_memory|            B_DRAM_6|         array|
|B_DRAM_6_address8    |  out|    5|   ap_memory|            B_DRAM_6|         array|
|B_DRAM_6_ce8         |  out|    1|   ap_memory|            B_DRAM_6|         array|
|B_DRAM_6_q8          |   in|   32|   ap_memory|            B_DRAM_6|         array|
|B_DRAM_6_address9    |  out|    5|   ap_memory|            B_DRAM_6|         array|
|B_DRAM_6_ce9         |  out|    1|   ap_memory|            B_DRAM_6|         array|
|B_DRAM_6_q9          |   in|   32|   ap_memory|            B_DRAM_6|         array|
|B_DRAM_6_address10   |  out|    5|   ap_memory|            B_DRAM_6|         array|
|B_DRAM_6_ce10        |  out|    1|   ap_memory|            B_DRAM_6|         array|
|B_DRAM_6_q10         |   in|   32|   ap_memory|            B_DRAM_6|         array|
|B_DRAM_6_address11   |  out|    5|   ap_memory|            B_DRAM_6|         array|
|B_DRAM_6_ce11        |  out|    1|   ap_memory|            B_DRAM_6|         array|
|B_DRAM_6_q11         |   in|   32|   ap_memory|            B_DRAM_6|         array|
|B_DRAM_6_address12   |  out|    5|   ap_memory|            B_DRAM_6|         array|
|B_DRAM_6_ce12        |  out|    1|   ap_memory|            B_DRAM_6|         array|
|B_DRAM_6_q12         |   in|   32|   ap_memory|            B_DRAM_6|         array|
|B_DRAM_6_address13   |  out|    5|   ap_memory|            B_DRAM_6|         array|
|B_DRAM_6_ce13        |  out|    1|   ap_memory|            B_DRAM_6|         array|
|B_DRAM_6_q13         |   in|   32|   ap_memory|            B_DRAM_6|         array|
|B_DRAM_6_address14   |  out|    5|   ap_memory|            B_DRAM_6|         array|
|B_DRAM_6_ce14        |  out|    1|   ap_memory|            B_DRAM_6|         array|
|B_DRAM_6_q14         |   in|   32|   ap_memory|            B_DRAM_6|         array|
|B_DRAM_6_address15   |  out|    5|   ap_memory|            B_DRAM_6|         array|
|B_DRAM_6_ce15        |  out|    1|   ap_memory|            B_DRAM_6|         array|
|B_DRAM_6_q15         |   in|   32|   ap_memory|            B_DRAM_6|         array|
|B_DRAM_6_address16   |  out|    5|   ap_memory|            B_DRAM_6|         array|
|B_DRAM_6_ce16        |  out|    1|   ap_memory|            B_DRAM_6|         array|
|B_DRAM_6_q16         |   in|   32|   ap_memory|            B_DRAM_6|         array|
|B_DRAM_7_address0    |  out|    5|   ap_memory|            B_DRAM_7|         array|
|B_DRAM_7_ce0         |  out|    1|   ap_memory|            B_DRAM_7|         array|
|B_DRAM_7_q0          |   in|   32|   ap_memory|            B_DRAM_7|         array|
|B_DRAM_7_address1    |  out|    5|   ap_memory|            B_DRAM_7|         array|
|B_DRAM_7_ce1         |  out|    1|   ap_memory|            B_DRAM_7|         array|
|B_DRAM_7_q1          |   in|   32|   ap_memory|            B_DRAM_7|         array|
|B_DRAM_7_address2    |  out|    5|   ap_memory|            B_DRAM_7|         array|
|B_DRAM_7_ce2         |  out|    1|   ap_memory|            B_DRAM_7|         array|
|B_DRAM_7_q2          |   in|   32|   ap_memory|            B_DRAM_7|         array|
|B_DRAM_7_address3    |  out|    5|   ap_memory|            B_DRAM_7|         array|
|B_DRAM_7_ce3         |  out|    1|   ap_memory|            B_DRAM_7|         array|
|B_DRAM_7_q3          |   in|   32|   ap_memory|            B_DRAM_7|         array|
|B_DRAM_7_address4    |  out|    5|   ap_memory|            B_DRAM_7|         array|
|B_DRAM_7_ce4         |  out|    1|   ap_memory|            B_DRAM_7|         array|
|B_DRAM_7_q4          |   in|   32|   ap_memory|            B_DRAM_7|         array|
|B_DRAM_7_address5    |  out|    5|   ap_memory|            B_DRAM_7|         array|
|B_DRAM_7_ce5         |  out|    1|   ap_memory|            B_DRAM_7|         array|
|B_DRAM_7_q5          |   in|   32|   ap_memory|            B_DRAM_7|         array|
|B_DRAM_7_address6    |  out|    5|   ap_memory|            B_DRAM_7|         array|
|B_DRAM_7_ce6         |  out|    1|   ap_memory|            B_DRAM_7|         array|
|B_DRAM_7_q6          |   in|   32|   ap_memory|            B_DRAM_7|         array|
|B_DRAM_7_address7    |  out|    5|   ap_memory|            B_DRAM_7|         array|
|B_DRAM_7_ce7         |  out|    1|   ap_memory|            B_DRAM_7|         array|
|B_DRAM_7_q7          |   in|   32|   ap_memory|            B_DRAM_7|         array|
|B_DRAM_7_address8    |  out|    5|   ap_memory|            B_DRAM_7|         array|
|B_DRAM_7_ce8         |  out|    1|   ap_memory|            B_DRAM_7|         array|
|B_DRAM_7_q8          |   in|   32|   ap_memory|            B_DRAM_7|         array|
|B_DRAM_7_address9    |  out|    5|   ap_memory|            B_DRAM_7|         array|
|B_DRAM_7_ce9         |  out|    1|   ap_memory|            B_DRAM_7|         array|
|B_DRAM_7_q9          |   in|   32|   ap_memory|            B_DRAM_7|         array|
|B_DRAM_7_address10   |  out|    5|   ap_memory|            B_DRAM_7|         array|
|B_DRAM_7_ce10        |  out|    1|   ap_memory|            B_DRAM_7|         array|
|B_DRAM_7_q10         |   in|   32|   ap_memory|            B_DRAM_7|         array|
|B_DRAM_7_address11   |  out|    5|   ap_memory|            B_DRAM_7|         array|
|B_DRAM_7_ce11        |  out|    1|   ap_memory|            B_DRAM_7|         array|
|B_DRAM_7_q11         |   in|   32|   ap_memory|            B_DRAM_7|         array|
|B_DRAM_7_address12   |  out|    5|   ap_memory|            B_DRAM_7|         array|
|B_DRAM_7_ce12        |  out|    1|   ap_memory|            B_DRAM_7|         array|
|B_DRAM_7_q12         |   in|   32|   ap_memory|            B_DRAM_7|         array|
|B_DRAM_7_address13   |  out|    5|   ap_memory|            B_DRAM_7|         array|
|B_DRAM_7_ce13        |  out|    1|   ap_memory|            B_DRAM_7|         array|
|B_DRAM_7_q13         |   in|   32|   ap_memory|            B_DRAM_7|         array|
|B_DRAM_7_address14   |  out|    5|   ap_memory|            B_DRAM_7|         array|
|B_DRAM_7_ce14        |  out|    1|   ap_memory|            B_DRAM_7|         array|
|B_DRAM_7_q14         |   in|   32|   ap_memory|            B_DRAM_7|         array|
|B_DRAM_7_address15   |  out|    5|   ap_memory|            B_DRAM_7|         array|
|B_DRAM_7_ce15        |  out|    1|   ap_memory|            B_DRAM_7|         array|
|B_DRAM_7_q15         |   in|   32|   ap_memory|            B_DRAM_7|         array|
|B_DRAM_7_address16   |  out|    5|   ap_memory|            B_DRAM_7|         array|
|B_DRAM_7_ce16        |  out|    1|   ap_memory|            B_DRAM_7|         array|
|B_DRAM_7_q16         |   in|   32|   ap_memory|            B_DRAM_7|         array|
|B_DRAM_8_address0    |  out|    5|   ap_memory|            B_DRAM_8|         array|
|B_DRAM_8_ce0         |  out|    1|   ap_memory|            B_DRAM_8|         array|
|B_DRAM_8_q0          |   in|   32|   ap_memory|            B_DRAM_8|         array|
|B_DRAM_8_address1    |  out|    5|   ap_memory|            B_DRAM_8|         array|
|B_DRAM_8_ce1         |  out|    1|   ap_memory|            B_DRAM_8|         array|
|B_DRAM_8_q1          |   in|   32|   ap_memory|            B_DRAM_8|         array|
|B_DRAM_8_address2    |  out|    5|   ap_memory|            B_DRAM_8|         array|
|B_DRAM_8_ce2         |  out|    1|   ap_memory|            B_DRAM_8|         array|
|B_DRAM_8_q2          |   in|   32|   ap_memory|            B_DRAM_8|         array|
|B_DRAM_8_address3    |  out|    5|   ap_memory|            B_DRAM_8|         array|
|B_DRAM_8_ce3         |  out|    1|   ap_memory|            B_DRAM_8|         array|
|B_DRAM_8_q3          |   in|   32|   ap_memory|            B_DRAM_8|         array|
|B_DRAM_8_address4    |  out|    5|   ap_memory|            B_DRAM_8|         array|
|B_DRAM_8_ce4         |  out|    1|   ap_memory|            B_DRAM_8|         array|
|B_DRAM_8_q4          |   in|   32|   ap_memory|            B_DRAM_8|         array|
|B_DRAM_8_address5    |  out|    5|   ap_memory|            B_DRAM_8|         array|
|B_DRAM_8_ce5         |  out|    1|   ap_memory|            B_DRAM_8|         array|
|B_DRAM_8_q5          |   in|   32|   ap_memory|            B_DRAM_8|         array|
|B_DRAM_8_address6    |  out|    5|   ap_memory|            B_DRAM_8|         array|
|B_DRAM_8_ce6         |  out|    1|   ap_memory|            B_DRAM_8|         array|
|B_DRAM_8_q6          |   in|   32|   ap_memory|            B_DRAM_8|         array|
|B_DRAM_8_address7    |  out|    5|   ap_memory|            B_DRAM_8|         array|
|B_DRAM_8_ce7         |  out|    1|   ap_memory|            B_DRAM_8|         array|
|B_DRAM_8_q7          |   in|   32|   ap_memory|            B_DRAM_8|         array|
|B_DRAM_8_address8    |  out|    5|   ap_memory|            B_DRAM_8|         array|
|B_DRAM_8_ce8         |  out|    1|   ap_memory|            B_DRAM_8|         array|
|B_DRAM_8_q8          |   in|   32|   ap_memory|            B_DRAM_8|         array|
|B_DRAM_8_address9    |  out|    5|   ap_memory|            B_DRAM_8|         array|
|B_DRAM_8_ce9         |  out|    1|   ap_memory|            B_DRAM_8|         array|
|B_DRAM_8_q9          |   in|   32|   ap_memory|            B_DRAM_8|         array|
|B_DRAM_8_address10   |  out|    5|   ap_memory|            B_DRAM_8|         array|
|B_DRAM_8_ce10        |  out|    1|   ap_memory|            B_DRAM_8|         array|
|B_DRAM_8_q10         |   in|   32|   ap_memory|            B_DRAM_8|         array|
|B_DRAM_8_address11   |  out|    5|   ap_memory|            B_DRAM_8|         array|
|B_DRAM_8_ce11        |  out|    1|   ap_memory|            B_DRAM_8|         array|
|B_DRAM_8_q11         |   in|   32|   ap_memory|            B_DRAM_8|         array|
|B_DRAM_8_address12   |  out|    5|   ap_memory|            B_DRAM_8|         array|
|B_DRAM_8_ce12        |  out|    1|   ap_memory|            B_DRAM_8|         array|
|B_DRAM_8_q12         |   in|   32|   ap_memory|            B_DRAM_8|         array|
|B_DRAM_8_address13   |  out|    5|   ap_memory|            B_DRAM_8|         array|
|B_DRAM_8_ce13        |  out|    1|   ap_memory|            B_DRAM_8|         array|
|B_DRAM_8_q13         |   in|   32|   ap_memory|            B_DRAM_8|         array|
|B_DRAM_8_address14   |  out|    5|   ap_memory|            B_DRAM_8|         array|
|B_DRAM_8_ce14        |  out|    1|   ap_memory|            B_DRAM_8|         array|
|B_DRAM_8_q14         |   in|   32|   ap_memory|            B_DRAM_8|         array|
|B_DRAM_8_address15   |  out|    5|   ap_memory|            B_DRAM_8|         array|
|B_DRAM_8_ce15        |  out|    1|   ap_memory|            B_DRAM_8|         array|
|B_DRAM_8_q15         |   in|   32|   ap_memory|            B_DRAM_8|         array|
|B_DRAM_8_address16   |  out|    5|   ap_memory|            B_DRAM_8|         array|
|B_DRAM_8_ce16        |  out|    1|   ap_memory|            B_DRAM_8|         array|
|B_DRAM_8_q16         |   in|   32|   ap_memory|            B_DRAM_8|         array|
|B_DRAM_9_address0    |  out|    5|   ap_memory|            B_DRAM_9|         array|
|B_DRAM_9_ce0         |  out|    1|   ap_memory|            B_DRAM_9|         array|
|B_DRAM_9_q0          |   in|   32|   ap_memory|            B_DRAM_9|         array|
|B_DRAM_9_address1    |  out|    5|   ap_memory|            B_DRAM_9|         array|
|B_DRAM_9_ce1         |  out|    1|   ap_memory|            B_DRAM_9|         array|
|B_DRAM_9_q1          |   in|   32|   ap_memory|            B_DRAM_9|         array|
|B_DRAM_9_address2    |  out|    5|   ap_memory|            B_DRAM_9|         array|
|B_DRAM_9_ce2         |  out|    1|   ap_memory|            B_DRAM_9|         array|
|B_DRAM_9_q2          |   in|   32|   ap_memory|            B_DRAM_9|         array|
|B_DRAM_9_address3    |  out|    5|   ap_memory|            B_DRAM_9|         array|
|B_DRAM_9_ce3         |  out|    1|   ap_memory|            B_DRAM_9|         array|
|B_DRAM_9_q3          |   in|   32|   ap_memory|            B_DRAM_9|         array|
|B_DRAM_9_address4    |  out|    5|   ap_memory|            B_DRAM_9|         array|
|B_DRAM_9_ce4         |  out|    1|   ap_memory|            B_DRAM_9|         array|
|B_DRAM_9_q4          |   in|   32|   ap_memory|            B_DRAM_9|         array|
|B_DRAM_9_address5    |  out|    5|   ap_memory|            B_DRAM_9|         array|
|B_DRAM_9_ce5         |  out|    1|   ap_memory|            B_DRAM_9|         array|
|B_DRAM_9_q5          |   in|   32|   ap_memory|            B_DRAM_9|         array|
|B_DRAM_9_address6    |  out|    5|   ap_memory|            B_DRAM_9|         array|
|B_DRAM_9_ce6         |  out|    1|   ap_memory|            B_DRAM_9|         array|
|B_DRAM_9_q6          |   in|   32|   ap_memory|            B_DRAM_9|         array|
|B_DRAM_9_address7    |  out|    5|   ap_memory|            B_DRAM_9|         array|
|B_DRAM_9_ce7         |  out|    1|   ap_memory|            B_DRAM_9|         array|
|B_DRAM_9_q7          |   in|   32|   ap_memory|            B_DRAM_9|         array|
|B_DRAM_9_address8    |  out|    5|   ap_memory|            B_DRAM_9|         array|
|B_DRAM_9_ce8         |  out|    1|   ap_memory|            B_DRAM_9|         array|
|B_DRAM_9_q8          |   in|   32|   ap_memory|            B_DRAM_9|         array|
|B_DRAM_9_address9    |  out|    5|   ap_memory|            B_DRAM_9|         array|
|B_DRAM_9_ce9         |  out|    1|   ap_memory|            B_DRAM_9|         array|
|B_DRAM_9_q9          |   in|   32|   ap_memory|            B_DRAM_9|         array|
|B_DRAM_9_address10   |  out|    5|   ap_memory|            B_DRAM_9|         array|
|B_DRAM_9_ce10        |  out|    1|   ap_memory|            B_DRAM_9|         array|
|B_DRAM_9_q10         |   in|   32|   ap_memory|            B_DRAM_9|         array|
|B_DRAM_9_address11   |  out|    5|   ap_memory|            B_DRAM_9|         array|
|B_DRAM_9_ce11        |  out|    1|   ap_memory|            B_DRAM_9|         array|
|B_DRAM_9_q11         |   in|   32|   ap_memory|            B_DRAM_9|         array|
|B_DRAM_9_address12   |  out|    5|   ap_memory|            B_DRAM_9|         array|
|B_DRAM_9_ce12        |  out|    1|   ap_memory|            B_DRAM_9|         array|
|B_DRAM_9_q12         |   in|   32|   ap_memory|            B_DRAM_9|         array|
|B_DRAM_9_address13   |  out|    5|   ap_memory|            B_DRAM_9|         array|
|B_DRAM_9_ce13        |  out|    1|   ap_memory|            B_DRAM_9|         array|
|B_DRAM_9_q13         |   in|   32|   ap_memory|            B_DRAM_9|         array|
|B_DRAM_9_address14   |  out|    5|   ap_memory|            B_DRAM_9|         array|
|B_DRAM_9_ce14        |  out|    1|   ap_memory|            B_DRAM_9|         array|
|B_DRAM_9_q14         |   in|   32|   ap_memory|            B_DRAM_9|         array|
|B_DRAM_9_address15   |  out|    5|   ap_memory|            B_DRAM_9|         array|
|B_DRAM_9_ce15        |  out|    1|   ap_memory|            B_DRAM_9|         array|
|B_DRAM_9_q15         |   in|   32|   ap_memory|            B_DRAM_9|         array|
|B_DRAM_9_address16   |  out|    5|   ap_memory|            B_DRAM_9|         array|
|B_DRAM_9_ce16        |  out|    1|   ap_memory|            B_DRAM_9|         array|
|B_DRAM_9_q16         |   in|   32|   ap_memory|            B_DRAM_9|         array|
|B_DRAM_10_address0   |  out|    5|   ap_memory|           B_DRAM_10|         array|
|B_DRAM_10_ce0        |  out|    1|   ap_memory|           B_DRAM_10|         array|
|B_DRAM_10_q0         |   in|   32|   ap_memory|           B_DRAM_10|         array|
|B_DRAM_10_address1   |  out|    5|   ap_memory|           B_DRAM_10|         array|
|B_DRAM_10_ce1        |  out|    1|   ap_memory|           B_DRAM_10|         array|
|B_DRAM_10_q1         |   in|   32|   ap_memory|           B_DRAM_10|         array|
|B_DRAM_10_address2   |  out|    5|   ap_memory|           B_DRAM_10|         array|
|B_DRAM_10_ce2        |  out|    1|   ap_memory|           B_DRAM_10|         array|
|B_DRAM_10_q2         |   in|   32|   ap_memory|           B_DRAM_10|         array|
|B_DRAM_10_address3   |  out|    5|   ap_memory|           B_DRAM_10|         array|
|B_DRAM_10_ce3        |  out|    1|   ap_memory|           B_DRAM_10|         array|
|B_DRAM_10_q3         |   in|   32|   ap_memory|           B_DRAM_10|         array|
|B_DRAM_10_address4   |  out|    5|   ap_memory|           B_DRAM_10|         array|
|B_DRAM_10_ce4        |  out|    1|   ap_memory|           B_DRAM_10|         array|
|B_DRAM_10_q4         |   in|   32|   ap_memory|           B_DRAM_10|         array|
|B_DRAM_10_address5   |  out|    5|   ap_memory|           B_DRAM_10|         array|
|B_DRAM_10_ce5        |  out|    1|   ap_memory|           B_DRAM_10|         array|
|B_DRAM_10_q5         |   in|   32|   ap_memory|           B_DRAM_10|         array|
|B_DRAM_10_address6   |  out|    5|   ap_memory|           B_DRAM_10|         array|
|B_DRAM_10_ce6        |  out|    1|   ap_memory|           B_DRAM_10|         array|
|B_DRAM_10_q6         |   in|   32|   ap_memory|           B_DRAM_10|         array|
|B_DRAM_10_address7   |  out|    5|   ap_memory|           B_DRAM_10|         array|
|B_DRAM_10_ce7        |  out|    1|   ap_memory|           B_DRAM_10|         array|
|B_DRAM_10_q7         |   in|   32|   ap_memory|           B_DRAM_10|         array|
|B_DRAM_10_address8   |  out|    5|   ap_memory|           B_DRAM_10|         array|
|B_DRAM_10_ce8        |  out|    1|   ap_memory|           B_DRAM_10|         array|
|B_DRAM_10_q8         |   in|   32|   ap_memory|           B_DRAM_10|         array|
|B_DRAM_10_address9   |  out|    5|   ap_memory|           B_DRAM_10|         array|
|B_DRAM_10_ce9        |  out|    1|   ap_memory|           B_DRAM_10|         array|
|B_DRAM_10_q9         |   in|   32|   ap_memory|           B_DRAM_10|         array|
|B_DRAM_10_address10  |  out|    5|   ap_memory|           B_DRAM_10|         array|
|B_DRAM_10_ce10       |  out|    1|   ap_memory|           B_DRAM_10|         array|
|B_DRAM_10_q10        |   in|   32|   ap_memory|           B_DRAM_10|         array|
|B_DRAM_10_address11  |  out|    5|   ap_memory|           B_DRAM_10|         array|
|B_DRAM_10_ce11       |  out|    1|   ap_memory|           B_DRAM_10|         array|
|B_DRAM_10_q11        |   in|   32|   ap_memory|           B_DRAM_10|         array|
|B_DRAM_10_address12  |  out|    5|   ap_memory|           B_DRAM_10|         array|
|B_DRAM_10_ce12       |  out|    1|   ap_memory|           B_DRAM_10|         array|
|B_DRAM_10_q12        |   in|   32|   ap_memory|           B_DRAM_10|         array|
|B_DRAM_10_address13  |  out|    5|   ap_memory|           B_DRAM_10|         array|
|B_DRAM_10_ce13       |  out|    1|   ap_memory|           B_DRAM_10|         array|
|B_DRAM_10_q13        |   in|   32|   ap_memory|           B_DRAM_10|         array|
|B_DRAM_10_address14  |  out|    5|   ap_memory|           B_DRAM_10|         array|
|B_DRAM_10_ce14       |  out|    1|   ap_memory|           B_DRAM_10|         array|
|B_DRAM_10_q14        |   in|   32|   ap_memory|           B_DRAM_10|         array|
|B_DRAM_10_address15  |  out|    5|   ap_memory|           B_DRAM_10|         array|
|B_DRAM_10_ce15       |  out|    1|   ap_memory|           B_DRAM_10|         array|
|B_DRAM_10_q15        |   in|   32|   ap_memory|           B_DRAM_10|         array|
|B_DRAM_10_address16  |  out|    5|   ap_memory|           B_DRAM_10|         array|
|B_DRAM_10_ce16       |  out|    1|   ap_memory|           B_DRAM_10|         array|
|B_DRAM_10_q16        |   in|   32|   ap_memory|           B_DRAM_10|         array|
|B_DRAM_11_address0   |  out|    5|   ap_memory|           B_DRAM_11|         array|
|B_DRAM_11_ce0        |  out|    1|   ap_memory|           B_DRAM_11|         array|
|B_DRAM_11_q0         |   in|   32|   ap_memory|           B_DRAM_11|         array|
|B_DRAM_11_address1   |  out|    5|   ap_memory|           B_DRAM_11|         array|
|B_DRAM_11_ce1        |  out|    1|   ap_memory|           B_DRAM_11|         array|
|B_DRAM_11_q1         |   in|   32|   ap_memory|           B_DRAM_11|         array|
|B_DRAM_11_address2   |  out|    5|   ap_memory|           B_DRAM_11|         array|
|B_DRAM_11_ce2        |  out|    1|   ap_memory|           B_DRAM_11|         array|
|B_DRAM_11_q2         |   in|   32|   ap_memory|           B_DRAM_11|         array|
|B_DRAM_11_address3   |  out|    5|   ap_memory|           B_DRAM_11|         array|
|B_DRAM_11_ce3        |  out|    1|   ap_memory|           B_DRAM_11|         array|
|B_DRAM_11_q3         |   in|   32|   ap_memory|           B_DRAM_11|         array|
|B_DRAM_11_address4   |  out|    5|   ap_memory|           B_DRAM_11|         array|
|B_DRAM_11_ce4        |  out|    1|   ap_memory|           B_DRAM_11|         array|
|B_DRAM_11_q4         |   in|   32|   ap_memory|           B_DRAM_11|         array|
|B_DRAM_11_address5   |  out|    5|   ap_memory|           B_DRAM_11|         array|
|B_DRAM_11_ce5        |  out|    1|   ap_memory|           B_DRAM_11|         array|
|B_DRAM_11_q5         |   in|   32|   ap_memory|           B_DRAM_11|         array|
|B_DRAM_11_address6   |  out|    5|   ap_memory|           B_DRAM_11|         array|
|B_DRAM_11_ce6        |  out|    1|   ap_memory|           B_DRAM_11|         array|
|B_DRAM_11_q6         |   in|   32|   ap_memory|           B_DRAM_11|         array|
|B_DRAM_11_address7   |  out|    5|   ap_memory|           B_DRAM_11|         array|
|B_DRAM_11_ce7        |  out|    1|   ap_memory|           B_DRAM_11|         array|
|B_DRAM_11_q7         |   in|   32|   ap_memory|           B_DRAM_11|         array|
|B_DRAM_11_address8   |  out|    5|   ap_memory|           B_DRAM_11|         array|
|B_DRAM_11_ce8        |  out|    1|   ap_memory|           B_DRAM_11|         array|
|B_DRAM_11_q8         |   in|   32|   ap_memory|           B_DRAM_11|         array|
|B_DRAM_11_address9   |  out|    5|   ap_memory|           B_DRAM_11|         array|
|B_DRAM_11_ce9        |  out|    1|   ap_memory|           B_DRAM_11|         array|
|B_DRAM_11_q9         |   in|   32|   ap_memory|           B_DRAM_11|         array|
|B_DRAM_11_address10  |  out|    5|   ap_memory|           B_DRAM_11|         array|
|B_DRAM_11_ce10       |  out|    1|   ap_memory|           B_DRAM_11|         array|
|B_DRAM_11_q10        |   in|   32|   ap_memory|           B_DRAM_11|         array|
|B_DRAM_11_address11  |  out|    5|   ap_memory|           B_DRAM_11|         array|
|B_DRAM_11_ce11       |  out|    1|   ap_memory|           B_DRAM_11|         array|
|B_DRAM_11_q11        |   in|   32|   ap_memory|           B_DRAM_11|         array|
|B_DRAM_11_address12  |  out|    5|   ap_memory|           B_DRAM_11|         array|
|B_DRAM_11_ce12       |  out|    1|   ap_memory|           B_DRAM_11|         array|
|B_DRAM_11_q12        |   in|   32|   ap_memory|           B_DRAM_11|         array|
|B_DRAM_11_address13  |  out|    5|   ap_memory|           B_DRAM_11|         array|
|B_DRAM_11_ce13       |  out|    1|   ap_memory|           B_DRAM_11|         array|
|B_DRAM_11_q13        |   in|   32|   ap_memory|           B_DRAM_11|         array|
|B_DRAM_11_address14  |  out|    5|   ap_memory|           B_DRAM_11|         array|
|B_DRAM_11_ce14       |  out|    1|   ap_memory|           B_DRAM_11|         array|
|B_DRAM_11_q14        |   in|   32|   ap_memory|           B_DRAM_11|         array|
|B_DRAM_11_address15  |  out|    5|   ap_memory|           B_DRAM_11|         array|
|B_DRAM_11_ce15       |  out|    1|   ap_memory|           B_DRAM_11|         array|
|B_DRAM_11_q15        |   in|   32|   ap_memory|           B_DRAM_11|         array|
|B_DRAM_11_address16  |  out|    5|   ap_memory|           B_DRAM_11|         array|
|B_DRAM_11_ce16       |  out|    1|   ap_memory|           B_DRAM_11|         array|
|B_DRAM_11_q16        |   in|   32|   ap_memory|           B_DRAM_11|         array|
|B_DRAM_12_address0   |  out|    5|   ap_memory|           B_DRAM_12|         array|
|B_DRAM_12_ce0        |  out|    1|   ap_memory|           B_DRAM_12|         array|
|B_DRAM_12_q0         |   in|   32|   ap_memory|           B_DRAM_12|         array|
|B_DRAM_12_address1   |  out|    5|   ap_memory|           B_DRAM_12|         array|
|B_DRAM_12_ce1        |  out|    1|   ap_memory|           B_DRAM_12|         array|
|B_DRAM_12_q1         |   in|   32|   ap_memory|           B_DRAM_12|         array|
|B_DRAM_12_address2   |  out|    5|   ap_memory|           B_DRAM_12|         array|
|B_DRAM_12_ce2        |  out|    1|   ap_memory|           B_DRAM_12|         array|
|B_DRAM_12_q2         |   in|   32|   ap_memory|           B_DRAM_12|         array|
|B_DRAM_12_address3   |  out|    5|   ap_memory|           B_DRAM_12|         array|
|B_DRAM_12_ce3        |  out|    1|   ap_memory|           B_DRAM_12|         array|
|B_DRAM_12_q3         |   in|   32|   ap_memory|           B_DRAM_12|         array|
|B_DRAM_12_address4   |  out|    5|   ap_memory|           B_DRAM_12|         array|
|B_DRAM_12_ce4        |  out|    1|   ap_memory|           B_DRAM_12|         array|
|B_DRAM_12_q4         |   in|   32|   ap_memory|           B_DRAM_12|         array|
|B_DRAM_12_address5   |  out|    5|   ap_memory|           B_DRAM_12|         array|
|B_DRAM_12_ce5        |  out|    1|   ap_memory|           B_DRAM_12|         array|
|B_DRAM_12_q5         |   in|   32|   ap_memory|           B_DRAM_12|         array|
|B_DRAM_12_address6   |  out|    5|   ap_memory|           B_DRAM_12|         array|
|B_DRAM_12_ce6        |  out|    1|   ap_memory|           B_DRAM_12|         array|
|B_DRAM_12_q6         |   in|   32|   ap_memory|           B_DRAM_12|         array|
|B_DRAM_12_address7   |  out|    5|   ap_memory|           B_DRAM_12|         array|
|B_DRAM_12_ce7        |  out|    1|   ap_memory|           B_DRAM_12|         array|
|B_DRAM_12_q7         |   in|   32|   ap_memory|           B_DRAM_12|         array|
|B_DRAM_12_address8   |  out|    5|   ap_memory|           B_DRAM_12|         array|
|B_DRAM_12_ce8        |  out|    1|   ap_memory|           B_DRAM_12|         array|
|B_DRAM_12_q8         |   in|   32|   ap_memory|           B_DRAM_12|         array|
|B_DRAM_12_address9   |  out|    5|   ap_memory|           B_DRAM_12|         array|
|B_DRAM_12_ce9        |  out|    1|   ap_memory|           B_DRAM_12|         array|
|B_DRAM_12_q9         |   in|   32|   ap_memory|           B_DRAM_12|         array|
|B_DRAM_12_address10  |  out|    5|   ap_memory|           B_DRAM_12|         array|
|B_DRAM_12_ce10       |  out|    1|   ap_memory|           B_DRAM_12|         array|
|B_DRAM_12_q10        |   in|   32|   ap_memory|           B_DRAM_12|         array|
|B_DRAM_12_address11  |  out|    5|   ap_memory|           B_DRAM_12|         array|
|B_DRAM_12_ce11       |  out|    1|   ap_memory|           B_DRAM_12|         array|
|B_DRAM_12_q11        |   in|   32|   ap_memory|           B_DRAM_12|         array|
|B_DRAM_12_address12  |  out|    5|   ap_memory|           B_DRAM_12|         array|
|B_DRAM_12_ce12       |  out|    1|   ap_memory|           B_DRAM_12|         array|
|B_DRAM_12_q12        |   in|   32|   ap_memory|           B_DRAM_12|         array|
|B_DRAM_12_address13  |  out|    5|   ap_memory|           B_DRAM_12|         array|
|B_DRAM_12_ce13       |  out|    1|   ap_memory|           B_DRAM_12|         array|
|B_DRAM_12_q13        |   in|   32|   ap_memory|           B_DRAM_12|         array|
|B_DRAM_12_address14  |  out|    5|   ap_memory|           B_DRAM_12|         array|
|B_DRAM_12_ce14       |  out|    1|   ap_memory|           B_DRAM_12|         array|
|B_DRAM_12_q14        |   in|   32|   ap_memory|           B_DRAM_12|         array|
|B_DRAM_12_address15  |  out|    5|   ap_memory|           B_DRAM_12|         array|
|B_DRAM_12_ce15       |  out|    1|   ap_memory|           B_DRAM_12|         array|
|B_DRAM_12_q15        |   in|   32|   ap_memory|           B_DRAM_12|         array|
|B_DRAM_12_address16  |  out|    5|   ap_memory|           B_DRAM_12|         array|
|B_DRAM_12_ce16       |  out|    1|   ap_memory|           B_DRAM_12|         array|
|B_DRAM_12_q16        |   in|   32|   ap_memory|           B_DRAM_12|         array|
|B_DRAM_13_address0   |  out|    5|   ap_memory|           B_DRAM_13|         array|
|B_DRAM_13_ce0        |  out|    1|   ap_memory|           B_DRAM_13|         array|
|B_DRAM_13_q0         |   in|   32|   ap_memory|           B_DRAM_13|         array|
|B_DRAM_13_address1   |  out|    5|   ap_memory|           B_DRAM_13|         array|
|B_DRAM_13_ce1        |  out|    1|   ap_memory|           B_DRAM_13|         array|
|B_DRAM_13_q1         |   in|   32|   ap_memory|           B_DRAM_13|         array|
|B_DRAM_13_address2   |  out|    5|   ap_memory|           B_DRAM_13|         array|
|B_DRAM_13_ce2        |  out|    1|   ap_memory|           B_DRAM_13|         array|
|B_DRAM_13_q2         |   in|   32|   ap_memory|           B_DRAM_13|         array|
|B_DRAM_13_address3   |  out|    5|   ap_memory|           B_DRAM_13|         array|
|B_DRAM_13_ce3        |  out|    1|   ap_memory|           B_DRAM_13|         array|
|B_DRAM_13_q3         |   in|   32|   ap_memory|           B_DRAM_13|         array|
|B_DRAM_13_address4   |  out|    5|   ap_memory|           B_DRAM_13|         array|
|B_DRAM_13_ce4        |  out|    1|   ap_memory|           B_DRAM_13|         array|
|B_DRAM_13_q4         |   in|   32|   ap_memory|           B_DRAM_13|         array|
|B_DRAM_13_address5   |  out|    5|   ap_memory|           B_DRAM_13|         array|
|B_DRAM_13_ce5        |  out|    1|   ap_memory|           B_DRAM_13|         array|
|B_DRAM_13_q5         |   in|   32|   ap_memory|           B_DRAM_13|         array|
|B_DRAM_13_address6   |  out|    5|   ap_memory|           B_DRAM_13|         array|
|B_DRAM_13_ce6        |  out|    1|   ap_memory|           B_DRAM_13|         array|
|B_DRAM_13_q6         |   in|   32|   ap_memory|           B_DRAM_13|         array|
|B_DRAM_13_address7   |  out|    5|   ap_memory|           B_DRAM_13|         array|
|B_DRAM_13_ce7        |  out|    1|   ap_memory|           B_DRAM_13|         array|
|B_DRAM_13_q7         |   in|   32|   ap_memory|           B_DRAM_13|         array|
|B_DRAM_13_address8   |  out|    5|   ap_memory|           B_DRAM_13|         array|
|B_DRAM_13_ce8        |  out|    1|   ap_memory|           B_DRAM_13|         array|
|B_DRAM_13_q8         |   in|   32|   ap_memory|           B_DRAM_13|         array|
|B_DRAM_13_address9   |  out|    5|   ap_memory|           B_DRAM_13|         array|
|B_DRAM_13_ce9        |  out|    1|   ap_memory|           B_DRAM_13|         array|
|B_DRAM_13_q9         |   in|   32|   ap_memory|           B_DRAM_13|         array|
|B_DRAM_13_address10  |  out|    5|   ap_memory|           B_DRAM_13|         array|
|B_DRAM_13_ce10       |  out|    1|   ap_memory|           B_DRAM_13|         array|
|B_DRAM_13_q10        |   in|   32|   ap_memory|           B_DRAM_13|         array|
|B_DRAM_13_address11  |  out|    5|   ap_memory|           B_DRAM_13|         array|
|B_DRAM_13_ce11       |  out|    1|   ap_memory|           B_DRAM_13|         array|
|B_DRAM_13_q11        |   in|   32|   ap_memory|           B_DRAM_13|         array|
|B_DRAM_13_address12  |  out|    5|   ap_memory|           B_DRAM_13|         array|
|B_DRAM_13_ce12       |  out|    1|   ap_memory|           B_DRAM_13|         array|
|B_DRAM_13_q12        |   in|   32|   ap_memory|           B_DRAM_13|         array|
|B_DRAM_13_address13  |  out|    5|   ap_memory|           B_DRAM_13|         array|
|B_DRAM_13_ce13       |  out|    1|   ap_memory|           B_DRAM_13|         array|
|B_DRAM_13_q13        |   in|   32|   ap_memory|           B_DRAM_13|         array|
|B_DRAM_13_address14  |  out|    5|   ap_memory|           B_DRAM_13|         array|
|B_DRAM_13_ce14       |  out|    1|   ap_memory|           B_DRAM_13|         array|
|B_DRAM_13_q14        |   in|   32|   ap_memory|           B_DRAM_13|         array|
|B_DRAM_13_address15  |  out|    5|   ap_memory|           B_DRAM_13|         array|
|B_DRAM_13_ce15       |  out|    1|   ap_memory|           B_DRAM_13|         array|
|B_DRAM_13_q15        |   in|   32|   ap_memory|           B_DRAM_13|         array|
|B_DRAM_13_address16  |  out|    5|   ap_memory|           B_DRAM_13|         array|
|B_DRAM_13_ce16       |  out|    1|   ap_memory|           B_DRAM_13|         array|
|B_DRAM_13_q16        |   in|   32|   ap_memory|           B_DRAM_13|         array|
|B_DRAM_14_address0   |  out|    5|   ap_memory|           B_DRAM_14|         array|
|B_DRAM_14_ce0        |  out|    1|   ap_memory|           B_DRAM_14|         array|
|B_DRAM_14_q0         |   in|   32|   ap_memory|           B_DRAM_14|         array|
|B_DRAM_14_address1   |  out|    5|   ap_memory|           B_DRAM_14|         array|
|B_DRAM_14_ce1        |  out|    1|   ap_memory|           B_DRAM_14|         array|
|B_DRAM_14_q1         |   in|   32|   ap_memory|           B_DRAM_14|         array|
|B_DRAM_14_address2   |  out|    5|   ap_memory|           B_DRAM_14|         array|
|B_DRAM_14_ce2        |  out|    1|   ap_memory|           B_DRAM_14|         array|
|B_DRAM_14_q2         |   in|   32|   ap_memory|           B_DRAM_14|         array|
|B_DRAM_14_address3   |  out|    5|   ap_memory|           B_DRAM_14|         array|
|B_DRAM_14_ce3        |  out|    1|   ap_memory|           B_DRAM_14|         array|
|B_DRAM_14_q3         |   in|   32|   ap_memory|           B_DRAM_14|         array|
|B_DRAM_14_address4   |  out|    5|   ap_memory|           B_DRAM_14|         array|
|B_DRAM_14_ce4        |  out|    1|   ap_memory|           B_DRAM_14|         array|
|B_DRAM_14_q4         |   in|   32|   ap_memory|           B_DRAM_14|         array|
|B_DRAM_14_address5   |  out|    5|   ap_memory|           B_DRAM_14|         array|
|B_DRAM_14_ce5        |  out|    1|   ap_memory|           B_DRAM_14|         array|
|B_DRAM_14_q5         |   in|   32|   ap_memory|           B_DRAM_14|         array|
|B_DRAM_14_address6   |  out|    5|   ap_memory|           B_DRAM_14|         array|
|B_DRAM_14_ce6        |  out|    1|   ap_memory|           B_DRAM_14|         array|
|B_DRAM_14_q6         |   in|   32|   ap_memory|           B_DRAM_14|         array|
|B_DRAM_14_address7   |  out|    5|   ap_memory|           B_DRAM_14|         array|
|B_DRAM_14_ce7        |  out|    1|   ap_memory|           B_DRAM_14|         array|
|B_DRAM_14_q7         |   in|   32|   ap_memory|           B_DRAM_14|         array|
|B_DRAM_14_address8   |  out|    5|   ap_memory|           B_DRAM_14|         array|
|B_DRAM_14_ce8        |  out|    1|   ap_memory|           B_DRAM_14|         array|
|B_DRAM_14_q8         |   in|   32|   ap_memory|           B_DRAM_14|         array|
|B_DRAM_14_address9   |  out|    5|   ap_memory|           B_DRAM_14|         array|
|B_DRAM_14_ce9        |  out|    1|   ap_memory|           B_DRAM_14|         array|
|B_DRAM_14_q9         |   in|   32|   ap_memory|           B_DRAM_14|         array|
|B_DRAM_14_address10  |  out|    5|   ap_memory|           B_DRAM_14|         array|
|B_DRAM_14_ce10       |  out|    1|   ap_memory|           B_DRAM_14|         array|
|B_DRAM_14_q10        |   in|   32|   ap_memory|           B_DRAM_14|         array|
|B_DRAM_14_address11  |  out|    5|   ap_memory|           B_DRAM_14|         array|
|B_DRAM_14_ce11       |  out|    1|   ap_memory|           B_DRAM_14|         array|
|B_DRAM_14_q11        |   in|   32|   ap_memory|           B_DRAM_14|         array|
|B_DRAM_14_address12  |  out|    5|   ap_memory|           B_DRAM_14|         array|
|B_DRAM_14_ce12       |  out|    1|   ap_memory|           B_DRAM_14|         array|
|B_DRAM_14_q12        |   in|   32|   ap_memory|           B_DRAM_14|         array|
|B_DRAM_14_address13  |  out|    5|   ap_memory|           B_DRAM_14|         array|
|B_DRAM_14_ce13       |  out|    1|   ap_memory|           B_DRAM_14|         array|
|B_DRAM_14_q13        |   in|   32|   ap_memory|           B_DRAM_14|         array|
|B_DRAM_14_address14  |  out|    5|   ap_memory|           B_DRAM_14|         array|
|B_DRAM_14_ce14       |  out|    1|   ap_memory|           B_DRAM_14|         array|
|B_DRAM_14_q14        |   in|   32|   ap_memory|           B_DRAM_14|         array|
|B_DRAM_14_address15  |  out|    5|   ap_memory|           B_DRAM_14|         array|
|B_DRAM_14_ce15       |  out|    1|   ap_memory|           B_DRAM_14|         array|
|B_DRAM_14_q15        |   in|   32|   ap_memory|           B_DRAM_14|         array|
|B_DRAM_14_address16  |  out|    5|   ap_memory|           B_DRAM_14|         array|
|B_DRAM_14_ce16       |  out|    1|   ap_memory|           B_DRAM_14|         array|
|B_DRAM_14_q16        |   in|   32|   ap_memory|           B_DRAM_14|         array|
|B_DRAM_15_address0   |  out|    5|   ap_memory|           B_DRAM_15|         array|
|B_DRAM_15_ce0        |  out|    1|   ap_memory|           B_DRAM_15|         array|
|B_DRAM_15_q0         |   in|   32|   ap_memory|           B_DRAM_15|         array|
|B_DRAM_15_address1   |  out|    5|   ap_memory|           B_DRAM_15|         array|
|B_DRAM_15_ce1        |  out|    1|   ap_memory|           B_DRAM_15|         array|
|B_DRAM_15_q1         |   in|   32|   ap_memory|           B_DRAM_15|         array|
|B_DRAM_15_address2   |  out|    5|   ap_memory|           B_DRAM_15|         array|
|B_DRAM_15_ce2        |  out|    1|   ap_memory|           B_DRAM_15|         array|
|B_DRAM_15_q2         |   in|   32|   ap_memory|           B_DRAM_15|         array|
|B_DRAM_15_address3   |  out|    5|   ap_memory|           B_DRAM_15|         array|
|B_DRAM_15_ce3        |  out|    1|   ap_memory|           B_DRAM_15|         array|
|B_DRAM_15_q3         |   in|   32|   ap_memory|           B_DRAM_15|         array|
|B_DRAM_15_address4   |  out|    5|   ap_memory|           B_DRAM_15|         array|
|B_DRAM_15_ce4        |  out|    1|   ap_memory|           B_DRAM_15|         array|
|B_DRAM_15_q4         |   in|   32|   ap_memory|           B_DRAM_15|         array|
|B_DRAM_15_address5   |  out|    5|   ap_memory|           B_DRAM_15|         array|
|B_DRAM_15_ce5        |  out|    1|   ap_memory|           B_DRAM_15|         array|
|B_DRAM_15_q5         |   in|   32|   ap_memory|           B_DRAM_15|         array|
|B_DRAM_15_address6   |  out|    5|   ap_memory|           B_DRAM_15|         array|
|B_DRAM_15_ce6        |  out|    1|   ap_memory|           B_DRAM_15|         array|
|B_DRAM_15_q6         |   in|   32|   ap_memory|           B_DRAM_15|         array|
|B_DRAM_15_address7   |  out|    5|   ap_memory|           B_DRAM_15|         array|
|B_DRAM_15_ce7        |  out|    1|   ap_memory|           B_DRAM_15|         array|
|B_DRAM_15_q7         |   in|   32|   ap_memory|           B_DRAM_15|         array|
|B_DRAM_15_address8   |  out|    5|   ap_memory|           B_DRAM_15|         array|
|B_DRAM_15_ce8        |  out|    1|   ap_memory|           B_DRAM_15|         array|
|B_DRAM_15_q8         |   in|   32|   ap_memory|           B_DRAM_15|         array|
|B_DRAM_15_address9   |  out|    5|   ap_memory|           B_DRAM_15|         array|
|B_DRAM_15_ce9        |  out|    1|   ap_memory|           B_DRAM_15|         array|
|B_DRAM_15_q9         |   in|   32|   ap_memory|           B_DRAM_15|         array|
|B_DRAM_15_address10  |  out|    5|   ap_memory|           B_DRAM_15|         array|
|B_DRAM_15_ce10       |  out|    1|   ap_memory|           B_DRAM_15|         array|
|B_DRAM_15_q10        |   in|   32|   ap_memory|           B_DRAM_15|         array|
|B_DRAM_15_address11  |  out|    5|   ap_memory|           B_DRAM_15|         array|
|B_DRAM_15_ce11       |  out|    1|   ap_memory|           B_DRAM_15|         array|
|B_DRAM_15_q11        |   in|   32|   ap_memory|           B_DRAM_15|         array|
|B_DRAM_15_address12  |  out|    5|   ap_memory|           B_DRAM_15|         array|
|B_DRAM_15_ce12       |  out|    1|   ap_memory|           B_DRAM_15|         array|
|B_DRAM_15_q12        |   in|   32|   ap_memory|           B_DRAM_15|         array|
|B_DRAM_15_address13  |  out|    5|   ap_memory|           B_DRAM_15|         array|
|B_DRAM_15_ce13       |  out|    1|   ap_memory|           B_DRAM_15|         array|
|B_DRAM_15_q13        |   in|   32|   ap_memory|           B_DRAM_15|         array|
|B_DRAM_15_address14  |  out|    5|   ap_memory|           B_DRAM_15|         array|
|B_DRAM_15_ce14       |  out|    1|   ap_memory|           B_DRAM_15|         array|
|B_DRAM_15_q14        |   in|   32|   ap_memory|           B_DRAM_15|         array|
|B_DRAM_15_address15  |  out|    5|   ap_memory|           B_DRAM_15|         array|
|B_DRAM_15_ce15       |  out|    1|   ap_memory|           B_DRAM_15|         array|
|B_DRAM_15_q15        |   in|   32|   ap_memory|           B_DRAM_15|         array|
|B_DRAM_15_address16  |  out|    5|   ap_memory|           B_DRAM_15|         array|
|B_DRAM_15_ce16       |  out|    1|   ap_memory|           B_DRAM_15|         array|
|B_DRAM_15_q16        |   in|   32|   ap_memory|           B_DRAM_15|         array|
|B_TILE_0_0_out       |  out|   32|     ap_none|      B_TILE_0_0_out|       pointer|
|B_TILE_0_1_out       |  out|   32|     ap_none|      B_TILE_0_1_out|       pointer|
|B_TILE_0_2_out       |  out|   32|     ap_none|      B_TILE_0_2_out|       pointer|
|B_TILE_0_3_out       |  out|   32|     ap_none|      B_TILE_0_3_out|       pointer|
|B_TILE_0_4_out       |  out|   32|     ap_none|      B_TILE_0_4_out|       pointer|
|B_TILE_0_5_out       |  out|   32|     ap_none|      B_TILE_0_5_out|       pointer|
|B_TILE_0_6_out       |  out|   32|     ap_none|      B_TILE_0_6_out|       pointer|
|B_TILE_0_7_out       |  out|   32|     ap_none|      B_TILE_0_7_out|       pointer|
|B_TILE_0_8_out       |  out|   32|     ap_none|      B_TILE_0_8_out|       pointer|
|B_TILE_0_9_out       |  out|   32|     ap_none|      B_TILE_0_9_out|       pointer|
|B_TILE_0_10_out      |  out|   32|     ap_none|     B_TILE_0_10_out|       pointer|
|B_TILE_0_11_out      |  out|   32|     ap_none|     B_TILE_0_11_out|       pointer|
|B_TILE_0_12_out      |  out|   32|     ap_none|     B_TILE_0_12_out|       pointer|
|B_TILE_0_13_out      |  out|   32|     ap_none|     B_TILE_0_13_out|       pointer|
|B_TILE_0_14_out      |  out|   32|     ap_none|     B_TILE_0_14_out|       pointer|
|B_TILE_0_15_out      |  out|   32|     ap_none|     B_TILE_0_15_out|       pointer|
|B_TILE_0_16_out      |  out|   32|     ap_none|     B_TILE_0_16_out|       pointer|
|B_TILE_0_17_out      |  out|   32|     ap_none|     B_TILE_0_17_out|       pointer|
|B_TILE_0_18_out      |  out|   32|     ap_none|     B_TILE_0_18_out|       pointer|
|B_TILE_0_19_out      |  out|   32|     ap_none|     B_TILE_0_19_out|       pointer|
|B_TILE_0_20_out      |  out|   32|     ap_none|     B_TILE_0_20_out|       pointer|
|B_TILE_0_21_out      |  out|   32|     ap_none|     B_TILE_0_21_out|       pointer|
|B_TILE_0_22_out      |  out|   32|     ap_none|     B_TILE_0_22_out|       pointer|
|B_TILE_0_23_out      |  out|   32|     ap_none|     B_TILE_0_23_out|       pointer|
|B_TILE_0_24_out      |  out|   32|     ap_none|     B_TILE_0_24_out|       pointer|
|B_TILE_0_25_out      |  out|   32|     ap_none|     B_TILE_0_25_out|       pointer|
|B_TILE_0_26_out      |  out|   32|     ap_none|     B_TILE_0_26_out|       pointer|
|B_TILE_0_27_out      |  out|   32|     ap_none|     B_TILE_0_27_out|       pointer|
|B_TILE_0_28_out      |  out|   32|     ap_none|     B_TILE_0_28_out|       pointer|
|B_TILE_0_29_out      |  out|   32|     ap_none|     B_TILE_0_29_out|       pointer|
|B_TILE_0_30_out      |  out|   32|     ap_none|     B_TILE_0_30_out|       pointer|
|B_TILE_0_31_out      |  out|   32|     ap_none|     B_TILE_0_31_out|       pointer|
|B_TILE_1_0_out       |  out|   32|     ap_none|      B_TILE_1_0_out|       pointer|
|B_TILE_1_1_out       |  out|   32|     ap_none|      B_TILE_1_1_out|       pointer|
|B_TILE_1_2_out       |  out|   32|     ap_none|      B_TILE_1_2_out|       pointer|
|B_TILE_1_3_out       |  out|   32|     ap_none|      B_TILE_1_3_out|       pointer|
|B_TILE_1_4_out       |  out|   32|     ap_none|      B_TILE_1_4_out|       pointer|
|B_TILE_1_5_out       |  out|   32|     ap_none|      B_TILE_1_5_out|       pointer|
|B_TILE_1_6_out       |  out|   32|     ap_none|      B_TILE_1_6_out|       pointer|
|B_TILE_1_7_out       |  out|   32|     ap_none|      B_TILE_1_7_out|       pointer|
|B_TILE_1_8_out       |  out|   32|     ap_none|      B_TILE_1_8_out|       pointer|
|B_TILE_1_9_out       |  out|   32|     ap_none|      B_TILE_1_9_out|       pointer|
|B_TILE_1_10_out      |  out|   32|     ap_none|     B_TILE_1_10_out|       pointer|
|B_TILE_1_11_out      |  out|   32|     ap_none|     B_TILE_1_11_out|       pointer|
|B_TILE_1_12_out      |  out|   32|     ap_none|     B_TILE_1_12_out|       pointer|
|B_TILE_1_13_out      |  out|   32|     ap_none|     B_TILE_1_13_out|       pointer|
|B_TILE_1_14_out      |  out|   32|     ap_none|     B_TILE_1_14_out|       pointer|
|B_TILE_1_15_out      |  out|   32|     ap_none|     B_TILE_1_15_out|       pointer|
|B_TILE_1_16_out      |  out|   32|     ap_none|     B_TILE_1_16_out|       pointer|
|B_TILE_1_17_out      |  out|   32|     ap_none|     B_TILE_1_17_out|       pointer|
|B_TILE_1_18_out      |  out|   32|     ap_none|     B_TILE_1_18_out|       pointer|
|B_TILE_1_19_out      |  out|   32|     ap_none|     B_TILE_1_19_out|       pointer|
|B_TILE_1_20_out      |  out|   32|     ap_none|     B_TILE_1_20_out|       pointer|
|B_TILE_1_21_out      |  out|   32|     ap_none|     B_TILE_1_21_out|       pointer|
|B_TILE_1_22_out      |  out|   32|     ap_none|     B_TILE_1_22_out|       pointer|
|B_TILE_1_23_out      |  out|   32|     ap_none|     B_TILE_1_23_out|       pointer|
|B_TILE_1_24_out      |  out|   32|     ap_none|     B_TILE_1_24_out|       pointer|
|B_TILE_1_25_out      |  out|   32|     ap_none|     B_TILE_1_25_out|       pointer|
|B_TILE_1_26_out      |  out|   32|     ap_none|     B_TILE_1_26_out|       pointer|
|B_TILE_1_27_out      |  out|   32|     ap_none|     B_TILE_1_27_out|       pointer|
|B_TILE_1_28_out      |  out|   32|     ap_none|     B_TILE_1_28_out|       pointer|
|B_TILE_1_29_out      |  out|   32|     ap_none|     B_TILE_1_29_out|       pointer|
|B_TILE_1_30_out      |  out|   32|     ap_none|     B_TILE_1_30_out|       pointer|
|B_TILE_1_31_out      |  out|   32|     ap_none|     B_TILE_1_31_out|       pointer|
|B_TILE_2_0_out       |  out|   32|     ap_none|      B_TILE_2_0_out|       pointer|
|B_TILE_2_1_out       |  out|   32|     ap_none|      B_TILE_2_1_out|       pointer|
|B_TILE_2_2_out       |  out|   32|     ap_none|      B_TILE_2_2_out|       pointer|
|B_TILE_2_3_out       |  out|   32|     ap_none|      B_TILE_2_3_out|       pointer|
|B_TILE_2_4_out       |  out|   32|     ap_none|      B_TILE_2_4_out|       pointer|
|B_TILE_2_5_out       |  out|   32|     ap_none|      B_TILE_2_5_out|       pointer|
|B_TILE_2_6_out       |  out|   32|     ap_none|      B_TILE_2_6_out|       pointer|
|B_TILE_2_7_out       |  out|   32|     ap_none|      B_TILE_2_7_out|       pointer|
|B_TILE_2_8_out       |  out|   32|     ap_none|      B_TILE_2_8_out|       pointer|
|B_TILE_2_9_out       |  out|   32|     ap_none|      B_TILE_2_9_out|       pointer|
|B_TILE_2_10_out      |  out|   32|     ap_none|     B_TILE_2_10_out|       pointer|
|B_TILE_2_11_out      |  out|   32|     ap_none|     B_TILE_2_11_out|       pointer|
|B_TILE_2_12_out      |  out|   32|     ap_none|     B_TILE_2_12_out|       pointer|
|B_TILE_2_13_out      |  out|   32|     ap_none|     B_TILE_2_13_out|       pointer|
|B_TILE_2_14_out      |  out|   32|     ap_none|     B_TILE_2_14_out|       pointer|
|B_TILE_2_15_out      |  out|   32|     ap_none|     B_TILE_2_15_out|       pointer|
|B_TILE_2_16_out      |  out|   32|     ap_none|     B_TILE_2_16_out|       pointer|
|B_TILE_2_17_out      |  out|   32|     ap_none|     B_TILE_2_17_out|       pointer|
|B_TILE_2_18_out      |  out|   32|     ap_none|     B_TILE_2_18_out|       pointer|
|B_TILE_2_19_out      |  out|   32|     ap_none|     B_TILE_2_19_out|       pointer|
|B_TILE_2_20_out      |  out|   32|     ap_none|     B_TILE_2_20_out|       pointer|
|B_TILE_2_21_out      |  out|   32|     ap_none|     B_TILE_2_21_out|       pointer|
|B_TILE_2_22_out      |  out|   32|     ap_none|     B_TILE_2_22_out|       pointer|
|B_TILE_2_23_out      |  out|   32|     ap_none|     B_TILE_2_23_out|       pointer|
|B_TILE_2_24_out      |  out|   32|     ap_none|     B_TILE_2_24_out|       pointer|
|B_TILE_2_25_out      |  out|   32|     ap_none|     B_TILE_2_25_out|       pointer|
|B_TILE_2_26_out      |  out|   32|     ap_none|     B_TILE_2_26_out|       pointer|
|B_TILE_2_27_out      |  out|   32|     ap_none|     B_TILE_2_27_out|       pointer|
|B_TILE_2_28_out      |  out|   32|     ap_none|     B_TILE_2_28_out|       pointer|
|B_TILE_2_29_out      |  out|   32|     ap_none|     B_TILE_2_29_out|       pointer|
|B_TILE_2_30_out      |  out|   32|     ap_none|     B_TILE_2_30_out|       pointer|
|B_TILE_2_31_out      |  out|   32|     ap_none|     B_TILE_2_31_out|       pointer|
|B_TILE_3_0_out       |  out|   32|     ap_none|      B_TILE_3_0_out|       pointer|
|B_TILE_3_1_out       |  out|   32|     ap_none|      B_TILE_3_1_out|       pointer|
|B_TILE_3_2_out       |  out|   32|     ap_none|      B_TILE_3_2_out|       pointer|
|B_TILE_3_3_out       |  out|   32|     ap_none|      B_TILE_3_3_out|       pointer|
|B_TILE_3_4_out       |  out|   32|     ap_none|      B_TILE_3_4_out|       pointer|
|B_TILE_3_5_out       |  out|   32|     ap_none|      B_TILE_3_5_out|       pointer|
|B_TILE_3_6_out       |  out|   32|     ap_none|      B_TILE_3_6_out|       pointer|
|B_TILE_3_7_out       |  out|   32|     ap_none|      B_TILE_3_7_out|       pointer|
|B_TILE_3_8_out       |  out|   32|     ap_none|      B_TILE_3_8_out|       pointer|
|B_TILE_3_9_out       |  out|   32|     ap_none|      B_TILE_3_9_out|       pointer|
|B_TILE_3_10_out      |  out|   32|     ap_none|     B_TILE_3_10_out|       pointer|
|B_TILE_3_11_out      |  out|   32|     ap_none|     B_TILE_3_11_out|       pointer|
|B_TILE_3_12_out      |  out|   32|     ap_none|     B_TILE_3_12_out|       pointer|
|B_TILE_3_13_out      |  out|   32|     ap_none|     B_TILE_3_13_out|       pointer|
|B_TILE_3_14_out      |  out|   32|     ap_none|     B_TILE_3_14_out|       pointer|
|B_TILE_3_15_out      |  out|   32|     ap_none|     B_TILE_3_15_out|       pointer|
|B_TILE_3_16_out      |  out|   32|     ap_none|     B_TILE_3_16_out|       pointer|
|B_TILE_3_17_out      |  out|   32|     ap_none|     B_TILE_3_17_out|       pointer|
|B_TILE_3_18_out      |  out|   32|     ap_none|     B_TILE_3_18_out|       pointer|
|B_TILE_3_19_out      |  out|   32|     ap_none|     B_TILE_3_19_out|       pointer|
|B_TILE_3_20_out      |  out|   32|     ap_none|     B_TILE_3_20_out|       pointer|
|B_TILE_3_21_out      |  out|   32|     ap_none|     B_TILE_3_21_out|       pointer|
|B_TILE_3_22_out      |  out|   32|     ap_none|     B_TILE_3_22_out|       pointer|
|B_TILE_3_23_out      |  out|   32|     ap_none|     B_TILE_3_23_out|       pointer|
|B_TILE_3_24_out      |  out|   32|     ap_none|     B_TILE_3_24_out|       pointer|
|B_TILE_3_25_out      |  out|   32|     ap_none|     B_TILE_3_25_out|       pointer|
|B_TILE_3_26_out      |  out|   32|     ap_none|     B_TILE_3_26_out|       pointer|
|B_TILE_3_27_out      |  out|   32|     ap_none|     B_TILE_3_27_out|       pointer|
|B_TILE_3_28_out      |  out|   32|     ap_none|     B_TILE_3_28_out|       pointer|
|B_TILE_3_29_out      |  out|   32|     ap_none|     B_TILE_3_29_out|       pointer|
|B_TILE_3_30_out      |  out|   32|     ap_none|     B_TILE_3_30_out|       pointer|
|B_TILE_3_31_out      |  out|   32|     ap_none|     B_TILE_3_31_out|       pointer|
|B_TILE_4_0_out       |  out|   32|     ap_none|      B_TILE_4_0_out|       pointer|
|B_TILE_4_1_out       |  out|   32|     ap_none|      B_TILE_4_1_out|       pointer|
|B_TILE_4_2_out       |  out|   32|     ap_none|      B_TILE_4_2_out|       pointer|
|B_TILE_4_3_out       |  out|   32|     ap_none|      B_TILE_4_3_out|       pointer|
|B_TILE_4_4_out       |  out|   32|     ap_none|      B_TILE_4_4_out|       pointer|
|B_TILE_4_5_out       |  out|   32|     ap_none|      B_TILE_4_5_out|       pointer|
|B_TILE_4_6_out       |  out|   32|     ap_none|      B_TILE_4_6_out|       pointer|
|B_TILE_4_7_out       |  out|   32|     ap_none|      B_TILE_4_7_out|       pointer|
|B_TILE_4_8_out       |  out|   32|     ap_none|      B_TILE_4_8_out|       pointer|
|B_TILE_4_9_out       |  out|   32|     ap_none|      B_TILE_4_9_out|       pointer|
|B_TILE_4_10_out      |  out|   32|     ap_none|     B_TILE_4_10_out|       pointer|
|B_TILE_4_11_out      |  out|   32|     ap_none|     B_TILE_4_11_out|       pointer|
|B_TILE_4_12_out      |  out|   32|     ap_none|     B_TILE_4_12_out|       pointer|
|B_TILE_4_13_out      |  out|   32|     ap_none|     B_TILE_4_13_out|       pointer|
|B_TILE_4_14_out      |  out|   32|     ap_none|     B_TILE_4_14_out|       pointer|
|B_TILE_4_15_out      |  out|   32|     ap_none|     B_TILE_4_15_out|       pointer|
|B_TILE_4_16_out      |  out|   32|     ap_none|     B_TILE_4_16_out|       pointer|
|B_TILE_4_17_out      |  out|   32|     ap_none|     B_TILE_4_17_out|       pointer|
|B_TILE_4_18_out      |  out|   32|     ap_none|     B_TILE_4_18_out|       pointer|
|B_TILE_4_19_out      |  out|   32|     ap_none|     B_TILE_4_19_out|       pointer|
|B_TILE_4_20_out      |  out|   32|     ap_none|     B_TILE_4_20_out|       pointer|
|B_TILE_4_21_out      |  out|   32|     ap_none|     B_TILE_4_21_out|       pointer|
|B_TILE_4_22_out      |  out|   32|     ap_none|     B_TILE_4_22_out|       pointer|
|B_TILE_4_23_out      |  out|   32|     ap_none|     B_TILE_4_23_out|       pointer|
|B_TILE_4_24_out      |  out|   32|     ap_none|     B_TILE_4_24_out|       pointer|
|B_TILE_4_25_out      |  out|   32|     ap_none|     B_TILE_4_25_out|       pointer|
|B_TILE_4_26_out      |  out|   32|     ap_none|     B_TILE_4_26_out|       pointer|
|B_TILE_4_27_out      |  out|   32|     ap_none|     B_TILE_4_27_out|       pointer|
|B_TILE_4_28_out      |  out|   32|     ap_none|     B_TILE_4_28_out|       pointer|
|B_TILE_4_29_out      |  out|   32|     ap_none|     B_TILE_4_29_out|       pointer|
|B_TILE_4_30_out      |  out|   32|     ap_none|     B_TILE_4_30_out|       pointer|
|B_TILE_4_31_out      |  out|   32|     ap_none|     B_TILE_4_31_out|       pointer|
|B_TILE_5_0_out       |  out|   32|     ap_none|      B_TILE_5_0_out|       pointer|
|B_TILE_5_1_out       |  out|   32|     ap_none|      B_TILE_5_1_out|       pointer|
|B_TILE_5_2_out       |  out|   32|     ap_none|      B_TILE_5_2_out|       pointer|
|B_TILE_5_3_out       |  out|   32|     ap_none|      B_TILE_5_3_out|       pointer|
|B_TILE_5_4_out       |  out|   32|     ap_none|      B_TILE_5_4_out|       pointer|
|B_TILE_5_5_out       |  out|   32|     ap_none|      B_TILE_5_5_out|       pointer|
|B_TILE_5_6_out       |  out|   32|     ap_none|      B_TILE_5_6_out|       pointer|
|B_TILE_5_7_out       |  out|   32|     ap_none|      B_TILE_5_7_out|       pointer|
|B_TILE_5_8_out       |  out|   32|     ap_none|      B_TILE_5_8_out|       pointer|
|B_TILE_5_9_out       |  out|   32|     ap_none|      B_TILE_5_9_out|       pointer|
|B_TILE_5_10_out      |  out|   32|     ap_none|     B_TILE_5_10_out|       pointer|
|B_TILE_5_11_out      |  out|   32|     ap_none|     B_TILE_5_11_out|       pointer|
|B_TILE_5_12_out      |  out|   32|     ap_none|     B_TILE_5_12_out|       pointer|
|B_TILE_5_13_out      |  out|   32|     ap_none|     B_TILE_5_13_out|       pointer|
|B_TILE_5_14_out      |  out|   32|     ap_none|     B_TILE_5_14_out|       pointer|
|B_TILE_5_15_out      |  out|   32|     ap_none|     B_TILE_5_15_out|       pointer|
|B_TILE_5_16_out      |  out|   32|     ap_none|     B_TILE_5_16_out|       pointer|
|B_TILE_5_17_out      |  out|   32|     ap_none|     B_TILE_5_17_out|       pointer|
|B_TILE_5_18_out      |  out|   32|     ap_none|     B_TILE_5_18_out|       pointer|
|B_TILE_5_19_out      |  out|   32|     ap_none|     B_TILE_5_19_out|       pointer|
|B_TILE_5_20_out      |  out|   32|     ap_none|     B_TILE_5_20_out|       pointer|
|B_TILE_5_21_out      |  out|   32|     ap_none|     B_TILE_5_21_out|       pointer|
|B_TILE_5_22_out      |  out|   32|     ap_none|     B_TILE_5_22_out|       pointer|
|B_TILE_5_23_out      |  out|   32|     ap_none|     B_TILE_5_23_out|       pointer|
|B_TILE_5_24_out      |  out|   32|     ap_none|     B_TILE_5_24_out|       pointer|
|B_TILE_5_25_out      |  out|   32|     ap_none|     B_TILE_5_25_out|       pointer|
|B_TILE_5_26_out      |  out|   32|     ap_none|     B_TILE_5_26_out|       pointer|
|B_TILE_5_27_out      |  out|   32|     ap_none|     B_TILE_5_27_out|       pointer|
|B_TILE_5_28_out      |  out|   32|     ap_none|     B_TILE_5_28_out|       pointer|
|B_TILE_5_29_out      |  out|   32|     ap_none|     B_TILE_5_29_out|       pointer|
|B_TILE_5_30_out      |  out|   32|     ap_none|     B_TILE_5_30_out|       pointer|
|B_TILE_5_31_out      |  out|   32|     ap_none|     B_TILE_5_31_out|       pointer|
|B_TILE_6_0_out       |  out|   32|     ap_none|      B_TILE_6_0_out|       pointer|
|B_TILE_6_1_out       |  out|   32|     ap_none|      B_TILE_6_1_out|       pointer|
|B_TILE_6_2_out       |  out|   32|     ap_none|      B_TILE_6_2_out|       pointer|
|B_TILE_6_3_out       |  out|   32|     ap_none|      B_TILE_6_3_out|       pointer|
|B_TILE_6_4_out       |  out|   32|     ap_none|      B_TILE_6_4_out|       pointer|
|B_TILE_6_5_out       |  out|   32|     ap_none|      B_TILE_6_5_out|       pointer|
|B_TILE_6_6_out       |  out|   32|     ap_none|      B_TILE_6_6_out|       pointer|
|B_TILE_6_7_out       |  out|   32|     ap_none|      B_TILE_6_7_out|       pointer|
|B_TILE_6_8_out       |  out|   32|     ap_none|      B_TILE_6_8_out|       pointer|
|B_TILE_6_9_out       |  out|   32|     ap_none|      B_TILE_6_9_out|       pointer|
|B_TILE_6_10_out      |  out|   32|     ap_none|     B_TILE_6_10_out|       pointer|
|B_TILE_6_11_out      |  out|   32|     ap_none|     B_TILE_6_11_out|       pointer|
|B_TILE_6_12_out      |  out|   32|     ap_none|     B_TILE_6_12_out|       pointer|
|B_TILE_6_13_out      |  out|   32|     ap_none|     B_TILE_6_13_out|       pointer|
|B_TILE_6_14_out      |  out|   32|     ap_none|     B_TILE_6_14_out|       pointer|
|B_TILE_6_15_out      |  out|   32|     ap_none|     B_TILE_6_15_out|       pointer|
|B_TILE_6_16_out      |  out|   32|     ap_none|     B_TILE_6_16_out|       pointer|
|B_TILE_6_17_out      |  out|   32|     ap_none|     B_TILE_6_17_out|       pointer|
|B_TILE_6_18_out      |  out|   32|     ap_none|     B_TILE_6_18_out|       pointer|
|B_TILE_6_19_out      |  out|   32|     ap_none|     B_TILE_6_19_out|       pointer|
|B_TILE_6_20_out      |  out|   32|     ap_none|     B_TILE_6_20_out|       pointer|
|B_TILE_6_21_out      |  out|   32|     ap_none|     B_TILE_6_21_out|       pointer|
|B_TILE_6_22_out      |  out|   32|     ap_none|     B_TILE_6_22_out|       pointer|
|B_TILE_6_23_out      |  out|   32|     ap_none|     B_TILE_6_23_out|       pointer|
|B_TILE_6_24_out      |  out|   32|     ap_none|     B_TILE_6_24_out|       pointer|
|B_TILE_6_25_out      |  out|   32|     ap_none|     B_TILE_6_25_out|       pointer|
|B_TILE_6_26_out      |  out|   32|     ap_none|     B_TILE_6_26_out|       pointer|
|B_TILE_6_27_out      |  out|   32|     ap_none|     B_TILE_6_27_out|       pointer|
|B_TILE_6_28_out      |  out|   32|     ap_none|     B_TILE_6_28_out|       pointer|
|B_TILE_6_29_out      |  out|   32|     ap_none|     B_TILE_6_29_out|       pointer|
|B_TILE_6_30_out      |  out|   32|     ap_none|     B_TILE_6_30_out|       pointer|
|B_TILE_6_31_out      |  out|   32|     ap_none|     B_TILE_6_31_out|       pointer|
|B_TILE_7_0_out       |  out|   32|     ap_none|      B_TILE_7_0_out|       pointer|
|B_TILE_7_1_out       |  out|   32|     ap_none|      B_TILE_7_1_out|       pointer|
|B_TILE_7_2_out       |  out|   32|     ap_none|      B_TILE_7_2_out|       pointer|
|B_TILE_7_3_out       |  out|   32|     ap_none|      B_TILE_7_3_out|       pointer|
|B_TILE_7_4_out       |  out|   32|     ap_none|      B_TILE_7_4_out|       pointer|
|B_TILE_7_5_out       |  out|   32|     ap_none|      B_TILE_7_5_out|       pointer|
|B_TILE_7_6_out       |  out|   32|     ap_none|      B_TILE_7_6_out|       pointer|
|B_TILE_7_7_out       |  out|   32|     ap_none|      B_TILE_7_7_out|       pointer|
|B_TILE_7_8_out       |  out|   32|     ap_none|      B_TILE_7_8_out|       pointer|
|B_TILE_7_9_out       |  out|   32|     ap_none|      B_TILE_7_9_out|       pointer|
|B_TILE_7_10_out      |  out|   32|     ap_none|     B_TILE_7_10_out|       pointer|
|B_TILE_7_11_out      |  out|   32|     ap_none|     B_TILE_7_11_out|       pointer|
|B_TILE_7_12_out      |  out|   32|     ap_none|     B_TILE_7_12_out|       pointer|
|B_TILE_7_13_out      |  out|   32|     ap_none|     B_TILE_7_13_out|       pointer|
|B_TILE_7_14_out      |  out|   32|     ap_none|     B_TILE_7_14_out|       pointer|
|B_TILE_7_15_out      |  out|   32|     ap_none|     B_TILE_7_15_out|       pointer|
|B_TILE_7_16_out      |  out|   32|     ap_none|     B_TILE_7_16_out|       pointer|
|B_TILE_7_17_out      |  out|   32|     ap_none|     B_TILE_7_17_out|       pointer|
|B_TILE_7_18_out      |  out|   32|     ap_none|     B_TILE_7_18_out|       pointer|
|B_TILE_7_19_out      |  out|   32|     ap_none|     B_TILE_7_19_out|       pointer|
|B_TILE_7_20_out      |  out|   32|     ap_none|     B_TILE_7_20_out|       pointer|
|B_TILE_7_21_out      |  out|   32|     ap_none|     B_TILE_7_21_out|       pointer|
|B_TILE_7_22_out      |  out|   32|     ap_none|     B_TILE_7_22_out|       pointer|
|B_TILE_7_23_out      |  out|   32|     ap_none|     B_TILE_7_23_out|       pointer|
|B_TILE_7_24_out      |  out|   32|     ap_none|     B_TILE_7_24_out|       pointer|
|B_TILE_7_25_out      |  out|   32|     ap_none|     B_TILE_7_25_out|       pointer|
|B_TILE_7_26_out      |  out|   32|     ap_none|     B_TILE_7_26_out|       pointer|
|B_TILE_7_27_out      |  out|   32|     ap_none|     B_TILE_7_27_out|       pointer|
|B_TILE_7_28_out      |  out|   32|     ap_none|     B_TILE_7_28_out|       pointer|
|B_TILE_7_29_out      |  out|   32|     ap_none|     B_TILE_7_29_out|       pointer|
|B_TILE_7_30_out      |  out|   32|     ap_none|     B_TILE_7_30_out|       pointer|
|B_TILE_7_31_out      |  out|   32|     ap_none|     B_TILE_7_31_out|       pointer|
|B_TILE_8_0_out       |  out|   32|     ap_none|      B_TILE_8_0_out|       pointer|
|B_TILE_8_1_out       |  out|   32|     ap_none|      B_TILE_8_1_out|       pointer|
|B_TILE_8_2_out       |  out|   32|     ap_none|      B_TILE_8_2_out|       pointer|
|B_TILE_8_3_out       |  out|   32|     ap_none|      B_TILE_8_3_out|       pointer|
|B_TILE_8_4_out       |  out|   32|     ap_none|      B_TILE_8_4_out|       pointer|
|B_TILE_8_5_out       |  out|   32|     ap_none|      B_TILE_8_5_out|       pointer|
|B_TILE_8_6_out       |  out|   32|     ap_none|      B_TILE_8_6_out|       pointer|
|B_TILE_8_7_out       |  out|   32|     ap_none|      B_TILE_8_7_out|       pointer|
|B_TILE_8_8_out       |  out|   32|     ap_none|      B_TILE_8_8_out|       pointer|
|B_TILE_8_9_out       |  out|   32|     ap_none|      B_TILE_8_9_out|       pointer|
|B_TILE_8_10_out      |  out|   32|     ap_none|     B_TILE_8_10_out|       pointer|
|B_TILE_8_11_out      |  out|   32|     ap_none|     B_TILE_8_11_out|       pointer|
|B_TILE_8_12_out      |  out|   32|     ap_none|     B_TILE_8_12_out|       pointer|
|B_TILE_8_13_out      |  out|   32|     ap_none|     B_TILE_8_13_out|       pointer|
|B_TILE_8_14_out      |  out|   32|     ap_none|     B_TILE_8_14_out|       pointer|
|B_TILE_8_15_out      |  out|   32|     ap_none|     B_TILE_8_15_out|       pointer|
|B_TILE_8_16_out      |  out|   32|     ap_none|     B_TILE_8_16_out|       pointer|
|B_TILE_8_17_out      |  out|   32|     ap_none|     B_TILE_8_17_out|       pointer|
|B_TILE_8_18_out      |  out|   32|     ap_none|     B_TILE_8_18_out|       pointer|
|B_TILE_8_19_out      |  out|   32|     ap_none|     B_TILE_8_19_out|       pointer|
|B_TILE_8_20_out      |  out|   32|     ap_none|     B_TILE_8_20_out|       pointer|
|B_TILE_8_21_out      |  out|   32|     ap_none|     B_TILE_8_21_out|       pointer|
|B_TILE_8_22_out      |  out|   32|     ap_none|     B_TILE_8_22_out|       pointer|
|B_TILE_8_23_out      |  out|   32|     ap_none|     B_TILE_8_23_out|       pointer|
|B_TILE_8_24_out      |  out|   32|     ap_none|     B_TILE_8_24_out|       pointer|
|B_TILE_8_25_out      |  out|   32|     ap_none|     B_TILE_8_25_out|       pointer|
|B_TILE_8_26_out      |  out|   32|     ap_none|     B_TILE_8_26_out|       pointer|
|B_TILE_8_27_out      |  out|   32|     ap_none|     B_TILE_8_27_out|       pointer|
|B_TILE_8_28_out      |  out|   32|     ap_none|     B_TILE_8_28_out|       pointer|
|B_TILE_8_29_out      |  out|   32|     ap_none|     B_TILE_8_29_out|       pointer|
|B_TILE_8_30_out      |  out|   32|     ap_none|     B_TILE_8_30_out|       pointer|
|B_TILE_8_31_out      |  out|   32|     ap_none|     B_TILE_8_31_out|       pointer|
|B_TILE_9_0_out       |  out|   32|     ap_none|      B_TILE_9_0_out|       pointer|
|B_TILE_9_1_out       |  out|   32|     ap_none|      B_TILE_9_1_out|       pointer|
|B_TILE_9_2_out       |  out|   32|     ap_none|      B_TILE_9_2_out|       pointer|
|B_TILE_9_3_out       |  out|   32|     ap_none|      B_TILE_9_3_out|       pointer|
|B_TILE_9_4_out       |  out|   32|     ap_none|      B_TILE_9_4_out|       pointer|
|B_TILE_9_5_out       |  out|   32|     ap_none|      B_TILE_9_5_out|       pointer|
|B_TILE_9_6_out       |  out|   32|     ap_none|      B_TILE_9_6_out|       pointer|
|B_TILE_9_7_out       |  out|   32|     ap_none|      B_TILE_9_7_out|       pointer|
|B_TILE_9_8_out       |  out|   32|     ap_none|      B_TILE_9_8_out|       pointer|
|B_TILE_9_9_out       |  out|   32|     ap_none|      B_TILE_9_9_out|       pointer|
|B_TILE_9_10_out      |  out|   32|     ap_none|     B_TILE_9_10_out|       pointer|
|B_TILE_9_11_out      |  out|   32|     ap_none|     B_TILE_9_11_out|       pointer|
|B_TILE_9_12_out      |  out|   32|     ap_none|     B_TILE_9_12_out|       pointer|
|B_TILE_9_13_out      |  out|   32|     ap_none|     B_TILE_9_13_out|       pointer|
|B_TILE_9_14_out      |  out|   32|     ap_none|     B_TILE_9_14_out|       pointer|
|B_TILE_9_15_out      |  out|   32|     ap_none|     B_TILE_9_15_out|       pointer|
|B_TILE_9_16_out      |  out|   32|     ap_none|     B_TILE_9_16_out|       pointer|
|B_TILE_9_17_out      |  out|   32|     ap_none|     B_TILE_9_17_out|       pointer|
|B_TILE_9_18_out      |  out|   32|     ap_none|     B_TILE_9_18_out|       pointer|
|B_TILE_9_19_out      |  out|   32|     ap_none|     B_TILE_9_19_out|       pointer|
|B_TILE_9_20_out      |  out|   32|     ap_none|     B_TILE_9_20_out|       pointer|
|B_TILE_9_21_out      |  out|   32|     ap_none|     B_TILE_9_21_out|       pointer|
|B_TILE_9_22_out      |  out|   32|     ap_none|     B_TILE_9_22_out|       pointer|
|B_TILE_9_23_out      |  out|   32|     ap_none|     B_TILE_9_23_out|       pointer|
|B_TILE_9_24_out      |  out|   32|     ap_none|     B_TILE_9_24_out|       pointer|
|B_TILE_9_25_out      |  out|   32|     ap_none|     B_TILE_9_25_out|       pointer|
|B_TILE_9_26_out      |  out|   32|     ap_none|     B_TILE_9_26_out|       pointer|
|B_TILE_9_27_out      |  out|   32|     ap_none|     B_TILE_9_27_out|       pointer|
|B_TILE_9_28_out      |  out|   32|     ap_none|     B_TILE_9_28_out|       pointer|
|B_TILE_9_29_out      |  out|   32|     ap_none|     B_TILE_9_29_out|       pointer|
|B_TILE_9_30_out      |  out|   32|     ap_none|     B_TILE_9_30_out|       pointer|
|B_TILE_9_31_out      |  out|   32|     ap_none|     B_TILE_9_31_out|       pointer|
|B_TILE_10_0_out      |  out|   32|     ap_none|     B_TILE_10_0_out|       pointer|
|B_TILE_10_1_out      |  out|   32|     ap_none|     B_TILE_10_1_out|       pointer|
|B_TILE_10_2_out      |  out|   32|     ap_none|     B_TILE_10_2_out|       pointer|
|B_TILE_10_3_out      |  out|   32|     ap_none|     B_TILE_10_3_out|       pointer|
|B_TILE_10_4_out      |  out|   32|     ap_none|     B_TILE_10_4_out|       pointer|
|B_TILE_10_5_out      |  out|   32|     ap_none|     B_TILE_10_5_out|       pointer|
|B_TILE_10_6_out      |  out|   32|     ap_none|     B_TILE_10_6_out|       pointer|
|B_TILE_10_7_out      |  out|   32|     ap_none|     B_TILE_10_7_out|       pointer|
|B_TILE_10_8_out      |  out|   32|     ap_none|     B_TILE_10_8_out|       pointer|
|B_TILE_10_9_out      |  out|   32|     ap_none|     B_TILE_10_9_out|       pointer|
|B_TILE_10_10_out     |  out|   32|     ap_none|    B_TILE_10_10_out|       pointer|
|B_TILE_10_11_out     |  out|   32|     ap_none|    B_TILE_10_11_out|       pointer|
|B_TILE_10_12_out     |  out|   32|     ap_none|    B_TILE_10_12_out|       pointer|
|B_TILE_10_13_out     |  out|   32|     ap_none|    B_TILE_10_13_out|       pointer|
|B_TILE_10_14_out     |  out|   32|     ap_none|    B_TILE_10_14_out|       pointer|
|B_TILE_10_15_out     |  out|   32|     ap_none|    B_TILE_10_15_out|       pointer|
|B_TILE_10_16_out     |  out|   32|     ap_none|    B_TILE_10_16_out|       pointer|
|B_TILE_10_17_out     |  out|   32|     ap_none|    B_TILE_10_17_out|       pointer|
|B_TILE_10_18_out     |  out|   32|     ap_none|    B_TILE_10_18_out|       pointer|
|B_TILE_10_19_out     |  out|   32|     ap_none|    B_TILE_10_19_out|       pointer|
|B_TILE_10_20_out     |  out|   32|     ap_none|    B_TILE_10_20_out|       pointer|
|B_TILE_10_21_out     |  out|   32|     ap_none|    B_TILE_10_21_out|       pointer|
|B_TILE_10_22_out     |  out|   32|     ap_none|    B_TILE_10_22_out|       pointer|
|B_TILE_10_23_out     |  out|   32|     ap_none|    B_TILE_10_23_out|       pointer|
|B_TILE_10_24_out     |  out|   32|     ap_none|    B_TILE_10_24_out|       pointer|
|B_TILE_10_25_out     |  out|   32|     ap_none|    B_TILE_10_25_out|       pointer|
|B_TILE_10_26_out     |  out|   32|     ap_none|    B_TILE_10_26_out|       pointer|
|B_TILE_10_27_out     |  out|   32|     ap_none|    B_TILE_10_27_out|       pointer|
|B_TILE_10_28_out     |  out|   32|     ap_none|    B_TILE_10_28_out|       pointer|
|B_TILE_10_29_out     |  out|   32|     ap_none|    B_TILE_10_29_out|       pointer|
|B_TILE_10_30_out     |  out|   32|     ap_none|    B_TILE_10_30_out|       pointer|
|B_TILE_10_31_out     |  out|   32|     ap_none|    B_TILE_10_31_out|       pointer|
|B_TILE_11_0_out      |  out|   32|     ap_none|     B_TILE_11_0_out|       pointer|
|B_TILE_11_1_out      |  out|   32|     ap_none|     B_TILE_11_1_out|       pointer|
|B_TILE_11_2_out      |  out|   32|     ap_none|     B_TILE_11_2_out|       pointer|
|B_TILE_11_3_out      |  out|   32|     ap_none|     B_TILE_11_3_out|       pointer|
|B_TILE_11_4_out      |  out|   32|     ap_none|     B_TILE_11_4_out|       pointer|
|B_TILE_11_5_out      |  out|   32|     ap_none|     B_TILE_11_5_out|       pointer|
|B_TILE_11_6_out      |  out|   32|     ap_none|     B_TILE_11_6_out|       pointer|
|B_TILE_11_7_out      |  out|   32|     ap_none|     B_TILE_11_7_out|       pointer|
|B_TILE_11_8_out      |  out|   32|     ap_none|     B_TILE_11_8_out|       pointer|
|B_TILE_11_9_out      |  out|   32|     ap_none|     B_TILE_11_9_out|       pointer|
|B_TILE_11_10_out     |  out|   32|     ap_none|    B_TILE_11_10_out|       pointer|
|B_TILE_11_11_out     |  out|   32|     ap_none|    B_TILE_11_11_out|       pointer|
|B_TILE_11_12_out     |  out|   32|     ap_none|    B_TILE_11_12_out|       pointer|
|B_TILE_11_13_out     |  out|   32|     ap_none|    B_TILE_11_13_out|       pointer|
|B_TILE_11_14_out     |  out|   32|     ap_none|    B_TILE_11_14_out|       pointer|
|B_TILE_11_15_out     |  out|   32|     ap_none|    B_TILE_11_15_out|       pointer|
|B_TILE_11_16_out     |  out|   32|     ap_none|    B_TILE_11_16_out|       pointer|
|B_TILE_11_17_out     |  out|   32|     ap_none|    B_TILE_11_17_out|       pointer|
|B_TILE_11_18_out     |  out|   32|     ap_none|    B_TILE_11_18_out|       pointer|
|B_TILE_11_19_out     |  out|   32|     ap_none|    B_TILE_11_19_out|       pointer|
|B_TILE_11_20_out     |  out|   32|     ap_none|    B_TILE_11_20_out|       pointer|
|B_TILE_11_21_out     |  out|   32|     ap_none|    B_TILE_11_21_out|       pointer|
|B_TILE_11_22_out     |  out|   32|     ap_none|    B_TILE_11_22_out|       pointer|
|B_TILE_11_23_out     |  out|   32|     ap_none|    B_TILE_11_23_out|       pointer|
|B_TILE_11_24_out     |  out|   32|     ap_none|    B_TILE_11_24_out|       pointer|
|B_TILE_11_25_out     |  out|   32|     ap_none|    B_TILE_11_25_out|       pointer|
|B_TILE_11_26_out     |  out|   32|     ap_none|    B_TILE_11_26_out|       pointer|
|B_TILE_11_27_out     |  out|   32|     ap_none|    B_TILE_11_27_out|       pointer|
|B_TILE_11_28_out     |  out|   32|     ap_none|    B_TILE_11_28_out|       pointer|
|B_TILE_11_29_out     |  out|   32|     ap_none|    B_TILE_11_29_out|       pointer|
|B_TILE_11_30_out     |  out|   32|     ap_none|    B_TILE_11_30_out|       pointer|
|B_TILE_11_31_out     |  out|   32|     ap_none|    B_TILE_11_31_out|       pointer|
|B_TILE_12_0_out      |  out|   32|     ap_none|     B_TILE_12_0_out|       pointer|
|B_TILE_12_1_out      |  out|   32|     ap_none|     B_TILE_12_1_out|       pointer|
|B_TILE_12_2_out      |  out|   32|     ap_none|     B_TILE_12_2_out|       pointer|
|B_TILE_12_3_out      |  out|   32|     ap_none|     B_TILE_12_3_out|       pointer|
|B_TILE_12_4_out      |  out|   32|     ap_none|     B_TILE_12_4_out|       pointer|
|B_TILE_12_5_out      |  out|   32|     ap_none|     B_TILE_12_5_out|       pointer|
|B_TILE_12_6_out      |  out|   32|     ap_none|     B_TILE_12_6_out|       pointer|
|B_TILE_12_7_out      |  out|   32|     ap_none|     B_TILE_12_7_out|       pointer|
|B_TILE_12_8_out      |  out|   32|     ap_none|     B_TILE_12_8_out|       pointer|
|B_TILE_12_9_out      |  out|   32|     ap_none|     B_TILE_12_9_out|       pointer|
|B_TILE_12_10_out     |  out|   32|     ap_none|    B_TILE_12_10_out|       pointer|
|B_TILE_12_11_out     |  out|   32|     ap_none|    B_TILE_12_11_out|       pointer|
|B_TILE_12_12_out     |  out|   32|     ap_none|    B_TILE_12_12_out|       pointer|
|B_TILE_12_13_out     |  out|   32|     ap_none|    B_TILE_12_13_out|       pointer|
|B_TILE_12_14_out     |  out|   32|     ap_none|    B_TILE_12_14_out|       pointer|
|B_TILE_12_15_out     |  out|   32|     ap_none|    B_TILE_12_15_out|       pointer|
|B_TILE_12_16_out     |  out|   32|     ap_none|    B_TILE_12_16_out|       pointer|
|B_TILE_12_17_out     |  out|   32|     ap_none|    B_TILE_12_17_out|       pointer|
|B_TILE_12_18_out     |  out|   32|     ap_none|    B_TILE_12_18_out|       pointer|
|B_TILE_12_19_out     |  out|   32|     ap_none|    B_TILE_12_19_out|       pointer|
|B_TILE_12_20_out     |  out|   32|     ap_none|    B_TILE_12_20_out|       pointer|
|B_TILE_12_21_out     |  out|   32|     ap_none|    B_TILE_12_21_out|       pointer|
|B_TILE_12_22_out     |  out|   32|     ap_none|    B_TILE_12_22_out|       pointer|
|B_TILE_12_23_out     |  out|   32|     ap_none|    B_TILE_12_23_out|       pointer|
|B_TILE_12_24_out     |  out|   32|     ap_none|    B_TILE_12_24_out|       pointer|
|B_TILE_12_25_out     |  out|   32|     ap_none|    B_TILE_12_25_out|       pointer|
|B_TILE_12_26_out     |  out|   32|     ap_none|    B_TILE_12_26_out|       pointer|
|B_TILE_12_27_out     |  out|   32|     ap_none|    B_TILE_12_27_out|       pointer|
|B_TILE_12_28_out     |  out|   32|     ap_none|    B_TILE_12_28_out|       pointer|
|B_TILE_12_29_out     |  out|   32|     ap_none|    B_TILE_12_29_out|       pointer|
|B_TILE_12_30_out     |  out|   32|     ap_none|    B_TILE_12_30_out|       pointer|
|B_TILE_12_31_out     |  out|   32|     ap_none|    B_TILE_12_31_out|       pointer|
|B_TILE_13_0_out      |  out|   32|     ap_none|     B_TILE_13_0_out|       pointer|
|B_TILE_13_1_out      |  out|   32|     ap_none|     B_TILE_13_1_out|       pointer|
|B_TILE_13_2_out      |  out|   32|     ap_none|     B_TILE_13_2_out|       pointer|
|B_TILE_13_3_out      |  out|   32|     ap_none|     B_TILE_13_3_out|       pointer|
|B_TILE_13_4_out      |  out|   32|     ap_none|     B_TILE_13_4_out|       pointer|
|B_TILE_13_5_out      |  out|   32|     ap_none|     B_TILE_13_5_out|       pointer|
|B_TILE_13_6_out      |  out|   32|     ap_none|     B_TILE_13_6_out|       pointer|
|B_TILE_13_7_out      |  out|   32|     ap_none|     B_TILE_13_7_out|       pointer|
|B_TILE_13_8_out      |  out|   32|     ap_none|     B_TILE_13_8_out|       pointer|
|B_TILE_13_9_out      |  out|   32|     ap_none|     B_TILE_13_9_out|       pointer|
|B_TILE_13_10_out     |  out|   32|     ap_none|    B_TILE_13_10_out|       pointer|
|B_TILE_13_11_out     |  out|   32|     ap_none|    B_TILE_13_11_out|       pointer|
|B_TILE_13_12_out     |  out|   32|     ap_none|    B_TILE_13_12_out|       pointer|
|B_TILE_13_13_out     |  out|   32|     ap_none|    B_TILE_13_13_out|       pointer|
|B_TILE_13_14_out     |  out|   32|     ap_none|    B_TILE_13_14_out|       pointer|
|B_TILE_13_15_out     |  out|   32|     ap_none|    B_TILE_13_15_out|       pointer|
|B_TILE_13_16_out     |  out|   32|     ap_none|    B_TILE_13_16_out|       pointer|
|B_TILE_13_17_out     |  out|   32|     ap_none|    B_TILE_13_17_out|       pointer|
|B_TILE_13_18_out     |  out|   32|     ap_none|    B_TILE_13_18_out|       pointer|
|B_TILE_13_19_out     |  out|   32|     ap_none|    B_TILE_13_19_out|       pointer|
|B_TILE_13_20_out     |  out|   32|     ap_none|    B_TILE_13_20_out|       pointer|
|B_TILE_13_21_out     |  out|   32|     ap_none|    B_TILE_13_21_out|       pointer|
|B_TILE_13_22_out     |  out|   32|     ap_none|    B_TILE_13_22_out|       pointer|
|B_TILE_13_23_out     |  out|   32|     ap_none|    B_TILE_13_23_out|       pointer|
|B_TILE_13_24_out     |  out|   32|     ap_none|    B_TILE_13_24_out|       pointer|
|B_TILE_13_25_out     |  out|   32|     ap_none|    B_TILE_13_25_out|       pointer|
|B_TILE_13_26_out     |  out|   32|     ap_none|    B_TILE_13_26_out|       pointer|
|B_TILE_13_27_out     |  out|   32|     ap_none|    B_TILE_13_27_out|       pointer|
|B_TILE_13_28_out     |  out|   32|     ap_none|    B_TILE_13_28_out|       pointer|
|B_TILE_13_29_out     |  out|   32|     ap_none|    B_TILE_13_29_out|       pointer|
|B_TILE_13_30_out     |  out|   32|     ap_none|    B_TILE_13_30_out|       pointer|
|B_TILE_13_31_out     |  out|   32|     ap_none|    B_TILE_13_31_out|       pointer|
|B_TILE_14_0_out      |  out|   32|     ap_none|     B_TILE_14_0_out|       pointer|
|B_TILE_14_1_out      |  out|   32|     ap_none|     B_TILE_14_1_out|       pointer|
|B_TILE_14_2_out      |  out|   32|     ap_none|     B_TILE_14_2_out|       pointer|
|B_TILE_14_3_out      |  out|   32|     ap_none|     B_TILE_14_3_out|       pointer|
|B_TILE_14_4_out      |  out|   32|     ap_none|     B_TILE_14_4_out|       pointer|
|B_TILE_14_5_out      |  out|   32|     ap_none|     B_TILE_14_5_out|       pointer|
|B_TILE_14_6_out      |  out|   32|     ap_none|     B_TILE_14_6_out|       pointer|
|B_TILE_14_7_out      |  out|   32|     ap_none|     B_TILE_14_7_out|       pointer|
|B_TILE_14_8_out      |  out|   32|     ap_none|     B_TILE_14_8_out|       pointer|
|B_TILE_14_9_out      |  out|   32|     ap_none|     B_TILE_14_9_out|       pointer|
|B_TILE_14_10_out     |  out|   32|     ap_none|    B_TILE_14_10_out|       pointer|
|B_TILE_14_11_out     |  out|   32|     ap_none|    B_TILE_14_11_out|       pointer|
|B_TILE_14_12_out     |  out|   32|     ap_none|    B_TILE_14_12_out|       pointer|
|B_TILE_14_13_out     |  out|   32|     ap_none|    B_TILE_14_13_out|       pointer|
|B_TILE_14_14_out     |  out|   32|     ap_none|    B_TILE_14_14_out|       pointer|
|B_TILE_14_15_out     |  out|   32|     ap_none|    B_TILE_14_15_out|       pointer|
|B_TILE_14_16_out     |  out|   32|     ap_none|    B_TILE_14_16_out|       pointer|
|B_TILE_14_17_out     |  out|   32|     ap_none|    B_TILE_14_17_out|       pointer|
|B_TILE_14_18_out     |  out|   32|     ap_none|    B_TILE_14_18_out|       pointer|
|B_TILE_14_19_out     |  out|   32|     ap_none|    B_TILE_14_19_out|       pointer|
|B_TILE_14_20_out     |  out|   32|     ap_none|    B_TILE_14_20_out|       pointer|
|B_TILE_14_21_out     |  out|   32|     ap_none|    B_TILE_14_21_out|       pointer|
|B_TILE_14_22_out     |  out|   32|     ap_none|    B_TILE_14_22_out|       pointer|
|B_TILE_14_23_out     |  out|   32|     ap_none|    B_TILE_14_23_out|       pointer|
|B_TILE_14_24_out     |  out|   32|     ap_none|    B_TILE_14_24_out|       pointer|
|B_TILE_14_25_out     |  out|   32|     ap_none|    B_TILE_14_25_out|       pointer|
|B_TILE_14_26_out     |  out|   32|     ap_none|    B_TILE_14_26_out|       pointer|
|B_TILE_14_27_out     |  out|   32|     ap_none|    B_TILE_14_27_out|       pointer|
|B_TILE_14_28_out     |  out|   32|     ap_none|    B_TILE_14_28_out|       pointer|
|B_TILE_14_29_out     |  out|   32|     ap_none|    B_TILE_14_29_out|       pointer|
|B_TILE_14_30_out     |  out|   32|     ap_none|    B_TILE_14_30_out|       pointer|
|B_TILE_14_31_out     |  out|   32|     ap_none|    B_TILE_14_31_out|       pointer|
|B_TILE_15_0_out      |  out|   32|     ap_none|     B_TILE_15_0_out|       pointer|
|B_TILE_15_1_out      |  out|   32|     ap_none|     B_TILE_15_1_out|       pointer|
|B_TILE_15_2_out      |  out|   32|     ap_none|     B_TILE_15_2_out|       pointer|
|B_TILE_15_3_out      |  out|   32|     ap_none|     B_TILE_15_3_out|       pointer|
|B_TILE_15_4_out      |  out|   32|     ap_none|     B_TILE_15_4_out|       pointer|
|B_TILE_15_5_out      |  out|   32|     ap_none|     B_TILE_15_5_out|       pointer|
|B_TILE_15_6_out      |  out|   32|     ap_none|     B_TILE_15_6_out|       pointer|
|B_TILE_15_7_out      |  out|   32|     ap_none|     B_TILE_15_7_out|       pointer|
|B_TILE_15_8_out      |  out|   32|     ap_none|     B_TILE_15_8_out|       pointer|
|B_TILE_15_9_out      |  out|   32|     ap_none|     B_TILE_15_9_out|       pointer|
|B_TILE_15_10_out     |  out|   32|     ap_none|    B_TILE_15_10_out|       pointer|
|B_TILE_15_11_out     |  out|   32|     ap_none|    B_TILE_15_11_out|       pointer|
|B_TILE_15_12_out     |  out|   32|     ap_none|    B_TILE_15_12_out|       pointer|
|B_TILE_15_13_out     |  out|   32|     ap_none|    B_TILE_15_13_out|       pointer|
|B_TILE_15_14_out     |  out|   32|     ap_none|    B_TILE_15_14_out|       pointer|
|B_TILE_15_15_out     |  out|   32|     ap_none|    B_TILE_15_15_out|       pointer|
|B_TILE_15_16_out     |  out|   32|     ap_none|    B_TILE_15_16_out|       pointer|
|B_TILE_15_17_out     |  out|   32|     ap_none|    B_TILE_15_17_out|       pointer|
|B_TILE_15_18_out     |  out|   32|     ap_none|    B_TILE_15_18_out|       pointer|
|B_TILE_15_19_out     |  out|   32|     ap_none|    B_TILE_15_19_out|       pointer|
|B_TILE_15_20_out     |  out|   32|     ap_none|    B_TILE_15_20_out|       pointer|
|B_TILE_15_21_out     |  out|   32|     ap_none|    B_TILE_15_21_out|       pointer|
|B_TILE_15_22_out     |  out|   32|     ap_none|    B_TILE_15_22_out|       pointer|
|B_TILE_15_23_out     |  out|   32|     ap_none|    B_TILE_15_23_out|       pointer|
|B_TILE_15_24_out     |  out|   32|     ap_none|    B_TILE_15_24_out|       pointer|
|B_TILE_15_25_out     |  out|   32|     ap_none|    B_TILE_15_25_out|       pointer|
|B_TILE_15_26_out     |  out|   32|     ap_none|    B_TILE_15_26_out|       pointer|
|B_TILE_15_27_out     |  out|   32|     ap_none|    B_TILE_15_27_out|       pointer|
|B_TILE_15_28_out     |  out|   32|     ap_none|    B_TILE_15_28_out|       pointer|
|B_TILE_15_29_out     |  out|   32|     ap_none|    B_TILE_15_29_out|       pointer|
|B_TILE_15_30_out     |  out|   32|     ap_none|    B_TILE_15_30_out|       pointer|
|B_TILE_15_31_out     |  out|   32|     ap_none|    B_TILE_15_31_out|       pointer|
+---------------------+-----+-----+------------+--------------------+--------------+

