

================================================================
== Vitis HLS Report for 'storeTileToDRAM'
================================================================
* Date:           Thu Jun 11 18:08:36 2026

* Version:        2023.2 (Build 4023990 on Oct 11 2023)
* Project:        hls_project
* Solution:       gemm2 (Vitis Kernel Flow Target)
* Product family: versalaicore
* Target device:  xcvc1902-vsva2197-2MP-e-S


================================================================
== Performance Estimates
================================================================
+ Timing: 
    * Summary: 
    +--------+---------+----------+------------+
    |  Clock |  Target | Estimated| Uncertainty|
    +--------+---------+----------+------------+
    |ap_clk  |  3.33 ns|  1.439 ns|     0.90 ns|
    +--------+---------+----------+------------+

+ Latency: 
    * Summary: 
    +---------+---------+-----------+-----------+-----+-----+----------+
    |  Latency (cycles) |   Latency (absolute)  |  Interval | Pipeline |
    |   min   |   max   |    min    |    max    | min | max |   Type   |
    +---------+---------+-----------+-----------+-----+-----+----------+
    |       18|       18|  59.994 ns|  59.994 ns|   19|   19|  dataflow|
    +---------+---------+-----------+-----------+-----+-----+----------+

    + Detail: 
        * Instance: 
        +-------------------------------------------+----------------------------------------+---------+---------+-----------+-----------+-----+-----+---------+
        |                                           |                                        |  Latency (cycles) |   Latency (absolute)  |  Interval | Pipeline|
        |                  Instance                 |                 Module                 |   min   |   max   |    min    |    max    | min | max |   Type  |
        +-------------------------------------------+----------------------------------------+---------+---------+-----------+-----------+-----+-----+---------+
        |storeTileToDRAM_Loop_store_C_tile_proc_U0  |storeTileToDRAM_Loop_store_C_tile_proc  |       18|       18|  59.994 ns|  59.994 ns|   18|   18|       no|
        +-------------------------------------------+----------------------------------------+---------+---------+-----------+-----------+-----+-----+---------+

        * Loop: 
        N/A



================================================================
== Utilization Estimates
================================================================
* Summary: 
+-----------------+---------+------+---------+--------+-----+
|       Name      | BRAM_18K|  DSP |    FF   |   LUT  | URAM|
+-----------------+---------+------+---------+--------+-----+
|DSP              |        -|     -|        -|       -|    -|
|Expression       |        -|     -|        -|       -|    -|
|FIFO             |        -|     -|        -|       -|    -|
|Instance         |        -|     -|       13|      31|    -|
|Memory           |        -|     -|        -|       -|    -|
|Multiplexer      |        -|     -|        -|       -|    -|
|Register         |        -|     -|        -|       -|    -|
+-----------------+---------+------+---------+--------+-----+
|Total            |        0|     0|       13|      31|    0|
+-----------------+---------+------+---------+--------+-----+
|Available        |     1934|  1968|  1799680|  899840|  463|
+-----------------+---------+------+---------+--------+-----+
|Utilization (%)  |        0|     0|       ~0|      ~0|    0|
+-----------------+---------+------+---------+--------+-----+

+ Detail: 
    * Instance: 
    +-------------------------------------------+----------------------------------------+---------+----+----+----+-----+
    |                  Instance                 |                 Module                 | BRAM_18K| DSP| FF | LUT| URAM|
    +-------------------------------------------+----------------------------------------+---------+----+----+----+-----+
    |storeTileToDRAM_Loop_store_C_tile_proc_U0  |storeTileToDRAM_Loop_store_C_tile_proc  |        0|   0|  13|  31|    0|
    +-------------------------------------------+----------------------------------------+---------+----+----+----+-----+
    |Total                                      |                                        |        0|   0|  13|  31|    0|
    +-------------------------------------------+----------------------------------------+---------+----+----+----+-----+

    * DSP: 
    N/A

    * Memory: 
    N/A

    * FIFO: 
    N/A

    * Expression: 
    N/A

    * Multiplexer: 
    N/A

    * Register: 
    N/A



================================================================
== Interface
================================================================
* Summary: 
+---------------------+-----+-----+------------+-----------------+--------------+
|      RTL Ports      | Dir | Bits|  Protocol  |  Source Object  |    C Type    |
+---------------------+-----+-----+------------+-----------------+--------------+
|C_TILE_0_address0    |  out|    4|   ap_memory|         C_TILE_0|         array|
|C_TILE_0_ce0         |  out|    1|   ap_memory|         C_TILE_0|         array|
|C_TILE_0_d0          |  out|   32|   ap_memory|         C_TILE_0|         array|
|C_TILE_0_q0          |   in|   32|   ap_memory|         C_TILE_0|         array|
|C_TILE_0_we0         |  out|    1|   ap_memory|         C_TILE_0|         array|
|C_TILE_0_address1    |  out|    4|   ap_memory|         C_TILE_0|         array|
|C_TILE_0_ce1         |  out|    1|   ap_memory|         C_TILE_0|         array|
|C_TILE_0_d1          |  out|   32|   ap_memory|         C_TILE_0|         array|
|C_TILE_0_q1          |   in|   32|   ap_memory|         C_TILE_0|         array|
|C_TILE_0_we1         |  out|    1|   ap_memory|         C_TILE_0|         array|
|C_TILE_0_address2    |  out|    4|   ap_memory|         C_TILE_0|         array|
|C_TILE_0_ce2         |  out|    1|   ap_memory|         C_TILE_0|         array|
|C_TILE_0_d2          |  out|   32|   ap_memory|         C_TILE_0|         array|
|C_TILE_0_q2          |   in|   32|   ap_memory|         C_TILE_0|         array|
|C_TILE_0_we2         |  out|    1|   ap_memory|         C_TILE_0|         array|
|C_TILE_0_address3    |  out|    4|   ap_memory|         C_TILE_0|         array|
|C_TILE_0_ce3         |  out|    1|   ap_memory|         C_TILE_0|         array|
|C_TILE_0_d3          |  out|   32|   ap_memory|         C_TILE_0|         array|
|C_TILE_0_q3          |   in|   32|   ap_memory|         C_TILE_0|         array|
|C_TILE_0_we3         |  out|    1|   ap_memory|         C_TILE_0|         array|
|C_TILE_0_address4    |  out|    4|   ap_memory|         C_TILE_0|         array|
|C_TILE_0_ce4         |  out|    1|   ap_memory|         C_TILE_0|         array|
|C_TILE_0_d4          |  out|   32|   ap_memory|         C_TILE_0|         array|
|C_TILE_0_q4          |   in|   32|   ap_memory|         C_TILE_0|         array|
|C_TILE_0_we4         |  out|    1|   ap_memory|         C_TILE_0|         array|
|C_TILE_0_address5    |  out|    4|   ap_memory|         C_TILE_0|         array|
|C_TILE_0_ce5         |  out|    1|   ap_memory|         C_TILE_0|         array|
|C_TILE_0_d5          |  out|   32|   ap_memory|         C_TILE_0|         array|
|C_TILE_0_q5          |   in|   32|   ap_memory|         C_TILE_0|         array|
|C_TILE_0_we5         |  out|    1|   ap_memory|         C_TILE_0|         array|
|C_TILE_0_address6    |  out|    4|   ap_memory|         C_TILE_0|         array|
|C_TILE_0_ce6         |  out|    1|   ap_memory|         C_TILE_0|         array|
|C_TILE_0_d6          |  out|   32|   ap_memory|         C_TILE_0|         array|
|C_TILE_0_q6          |   in|   32|   ap_memory|         C_TILE_0|         array|
|C_TILE_0_we6         |  out|    1|   ap_memory|         C_TILE_0|         array|
|C_TILE_0_address7    |  out|    4|   ap_memory|         C_TILE_0|         array|
|C_TILE_0_ce7         |  out|    1|   ap_memory|         C_TILE_0|         array|
|C_TILE_0_d7          |  out|   32|   ap_memory|         C_TILE_0|         array|
|C_TILE_0_q7          |   in|   32|   ap_memory|         C_TILE_0|         array|
|C_TILE_0_we7         |  out|    1|   ap_memory|         C_TILE_0|         array|
|C_TILE_0_address8    |  out|    4|   ap_memory|         C_TILE_0|         array|
|C_TILE_0_ce8         |  out|    1|   ap_memory|         C_TILE_0|         array|
|C_TILE_0_d8          |  out|   32|   ap_memory|         C_TILE_0|         array|
|C_TILE_0_q8          |   in|   32|   ap_memory|         C_TILE_0|         array|
|C_TILE_0_we8         |  out|    1|   ap_memory|         C_TILE_0|         array|
|C_TILE_0_address9    |  out|    4|   ap_memory|         C_TILE_0|         array|
|C_TILE_0_ce9         |  out|    1|   ap_memory|         C_TILE_0|         array|
|C_TILE_0_d9          |  out|   32|   ap_memory|         C_TILE_0|         array|
|C_TILE_0_q9          |   in|   32|   ap_memory|         C_TILE_0|         array|
|C_TILE_0_we9         |  out|    1|   ap_memory|         C_TILE_0|         array|
|C_TILE_0_address10   |  out|    4|   ap_memory|         C_TILE_0|         array|
|C_TILE_0_ce10        |  out|    1|   ap_memory|         C_TILE_0|         array|
|C_TILE_0_d10         |  out|   32|   ap_memory|         C_TILE_0|         array|
|C_TILE_0_q10         |   in|   32|   ap_memory|         C_TILE_0|         array|
|C_TILE_0_we10        |  out|    1|   ap_memory|         C_TILE_0|         array|
|C_TILE_0_address11   |  out|    4|   ap_memory|         C_TILE_0|         array|
|C_TILE_0_ce11        |  out|    1|   ap_memory|         C_TILE_0|         array|
|C_TILE_0_d11         |  out|   32|   ap_memory|         C_TILE_0|         array|
|C_TILE_0_q11         |   in|   32|   ap_memory|         C_TILE_0|         array|
|C_TILE_0_we11        |  out|    1|   ap_memory|         C_TILE_0|         array|
|C_TILE_0_address12   |  out|    4|   ap_memory|         C_TILE_0|         array|
|C_TILE_0_ce12        |  out|    1|   ap_memory|         C_TILE_0|         array|
|C_TILE_0_d12         |  out|   32|   ap_memory|         C_TILE_0|         array|
|C_TILE_0_q12         |   in|   32|   ap_memory|         C_TILE_0|         array|
|C_TILE_0_we12        |  out|    1|   ap_memory|         C_TILE_0|         array|
|C_TILE_0_address13   |  out|    4|   ap_memory|         C_TILE_0|         array|
|C_TILE_0_ce13        |  out|    1|   ap_memory|         C_TILE_0|         array|
|C_TILE_0_d13         |  out|   32|   ap_memory|         C_TILE_0|         array|
|C_TILE_0_q13         |   in|   32|   ap_memory|         C_TILE_0|         array|
|C_TILE_0_we13        |  out|    1|   ap_memory|         C_TILE_0|         array|
|C_TILE_0_address14   |  out|    4|   ap_memory|         C_TILE_0|         array|
|C_TILE_0_ce14        |  out|    1|   ap_memory|         C_TILE_0|         array|
|C_TILE_0_d14         |  out|   32|   ap_memory|         C_TILE_0|         array|
|C_TILE_0_q14         |   in|   32|   ap_memory|         C_TILE_0|         array|
|C_TILE_0_we14        |  out|    1|   ap_memory|         C_TILE_0|         array|
|C_TILE_0_address15   |  out|    4|   ap_memory|         C_TILE_0|         array|
|C_TILE_0_ce15        |  out|    1|   ap_memory|         C_TILE_0|         array|
|C_TILE_0_d15         |  out|   32|   ap_memory|         C_TILE_0|         array|
|C_TILE_0_q15         |   in|   32|   ap_memory|         C_TILE_0|         array|
|C_TILE_0_we15        |  out|    1|   ap_memory|         C_TILE_0|         array|
|C_TILE_0_address16   |  out|    4|   ap_memory|         C_TILE_0|         array|
|C_TILE_0_ce16        |  out|    1|   ap_memory|         C_TILE_0|         array|
|C_TILE_0_d16         |  out|   32|   ap_memory|         C_TILE_0|         array|
|C_TILE_0_q16         |   in|   32|   ap_memory|         C_TILE_0|         array|
|C_TILE_0_we16        |  out|    1|   ap_memory|         C_TILE_0|         array|
|C_TILE_1_address0    |  out|    4|   ap_memory|         C_TILE_1|         array|
|C_TILE_1_ce0         |  out|    1|   ap_memory|         C_TILE_1|         array|
|C_TILE_1_d0          |  out|   32|   ap_memory|         C_TILE_1|         array|
|C_TILE_1_q0          |   in|   32|   ap_memory|         C_TILE_1|         array|
|C_TILE_1_we0         |  out|    1|   ap_memory|         C_TILE_1|         array|
|C_TILE_1_address1    |  out|    4|   ap_memory|         C_TILE_1|         array|
|C_TILE_1_ce1         |  out|    1|   ap_memory|         C_TILE_1|         array|
|C_TILE_1_d1          |  out|   32|   ap_memory|         C_TILE_1|         array|
|C_TILE_1_q1          |   in|   32|   ap_memory|         C_TILE_1|         array|
|C_TILE_1_we1         |  out|    1|   ap_memory|         C_TILE_1|         array|
|C_TILE_1_address2    |  out|    4|   ap_memory|         C_TILE_1|         array|
|C_TILE_1_ce2         |  out|    1|   ap_memory|         C_TILE_1|         array|
|C_TILE_1_d2          |  out|   32|   ap_memory|         C_TILE_1|         array|
|C_TILE_1_q2          |   in|   32|   ap_memory|         C_TILE_1|         array|
|C_TILE_1_we2         |  out|    1|   ap_memory|         C_TILE_1|         array|
|C_TILE_1_address3    |  out|    4|   ap_memory|         C_TILE_1|         array|
|C_TILE_1_ce3         |  out|    1|   ap_memory|         C_TILE_1|         array|
|C_TILE_1_d3          |  out|   32|   ap_memory|         C_TILE_1|         array|
|C_TILE_1_q3          |   in|   32|   ap_memory|         C_TILE_1|         array|
|C_TILE_1_we3         |  out|    1|   ap_memory|         C_TILE_1|         array|
|C_TILE_1_address4    |  out|    4|   ap_memory|         C_TILE_1|         array|
|C_TILE_1_ce4         |  out|    1|   ap_memory|         C_TILE_1|         array|
|C_TILE_1_d4          |  out|   32|   ap_memory|         C_TILE_1|         array|
|C_TILE_1_q4          |   in|   32|   ap_memory|         C_TILE_1|         array|
|C_TILE_1_we4         |  out|    1|   ap_memory|         C_TILE_1|         array|
|C_TILE_1_address5    |  out|    4|   ap_memory|         C_TILE_1|         array|
|C_TILE_1_ce5         |  out|    1|   ap_memory|         C_TILE_1|         array|
|C_TILE_1_d5          |  out|   32|   ap_memory|         C_TILE_1|         array|
|C_TILE_1_q5          |   in|   32|   ap_memory|         C_TILE_1|         array|
|C_TILE_1_we5         |  out|    1|   ap_memory|         C_TILE_1|         array|
|C_TILE_1_address6    |  out|    4|   ap_memory|         C_TILE_1|         array|
|C_TILE_1_ce6         |  out|    1|   ap_memory|         C_TILE_1|         array|
|C_TILE_1_d6          |  out|   32|   ap_memory|         C_TILE_1|         array|
|C_TILE_1_q6          |   in|   32|   ap_memory|         C_TILE_1|         array|
|C_TILE_1_we6         |  out|    1|   ap_memory|         C_TILE_1|         array|
|C_TILE_1_address7    |  out|    4|   ap_memory|         C_TILE_1|         array|
|C_TILE_1_ce7         |  out|    1|   ap_memory|         C_TILE_1|         array|
|C_TILE_1_d7          |  out|   32|   ap_memory|         C_TILE_1|         array|
|C_TILE_1_q7          |   in|   32|   ap_memory|         C_TILE_1|         array|
|C_TILE_1_we7         |  out|    1|   ap_memory|         C_TILE_1|         array|
|C_TILE_1_address8    |  out|    4|   ap_memory|         C_TILE_1|         array|
|C_TILE_1_ce8         |  out|    1|   ap_memory|         C_TILE_1|         array|
|C_TILE_1_d8          |  out|   32|   ap_memory|         C_TILE_1|         array|
|C_TILE_1_q8          |   in|   32|   ap_memory|         C_TILE_1|         array|
|C_TILE_1_we8         |  out|    1|   ap_memory|         C_TILE_1|         array|
|C_TILE_1_address9    |  out|    4|   ap_memory|         C_TILE_1|         array|
|C_TILE_1_ce9         |  out|    1|   ap_memory|         C_TILE_1|         array|
|C_TILE_1_d9          |  out|   32|   ap_memory|         C_TILE_1|         array|
|C_TILE_1_q9          |   in|   32|   ap_memory|         C_TILE_1|         array|
|C_TILE_1_we9         |  out|    1|   ap_memory|         C_TILE_1|         array|
|C_TILE_1_address10   |  out|    4|   ap_memory|         C_TILE_1|         array|
|C_TILE_1_ce10        |  out|    1|   ap_memory|         C_TILE_1|         array|
|C_TILE_1_d10         |  out|   32|   ap_memory|         C_TILE_1|         array|
|C_TILE_1_q10         |   in|   32|   ap_memory|         C_TILE_1|         array|
|C_TILE_1_we10        |  out|    1|   ap_memory|         C_TILE_1|         array|
|C_TILE_1_address11   |  out|    4|   ap_memory|         C_TILE_1|         array|
|C_TILE_1_ce11        |  out|    1|   ap_memory|         C_TILE_1|         array|
|C_TILE_1_d11         |  out|   32|   ap_memory|         C_TILE_1|         array|
|C_TILE_1_q11         |   in|   32|   ap_memory|         C_TILE_1|         array|
|C_TILE_1_we11        |  out|    1|   ap_memory|         C_TILE_1|         array|
|C_TILE_1_address12   |  out|    4|   ap_memory|         C_TILE_1|         array|
|C_TILE_1_ce12        |  out|    1|   ap_memory|         C_TILE_1|         array|
|C_TILE_1_d12         |  out|   32|   ap_memory|         C_TILE_1|         array|
|C_TILE_1_q12         |   in|   32|   ap_memory|         C_TILE_1|         array|
|C_TILE_1_we12        |  out|    1|   ap_memory|         C_TILE_1|         array|
|C_TILE_1_address13   |  out|    4|   ap_memory|         C_TILE_1|         array|
|C_TILE_1_ce13        |  out|    1|   ap_memory|         C_TILE_1|         array|
|C_TILE_1_d13         |  out|   32|   ap_memory|         C_TILE_1|         array|
|C_TILE_1_q13         |   in|   32|   ap_memory|         C_TILE_1|         array|
|C_TILE_1_we13        |  out|    1|   ap_memory|         C_TILE_1|         array|
|C_TILE_1_address14   |  out|    4|   ap_memory|         C_TILE_1|         array|
|C_TILE_1_ce14        |  out|    1|   ap_memory|         C_TILE_1|         array|
|C_TILE_1_d14         |  out|   32|   ap_memory|         C_TILE_1|         array|
|C_TILE_1_q14         |   in|   32|   ap_memory|         C_TILE_1|         array|
|C_TILE_1_we14        |  out|    1|   ap_memory|         C_TILE_1|         array|
|C_TILE_1_address15   |  out|    4|   ap_memory|         C_TILE_1|         array|
|C_TILE_1_ce15        |  out|    1|   ap_memory|         C_TILE_1|         array|
|C_TILE_1_d15         |  out|   32|   ap_memory|         C_TILE_1|         array|
|C_TILE_1_q15         |   in|   32|   ap_memory|         C_TILE_1|         array|
|C_TILE_1_we15        |  out|    1|   ap_memory|         C_TILE_1|         array|
|C_TILE_1_address16   |  out|    4|   ap_memory|         C_TILE_1|         array|
|C_TILE_1_ce16        |  out|    1|   ap_memory|         C_TILE_1|         array|
|C_TILE_1_d16         |  out|   32|   ap_memory|         C_TILE_1|         array|
|C_TILE_1_q16         |   in|   32|   ap_memory|         C_TILE_1|         array|
|C_TILE_1_we16        |  out|    1|   ap_memory|         C_TILE_1|         array|
|C_TILE_2_address0    |  out|    4|   ap_memory|         C_TILE_2|         array|
|C_TILE_2_ce0         |  out|    1|   ap_memory|         C_TILE_2|         array|
|C_TILE_2_d0          |  out|   32|   ap_memory|         C_TILE_2|         array|
|C_TILE_2_q0          |   in|   32|   ap_memory|         C_TILE_2|         array|
|C_TILE_2_we0         |  out|    1|   ap_memory|         C_TILE_2|         array|
|C_TILE_2_address1    |  out|    4|   ap_memory|         C_TILE_2|         array|
|C_TILE_2_ce1         |  out|    1|   ap_memory|         C_TILE_2|         array|
|C_TILE_2_d1          |  out|   32|   ap_memory|         C_TILE_2|         array|
|C_TILE_2_q1          |   in|   32|   ap_memory|         C_TILE_2|         array|
|C_TILE_2_we1         |  out|    1|   ap_memory|         C_TILE_2|         array|
|C_TILE_2_address2    |  out|    4|   ap_memory|         C_TILE_2|         array|
|C_TILE_2_ce2         |  out|    1|   ap_memory|         C_TILE_2|         array|
|C_TILE_2_d2          |  out|   32|   ap_memory|         C_TILE_2|         array|
|C_TILE_2_q2          |   in|   32|   ap_memory|         C_TILE_2|         array|
|C_TILE_2_we2         |  out|    1|   ap_memory|         C_TILE_2|         array|
|C_TILE_2_address3    |  out|    4|   ap_memory|         C_TILE_2|         array|
|C_TILE_2_ce3         |  out|    1|   ap_memory|         C_TILE_2|         array|
|C_TILE_2_d3          |  out|   32|   ap_memory|         C_TILE_2|         array|
|C_TILE_2_q3          |   in|   32|   ap_memory|         C_TILE_2|         array|
|C_TILE_2_we3         |  out|    1|   ap_memory|         C_TILE_2|         array|
|C_TILE_2_address4    |  out|    4|   ap_memory|         C_TILE_2|         array|
|C_TILE_2_ce4         |  out|    1|   ap_memory|         C_TILE_2|         array|
|C_TILE_2_d4          |  out|   32|   ap_memory|         C_TILE_2|         array|
|C_TILE_2_q4          |   in|   32|   ap_memory|         C_TILE_2|         array|
|C_TILE_2_we4         |  out|    1|   ap_memory|         C_TILE_2|         array|
|C_TILE_2_address5    |  out|    4|   ap_memory|         C_TILE_2|         array|
|C_TILE_2_ce5         |  out|    1|   ap_memory|         C_TILE_2|         array|
|C_TILE_2_d5          |  out|   32|   ap_memory|         C_TILE_2|         array|
|C_TILE_2_q5          |   in|   32|   ap_memory|         C_TILE_2|         array|
|C_TILE_2_we5         |  out|    1|   ap_memory|         C_TILE_2|         array|
|C_TILE_2_address6    |  out|    4|   ap_memory|         C_TILE_2|         array|
|C_TILE_2_ce6         |  out|    1|   ap_memory|         C_TILE_2|         array|
|C_TILE_2_d6          |  out|   32|   ap_memory|         C_TILE_2|         array|
|C_TILE_2_q6          |   in|   32|   ap_memory|         C_TILE_2|         array|
|C_TILE_2_we6         |  out|    1|   ap_memory|         C_TILE_2|         array|
|C_TILE_2_address7    |  out|    4|   ap_memory|         C_TILE_2|         array|
|C_TILE_2_ce7         |  out|    1|   ap_memory|         C_TILE_2|         array|
|C_TILE_2_d7          |  out|   32|   ap_memory|         C_TILE_2|         array|
|C_TILE_2_q7          |   in|   32|   ap_memory|         C_TILE_2|         array|
|C_TILE_2_we7         |  out|    1|   ap_memory|         C_TILE_2|         array|
|C_TILE_2_address8    |  out|    4|   ap_memory|         C_TILE_2|         array|
|C_TILE_2_ce8         |  out|    1|   ap_memory|         C_TILE_2|         array|
|C_TILE_2_d8          |  out|   32|   ap_memory|         C_TILE_2|         array|
|C_TILE_2_q8          |   in|   32|   ap_memory|         C_TILE_2|         array|
|C_TILE_2_we8         |  out|    1|   ap_memory|         C_TILE_2|         array|
|C_TILE_2_address9    |  out|    4|   ap_memory|         C_TILE_2|         array|
|C_TILE_2_ce9         |  out|    1|   ap_memory|         C_TILE_2|         array|
|C_TILE_2_d9          |  out|   32|   ap_memory|         C_TILE_2|         array|
|C_TILE_2_q9          |   in|   32|   ap_memory|         C_TILE_2|         array|
|C_TILE_2_we9         |  out|    1|   ap_memory|         C_TILE_2|         array|
|C_TILE_2_address10   |  out|    4|   ap_memory|         C_TILE_2|         array|
|C_TILE_2_ce10        |  out|    1|   ap_memory|         C_TILE_2|         array|
|C_TILE_2_d10         |  out|   32|   ap_memory|         C_TILE_2|         array|
|C_TILE_2_q10         |   in|   32|   ap_memory|         C_TILE_2|         array|
|C_TILE_2_we10        |  out|    1|   ap_memory|         C_TILE_2|         array|
|C_TILE_2_address11   |  out|    4|   ap_memory|         C_TILE_2|         array|
|C_TILE_2_ce11        |  out|    1|   ap_memory|         C_TILE_2|         array|
|C_TILE_2_d11         |  out|   32|   ap_memory|         C_TILE_2|         array|
|C_TILE_2_q11         |   in|   32|   ap_memory|         C_TILE_2|         array|
|C_TILE_2_we11        |  out|    1|   ap_memory|         C_TILE_2|         array|
|C_TILE_2_address12   |  out|    4|   ap_memory|         C_TILE_2|         array|
|C_TILE_2_ce12        |  out|    1|   ap_memory|         C_TILE_2|         array|
|C_TILE_2_d12         |  out|   32|   ap_memory|         C_TILE_2|         array|
|C_TILE_2_q12         |   in|   32|   ap_memory|         C_TILE_2|         array|
|C_TILE_2_we12        |  out|    1|   ap_memory|         C_TILE_2|         array|
|C_TILE_2_address13   |  out|    4|   ap_memory|         C_TILE_2|         array|
|C_TILE_2_ce13        |  out|    1|   ap_memory|         C_TILE_2|         array|
|C_TILE_2_d13         |  out|   32|   ap_memory|         C_TILE_2|         array|
|C_TILE_2_q13         |   in|   32|   ap_memory|         C_TILE_2|         array|
|C_TILE_2_we13        |  out|    1|   ap_memory|         C_TILE_2|         array|
|C_TILE_2_address14   |  out|    4|   ap_memory|         C_TILE_2|         array|
|C_TILE_2_ce14        |  out|    1|   ap_memory|         C_TILE_2|         array|
|C_TILE_2_d14         |  out|   32|   ap_memory|         C_TILE_2|         array|
|C_TILE_2_q14         |   in|   32|   ap_memory|         C_TILE_2|         array|
|C_TILE_2_we14        |  out|    1|   ap_memory|         C_TILE_2|         array|
|C_TILE_2_address15   |  out|    4|   ap_memory|         C_TILE_2|         array|
|C_TILE_2_ce15        |  out|    1|   ap_memory|         C_TILE_2|         array|
|C_TILE_2_d15         |  out|   32|   ap_memory|         C_TILE_2|         array|
|C_TILE_2_q15         |   in|   32|   ap_memory|         C_TILE_2|         array|
|C_TILE_2_we15        |  out|    1|   ap_memory|         C_TILE_2|         array|
|C_TILE_2_address16   |  out|    4|   ap_memory|         C_TILE_2|         array|
|C_TILE_2_ce16        |  out|    1|   ap_memory|         C_TILE_2|         array|
|C_TILE_2_d16         |  out|   32|   ap_memory|         C_TILE_2|         array|
|C_TILE_2_q16         |   in|   32|   ap_memory|         C_TILE_2|         array|
|C_TILE_2_we16        |  out|    1|   ap_memory|         C_TILE_2|         array|
|C_TILE_3_address0    |  out|    4|   ap_memory|         C_TILE_3|         array|
|C_TILE_3_ce0         |  out|    1|   ap_memory|         C_TILE_3|         array|
|C_TILE_3_d0          |  out|   32|   ap_memory|         C_TILE_3|         array|
|C_TILE_3_q0          |   in|   32|   ap_memory|         C_TILE_3|         array|
|C_TILE_3_we0         |  out|    1|   ap_memory|         C_TILE_3|         array|
|C_TILE_3_address1    |  out|    4|   ap_memory|         C_TILE_3|         array|
|C_TILE_3_ce1         |  out|    1|   ap_memory|         C_TILE_3|         array|
|C_TILE_3_d1          |  out|   32|   ap_memory|         C_TILE_3|         array|
|C_TILE_3_q1          |   in|   32|   ap_memory|         C_TILE_3|         array|
|C_TILE_3_we1         |  out|    1|   ap_memory|         C_TILE_3|         array|
|C_TILE_3_address2    |  out|    4|   ap_memory|         C_TILE_3|         array|
|C_TILE_3_ce2         |  out|    1|   ap_memory|         C_TILE_3|         array|
|C_TILE_3_d2          |  out|   32|   ap_memory|         C_TILE_3|         array|
|C_TILE_3_q2          |   in|   32|   ap_memory|         C_TILE_3|         array|
|C_TILE_3_we2         |  out|    1|   ap_memory|         C_TILE_3|         array|
|C_TILE_3_address3    |  out|    4|   ap_memory|         C_TILE_3|         array|
|C_TILE_3_ce3         |  out|    1|   ap_memory|         C_TILE_3|         array|
|C_TILE_3_d3          |  out|   32|   ap_memory|         C_TILE_3|         array|
|C_TILE_3_q3          |   in|   32|   ap_memory|         C_TILE_3|         array|
|C_TILE_3_we3         |  out|    1|   ap_memory|         C_TILE_3|         array|
|C_TILE_3_address4    |  out|    4|   ap_memory|         C_TILE_3|         array|
|C_TILE_3_ce4         |  out|    1|   ap_memory|         C_TILE_3|         array|
|C_TILE_3_d4          |  out|   32|   ap_memory|         C_TILE_3|         array|
|C_TILE_3_q4          |   in|   32|   ap_memory|         C_TILE_3|         array|
|C_TILE_3_we4         |  out|    1|   ap_memory|         C_TILE_3|         array|
|C_TILE_3_address5    |  out|    4|   ap_memory|         C_TILE_3|         array|
|C_TILE_3_ce5         |  out|    1|   ap_memory|         C_TILE_3|         array|
|C_TILE_3_d5          |  out|   32|   ap_memory|         C_TILE_3|         array|
|C_TILE_3_q5          |   in|   32|   ap_memory|         C_TILE_3|         array|
|C_TILE_3_we5         |  out|    1|   ap_memory|         C_TILE_3|         array|
|C_TILE_3_address6    |  out|    4|   ap_memory|         C_TILE_3|         array|
|C_TILE_3_ce6         |  out|    1|   ap_memory|         C_TILE_3|         array|
|C_TILE_3_d6          |  out|   32|   ap_memory|         C_TILE_3|         array|
|C_TILE_3_q6          |   in|   32|   ap_memory|         C_TILE_3|         array|
|C_TILE_3_we6         |  out|    1|   ap_memory|         C_TILE_3|         array|
|C_TILE_3_address7    |  out|    4|   ap_memory|         C_TILE_3|         array|
|C_TILE_3_ce7         |  out|    1|   ap_memory|         C_TILE_3|         array|
|C_TILE_3_d7          |  out|   32|   ap_memory|         C_TILE_3|         array|
|C_TILE_3_q7          |   in|   32|   ap_memory|         C_TILE_3|         array|
|C_TILE_3_we7         |  out|    1|   ap_memory|         C_TILE_3|         array|
|C_TILE_3_address8    |  out|    4|   ap_memory|         C_TILE_3|         array|
|C_TILE_3_ce8         |  out|    1|   ap_memory|         C_TILE_3|         array|
|C_TILE_3_d8          |  out|   32|   ap_memory|         C_TILE_3|         array|
|C_TILE_3_q8          |   in|   32|   ap_memory|         C_TILE_3|         array|
|C_TILE_3_we8         |  out|    1|   ap_memory|         C_TILE_3|         array|
|C_TILE_3_address9    |  out|    4|   ap_memory|         C_TILE_3|         array|
|C_TILE_3_ce9         |  out|    1|   ap_memory|         C_TILE_3|         array|
|C_TILE_3_d9          |  out|   32|   ap_memory|         C_TILE_3|         array|
|C_TILE_3_q9          |   in|   32|   ap_memory|         C_TILE_3|         array|
|C_TILE_3_we9         |  out|    1|   ap_memory|         C_TILE_3|         array|
|C_TILE_3_address10   |  out|    4|   ap_memory|         C_TILE_3|         array|
|C_TILE_3_ce10        |  out|    1|   ap_memory|         C_TILE_3|         array|
|C_TILE_3_d10         |  out|   32|   ap_memory|         C_TILE_3|         array|
|C_TILE_3_q10         |   in|   32|   ap_memory|         C_TILE_3|         array|
|C_TILE_3_we10        |  out|    1|   ap_memory|         C_TILE_3|         array|
|C_TILE_3_address11   |  out|    4|   ap_memory|         C_TILE_3|         array|
|C_TILE_3_ce11        |  out|    1|   ap_memory|         C_TILE_3|         array|
|C_TILE_3_d11         |  out|   32|   ap_memory|         C_TILE_3|         array|
|C_TILE_3_q11         |   in|   32|   ap_memory|         C_TILE_3|         array|
|C_TILE_3_we11        |  out|    1|   ap_memory|         C_TILE_3|         array|
|C_TILE_3_address12   |  out|    4|   ap_memory|         C_TILE_3|         array|
|C_TILE_3_ce12        |  out|    1|   ap_memory|         C_TILE_3|         array|
|C_TILE_3_d12         |  out|   32|   ap_memory|         C_TILE_3|         array|
|C_TILE_3_q12         |   in|   32|   ap_memory|         C_TILE_3|         array|
|C_TILE_3_we12        |  out|    1|   ap_memory|         C_TILE_3|         array|
|C_TILE_3_address13   |  out|    4|   ap_memory|         C_TILE_3|         array|
|C_TILE_3_ce13        |  out|    1|   ap_memory|         C_TILE_3|         array|
|C_TILE_3_d13         |  out|   32|   ap_memory|         C_TILE_3|         array|
|C_TILE_3_q13         |   in|   32|   ap_memory|         C_TILE_3|         array|
|C_TILE_3_we13        |  out|    1|   ap_memory|         C_TILE_3|         array|
|C_TILE_3_address14   |  out|    4|   ap_memory|         C_TILE_3|         array|
|C_TILE_3_ce14        |  out|    1|   ap_memory|         C_TILE_3|         array|
|C_TILE_3_d14         |  out|   32|   ap_memory|         C_TILE_3|         array|
|C_TILE_3_q14         |   in|   32|   ap_memory|         C_TILE_3|         array|
|C_TILE_3_we14        |  out|    1|   ap_memory|         C_TILE_3|         array|
|C_TILE_3_address15   |  out|    4|   ap_memory|         C_TILE_3|         array|
|C_TILE_3_ce15        |  out|    1|   ap_memory|         C_TILE_3|         array|
|C_TILE_3_d15         |  out|   32|   ap_memory|         C_TILE_3|         array|
|C_TILE_3_q15         |   in|   32|   ap_memory|         C_TILE_3|         array|
|C_TILE_3_we15        |  out|    1|   ap_memory|         C_TILE_3|         array|
|C_TILE_3_address16   |  out|    4|   ap_memory|         C_TILE_3|         array|
|C_TILE_3_ce16        |  out|    1|   ap_memory|         C_TILE_3|         array|
|C_TILE_3_d16         |  out|   32|   ap_memory|         C_TILE_3|         array|
|C_TILE_3_q16         |   in|   32|   ap_memory|         C_TILE_3|         array|
|C_TILE_3_we16        |  out|    1|   ap_memory|         C_TILE_3|         array|
|C_TILE_4_address0    |  out|    4|   ap_memory|         C_TILE_4|         array|
|C_TILE_4_ce0         |  out|    1|   ap_memory|         C_TILE_4|         array|
|C_TILE_4_d0          |  out|   32|   ap_memory|         C_TILE_4|         array|
|C_TILE_4_q0          |   in|   32|   ap_memory|         C_TILE_4|         array|
|C_TILE_4_we0         |  out|    1|   ap_memory|         C_TILE_4|         array|
|C_TILE_4_address1    |  out|    4|   ap_memory|         C_TILE_4|         array|
|C_TILE_4_ce1         |  out|    1|   ap_memory|         C_TILE_4|         array|
|C_TILE_4_d1          |  out|   32|   ap_memory|         C_TILE_4|         array|
|C_TILE_4_q1          |   in|   32|   ap_memory|         C_TILE_4|         array|
|C_TILE_4_we1         |  out|    1|   ap_memory|         C_TILE_4|         array|
|C_TILE_4_address2    |  out|    4|   ap_memory|         C_TILE_4|         array|
|C_TILE_4_ce2         |  out|    1|   ap_memory|         C_TILE_4|         array|
|C_TILE_4_d2          |  out|   32|   ap_memory|         C_TILE_4|         array|
|C_TILE_4_q2          |   in|   32|   ap_memory|         C_TILE_4|         array|
|C_TILE_4_we2         |  out|    1|   ap_memory|         C_TILE_4|         array|
|C_TILE_4_address3    |  out|    4|   ap_memory|         C_TILE_4|         array|
|C_TILE_4_ce3         |  out|    1|   ap_memory|         C_TILE_4|         array|
|C_TILE_4_d3          |  out|   32|   ap_memory|         C_TILE_4|         array|
|C_TILE_4_q3          |   in|   32|   ap_memory|         C_TILE_4|         array|
|C_TILE_4_we3         |  out|    1|   ap_memory|         C_TILE_4|         array|
|C_TILE_4_address4    |  out|    4|   ap_memory|         C_TILE_4|         array|
|C_TILE_4_ce4         |  out|    1|   ap_memory|         C_TILE_4|         array|
|C_TILE_4_d4          |  out|   32|   ap_memory|         C_TILE_4|         array|
|C_TILE_4_q4          |   in|   32|   ap_memory|         C_TILE_4|         array|
|C_TILE_4_we4         |  out|    1|   ap_memory|         C_TILE_4|         array|
|C_TILE_4_address5    |  out|    4|   ap_memory|         C_TILE_4|         array|
|C_TILE_4_ce5         |  out|    1|   ap_memory|         C_TILE_4|         array|
|C_TILE_4_d5          |  out|   32|   ap_memory|         C_TILE_4|         array|
|C_TILE_4_q5          |   in|   32|   ap_memory|         C_TILE_4|         array|
|C_TILE_4_we5         |  out|    1|   ap_memory|         C_TILE_4|         array|
|C_TILE_4_address6    |  out|    4|   ap_memory|         C_TILE_4|         array|
|C_TILE_4_ce6         |  out|    1|   ap_memory|         C_TILE_4|         array|
|C_TILE_4_d6          |  out|   32|   ap_memory|         C_TILE_4|         array|
|C_TILE_4_q6          |   in|   32|   ap_memory|         C_TILE_4|         array|
|C_TILE_4_we6         |  out|    1|   ap_memory|         C_TILE_4|         array|
|C_TILE_4_address7    |  out|    4|   ap_memory|         C_TILE_4|         array|
|C_TILE_4_ce7         |  out|    1|   ap_memory|         C_TILE_4|         array|
|C_TILE_4_d7          |  out|   32|   ap_memory|         C_TILE_4|         array|
|C_TILE_4_q7          |   in|   32|   ap_memory|         C_TILE_4|         array|
|C_TILE_4_we7         |  out|    1|   ap_memory|         C_TILE_4|         array|
|C_TILE_4_address8    |  out|    4|   ap_memory|         C_TILE_4|         array|
|C_TILE_4_ce8         |  out|    1|   ap_memory|         C_TILE_4|         array|
|C_TILE_4_d8          |  out|   32|   ap_memory|         C_TILE_4|         array|
|C_TILE_4_q8          |   in|   32|   ap_memory|         C_TILE_4|         array|
|C_TILE_4_we8         |  out|    1|   ap_memory|         C_TILE_4|         array|
|C_TILE_4_address9    |  out|    4|   ap_memory|         C_TILE_4|         array|
|C_TILE_4_ce9         |  out|    1|   ap_memory|         C_TILE_4|         array|
|C_TILE_4_d9          |  out|   32|   ap_memory|         C_TILE_4|         array|
|C_TILE_4_q9          |   in|   32|   ap_memory|         C_TILE_4|         array|
|C_TILE_4_we9         |  out|    1|   ap_memory|         C_TILE_4|         array|
|C_TILE_4_address10   |  out|    4|   ap_memory|         C_TILE_4|         array|
|C_TILE_4_ce10        |  out|    1|   ap_memory|         C_TILE_4|         array|
|C_TILE_4_d10         |  out|   32|   ap_memory|         C_TILE_4|         array|
|C_TILE_4_q10         |   in|   32|   ap_memory|         C_TILE_4|         array|
|C_TILE_4_we10        |  out|    1|   ap_memory|         C_TILE_4|         array|
|C_TILE_4_address11   |  out|    4|   ap_memory|         C_TILE_4|         array|
|C_TILE_4_ce11        |  out|    1|   ap_memory|         C_TILE_4|         array|
|C_TILE_4_d11         |  out|   32|   ap_memory|         C_TILE_4|         array|
|C_TILE_4_q11         |   in|   32|   ap_memory|         C_TILE_4|         array|
|C_TILE_4_we11        |  out|    1|   ap_memory|         C_TILE_4|         array|
|C_TILE_4_address12   |  out|    4|   ap_memory|         C_TILE_4|         array|
|C_TILE_4_ce12        |  out|    1|   ap_memory|         C_TILE_4|         array|
|C_TILE_4_d12         |  out|   32|   ap_memory|         C_TILE_4|         array|
|C_TILE_4_q12         |   in|   32|   ap_memory|         C_TILE_4|         array|
|C_TILE_4_we12        |  out|    1|   ap_memory|         C_TILE_4|         array|
|C_TILE_4_address13   |  out|    4|   ap_memory|         C_TILE_4|         array|
|C_TILE_4_ce13        |  out|    1|   ap_memory|         C_TILE_4|         array|
|C_TILE_4_d13         |  out|   32|   ap_memory|         C_TILE_4|         array|
|C_TILE_4_q13         |   in|   32|   ap_memory|         C_TILE_4|         array|
|C_TILE_4_we13        |  out|    1|   ap_memory|         C_TILE_4|         array|
|C_TILE_4_address14   |  out|    4|   ap_memory|         C_TILE_4|         array|
|C_TILE_4_ce14        |  out|    1|   ap_memory|         C_TILE_4|         array|
|C_TILE_4_d14         |  out|   32|   ap_memory|         C_TILE_4|         array|
|C_TILE_4_q14         |   in|   32|   ap_memory|         C_TILE_4|         array|
|C_TILE_4_we14        |  out|    1|   ap_memory|         C_TILE_4|         array|
|C_TILE_4_address15   |  out|    4|   ap_memory|         C_TILE_4|         array|
|C_TILE_4_ce15        |  out|    1|   ap_memory|         C_TILE_4|         array|
|C_TILE_4_d15         |  out|   32|   ap_memory|         C_TILE_4|         array|
|C_TILE_4_q15         |   in|   32|   ap_memory|         C_TILE_4|         array|
|C_TILE_4_we15        |  out|    1|   ap_memory|         C_TILE_4|         array|
|C_TILE_4_address16   |  out|    4|   ap_memory|         C_TILE_4|         array|
|C_TILE_4_ce16        |  out|    1|   ap_memory|         C_TILE_4|         array|
|C_TILE_4_d16         |  out|   32|   ap_memory|         C_TILE_4|         array|
|C_TILE_4_q16         |   in|   32|   ap_memory|         C_TILE_4|         array|
|C_TILE_4_we16        |  out|    1|   ap_memory|         C_TILE_4|         array|
|C_TILE_5_address0    |  out|    4|   ap_memory|         C_TILE_5|         array|
|C_TILE_5_ce0         |  out|    1|   ap_memory|         C_TILE_5|         array|
|C_TILE_5_d0          |  out|   32|   ap_memory|         C_TILE_5|         array|
|C_TILE_5_q0          |   in|   32|   ap_memory|         C_TILE_5|         array|
|C_TILE_5_we0         |  out|    1|   ap_memory|         C_TILE_5|         array|
|C_TILE_5_address1    |  out|    4|   ap_memory|         C_TILE_5|         array|
|C_TILE_5_ce1         |  out|    1|   ap_memory|         C_TILE_5|         array|
|C_TILE_5_d1          |  out|   32|   ap_memory|         C_TILE_5|         array|
|C_TILE_5_q1          |   in|   32|   ap_memory|         C_TILE_5|         array|
|C_TILE_5_we1         |  out|    1|   ap_memory|         C_TILE_5|         array|
|C_TILE_5_address2    |  out|    4|   ap_memory|         C_TILE_5|         array|
|C_TILE_5_ce2         |  out|    1|   ap_memory|         C_TILE_5|         array|
|C_TILE_5_d2          |  out|   32|   ap_memory|         C_TILE_5|         array|
|C_TILE_5_q2          |   in|   32|   ap_memory|         C_TILE_5|         array|
|C_TILE_5_we2         |  out|    1|   ap_memory|         C_TILE_5|         array|
|C_TILE_5_address3    |  out|    4|   ap_memory|         C_TILE_5|         array|
|C_TILE_5_ce3         |  out|    1|   ap_memory|         C_TILE_5|         array|
|C_TILE_5_d3          |  out|   32|   ap_memory|         C_TILE_5|         array|
|C_TILE_5_q3          |   in|   32|   ap_memory|         C_TILE_5|         array|
|C_TILE_5_we3         |  out|    1|   ap_memory|         C_TILE_5|         array|
|C_TILE_5_address4    |  out|    4|   ap_memory|         C_TILE_5|         array|
|C_TILE_5_ce4         |  out|    1|   ap_memory|         C_TILE_5|         array|
|C_TILE_5_d4          |  out|   32|   ap_memory|         C_TILE_5|         array|
|C_TILE_5_q4          |   in|   32|   ap_memory|         C_TILE_5|         array|
|C_TILE_5_we4         |  out|    1|   ap_memory|         C_TILE_5|         array|
|C_TILE_5_address5    |  out|    4|   ap_memory|         C_TILE_5|         array|
|C_TILE_5_ce5         |  out|    1|   ap_memory|         C_TILE_5|         array|
|C_TILE_5_d5          |  out|   32|   ap_memory|         C_TILE_5|         array|
|C_TILE_5_q5          |   in|   32|   ap_memory|         C_TILE_5|         array|
|C_TILE_5_we5         |  out|    1|   ap_memory|         C_TILE_5|         array|
|C_TILE_5_address6    |  out|    4|   ap_memory|         C_TILE_5|         array|
|C_TILE_5_ce6         |  out|    1|   ap_memory|         C_TILE_5|         array|
|C_TILE_5_d6          |  out|   32|   ap_memory|         C_TILE_5|         array|
|C_TILE_5_q6          |   in|   32|   ap_memory|         C_TILE_5|         array|
|C_TILE_5_we6         |  out|    1|   ap_memory|         C_TILE_5|         array|
|C_TILE_5_address7    |  out|    4|   ap_memory|         C_TILE_5|         array|
|C_TILE_5_ce7         |  out|    1|   ap_memory|         C_TILE_5|         array|
|C_TILE_5_d7          |  out|   32|   ap_memory|         C_TILE_5|         array|
|C_TILE_5_q7          |   in|   32|   ap_memory|         C_TILE_5|         array|
|C_TILE_5_we7         |  out|    1|   ap_memory|         C_TILE_5|         array|
|C_TILE_5_address8    |  out|    4|   ap_memory|         C_TILE_5|         array|
|C_TILE_5_ce8         |  out|    1|   ap_memory|         C_TILE_5|         array|
|C_TILE_5_d8          |  out|   32|   ap_memory|         C_TILE_5|         array|
|C_TILE_5_q8          |   in|   32|   ap_memory|         C_TILE_5|         array|
|C_TILE_5_we8         |  out|    1|   ap_memory|         C_TILE_5|         array|
|C_TILE_5_address9    |  out|    4|   ap_memory|         C_TILE_5|         array|
|C_TILE_5_ce9         |  out|    1|   ap_memory|         C_TILE_5|         array|
|C_TILE_5_d9          |  out|   32|   ap_memory|         C_TILE_5|         array|
|C_TILE_5_q9          |   in|   32|   ap_memory|         C_TILE_5|         array|
|C_TILE_5_we9         |  out|    1|   ap_memory|         C_TILE_5|         array|
|C_TILE_5_address10   |  out|    4|   ap_memory|         C_TILE_5|         array|
|C_TILE_5_ce10        |  out|    1|   ap_memory|         C_TILE_5|         array|
|C_TILE_5_d10         |  out|   32|   ap_memory|         C_TILE_5|         array|
|C_TILE_5_q10         |   in|   32|   ap_memory|         C_TILE_5|         array|
|C_TILE_5_we10        |  out|    1|   ap_memory|         C_TILE_5|         array|
|C_TILE_5_address11   |  out|    4|   ap_memory|         C_TILE_5|         array|
|C_TILE_5_ce11        |  out|    1|   ap_memory|         C_TILE_5|         array|
|C_TILE_5_d11         |  out|   32|   ap_memory|         C_TILE_5|         array|
|C_TILE_5_q11         |   in|   32|   ap_memory|         C_TILE_5|         array|
|C_TILE_5_we11        |  out|    1|   ap_memory|         C_TILE_5|         array|
|C_TILE_5_address12   |  out|    4|   ap_memory|         C_TILE_5|         array|
|C_TILE_5_ce12        |  out|    1|   ap_memory|         C_TILE_5|         array|
|C_TILE_5_d12         |  out|   32|   ap_memory|         C_TILE_5|         array|
|C_TILE_5_q12         |   in|   32|   ap_memory|         C_TILE_5|         array|
|C_TILE_5_we12        |  out|    1|   ap_memory|         C_TILE_5|         array|
|C_TILE_5_address13   |  out|    4|   ap_memory|         C_TILE_5|         array|
|C_TILE_5_ce13        |  out|    1|   ap_memory|         C_TILE_5|         array|
|C_TILE_5_d13         |  out|   32|   ap_memory|         C_TILE_5|         array|
|C_TILE_5_q13         |   in|   32|   ap_memory|         C_TILE_5|         array|
|C_TILE_5_we13        |  out|    1|   ap_memory|         C_TILE_5|         array|
|C_TILE_5_address14   |  out|    4|   ap_memory|         C_TILE_5|         array|
|C_TILE_5_ce14        |  out|    1|   ap_memory|         C_TILE_5|         array|
|C_TILE_5_d14         |  out|   32|   ap_memory|         C_TILE_5|         array|
|C_TILE_5_q14         |   in|   32|   ap_memory|         C_TILE_5|         array|
|C_TILE_5_we14        |  out|    1|   ap_memory|         C_TILE_5|         array|
|C_TILE_5_address15   |  out|    4|   ap_memory|         C_TILE_5|         array|
|C_TILE_5_ce15        |  out|    1|   ap_memory|         C_TILE_5|         array|
|C_TILE_5_d15         |  out|   32|   ap_memory|         C_TILE_5|         array|
|C_TILE_5_q15         |   in|   32|   ap_memory|         C_TILE_5|         array|
|C_TILE_5_we15        |  out|    1|   ap_memory|         C_TILE_5|         array|
|C_TILE_5_address16   |  out|    4|   ap_memory|         C_TILE_5|         array|
|C_TILE_5_ce16        |  out|    1|   ap_memory|         C_TILE_5|         array|
|C_TILE_5_d16         |  out|   32|   ap_memory|         C_TILE_5|         array|
|C_TILE_5_q16         |   in|   32|   ap_memory|         C_TILE_5|         array|
|C_TILE_5_we16        |  out|    1|   ap_memory|         C_TILE_5|         array|
|C_TILE_6_address0    |  out|    4|   ap_memory|         C_TILE_6|         array|
|C_TILE_6_ce0         |  out|    1|   ap_memory|         C_TILE_6|         array|
|C_TILE_6_d0          |  out|   32|   ap_memory|         C_TILE_6|         array|
|C_TILE_6_q0          |   in|   32|   ap_memory|         C_TILE_6|         array|
|C_TILE_6_we0         |  out|    1|   ap_memory|         C_TILE_6|         array|
|C_TILE_6_address1    |  out|    4|   ap_memory|         C_TILE_6|         array|
|C_TILE_6_ce1         |  out|    1|   ap_memory|         C_TILE_6|         array|
|C_TILE_6_d1          |  out|   32|   ap_memory|         C_TILE_6|         array|
|C_TILE_6_q1          |   in|   32|   ap_memory|         C_TILE_6|         array|
|C_TILE_6_we1         |  out|    1|   ap_memory|         C_TILE_6|         array|
|C_TILE_6_address2    |  out|    4|   ap_memory|         C_TILE_6|         array|
|C_TILE_6_ce2         |  out|    1|   ap_memory|         C_TILE_6|         array|
|C_TILE_6_d2          |  out|   32|   ap_memory|         C_TILE_6|         array|
|C_TILE_6_q2          |   in|   32|   ap_memory|         C_TILE_6|         array|
|C_TILE_6_we2         |  out|    1|   ap_memory|         C_TILE_6|         array|
|C_TILE_6_address3    |  out|    4|   ap_memory|         C_TILE_6|         array|
|C_TILE_6_ce3         |  out|    1|   ap_memory|         C_TILE_6|         array|
|C_TILE_6_d3          |  out|   32|   ap_memory|         C_TILE_6|         array|
|C_TILE_6_q3          |   in|   32|   ap_memory|         C_TILE_6|         array|
|C_TILE_6_we3         |  out|    1|   ap_memory|         C_TILE_6|         array|
|C_TILE_6_address4    |  out|    4|   ap_memory|         C_TILE_6|         array|
|C_TILE_6_ce4         |  out|    1|   ap_memory|         C_TILE_6|         array|
|C_TILE_6_d4          |  out|   32|   ap_memory|         C_TILE_6|         array|
|C_TILE_6_q4          |   in|   32|   ap_memory|         C_TILE_6|         array|
|C_TILE_6_we4         |  out|    1|   ap_memory|         C_TILE_6|         array|
|C_TILE_6_address5    |  out|    4|   ap_memory|         C_TILE_6|         array|
|C_TILE_6_ce5         |  out|    1|   ap_memory|         C_TILE_6|         array|
|C_TILE_6_d5          |  out|   32|   ap_memory|         C_TILE_6|         array|
|C_TILE_6_q5          |   in|   32|   ap_memory|         C_TILE_6|         array|
|C_TILE_6_we5         |  out|    1|   ap_memory|         C_TILE_6|         array|
|C_TILE_6_address6    |  out|    4|   ap_memory|         C_TILE_6|         array|
|C_TILE_6_ce6         |  out|    1|   ap_memory|         C_TILE_6|         array|
|C_TILE_6_d6          |  out|   32|   ap_memory|         C_TILE_6|         array|
|C_TILE_6_q6          |   in|   32|   ap_memory|         C_TILE_6|         array|
|C_TILE_6_we6         |  out|    1|   ap_memory|         C_TILE_6|         array|
|C_TILE_6_address7    |  out|    4|   ap_memory|         C_TILE_6|         array|
|C_TILE_6_ce7         |  out|    1|   ap_memory|         C_TILE_6|         array|
|C_TILE_6_d7          |  out|   32|   ap_memory|         C_TILE_6|         array|
|C_TILE_6_q7          |   in|   32|   ap_memory|         C_TILE_6|         array|
|C_TILE_6_we7         |  out|    1|   ap_memory|         C_TILE_6|         array|
|C_TILE_6_address8    |  out|    4|   ap_memory|         C_TILE_6|         array|
|C_TILE_6_ce8         |  out|    1|   ap_memory|         C_TILE_6|         array|
|C_TILE_6_d8          |  out|   32|   ap_memory|         C_TILE_6|         array|
|C_TILE_6_q8          |   in|   32|   ap_memory|         C_TILE_6|         array|
|C_TILE_6_we8         |  out|    1|   ap_memory|         C_TILE_6|         array|
|C_TILE_6_address9    |  out|    4|   ap_memory|         C_TILE_6|         array|
|C_TILE_6_ce9         |  out|    1|   ap_memory|         C_TILE_6|         array|
|C_TILE_6_d9          |  out|   32|   ap_memory|         C_TILE_6|         array|
|C_TILE_6_q9          |   in|   32|   ap_memory|         C_TILE_6|         array|
|C_TILE_6_we9         |  out|    1|   ap_memory|         C_TILE_6|         array|
|C_TILE_6_address10   |  out|    4|   ap_memory|         C_TILE_6|         array|
|C_TILE_6_ce10        |  out|    1|   ap_memory|         C_TILE_6|         array|
|C_TILE_6_d10         |  out|   32|   ap_memory|         C_TILE_6|         array|
|C_TILE_6_q10         |   in|   32|   ap_memory|         C_TILE_6|         array|
|C_TILE_6_we10        |  out|    1|   ap_memory|         C_TILE_6|         array|
|C_TILE_6_address11   |  out|    4|   ap_memory|         C_TILE_6|         array|
|C_TILE_6_ce11        |  out|    1|   ap_memory|         C_TILE_6|         array|
|C_TILE_6_d11         |  out|   32|   ap_memory|         C_TILE_6|         array|
|C_TILE_6_q11         |   in|   32|   ap_memory|         C_TILE_6|         array|
|C_TILE_6_we11        |  out|    1|   ap_memory|         C_TILE_6|         array|
|C_TILE_6_address12   |  out|    4|   ap_memory|         C_TILE_6|         array|
|C_TILE_6_ce12        |  out|    1|   ap_memory|         C_TILE_6|         array|
|C_TILE_6_d12         |  out|   32|   ap_memory|         C_TILE_6|         array|
|C_TILE_6_q12         |   in|   32|   ap_memory|         C_TILE_6|         array|
|C_TILE_6_we12        |  out|    1|   ap_memory|         C_TILE_6|         array|
|C_TILE_6_address13   |  out|    4|   ap_memory|         C_TILE_6|         array|
|C_TILE_6_ce13        |  out|    1|   ap_memory|         C_TILE_6|         array|
|C_TILE_6_d13         |  out|   32|   ap_memory|         C_TILE_6|         array|
|C_TILE_6_q13         |   in|   32|   ap_memory|         C_TILE_6|         array|
|C_TILE_6_we13        |  out|    1|   ap_memory|         C_TILE_6|         array|
|C_TILE_6_address14   |  out|    4|   ap_memory|         C_TILE_6|         array|
|C_TILE_6_ce14        |  out|    1|   ap_memory|         C_TILE_6|         array|
|C_TILE_6_d14         |  out|   32|   ap_memory|         C_TILE_6|         array|
|C_TILE_6_q14         |   in|   32|   ap_memory|         C_TILE_6|         array|
|C_TILE_6_we14        |  out|    1|   ap_memory|         C_TILE_6|         array|
|C_TILE_6_address15   |  out|    4|   ap_memory|         C_TILE_6|         array|
|C_TILE_6_ce15        |  out|    1|   ap_memory|         C_TILE_6|         array|
|C_TILE_6_d15         |  out|   32|   ap_memory|         C_TILE_6|         array|
|C_TILE_6_q15         |   in|   32|   ap_memory|         C_TILE_6|         array|
|C_TILE_6_we15        |  out|    1|   ap_memory|         C_TILE_6|         array|
|C_TILE_6_address16   |  out|    4|   ap_memory|         C_TILE_6|         array|
|C_TILE_6_ce16        |  out|    1|   ap_memory|         C_TILE_6|         array|
|C_TILE_6_d16         |  out|   32|   ap_memory|         C_TILE_6|         array|
|C_TILE_6_q16         |   in|   32|   ap_memory|         C_TILE_6|         array|
|C_TILE_6_we16        |  out|    1|   ap_memory|         C_TILE_6|         array|
|C_TILE_7_address0    |  out|    4|   ap_memory|         C_TILE_7|         array|
|C_TILE_7_ce0         |  out|    1|   ap_memory|         C_TILE_7|         array|
|C_TILE_7_d0          |  out|   32|   ap_memory|         C_TILE_7|         array|
|C_TILE_7_q0          |   in|   32|   ap_memory|         C_TILE_7|         array|
|C_TILE_7_we0         |  out|    1|   ap_memory|         C_TILE_7|         array|
|C_TILE_7_address1    |  out|    4|   ap_memory|         C_TILE_7|         array|
|C_TILE_7_ce1         |  out|    1|   ap_memory|         C_TILE_7|         array|
|C_TILE_7_d1          |  out|   32|   ap_memory|         C_TILE_7|         array|
|C_TILE_7_q1          |   in|   32|   ap_memory|         C_TILE_7|         array|
|C_TILE_7_we1         |  out|    1|   ap_memory|         C_TILE_7|         array|
|C_TILE_7_address2    |  out|    4|   ap_memory|         C_TILE_7|         array|
|C_TILE_7_ce2         |  out|    1|   ap_memory|         C_TILE_7|         array|
|C_TILE_7_d2          |  out|   32|   ap_memory|         C_TILE_7|         array|
|C_TILE_7_q2          |   in|   32|   ap_memory|         C_TILE_7|         array|
|C_TILE_7_we2         |  out|    1|   ap_memory|         C_TILE_7|         array|
|C_TILE_7_address3    |  out|    4|   ap_memory|         C_TILE_7|         array|
|C_TILE_7_ce3         |  out|    1|   ap_memory|         C_TILE_7|         array|
|C_TILE_7_d3          |  out|   32|   ap_memory|         C_TILE_7|         array|
|C_TILE_7_q3          |   in|   32|   ap_memory|         C_TILE_7|         array|
|C_TILE_7_we3         |  out|    1|   ap_memory|         C_TILE_7|         array|
|C_TILE_7_address4    |  out|    4|   ap_memory|         C_TILE_7|         array|
|C_TILE_7_ce4         |  out|    1|   ap_memory|         C_TILE_7|         array|
|C_TILE_7_d4          |  out|   32|   ap_memory|         C_TILE_7|         array|
|C_TILE_7_q4          |   in|   32|   ap_memory|         C_TILE_7|         array|
|C_TILE_7_we4         |  out|    1|   ap_memory|         C_TILE_7|         array|
|C_TILE_7_address5    |  out|    4|   ap_memory|         C_TILE_7|         array|
|C_TILE_7_ce5         |  out|    1|   ap_memory|         C_TILE_7|         array|
|C_TILE_7_d5          |  out|   32|   ap_memory|         C_TILE_7|         array|
|C_TILE_7_q5          |   in|   32|   ap_memory|         C_TILE_7|         array|
|C_TILE_7_we5         |  out|    1|   ap_memory|         C_TILE_7|         array|
|C_TILE_7_address6    |  out|    4|   ap_memory|         C_TILE_7|         array|
|C_TILE_7_ce6         |  out|    1|   ap_memory|         C_TILE_7|         array|
|C_TILE_7_d6          |  out|   32|   ap_memory|         C_TILE_7|         array|
|C_TILE_7_q6          |   in|   32|   ap_memory|         C_TILE_7|         array|
|C_TILE_7_we6         |  out|    1|   ap_memory|         C_TILE_7|         array|
|C_TILE_7_address7    |  out|    4|   ap_memory|         C_TILE_7|         array|
|C_TILE_7_ce7         |  out|    1|   ap_memory|         C_TILE_7|         array|
|C_TILE_7_d7          |  out|   32|   ap_memory|         C_TILE_7|         array|
|C_TILE_7_q7          |   in|   32|   ap_memory|         C_TILE_7|         array|
|C_TILE_7_we7         |  out|    1|   ap_memory|         C_TILE_7|         array|
|C_TILE_7_address8    |  out|    4|   ap_memory|         C_TILE_7|         array|
|C_TILE_7_ce8         |  out|    1|   ap_memory|         C_TILE_7|         array|
|C_TILE_7_d8          |  out|   32|   ap_memory|         C_TILE_7|         array|
|C_TILE_7_q8          |   in|   32|   ap_memory|         C_TILE_7|         array|
|C_TILE_7_we8         |  out|    1|   ap_memory|         C_TILE_7|         array|
|C_TILE_7_address9    |  out|    4|   ap_memory|         C_TILE_7|         array|
|C_TILE_7_ce9         |  out|    1|   ap_memory|         C_TILE_7|         array|
|C_TILE_7_d9          |  out|   32|   ap_memory|         C_TILE_7|         array|
|C_TILE_7_q9          |   in|   32|   ap_memory|         C_TILE_7|         array|
|C_TILE_7_we9         |  out|    1|   ap_memory|         C_TILE_7|         array|
|C_TILE_7_address10   |  out|    4|   ap_memory|         C_TILE_7|         array|
|C_TILE_7_ce10        |  out|    1|   ap_memory|         C_TILE_7|         array|
|C_TILE_7_d10         |  out|   32|   ap_memory|         C_TILE_7|         array|
|C_TILE_7_q10         |   in|   32|   ap_memory|         C_TILE_7|         array|
|C_TILE_7_we10        |  out|    1|   ap_memory|         C_TILE_7|         array|
|C_TILE_7_address11   |  out|    4|   ap_memory|         C_TILE_7|         array|
|C_TILE_7_ce11        |  out|    1|   ap_memory|         C_TILE_7|         array|
|C_TILE_7_d11         |  out|   32|   ap_memory|         C_TILE_7|         array|
|C_TILE_7_q11         |   in|   32|   ap_memory|         C_TILE_7|         array|
|C_TILE_7_we11        |  out|    1|   ap_memory|         C_TILE_7|         array|
|C_TILE_7_address12   |  out|    4|   ap_memory|         C_TILE_7|         array|
|C_TILE_7_ce12        |  out|    1|   ap_memory|         C_TILE_7|         array|
|C_TILE_7_d12         |  out|   32|   ap_memory|         C_TILE_7|         array|
|C_TILE_7_q12         |   in|   32|   ap_memory|         C_TILE_7|         array|
|C_TILE_7_we12        |  out|    1|   ap_memory|         C_TILE_7|         array|
|C_TILE_7_address13   |  out|    4|   ap_memory|         C_TILE_7|         array|
|C_TILE_7_ce13        |  out|    1|   ap_memory|         C_TILE_7|         array|
|C_TILE_7_d13         |  out|   32|   ap_memory|         C_TILE_7|         array|
|C_TILE_7_q13         |   in|   32|   ap_memory|         C_TILE_7|         array|
|C_TILE_7_we13        |  out|    1|   ap_memory|         C_TILE_7|         array|
|C_TILE_7_address14   |  out|    4|   ap_memory|         C_TILE_7|         array|
|C_TILE_7_ce14        |  out|    1|   ap_memory|         C_TILE_7|         array|
|C_TILE_7_d14         |  out|   32|   ap_memory|         C_TILE_7|         array|
|C_TILE_7_q14         |   in|   32|   ap_memory|         C_TILE_7|         array|
|C_TILE_7_we14        |  out|    1|   ap_memory|         C_TILE_7|         array|
|C_TILE_7_address15   |  out|    4|   ap_memory|         C_TILE_7|         array|
|C_TILE_7_ce15        |  out|    1|   ap_memory|         C_TILE_7|         array|
|C_TILE_7_d15         |  out|   32|   ap_memory|         C_TILE_7|         array|
|C_TILE_7_q15         |   in|   32|   ap_memory|         C_TILE_7|         array|
|C_TILE_7_we15        |  out|    1|   ap_memory|         C_TILE_7|         array|
|C_TILE_7_address16   |  out|    4|   ap_memory|         C_TILE_7|         array|
|C_TILE_7_ce16        |  out|    1|   ap_memory|         C_TILE_7|         array|
|C_TILE_7_d16         |  out|   32|   ap_memory|         C_TILE_7|         array|
|C_TILE_7_q16         |   in|   32|   ap_memory|         C_TILE_7|         array|
|C_TILE_7_we16        |  out|    1|   ap_memory|         C_TILE_7|         array|
|C_TILE_8_address0    |  out|    4|   ap_memory|         C_TILE_8|         array|
|C_TILE_8_ce0         |  out|    1|   ap_memory|         C_TILE_8|         array|
|C_TILE_8_d0          |  out|   32|   ap_memory|         C_TILE_8|         array|
|C_TILE_8_q0          |   in|   32|   ap_memory|         C_TILE_8|         array|
|C_TILE_8_we0         |  out|    1|   ap_memory|         C_TILE_8|         array|
|C_TILE_8_address1    |  out|    4|   ap_memory|         C_TILE_8|         array|
|C_TILE_8_ce1         |  out|    1|   ap_memory|         C_TILE_8|         array|
|C_TILE_8_d1          |  out|   32|   ap_memory|         C_TILE_8|         array|
|C_TILE_8_q1          |   in|   32|   ap_memory|         C_TILE_8|         array|
|C_TILE_8_we1         |  out|    1|   ap_memory|         C_TILE_8|         array|
|C_TILE_8_address2    |  out|    4|   ap_memory|         C_TILE_8|         array|
|C_TILE_8_ce2         |  out|    1|   ap_memory|         C_TILE_8|         array|
|C_TILE_8_d2          |  out|   32|   ap_memory|         C_TILE_8|         array|
|C_TILE_8_q2          |   in|   32|   ap_memory|         C_TILE_8|         array|
|C_TILE_8_we2         |  out|    1|   ap_memory|         C_TILE_8|         array|
|C_TILE_8_address3    |  out|    4|   ap_memory|         C_TILE_8|         array|
|C_TILE_8_ce3         |  out|    1|   ap_memory|         C_TILE_8|         array|
|C_TILE_8_d3          |  out|   32|   ap_memory|         C_TILE_8|         array|
|C_TILE_8_q3          |   in|   32|   ap_memory|         C_TILE_8|         array|
|C_TILE_8_we3         |  out|    1|   ap_memory|         C_TILE_8|         array|
|C_TILE_8_address4    |  out|    4|   ap_memory|         C_TILE_8|         array|
|C_TILE_8_ce4         |  out|    1|   ap_memory|         C_TILE_8|         array|
|C_TILE_8_d4          |  out|   32|   ap_memory|         C_TILE_8|         array|
|C_TILE_8_q4          |   in|   32|   ap_memory|         C_TILE_8|         array|
|C_TILE_8_we4         |  out|    1|   ap_memory|         C_TILE_8|         array|
|C_TILE_8_address5    |  out|    4|   ap_memory|         C_TILE_8|         array|
|C_TILE_8_ce5         |  out|    1|   ap_memory|         C_TILE_8|         array|
|C_TILE_8_d5          |  out|   32|   ap_memory|         C_TILE_8|         array|
|C_TILE_8_q5          |   in|   32|   ap_memory|         C_TILE_8|         array|
|C_TILE_8_we5         |  out|    1|   ap_memory|         C_TILE_8|         array|
|C_TILE_8_address6    |  out|    4|   ap_memory|         C_TILE_8|         array|
|C_TILE_8_ce6         |  out|    1|   ap_memory|         C_TILE_8|         array|
|C_TILE_8_d6          |  out|   32|   ap_memory|         C_TILE_8|         array|
|C_TILE_8_q6          |   in|   32|   ap_memory|         C_TILE_8|         array|
|C_TILE_8_we6         |  out|    1|   ap_memory|         C_TILE_8|         array|
|C_TILE_8_address7    |  out|    4|   ap_memory|         C_TILE_8|         array|
|C_TILE_8_ce7         |  out|    1|   ap_memory|         C_TILE_8|         array|
|C_TILE_8_d7          |  out|   32|   ap_memory|         C_TILE_8|         array|
|C_TILE_8_q7          |   in|   32|   ap_memory|         C_TILE_8|         array|
|C_TILE_8_we7         |  out|    1|   ap_memory|         C_TILE_8|         array|
|C_TILE_8_address8    |  out|    4|   ap_memory|         C_TILE_8|         array|
|C_TILE_8_ce8         |  out|    1|   ap_memory|         C_TILE_8|         array|
|C_TILE_8_d8          |  out|   32|   ap_memory|         C_TILE_8|         array|
|C_TILE_8_q8          |   in|   32|   ap_memory|         C_TILE_8|         array|
|C_TILE_8_we8         |  out|    1|   ap_memory|         C_TILE_8|         array|
|C_TILE_8_address9    |  out|    4|   ap_memory|         C_TILE_8|         array|
|C_TILE_8_ce9         |  out|    1|   ap_memory|         C_TILE_8|         array|
|C_TILE_8_d9          |  out|   32|   ap_memory|         C_TILE_8|         array|
|C_TILE_8_q9          |   in|   32|   ap_memory|         C_TILE_8|         array|
|C_TILE_8_we9         |  out|    1|   ap_memory|         C_TILE_8|         array|
|C_TILE_8_address10   |  out|    4|   ap_memory|         C_TILE_8|         array|
|C_TILE_8_ce10        |  out|    1|   ap_memory|         C_TILE_8|         array|
|C_TILE_8_d10         |  out|   32|   ap_memory|         C_TILE_8|         array|
|C_TILE_8_q10         |   in|   32|   ap_memory|         C_TILE_8|         array|
|C_TILE_8_we10        |  out|    1|   ap_memory|         C_TILE_8|         array|
|C_TILE_8_address11   |  out|    4|   ap_memory|         C_TILE_8|         array|
|C_TILE_8_ce11        |  out|    1|   ap_memory|         C_TILE_8|         array|
|C_TILE_8_d11         |  out|   32|   ap_memory|         C_TILE_8|         array|
|C_TILE_8_q11         |   in|   32|   ap_memory|         C_TILE_8|         array|
|C_TILE_8_we11        |  out|    1|   ap_memory|         C_TILE_8|         array|
|C_TILE_8_address12   |  out|    4|   ap_memory|         C_TILE_8|         array|
|C_TILE_8_ce12        |  out|    1|   ap_memory|         C_TILE_8|         array|
|C_TILE_8_d12         |  out|   32|   ap_memory|         C_TILE_8|         array|
|C_TILE_8_q12         |   in|   32|   ap_memory|         C_TILE_8|         array|
|C_TILE_8_we12        |  out|    1|   ap_memory|         C_TILE_8|         array|
|C_TILE_8_address13   |  out|    4|   ap_memory|         C_TILE_8|         array|
|C_TILE_8_ce13        |  out|    1|   ap_memory|         C_TILE_8|         array|
|C_TILE_8_d13         |  out|   32|   ap_memory|         C_TILE_8|         array|
|C_TILE_8_q13         |   in|   32|   ap_memory|         C_TILE_8|         array|
|C_TILE_8_we13        |  out|    1|   ap_memory|         C_TILE_8|         array|
|C_TILE_8_address14   |  out|    4|   ap_memory|         C_TILE_8|         array|
|C_TILE_8_ce14        |  out|    1|   ap_memory|         C_TILE_8|         array|
|C_TILE_8_d14         |  out|   32|   ap_memory|         C_TILE_8|         array|
|C_TILE_8_q14         |   in|   32|   ap_memory|         C_TILE_8|         array|
|C_TILE_8_we14        |  out|    1|   ap_memory|         C_TILE_8|         array|
|C_TILE_8_address15   |  out|    4|   ap_memory|         C_TILE_8|         array|
|C_TILE_8_ce15        |  out|    1|   ap_memory|         C_TILE_8|         array|
|C_TILE_8_d15         |  out|   32|   ap_memory|         C_TILE_8|         array|
|C_TILE_8_q15         |   in|   32|   ap_memory|         C_TILE_8|         array|
|C_TILE_8_we15        |  out|    1|   ap_memory|         C_TILE_8|         array|
|C_TILE_8_address16   |  out|    4|   ap_memory|         C_TILE_8|         array|
|C_TILE_8_ce16        |  out|    1|   ap_memory|         C_TILE_8|         array|
|C_TILE_8_d16         |  out|   32|   ap_memory|         C_TILE_8|         array|
|C_TILE_8_q16         |   in|   32|   ap_memory|         C_TILE_8|         array|
|C_TILE_8_we16        |  out|    1|   ap_memory|         C_TILE_8|         array|
|C_TILE_9_address0    |  out|    4|   ap_memory|         C_TILE_9|         array|
|C_TILE_9_ce0         |  out|    1|   ap_memory|         C_TILE_9|         array|
|C_TILE_9_d0          |  out|   32|   ap_memory|         C_TILE_9|         array|
|C_TILE_9_q0          |   in|   32|   ap_memory|         C_TILE_9|         array|
|C_TILE_9_we0         |  out|    1|   ap_memory|         C_TILE_9|         array|
|C_TILE_9_address1    |  out|    4|   ap_memory|         C_TILE_9|         array|
|C_TILE_9_ce1         |  out|    1|   ap_memory|         C_TILE_9|         array|
|C_TILE_9_d1          |  out|   32|   ap_memory|         C_TILE_9|         array|
|C_TILE_9_q1          |   in|   32|   ap_memory|         C_TILE_9|         array|
|C_TILE_9_we1         |  out|    1|   ap_memory|         C_TILE_9|         array|
|C_TILE_9_address2    |  out|    4|   ap_memory|         C_TILE_9|         array|
|C_TILE_9_ce2         |  out|    1|   ap_memory|         C_TILE_9|         array|
|C_TILE_9_d2          |  out|   32|   ap_memory|         C_TILE_9|         array|
|C_TILE_9_q2          |   in|   32|   ap_memory|         C_TILE_9|         array|
|C_TILE_9_we2         |  out|    1|   ap_memory|         C_TILE_9|         array|
|C_TILE_9_address3    |  out|    4|   ap_memory|         C_TILE_9|         array|
|C_TILE_9_ce3         |  out|    1|   ap_memory|         C_TILE_9|         array|
|C_TILE_9_d3          |  out|   32|   ap_memory|         C_TILE_9|         array|
|C_TILE_9_q3          |   in|   32|   ap_memory|         C_TILE_9|         array|
|C_TILE_9_we3         |  out|    1|   ap_memory|         C_TILE_9|         array|
|C_TILE_9_address4    |  out|    4|   ap_memory|         C_TILE_9|         array|
|C_TILE_9_ce4         |  out|    1|   ap_memory|         C_TILE_9|         array|
|C_TILE_9_d4          |  out|   32|   ap_memory|         C_TILE_9|         array|
|C_TILE_9_q4          |   in|   32|   ap_memory|         C_TILE_9|         array|
|C_TILE_9_we4         |  out|    1|   ap_memory|         C_TILE_9|         array|
|C_TILE_9_address5    |  out|    4|   ap_memory|         C_TILE_9|         array|
|C_TILE_9_ce5         |  out|    1|   ap_memory|         C_TILE_9|         array|
|C_TILE_9_d5          |  out|   32|   ap_memory|         C_TILE_9|         array|
|C_TILE_9_q5          |   in|   32|   ap_memory|         C_TILE_9|         array|
|C_TILE_9_we5         |  out|    1|   ap_memory|         C_TILE_9|         array|
|C_TILE_9_address6    |  out|    4|   ap_memory|         C_TILE_9|         array|
|C_TILE_9_ce6         |  out|    1|   ap_memory|         C_TILE_9|         array|
|C_TILE_9_d6          |  out|   32|   ap_memory|         C_TILE_9|         array|
|C_TILE_9_q6          |   in|   32|   ap_memory|         C_TILE_9|         array|
|C_TILE_9_we6         |  out|    1|   ap_memory|         C_TILE_9|         array|
|C_TILE_9_address7    |  out|    4|   ap_memory|         C_TILE_9|         array|
|C_TILE_9_ce7         |  out|    1|   ap_memory|         C_TILE_9|         array|
|C_TILE_9_d7          |  out|   32|   ap_memory|         C_TILE_9|         array|
|C_TILE_9_q7          |   in|   32|   ap_memory|         C_TILE_9|         array|
|C_TILE_9_we7         |  out|    1|   ap_memory|         C_TILE_9|         array|
|C_TILE_9_address8    |  out|    4|   ap_memory|         C_TILE_9|         array|
|C_TILE_9_ce8         |  out|    1|   ap_memory|         C_TILE_9|         array|
|C_TILE_9_d8          |  out|   32|   ap_memory|         C_TILE_9|         array|
|C_TILE_9_q8          |   in|   32|   ap_memory|         C_TILE_9|         array|
|C_TILE_9_we8         |  out|    1|   ap_memory|         C_TILE_9|         array|
|C_TILE_9_address9    |  out|    4|   ap_memory|         C_TILE_9|         array|
|C_TILE_9_ce9         |  out|    1|   ap_memory|         C_TILE_9|         array|
|C_TILE_9_d9          |  out|   32|   ap_memory|         C_TILE_9|         array|
|C_TILE_9_q9          |   in|   32|   ap_memory|         C_TILE_9|         array|
|C_TILE_9_we9         |  out|    1|   ap_memory|         C_TILE_9|         array|
|C_TILE_9_address10   |  out|    4|   ap_memory|         C_TILE_9|         array|
|C_TILE_9_ce10        |  out|    1|   ap_memory|         C_TILE_9|         array|
|C_TILE_9_d10         |  out|   32|   ap_memory|         C_TILE_9|         array|
|C_TILE_9_q10         |   in|   32|   ap_memory|         C_TILE_9|         array|
|C_TILE_9_we10        |  out|    1|   ap_memory|         C_TILE_9|         array|
|C_TILE_9_address11   |  out|    4|   ap_memory|         C_TILE_9|         array|
|C_TILE_9_ce11        |  out|    1|   ap_memory|         C_TILE_9|         array|
|C_TILE_9_d11         |  out|   32|   ap_memory|         C_TILE_9|         array|
|C_TILE_9_q11         |   in|   32|   ap_memory|         C_TILE_9|         array|
|C_TILE_9_we11        |  out|    1|   ap_memory|         C_TILE_9|         array|
|C_TILE_9_address12   |  out|    4|   ap_memory|         C_TILE_9|         array|
|C_TILE_9_ce12        |  out|    1|   ap_memory|         C_TILE_9|         array|
|C_TILE_9_d12         |  out|   32|   ap_memory|         C_TILE_9|         array|
|C_TILE_9_q12         |   in|   32|   ap_memory|         C_TILE_9|         array|
|C_TILE_9_we12        |  out|    1|   ap_memory|         C_TILE_9|         array|
|C_TILE_9_address13   |  out|    4|   ap_memory|         C_TILE_9|         array|
|C_TILE_9_ce13        |  out|    1|   ap_memory|         C_TILE_9|         array|
|C_TILE_9_d13         |  out|   32|   ap_memory|         C_TILE_9|         array|
|C_TILE_9_q13         |   in|   32|   ap_memory|         C_TILE_9|         array|
|C_TILE_9_we13        |  out|    1|   ap_memory|         C_TILE_9|         array|
|C_TILE_9_address14   |  out|    4|   ap_memory|         C_TILE_9|         array|
|C_TILE_9_ce14        |  out|    1|   ap_memory|         C_TILE_9|         array|
|C_TILE_9_d14         |  out|   32|   ap_memory|         C_TILE_9|         array|
|C_TILE_9_q14         |   in|   32|   ap_memory|         C_TILE_9|         array|
|C_TILE_9_we14        |  out|    1|   ap_memory|         C_TILE_9|         array|
|C_TILE_9_address15   |  out|    4|   ap_memory|         C_TILE_9|         array|
|C_TILE_9_ce15        |  out|    1|   ap_memory|         C_TILE_9|         array|
|C_TILE_9_d15         |  out|   32|   ap_memory|         C_TILE_9|         array|
|C_TILE_9_q15         |   in|   32|   ap_memory|         C_TILE_9|         array|
|C_TILE_9_we15        |  out|    1|   ap_memory|         C_TILE_9|         array|
|C_TILE_9_address16   |  out|    4|   ap_memory|         C_TILE_9|         array|
|C_TILE_9_ce16        |  out|    1|   ap_memory|         C_TILE_9|         array|
|C_TILE_9_d16         |  out|   32|   ap_memory|         C_TILE_9|         array|
|C_TILE_9_q16         |   in|   32|   ap_memory|         C_TILE_9|         array|
|C_TILE_9_we16        |  out|    1|   ap_memory|         C_TILE_9|         array|
|C_TILE_10_address0   |  out|    4|   ap_memory|        C_TILE_10|         array|
|C_TILE_10_ce0        |  out|    1|   ap_memory|        C_TILE_10|         array|
|C_TILE_10_d0         |  out|   32|   ap_memory|        C_TILE_10|         array|
|C_TILE_10_q0         |   in|   32|   ap_memory|        C_TILE_10|         array|
|C_TILE_10_we0        |  out|    1|   ap_memory|        C_TILE_10|         array|
|C_TILE_10_address1   |  out|    4|   ap_memory|        C_TILE_10|         array|
|C_TILE_10_ce1        |  out|    1|   ap_memory|        C_TILE_10|         array|
|C_TILE_10_d1         |  out|   32|   ap_memory|        C_TILE_10|         array|
|C_TILE_10_q1         |   in|   32|   ap_memory|        C_TILE_10|         array|
|C_TILE_10_we1        |  out|    1|   ap_memory|        C_TILE_10|         array|
|C_TILE_10_address2   |  out|    4|   ap_memory|        C_TILE_10|         array|
|C_TILE_10_ce2        |  out|    1|   ap_memory|        C_TILE_10|         array|
|C_TILE_10_d2         |  out|   32|   ap_memory|        C_TILE_10|         array|
|C_TILE_10_q2         |   in|   32|   ap_memory|        C_TILE_10|         array|
|C_TILE_10_we2        |  out|    1|   ap_memory|        C_TILE_10|         array|
|C_TILE_10_address3   |  out|    4|   ap_memory|        C_TILE_10|         array|
|C_TILE_10_ce3        |  out|    1|   ap_memory|        C_TILE_10|         array|
|C_TILE_10_d3         |  out|   32|   ap_memory|        C_TILE_10|         array|
|C_TILE_10_q3         |   in|   32|   ap_memory|        C_TILE_10|         array|
|C_TILE_10_we3        |  out|    1|   ap_memory|        C_TILE_10|         array|
|C_TILE_10_address4   |  out|    4|   ap_memory|        C_TILE_10|         array|
|C_TILE_10_ce4        |  out|    1|   ap_memory|        C_TILE_10|         array|
|C_TILE_10_d4         |  out|   32|   ap_memory|        C_TILE_10|         array|
|C_TILE_10_q4         |   in|   32|   ap_memory|        C_TILE_10|         array|
|C_TILE_10_we4        |  out|    1|   ap_memory|        C_TILE_10|         array|
|C_TILE_10_address5   |  out|    4|   ap_memory|        C_TILE_10|         array|
|C_TILE_10_ce5        |  out|    1|   ap_memory|        C_TILE_10|         array|
|C_TILE_10_d5         |  out|   32|   ap_memory|        C_TILE_10|         array|
|C_TILE_10_q5         |   in|   32|   ap_memory|        C_TILE_10|         array|
|C_TILE_10_we5        |  out|    1|   ap_memory|        C_TILE_10|         array|
|C_TILE_10_address6   |  out|    4|   ap_memory|        C_TILE_10|         array|
|C_TILE_10_ce6        |  out|    1|   ap_memory|        C_TILE_10|         array|
|C_TILE_10_d6         |  out|   32|   ap_memory|        C_TILE_10|         array|
|C_TILE_10_q6         |   in|   32|   ap_memory|        C_TILE_10|         array|
|C_TILE_10_we6        |  out|    1|   ap_memory|        C_TILE_10|         array|
|C_TILE_10_address7   |  out|    4|   ap_memory|        C_TILE_10|         array|
|C_TILE_10_ce7        |  out|    1|   ap_memory|        C_TILE_10|         array|
|C_TILE_10_d7         |  out|   32|   ap_memory|        C_TILE_10|         array|
|C_TILE_10_q7         |   in|   32|   ap_memory|        C_TILE_10|         array|
|C_TILE_10_we7        |  out|    1|   ap_memory|        C_TILE_10|         array|
|C_TILE_10_address8   |  out|    4|   ap_memory|        C_TILE_10|         array|
|C_TILE_10_ce8        |  out|    1|   ap_memory|        C_TILE_10|         array|
|C_TILE_10_d8         |  out|   32|   ap_memory|        C_TILE_10|         array|
|C_TILE_10_q8         |   in|   32|   ap_memory|        C_TILE_10|         array|
|C_TILE_10_we8        |  out|    1|   ap_memory|        C_TILE_10|         array|
|C_TILE_10_address9   |  out|    4|   ap_memory|        C_TILE_10|         array|
|C_TILE_10_ce9        |  out|    1|   ap_memory|        C_TILE_10|         array|
|C_TILE_10_d9         |  out|   32|   ap_memory|        C_TILE_10|         array|
|C_TILE_10_q9         |   in|   32|   ap_memory|        C_TILE_10|         array|
|C_TILE_10_we9        |  out|    1|   ap_memory|        C_TILE_10|         array|
|C_TILE_10_address10  |  out|    4|   ap_memory|        C_TILE_10|         array|
|C_TILE_10_ce10       |  out|    1|   ap_memory|        C_TILE_10|         array|
|C_TILE_10_d10        |  out|   32|   ap_memory|        C_TILE_10|         array|
|C_TILE_10_q10        |   in|   32|   ap_memory|        C_TILE_10|         array|
|C_TILE_10_we10       |  out|    1|   ap_memory|        C_TILE_10|         array|
|C_TILE_10_address11  |  out|    4|   ap_memory|        C_TILE_10|         array|
|C_TILE_10_ce11       |  out|    1|   ap_memory|        C_TILE_10|         array|
|C_TILE_10_d11        |  out|   32|   ap_memory|        C_TILE_10|         array|
|C_TILE_10_q11        |   in|   32|   ap_memory|        C_TILE_10|         array|
|C_TILE_10_we11       |  out|    1|   ap_memory|        C_TILE_10|         array|
|C_TILE_10_address12  |  out|    4|   ap_memory|        C_TILE_10|         array|
|C_TILE_10_ce12       |  out|    1|   ap_memory|        C_TILE_10|         array|
|C_TILE_10_d12        |  out|   32|   ap_memory|        C_TILE_10|         array|
|C_TILE_10_q12        |   in|   32|   ap_memory|        C_TILE_10|         array|
|C_TILE_10_we12       |  out|    1|   ap_memory|        C_TILE_10|         array|
|C_TILE_10_address13  |  out|    4|   ap_memory|        C_TILE_10|         array|
|C_TILE_10_ce13       |  out|    1|   ap_memory|        C_TILE_10|         array|
|C_TILE_10_d13        |  out|   32|   ap_memory|        C_TILE_10|         array|
|C_TILE_10_q13        |   in|   32|   ap_memory|        C_TILE_10|         array|
|C_TILE_10_we13       |  out|    1|   ap_memory|        C_TILE_10|         array|
|C_TILE_10_address14  |  out|    4|   ap_memory|        C_TILE_10|         array|
|C_TILE_10_ce14       |  out|    1|   ap_memory|        C_TILE_10|         array|
|C_TILE_10_d14        |  out|   32|   ap_memory|        C_TILE_10|         array|
|C_TILE_10_q14        |   in|   32|   ap_memory|        C_TILE_10|         array|
|C_TILE_10_we14       |  out|    1|   ap_memory|        C_TILE_10|         array|
|C_TILE_10_address15  |  out|    4|   ap_memory|        C_TILE_10|         array|
|C_TILE_10_ce15       |  out|    1|   ap_memory|        C_TILE_10|         array|
|C_TILE_10_d15        |  out|   32|   ap_memory|        C_TILE_10|         array|
|C_TILE_10_q15        |   in|   32|   ap_memory|        C_TILE_10|         array|
|C_TILE_10_we15       |  out|    1|   ap_memory|        C_TILE_10|         array|
|C_TILE_10_address16  |  out|    4|   ap_memory|        C_TILE_10|         array|
|C_TILE_10_ce16       |  out|    1|   ap_memory|        C_TILE_10|         array|
|C_TILE_10_d16        |  out|   32|   ap_memory|        C_TILE_10|         array|
|C_TILE_10_q16        |   in|   32|   ap_memory|        C_TILE_10|         array|
|C_TILE_10_we16       |  out|    1|   ap_memory|        C_TILE_10|         array|
|C_TILE_11_address0   |  out|    4|   ap_memory|        C_TILE_11|         array|
|C_TILE_11_ce0        |  out|    1|   ap_memory|        C_TILE_11|         array|
|C_TILE_11_d0         |  out|   32|   ap_memory|        C_TILE_11|         array|
|C_TILE_11_q0         |   in|   32|   ap_memory|        C_TILE_11|         array|
|C_TILE_11_we0        |  out|    1|   ap_memory|        C_TILE_11|         array|
|C_TILE_11_address1   |  out|    4|   ap_memory|        C_TILE_11|         array|
|C_TILE_11_ce1        |  out|    1|   ap_memory|        C_TILE_11|         array|
|C_TILE_11_d1         |  out|   32|   ap_memory|        C_TILE_11|         array|
|C_TILE_11_q1         |   in|   32|   ap_memory|        C_TILE_11|         array|
|C_TILE_11_we1        |  out|    1|   ap_memory|        C_TILE_11|         array|
|C_TILE_11_address2   |  out|    4|   ap_memory|        C_TILE_11|         array|
|C_TILE_11_ce2        |  out|    1|   ap_memory|        C_TILE_11|         array|
|C_TILE_11_d2         |  out|   32|   ap_memory|        C_TILE_11|         array|
|C_TILE_11_q2         |   in|   32|   ap_memory|        C_TILE_11|         array|
|C_TILE_11_we2        |  out|    1|   ap_memory|        C_TILE_11|         array|
|C_TILE_11_address3   |  out|    4|   ap_memory|        C_TILE_11|         array|
|C_TILE_11_ce3        |  out|    1|   ap_memory|        C_TILE_11|         array|
|C_TILE_11_d3         |  out|   32|   ap_memory|        C_TILE_11|         array|
|C_TILE_11_q3         |   in|   32|   ap_memory|        C_TILE_11|         array|
|C_TILE_11_we3        |  out|    1|   ap_memory|        C_TILE_11|         array|
|C_TILE_11_address4   |  out|    4|   ap_memory|        C_TILE_11|         array|
|C_TILE_11_ce4        |  out|    1|   ap_memory|        C_TILE_11|         array|
|C_TILE_11_d4         |  out|   32|   ap_memory|        C_TILE_11|         array|
|C_TILE_11_q4         |   in|   32|   ap_memory|        C_TILE_11|         array|
|C_TILE_11_we4        |  out|    1|   ap_memory|        C_TILE_11|         array|
|C_TILE_11_address5   |  out|    4|   ap_memory|        C_TILE_11|         array|
|C_TILE_11_ce5        |  out|    1|   ap_memory|        C_TILE_11|         array|
|C_TILE_11_d5         |  out|   32|   ap_memory|        C_TILE_11|         array|
|C_TILE_11_q5         |   in|   32|   ap_memory|        C_TILE_11|         array|
|C_TILE_11_we5        |  out|    1|   ap_memory|        C_TILE_11|         array|
|C_TILE_11_address6   |  out|    4|   ap_memory|        C_TILE_11|         array|
|C_TILE_11_ce6        |  out|    1|   ap_memory|        C_TILE_11|         array|
|C_TILE_11_d6         |  out|   32|   ap_memory|        C_TILE_11|         array|
|C_TILE_11_q6         |   in|   32|   ap_memory|        C_TILE_11|         array|
|C_TILE_11_we6        |  out|    1|   ap_memory|        C_TILE_11|         array|
|C_TILE_11_address7   |  out|    4|   ap_memory|        C_TILE_11|         array|
|C_TILE_11_ce7        |  out|    1|   ap_memory|        C_TILE_11|         array|
|C_TILE_11_d7         |  out|   32|   ap_memory|        C_TILE_11|         array|
|C_TILE_11_q7         |   in|   32|   ap_memory|        C_TILE_11|         array|
|C_TILE_11_we7        |  out|    1|   ap_memory|        C_TILE_11|         array|
|C_TILE_11_address8   |  out|    4|   ap_memory|        C_TILE_11|         array|
|C_TILE_11_ce8        |  out|    1|   ap_memory|        C_TILE_11|         array|
|C_TILE_11_d8         |  out|   32|   ap_memory|        C_TILE_11|         array|
|C_TILE_11_q8         |   in|   32|   ap_memory|        C_TILE_11|         array|
|C_TILE_11_we8        |  out|    1|   ap_memory|        C_TILE_11|         array|
|C_TILE_11_address9   |  out|    4|   ap_memory|        C_TILE_11|         array|
|C_TILE_11_ce9        |  out|    1|   ap_memory|        C_TILE_11|         array|
|C_TILE_11_d9         |  out|   32|   ap_memory|        C_TILE_11|         array|
|C_TILE_11_q9         |   in|   32|   ap_memory|        C_TILE_11|         array|
|C_TILE_11_we9        |  out|    1|   ap_memory|        C_TILE_11|         array|
|C_TILE_11_address10  |  out|    4|   ap_memory|        C_TILE_11|         array|
|C_TILE_11_ce10       |  out|    1|   ap_memory|        C_TILE_11|         array|
|C_TILE_11_d10        |  out|   32|   ap_memory|        C_TILE_11|         array|
|C_TILE_11_q10        |   in|   32|   ap_memory|        C_TILE_11|         array|
|C_TILE_11_we10       |  out|    1|   ap_memory|        C_TILE_11|         array|
|C_TILE_11_address11  |  out|    4|   ap_memory|        C_TILE_11|         array|
|C_TILE_11_ce11       |  out|    1|   ap_memory|        C_TILE_11|         array|
|C_TILE_11_d11        |  out|   32|   ap_memory|        C_TILE_11|         array|
|C_TILE_11_q11        |   in|   32|   ap_memory|        C_TILE_11|         array|
|C_TILE_11_we11       |  out|    1|   ap_memory|        C_TILE_11|         array|
|C_TILE_11_address12  |  out|    4|   ap_memory|        C_TILE_11|         array|
|C_TILE_11_ce12       |  out|    1|   ap_memory|        C_TILE_11|         array|
|C_TILE_11_d12        |  out|   32|   ap_memory|        C_TILE_11|         array|
|C_TILE_11_q12        |   in|   32|   ap_memory|        C_TILE_11|         array|
|C_TILE_11_we12       |  out|    1|   ap_memory|        C_TILE_11|         array|
|C_TILE_11_address13  |  out|    4|   ap_memory|        C_TILE_11|         array|
|C_TILE_11_ce13       |  out|    1|   ap_memory|        C_TILE_11|         array|
|C_TILE_11_d13        |  out|   32|   ap_memory|        C_TILE_11|         array|
|C_TILE_11_q13        |   in|   32|   ap_memory|        C_TILE_11|         array|
|C_TILE_11_we13       |  out|    1|   ap_memory|        C_TILE_11|         array|
|C_TILE_11_address14  |  out|    4|   ap_memory|        C_TILE_11|         array|
|C_TILE_11_ce14       |  out|    1|   ap_memory|        C_TILE_11|         array|
|C_TILE_11_d14        |  out|   32|   ap_memory|        C_TILE_11|         array|
|C_TILE_11_q14        |   in|   32|   ap_memory|        C_TILE_11|         array|
|C_TILE_11_we14       |  out|    1|   ap_memory|        C_TILE_11|         array|
|C_TILE_11_address15  |  out|    4|   ap_memory|        C_TILE_11|         array|
|C_TILE_11_ce15       |  out|    1|   ap_memory|        C_TILE_11|         array|
|C_TILE_11_d15        |  out|   32|   ap_memory|        C_TILE_11|         array|
|C_TILE_11_q15        |   in|   32|   ap_memory|        C_TILE_11|         array|
|C_TILE_11_we15       |  out|    1|   ap_memory|        C_TILE_11|         array|
|C_TILE_11_address16  |  out|    4|   ap_memory|        C_TILE_11|         array|
|C_TILE_11_ce16       |  out|    1|   ap_memory|        C_TILE_11|         array|
|C_TILE_11_d16        |  out|   32|   ap_memory|        C_TILE_11|         array|
|C_TILE_11_q16        |   in|   32|   ap_memory|        C_TILE_11|         array|
|C_TILE_11_we16       |  out|    1|   ap_memory|        C_TILE_11|         array|
|C_TILE_12_address0   |  out|    4|   ap_memory|        C_TILE_12|         array|
|C_TILE_12_ce0        |  out|    1|   ap_memory|        C_TILE_12|         array|
|C_TILE_12_d0         |  out|   32|   ap_memory|        C_TILE_12|         array|
|C_TILE_12_q0         |   in|   32|   ap_memory|        C_TILE_12|         array|
|C_TILE_12_we0        |  out|    1|   ap_memory|        C_TILE_12|         array|
|C_TILE_12_address1   |  out|    4|   ap_memory|        C_TILE_12|         array|
|C_TILE_12_ce1        |  out|    1|   ap_memory|        C_TILE_12|         array|
|C_TILE_12_d1         |  out|   32|   ap_memory|        C_TILE_12|         array|
|C_TILE_12_q1         |   in|   32|   ap_memory|        C_TILE_12|         array|
|C_TILE_12_we1        |  out|    1|   ap_memory|        C_TILE_12|         array|
|C_TILE_12_address2   |  out|    4|   ap_memory|        C_TILE_12|         array|
|C_TILE_12_ce2        |  out|    1|   ap_memory|        C_TILE_12|         array|
|C_TILE_12_d2         |  out|   32|   ap_memory|        C_TILE_12|         array|
|C_TILE_12_q2         |   in|   32|   ap_memory|        C_TILE_12|         array|
|C_TILE_12_we2        |  out|    1|   ap_memory|        C_TILE_12|         array|
|C_TILE_12_address3   |  out|    4|   ap_memory|        C_TILE_12|         array|
|C_TILE_12_ce3        |  out|    1|   ap_memory|        C_TILE_12|         array|
|C_TILE_12_d3         |  out|   32|   ap_memory|        C_TILE_12|         array|
|C_TILE_12_q3         |   in|   32|   ap_memory|        C_TILE_12|         array|
|C_TILE_12_we3        |  out|    1|   ap_memory|        C_TILE_12|         array|
|C_TILE_12_address4   |  out|    4|   ap_memory|        C_TILE_12|         array|
|C_TILE_12_ce4        |  out|    1|   ap_memory|        C_TILE_12|         array|
|C_TILE_12_d4         |  out|   32|   ap_memory|        C_TILE_12|         array|
|C_TILE_12_q4         |   in|   32|   ap_memory|        C_TILE_12|         array|
|C_TILE_12_we4        |  out|    1|   ap_memory|        C_TILE_12|         array|
|C_TILE_12_address5   |  out|    4|   ap_memory|        C_TILE_12|         array|
|C_TILE_12_ce5        |  out|    1|   ap_memory|        C_TILE_12|         array|
|C_TILE_12_d5         |  out|   32|   ap_memory|        C_TILE_12|         array|
|C_TILE_12_q5         |   in|   32|   ap_memory|        C_TILE_12|         array|
|C_TILE_12_we5        |  out|    1|   ap_memory|        C_TILE_12|         array|
|C_TILE_12_address6   |  out|    4|   ap_memory|        C_TILE_12|         array|
|C_TILE_12_ce6        |  out|    1|   ap_memory|        C_TILE_12|         array|
|C_TILE_12_d6         |  out|   32|   ap_memory|        C_TILE_12|         array|
|C_TILE_12_q6         |   in|   32|   ap_memory|        C_TILE_12|         array|
|C_TILE_12_we6        |  out|    1|   ap_memory|        C_TILE_12|         array|
|C_TILE_12_address7   |  out|    4|   ap_memory|        C_TILE_12|         array|
|C_TILE_12_ce7        |  out|    1|   ap_memory|        C_TILE_12|         array|
|C_TILE_12_d7         |  out|   32|   ap_memory|        C_TILE_12|         array|
|C_TILE_12_q7         |   in|   32|   ap_memory|        C_TILE_12|         array|
|C_TILE_12_we7        |  out|    1|   ap_memory|        C_TILE_12|         array|
|C_TILE_12_address8   |  out|    4|   ap_memory|        C_TILE_12|         array|
|C_TILE_12_ce8        |  out|    1|   ap_memory|        C_TILE_12|         array|
|C_TILE_12_d8         |  out|   32|   ap_memory|        C_TILE_12|         array|
|C_TILE_12_q8         |   in|   32|   ap_memory|        C_TILE_12|         array|
|C_TILE_12_we8        |  out|    1|   ap_memory|        C_TILE_12|         array|
|C_TILE_12_address9   |  out|    4|   ap_memory|        C_TILE_12|         array|
|C_TILE_12_ce9        |  out|    1|   ap_memory|        C_TILE_12|         array|
|C_TILE_12_d9         |  out|   32|   ap_memory|        C_TILE_12|         array|
|C_TILE_12_q9         |   in|   32|   ap_memory|        C_TILE_12|         array|
|C_TILE_12_we9        |  out|    1|   ap_memory|        C_TILE_12|         array|
|C_TILE_12_address10  |  out|    4|   ap_memory|        C_TILE_12|         array|
|C_TILE_12_ce10       |  out|    1|   ap_memory|        C_TILE_12|         array|
|C_TILE_12_d10        |  out|   32|   ap_memory|        C_TILE_12|         array|
|C_TILE_12_q10        |   in|   32|   ap_memory|        C_TILE_12|         array|
|C_TILE_12_we10       |  out|    1|   ap_memory|        C_TILE_12|         array|
|C_TILE_12_address11  |  out|    4|   ap_memory|        C_TILE_12|         array|
|C_TILE_12_ce11       |  out|    1|   ap_memory|        C_TILE_12|         array|
|C_TILE_12_d11        |  out|   32|   ap_memory|        C_TILE_12|         array|
|C_TILE_12_q11        |   in|   32|   ap_memory|        C_TILE_12|         array|
|C_TILE_12_we11       |  out|    1|   ap_memory|        C_TILE_12|         array|
|C_TILE_12_address12  |  out|    4|   ap_memory|        C_TILE_12|         array|
|C_TILE_12_ce12       |  out|    1|   ap_memory|        C_TILE_12|         array|
|C_TILE_12_d12        |  out|   32|   ap_memory|        C_TILE_12|         array|
|C_TILE_12_q12        |   in|   32|   ap_memory|        C_TILE_12|         array|
|C_TILE_12_we12       |  out|    1|   ap_memory|        C_TILE_12|         array|
|C_TILE_12_address13  |  out|    4|   ap_memory|        C_TILE_12|         array|
|C_TILE_12_ce13       |  out|    1|   ap_memory|        C_TILE_12|         array|
|C_TILE_12_d13        |  out|   32|   ap_memory|        C_TILE_12|         array|
|C_TILE_12_q13        |   in|   32|   ap_memory|        C_TILE_12|         array|
|C_TILE_12_we13       |  out|    1|   ap_memory|        C_TILE_12|         array|
|C_TILE_12_address14  |  out|    4|   ap_memory|        C_TILE_12|         array|
|C_TILE_12_ce14       |  out|    1|   ap_memory|        C_TILE_12|         array|
|C_TILE_12_d14        |  out|   32|   ap_memory|        C_TILE_12|         array|
|C_TILE_12_q14        |   in|   32|   ap_memory|        C_TILE_12|         array|
|C_TILE_12_we14       |  out|    1|   ap_memory|        C_TILE_12|         array|
|C_TILE_12_address15  |  out|    4|   ap_memory|        C_TILE_12|         array|
|C_TILE_12_ce15       |  out|    1|   ap_memory|        C_TILE_12|         array|
|C_TILE_12_d15        |  out|   32|   ap_memory|        C_TILE_12|         array|
|C_TILE_12_q15        |   in|   32|   ap_memory|        C_TILE_12|         array|
|C_TILE_12_we15       |  out|    1|   ap_memory|        C_TILE_12|         array|
|C_TILE_12_address16  |  out|    4|   ap_memory|        C_TILE_12|         array|
|C_TILE_12_ce16       |  out|    1|   ap_memory|        C_TILE_12|         array|
|C_TILE_12_d16        |  out|   32|   ap_memory|        C_TILE_12|         array|
|C_TILE_12_q16        |   in|   32|   ap_memory|        C_TILE_12|         array|
|C_TILE_12_we16       |  out|    1|   ap_memory|        C_TILE_12|         array|
|C_TILE_13_address0   |  out|    4|   ap_memory|        C_TILE_13|         array|
|C_TILE_13_ce0        |  out|    1|   ap_memory|        C_TILE_13|         array|
|C_TILE_13_d0         |  out|   32|   ap_memory|        C_TILE_13|         array|
|C_TILE_13_q0         |   in|   32|   ap_memory|        C_TILE_13|         array|
|C_TILE_13_we0        |  out|    1|   ap_memory|        C_TILE_13|         array|
|C_TILE_13_address1   |  out|    4|   ap_memory|        C_TILE_13|         array|
|C_TILE_13_ce1        |  out|    1|   ap_memory|        C_TILE_13|         array|
|C_TILE_13_d1         |  out|   32|   ap_memory|        C_TILE_13|         array|
|C_TILE_13_q1         |   in|   32|   ap_memory|        C_TILE_13|         array|
|C_TILE_13_we1        |  out|    1|   ap_memory|        C_TILE_13|         array|
|C_TILE_13_address2   |  out|    4|   ap_memory|        C_TILE_13|         array|
|C_TILE_13_ce2        |  out|    1|   ap_memory|        C_TILE_13|         array|
|C_TILE_13_d2         |  out|   32|   ap_memory|        C_TILE_13|         array|
|C_TILE_13_q2         |   in|   32|   ap_memory|        C_TILE_13|         array|
|C_TILE_13_we2        |  out|    1|   ap_memory|        C_TILE_13|         array|
|C_TILE_13_address3   |  out|    4|   ap_memory|        C_TILE_13|         array|
|C_TILE_13_ce3        |  out|    1|   ap_memory|        C_TILE_13|         array|
|C_TILE_13_d3         |  out|   32|   ap_memory|        C_TILE_13|         array|
|C_TILE_13_q3         |   in|   32|   ap_memory|        C_TILE_13|         array|
|C_TILE_13_we3        |  out|    1|   ap_memory|        C_TILE_13|         array|
|C_TILE_13_address4   |  out|    4|   ap_memory|        C_TILE_13|         array|
|C_TILE_13_ce4        |  out|    1|   ap_memory|        C_TILE_13|         array|
|C_TILE_13_d4         |  out|   32|   ap_memory|        C_TILE_13|         array|
|C_TILE_13_q4         |   in|   32|   ap_memory|        C_TILE_13|         array|
|C_TILE_13_we4        |  out|    1|   ap_memory|        C_TILE_13|         array|
|C_TILE_13_address5   |  out|    4|   ap_memory|        C_TILE_13|         array|
|C_TILE_13_ce5        |  out|    1|   ap_memory|        C_TILE_13|         array|
|C_TILE_13_d5         |  out|   32|   ap_memory|        C_TILE_13|         array|
|C_TILE_13_q5         |   in|   32|   ap_memory|        C_TILE_13|         array|
|C_TILE_13_we5        |  out|    1|   ap_memory|        C_TILE_13|         array|
|C_TILE_13_address6   |  out|    4|   ap_memory|        C_TILE_13|         array|
|C_TILE_13_ce6        |  out|    1|   ap_memory|        C_TILE_13|         array|
|C_TILE_13_d6         |  out|   32|   ap_memory|        C_TILE_13|         array|
|C_TILE_13_q6         |   in|   32|   ap_memory|        C_TILE_13|         array|
|C_TILE_13_we6        |  out|    1|   ap_memory|        C_TILE_13|         array|
|C_TILE_13_address7   |  out|    4|   ap_memory|        C_TILE_13|         array|
|C_TILE_13_ce7        |  out|    1|   ap_memory|        C_TILE_13|         array|
|C_TILE_13_d7         |  out|   32|   ap_memory|        C_TILE_13|         array|
|C_TILE_13_q7         |   in|   32|   ap_memory|        C_TILE_13|         array|
|C_TILE_13_we7        |  out|    1|   ap_memory|        C_TILE_13|         array|
|C_TILE_13_address8   |  out|    4|   ap_memory|        C_TILE_13|         array|
|C_TILE_13_ce8        |  out|    1|   ap_memory|        C_TILE_13|         array|
|C_TILE_13_d8         |  out|   32|   ap_memory|        C_TILE_13|         array|
|C_TILE_13_q8         |   in|   32|   ap_memory|        C_TILE_13|         array|
|C_TILE_13_we8        |  out|    1|   ap_memory|        C_TILE_13|         array|
|C_TILE_13_address9   |  out|    4|   ap_memory|        C_TILE_13|         array|
|C_TILE_13_ce9        |  out|    1|   ap_memory|        C_TILE_13|         array|
|C_TILE_13_d9         |  out|   32|   ap_memory|        C_TILE_13|         array|
|C_TILE_13_q9         |   in|   32|   ap_memory|        C_TILE_13|         array|
|C_TILE_13_we9        |  out|    1|   ap_memory|        C_TILE_13|         array|
|C_TILE_13_address10  |  out|    4|   ap_memory|        C_TILE_13|         array|
|C_TILE_13_ce10       |  out|    1|   ap_memory|        C_TILE_13|         array|
|C_TILE_13_d10        |  out|   32|   ap_memory|        C_TILE_13|         array|
|C_TILE_13_q10        |   in|   32|   ap_memory|        C_TILE_13|         array|
|C_TILE_13_we10       |  out|    1|   ap_memory|        C_TILE_13|         array|
|C_TILE_13_address11  |  out|    4|   ap_memory|        C_TILE_13|         array|
|C_TILE_13_ce11       |  out|    1|   ap_memory|        C_TILE_13|         array|
|C_TILE_13_d11        |  out|   32|   ap_memory|        C_TILE_13|         array|
|C_TILE_13_q11        |   in|   32|   ap_memory|        C_TILE_13|         array|
|C_TILE_13_we11       |  out|    1|   ap_memory|        C_TILE_13|         array|
|C_TILE_13_address12  |  out|    4|   ap_memory|        C_TILE_13|         array|
|C_TILE_13_ce12       |  out|    1|   ap_memory|        C_TILE_13|         array|
|C_TILE_13_d12        |  out|   32|   ap_memory|        C_TILE_13|         array|
|C_TILE_13_q12        |   in|   32|   ap_memory|        C_TILE_13|         array|
|C_TILE_13_we12       |  out|    1|   ap_memory|        C_TILE_13|         array|
|C_TILE_13_address13  |  out|    4|   ap_memory|        C_TILE_13|         array|
|C_TILE_13_ce13       |  out|    1|   ap_memory|        C_TILE_13|         array|
|C_TILE_13_d13        |  out|   32|   ap_memory|        C_TILE_13|         array|
|C_TILE_13_q13        |   in|   32|   ap_memory|        C_TILE_13|         array|
|C_TILE_13_we13       |  out|    1|   ap_memory|        C_TILE_13|         array|
|C_TILE_13_address14  |  out|    4|   ap_memory|        C_TILE_13|         array|
|C_TILE_13_ce14       |  out|    1|   ap_memory|        C_TILE_13|         array|
|C_TILE_13_d14        |  out|   32|   ap_memory|        C_TILE_13|         array|
|C_TILE_13_q14        |   in|   32|   ap_memory|        C_TILE_13|         array|
|C_TILE_13_we14       |  out|    1|   ap_memory|        C_TILE_13|         array|
|C_TILE_13_address15  |  out|    4|   ap_memory|        C_TILE_13|         array|
|C_TILE_13_ce15       |  out|    1|   ap_memory|        C_TILE_13|         array|
|C_TILE_13_d15        |  out|   32|   ap_memory|        C_TILE_13|         array|
|C_TILE_13_q15        |   in|   32|   ap_memory|        C_TILE_13|         array|
|C_TILE_13_we15       |  out|    1|   ap_memory|        C_TILE_13|         array|
|C_TILE_13_address16  |  out|    4|   ap_memory|        C_TILE_13|         array|
|C_TILE_13_ce16       |  out|    1|   ap_memory|        C_TILE_13|         array|
|C_TILE_13_d16        |  out|   32|   ap_memory|        C_TILE_13|         array|
|C_TILE_13_q16        |   in|   32|   ap_memory|        C_TILE_13|         array|
|C_TILE_13_we16       |  out|    1|   ap_memory|        C_TILE_13|         array|
|C_TILE_14_address0   |  out|    4|   ap_memory|        C_TILE_14|         array|
|C_TILE_14_ce0        |  out|    1|   ap_memory|        C_TILE_14|         array|
|C_TILE_14_d0         |  out|   32|   ap_memory|        C_TILE_14|         array|
|C_TILE_14_q0         |   in|   32|   ap_memory|        C_TILE_14|         array|
|C_TILE_14_we0        |  out|    1|   ap_memory|        C_TILE_14|         array|
|C_TILE_14_address1   |  out|    4|   ap_memory|        C_TILE_14|         array|
|C_TILE_14_ce1        |  out|    1|   ap_memory|        C_TILE_14|         array|
|C_TILE_14_d1         |  out|   32|   ap_memory|        C_TILE_14|         array|
|C_TILE_14_q1         |   in|   32|   ap_memory|        C_TILE_14|         array|
|C_TILE_14_we1        |  out|    1|   ap_memory|        C_TILE_14|         array|
|C_TILE_14_address2   |  out|    4|   ap_memory|        C_TILE_14|         array|
|C_TILE_14_ce2        |  out|    1|   ap_memory|        C_TILE_14|         array|
|C_TILE_14_d2         |  out|   32|   ap_memory|        C_TILE_14|         array|
|C_TILE_14_q2         |   in|   32|   ap_memory|        C_TILE_14|         array|
|C_TILE_14_we2        |  out|    1|   ap_memory|        C_TILE_14|         array|
|C_TILE_14_address3   |  out|    4|   ap_memory|        C_TILE_14|         array|
|C_TILE_14_ce3        |  out|    1|   ap_memory|        C_TILE_14|         array|
|C_TILE_14_d3         |  out|   32|   ap_memory|        C_TILE_14|         array|
|C_TILE_14_q3         |   in|   32|   ap_memory|        C_TILE_14|         array|
|C_TILE_14_we3        |  out|    1|   ap_memory|        C_TILE_14|         array|
|C_TILE_14_address4   |  out|    4|   ap_memory|        C_TILE_14|         array|
|C_TILE_14_ce4        |  out|    1|   ap_memory|        C_TILE_14|         array|
|C_TILE_14_d4         |  out|   32|   ap_memory|        C_TILE_14|         array|
|C_TILE_14_q4         |   in|   32|   ap_memory|        C_TILE_14|         array|
|C_TILE_14_we4        |  out|    1|   ap_memory|        C_TILE_14|         array|
|C_TILE_14_address5   |  out|    4|   ap_memory|        C_TILE_14|         array|
|C_TILE_14_ce5        |  out|    1|   ap_memory|        C_TILE_14|         array|
|C_TILE_14_d5         |  out|   32|   ap_memory|        C_TILE_14|         array|
|C_TILE_14_q5         |   in|   32|   ap_memory|        C_TILE_14|         array|
|C_TILE_14_we5        |  out|    1|   ap_memory|        C_TILE_14|         array|
|C_TILE_14_address6   |  out|    4|   ap_memory|        C_TILE_14|         array|
|C_TILE_14_ce6        |  out|    1|   ap_memory|        C_TILE_14|         array|
|C_TILE_14_d6         |  out|   32|   ap_memory|        C_TILE_14|         array|
|C_TILE_14_q6         |   in|   32|   ap_memory|        C_TILE_14|         array|
|C_TILE_14_we6        |  out|    1|   ap_memory|        C_TILE_14|         array|
|C_TILE_14_address7   |  out|    4|   ap_memory|        C_TILE_14|         array|
|C_TILE_14_ce7        |  out|    1|   ap_memory|        C_TILE_14|         array|
|C_TILE_14_d7         |  out|   32|   ap_memory|        C_TILE_14|         array|
|C_TILE_14_q7         |   in|   32|   ap_memory|        C_TILE_14|         array|
|C_TILE_14_we7        |  out|    1|   ap_memory|        C_TILE_14|         array|
|C_TILE_14_address8   |  out|    4|   ap_memory|        C_TILE_14|         array|
|C_TILE_14_ce8        |  out|    1|   ap_memory|        C_TILE_14|         array|
|C_TILE_14_d8         |  out|   32|   ap_memory|        C_TILE_14|         array|
|C_TILE_14_q8         |   in|   32|   ap_memory|        C_TILE_14|         array|
|C_TILE_14_we8        |  out|    1|   ap_memory|        C_TILE_14|         array|
|C_TILE_14_address9   |  out|    4|   ap_memory|        C_TILE_14|         array|
|C_TILE_14_ce9        |  out|    1|   ap_memory|        C_TILE_14|         array|
|C_TILE_14_d9         |  out|   32|   ap_memory|        C_TILE_14|         array|
|C_TILE_14_q9         |   in|   32|   ap_memory|        C_TILE_14|         array|
|C_TILE_14_we9        |  out|    1|   ap_memory|        C_TILE_14|         array|
|C_TILE_14_address10  |  out|    4|   ap_memory|        C_TILE_14|         array|
|C_TILE_14_ce10       |  out|    1|   ap_memory|        C_TILE_14|         array|
|C_TILE_14_d10        |  out|   32|   ap_memory|        C_TILE_14|         array|
|C_TILE_14_q10        |   in|   32|   ap_memory|        C_TILE_14|         array|
|C_TILE_14_we10       |  out|    1|   ap_memory|        C_TILE_14|         array|
|C_TILE_14_address11  |  out|    4|   ap_memory|        C_TILE_14|         array|
|C_TILE_14_ce11       |  out|    1|   ap_memory|        C_TILE_14|         array|
|C_TILE_14_d11        |  out|   32|   ap_memory|        C_TILE_14|         array|
|C_TILE_14_q11        |   in|   32|   ap_memory|        C_TILE_14|         array|
|C_TILE_14_we11       |  out|    1|   ap_memory|        C_TILE_14|         array|
|C_TILE_14_address12  |  out|    4|   ap_memory|        C_TILE_14|         array|
|C_TILE_14_ce12       |  out|    1|   ap_memory|        C_TILE_14|         array|
|C_TILE_14_d12        |  out|   32|   ap_memory|        C_TILE_14|         array|
|C_TILE_14_q12        |   in|   32|   ap_memory|        C_TILE_14|         array|
|C_TILE_14_we12       |  out|    1|   ap_memory|        C_TILE_14|         array|
|C_TILE_14_address13  |  out|    4|   ap_memory|        C_TILE_14|         array|
|C_TILE_14_ce13       |  out|    1|   ap_memory|        C_TILE_14|         array|
|C_TILE_14_d13        |  out|   32|   ap_memory|        C_TILE_14|         array|
|C_TILE_14_q13        |   in|   32|   ap_memory|        C_TILE_14|         array|
|C_TILE_14_we13       |  out|    1|   ap_memory|        C_TILE_14|         array|
|C_TILE_14_address14  |  out|    4|   ap_memory|        C_TILE_14|         array|
|C_TILE_14_ce14       |  out|    1|   ap_memory|        C_TILE_14|         array|
|C_TILE_14_d14        |  out|   32|   ap_memory|        C_TILE_14|         array|
|C_TILE_14_q14        |   in|   32|   ap_memory|        C_TILE_14|         array|
|C_TILE_14_we14       |  out|    1|   ap_memory|        C_TILE_14|         array|
|C_TILE_14_address15  |  out|    4|   ap_memory|        C_TILE_14|         array|
|C_TILE_14_ce15       |  out|    1|   ap_memory|        C_TILE_14|         array|
|C_TILE_14_d15        |  out|   32|   ap_memory|        C_TILE_14|         array|
|C_TILE_14_q15        |   in|   32|   ap_memory|        C_TILE_14|         array|
|C_TILE_14_we15       |  out|    1|   ap_memory|        C_TILE_14|         array|
|C_TILE_14_address16  |  out|    4|   ap_memory|        C_TILE_14|         array|
|C_TILE_14_ce16       |  out|    1|   ap_memory|        C_TILE_14|         array|
|C_TILE_14_d16        |  out|   32|   ap_memory|        C_TILE_14|         array|
|C_TILE_14_q16        |   in|   32|   ap_memory|        C_TILE_14|         array|
|C_TILE_14_we16       |  out|    1|   ap_memory|        C_TILE_14|         array|
|C_TILE_15_address0   |  out|    4|   ap_memory|        C_TILE_15|         array|
|C_TILE_15_ce0        |  out|    1|   ap_memory|        C_TILE_15|         array|
|C_TILE_15_d0         |  out|   32|   ap_memory|        C_TILE_15|         array|
|C_TILE_15_q0         |   in|   32|   ap_memory|        C_TILE_15|         array|
|C_TILE_15_we0        |  out|    1|   ap_memory|        C_TILE_15|         array|
|C_TILE_15_address1   |  out|    4|   ap_memory|        C_TILE_15|         array|
|C_TILE_15_ce1        |  out|    1|   ap_memory|        C_TILE_15|         array|
|C_TILE_15_d1         |  out|   32|   ap_memory|        C_TILE_15|         array|
|C_TILE_15_q1         |   in|   32|   ap_memory|        C_TILE_15|         array|
|C_TILE_15_we1        |  out|    1|   ap_memory|        C_TILE_15|         array|
|C_TILE_15_address2   |  out|    4|   ap_memory|        C_TILE_15|         array|
|C_TILE_15_ce2        |  out|    1|   ap_memory|        C_TILE_15|         array|
|C_TILE_15_d2         |  out|   32|   ap_memory|        C_TILE_15|         array|
|C_TILE_15_q2         |   in|   32|   ap_memory|        C_TILE_15|         array|
|C_TILE_15_we2        |  out|    1|   ap_memory|        C_TILE_15|         array|
|C_TILE_15_address3   |  out|    4|   ap_memory|        C_TILE_15|         array|
|C_TILE_15_ce3        |  out|    1|   ap_memory|        C_TILE_15|         array|
|C_TILE_15_d3         |  out|   32|   ap_memory|        C_TILE_15|         array|
|C_TILE_15_q3         |   in|   32|   ap_memory|        C_TILE_15|         array|
|C_TILE_15_we3        |  out|    1|   ap_memory|        C_TILE_15|         array|
|C_TILE_15_address4   |  out|    4|   ap_memory|        C_TILE_15|         array|
|C_TILE_15_ce4        |  out|    1|   ap_memory|        C_TILE_15|         array|
|C_TILE_15_d4         |  out|   32|   ap_memory|        C_TILE_15|         array|
|C_TILE_15_q4         |   in|   32|   ap_memory|        C_TILE_15|         array|
|C_TILE_15_we4        |  out|    1|   ap_memory|        C_TILE_15|         array|
|C_TILE_15_address5   |  out|    4|   ap_memory|        C_TILE_15|         array|
|C_TILE_15_ce5        |  out|    1|   ap_memory|        C_TILE_15|         array|
|C_TILE_15_d5         |  out|   32|   ap_memory|        C_TILE_15|         array|
|C_TILE_15_q5         |   in|   32|   ap_memory|        C_TILE_15|         array|
|C_TILE_15_we5        |  out|    1|   ap_memory|        C_TILE_15|         array|
|C_TILE_15_address6   |  out|    4|   ap_memory|        C_TILE_15|         array|
|C_TILE_15_ce6        |  out|    1|   ap_memory|        C_TILE_15|         array|
|C_TILE_15_d6         |  out|   32|   ap_memory|        C_TILE_15|         array|
|C_TILE_15_q6         |   in|   32|   ap_memory|        C_TILE_15|         array|
|C_TILE_15_we6        |  out|    1|   ap_memory|        C_TILE_15|         array|
|C_TILE_15_address7   |  out|    4|   ap_memory|        C_TILE_15|         array|
|C_TILE_15_ce7        |  out|    1|   ap_memory|        C_TILE_15|         array|
|C_TILE_15_d7         |  out|   32|   ap_memory|        C_TILE_15|         array|
|C_TILE_15_q7         |   in|   32|   ap_memory|        C_TILE_15|         array|
|C_TILE_15_we7        |  out|    1|   ap_memory|        C_TILE_15|         array|
|C_TILE_15_address8   |  out|    4|   ap_memory|        C_TILE_15|         array|
|C_TILE_15_ce8        |  out|    1|   ap_memory|        C_TILE_15|         array|
|C_TILE_15_d8         |  out|   32|   ap_memory|        C_TILE_15|         array|
|C_TILE_15_q8         |   in|   32|   ap_memory|        C_TILE_15|         array|
|C_TILE_15_we8        |  out|    1|   ap_memory|        C_TILE_15|         array|
|C_TILE_15_address9   |  out|    4|   ap_memory|        C_TILE_15|         array|
|C_TILE_15_ce9        |  out|    1|   ap_memory|        C_TILE_15|         array|
|C_TILE_15_d9         |  out|   32|   ap_memory|        C_TILE_15|         array|
|C_TILE_15_q9         |   in|   32|   ap_memory|        C_TILE_15|         array|
|C_TILE_15_we9        |  out|    1|   ap_memory|        C_TILE_15|         array|
|C_TILE_15_address10  |  out|    4|   ap_memory|        C_TILE_15|         array|
|C_TILE_15_ce10       |  out|    1|   ap_memory|        C_TILE_15|         array|
|C_TILE_15_d10        |  out|   32|   ap_memory|        C_TILE_15|         array|
|C_TILE_15_q10        |   in|   32|   ap_memory|        C_TILE_15|         array|
|C_TILE_15_we10       |  out|    1|   ap_memory|        C_TILE_15|         array|
|C_TILE_15_address11  |  out|    4|   ap_memory|        C_TILE_15|         array|
|C_TILE_15_ce11       |  out|    1|   ap_memory|        C_TILE_15|         array|
|C_TILE_15_d11        |  out|   32|   ap_memory|        C_TILE_15|         array|
|C_TILE_15_q11        |   in|   32|   ap_memory|        C_TILE_15|         array|
|C_TILE_15_we11       |  out|    1|   ap_memory|        C_TILE_15|         array|
|C_TILE_15_address12  |  out|    4|   ap_memory|        C_TILE_15|         array|
|C_TILE_15_ce12       |  out|    1|   ap_memory|        C_TILE_15|         array|
|C_TILE_15_d12        |  out|   32|   ap_memory|        C_TILE_15|         array|
|C_TILE_15_q12        |   in|   32|   ap_memory|        C_TILE_15|         array|
|C_TILE_15_we12       |  out|    1|   ap_memory|        C_TILE_15|         array|
|C_TILE_15_address13  |  out|    4|   ap_memory|        C_TILE_15|         array|
|C_TILE_15_ce13       |  out|    1|   ap_memory|        C_TILE_15|         array|
|C_TILE_15_d13        |  out|   32|   ap_memory|        C_TILE_15|         array|
|C_TILE_15_q13        |   in|   32|   ap_memory|        C_TILE_15|         array|
|C_TILE_15_we13       |  out|    1|   ap_memory|        C_TILE_15|         array|
|C_TILE_15_address14  |  out|    4|   ap_memory|        C_TILE_15|         array|
|C_TILE_15_ce14       |  out|    1|   ap_memory|        C_TILE_15|         array|
|C_TILE_15_d14        |  out|   32|   ap_memory|        C_TILE_15|         array|
|C_TILE_15_q14        |   in|   32|   ap_memory|        C_TILE_15|         array|
|C_TILE_15_we14       |  out|    1|   ap_memory|        C_TILE_15|         array|
|C_TILE_15_address15  |  out|    4|   ap_memory|        C_TILE_15|         array|
|C_TILE_15_ce15       |  out|    1|   ap_memory|        C_TILE_15|         array|
|C_TILE_15_d15        |  out|   32|   ap_memory|        C_TILE_15|         array|
|C_TILE_15_q15        |   in|   32|   ap_memory|        C_TILE_15|         array|
|C_TILE_15_we15       |  out|    1|   ap_memory|        C_TILE_15|         array|
|C_TILE_15_address16  |  out|    4|   ap_memory|        C_TILE_15|         array|
|C_TILE_15_ce16       |  out|    1|   ap_memory|        C_TILE_15|         array|
|C_TILE_15_d16        |  out|   32|   ap_memory|        C_TILE_15|         array|
|C_TILE_15_q16        |   in|   32|   ap_memory|        C_TILE_15|         array|
|C_TILE_15_we16       |  out|    1|   ap_memory|        C_TILE_15|         array|
|C_TILE_16_address0   |  out|    4|   ap_memory|        C_TILE_16|         array|
|C_TILE_16_ce0        |  out|    1|   ap_memory|        C_TILE_16|         array|
|C_TILE_16_d0         |  out|   32|   ap_memory|        C_TILE_16|         array|
|C_TILE_16_q0         |   in|   32|   ap_memory|        C_TILE_16|         array|
|C_TILE_16_we0        |  out|    1|   ap_memory|        C_TILE_16|         array|
|C_TILE_16_address1   |  out|    4|   ap_memory|        C_TILE_16|         array|
|C_TILE_16_ce1        |  out|    1|   ap_memory|        C_TILE_16|         array|
|C_TILE_16_d1         |  out|   32|   ap_memory|        C_TILE_16|         array|
|C_TILE_16_q1         |   in|   32|   ap_memory|        C_TILE_16|         array|
|C_TILE_16_we1        |  out|    1|   ap_memory|        C_TILE_16|         array|
|C_TILE_16_address2   |  out|    4|   ap_memory|        C_TILE_16|         array|
|C_TILE_16_ce2        |  out|    1|   ap_memory|        C_TILE_16|         array|
|C_TILE_16_d2         |  out|   32|   ap_memory|        C_TILE_16|         array|
|C_TILE_16_q2         |   in|   32|   ap_memory|        C_TILE_16|         array|
|C_TILE_16_we2        |  out|    1|   ap_memory|        C_TILE_16|         array|
|C_TILE_16_address3   |  out|    4|   ap_memory|        C_TILE_16|         array|
|C_TILE_16_ce3        |  out|    1|   ap_memory|        C_TILE_16|         array|
|C_TILE_16_d3         |  out|   32|   ap_memory|        C_TILE_16|         array|
|C_TILE_16_q3         |   in|   32|   ap_memory|        C_TILE_16|         array|
|C_TILE_16_we3        |  out|    1|   ap_memory|        C_TILE_16|         array|
|C_TILE_16_address4   |  out|    4|   ap_memory|        C_TILE_16|         array|
|C_TILE_16_ce4        |  out|    1|   ap_memory|        C_TILE_16|         array|
|C_TILE_16_d4         |  out|   32|   ap_memory|        C_TILE_16|         array|
|C_TILE_16_q4         |   in|   32|   ap_memory|        C_TILE_16|         array|
|C_TILE_16_we4        |  out|    1|   ap_memory|        C_TILE_16|         array|
|C_TILE_16_address5   |  out|    4|   ap_memory|        C_TILE_16|         array|
|C_TILE_16_ce5        |  out|    1|   ap_memory|        C_TILE_16|         array|
|C_TILE_16_d5         |  out|   32|   ap_memory|        C_TILE_16|         array|
|C_TILE_16_q5         |   in|   32|   ap_memory|        C_TILE_16|         array|
|C_TILE_16_we5        |  out|    1|   ap_memory|        C_TILE_16|         array|
|C_TILE_16_address6   |  out|    4|   ap_memory|        C_TILE_16|         array|
|C_TILE_16_ce6        |  out|    1|   ap_memory|        C_TILE_16|         array|
|C_TILE_16_d6         |  out|   32|   ap_memory|        C_TILE_16|         array|
|C_TILE_16_q6         |   in|   32|   ap_memory|        C_TILE_16|         array|
|C_TILE_16_we6        |  out|    1|   ap_memory|        C_TILE_16|         array|
|C_TILE_16_address7   |  out|    4|   ap_memory|        C_TILE_16|         array|
|C_TILE_16_ce7        |  out|    1|   ap_memory|        C_TILE_16|         array|
|C_TILE_16_d7         |  out|   32|   ap_memory|        C_TILE_16|         array|
|C_TILE_16_q7         |   in|   32|   ap_memory|        C_TILE_16|         array|
|C_TILE_16_we7        |  out|    1|   ap_memory|        C_TILE_16|         array|
|C_TILE_16_address8   |  out|    4|   ap_memory|        C_TILE_16|         array|
|C_TILE_16_ce8        |  out|    1|   ap_memory|        C_TILE_16|         array|
|C_TILE_16_d8         |  out|   32|   ap_memory|        C_TILE_16|         array|
|C_TILE_16_q8         |   in|   32|   ap_memory|        C_TILE_16|         array|
|C_TILE_16_we8        |  out|    1|   ap_memory|        C_TILE_16|         array|
|C_TILE_16_address9   |  out|    4|   ap_memory|        C_TILE_16|         array|
|C_TILE_16_ce9        |  out|    1|   ap_memory|        C_TILE_16|         array|
|C_TILE_16_d9         |  out|   32|   ap_memory|        C_TILE_16|         array|
|C_TILE_16_q9         |   in|   32|   ap_memory|        C_TILE_16|         array|
|C_TILE_16_we9        |  out|    1|   ap_memory|        C_TILE_16|         array|
|C_TILE_16_address10  |  out|    4|   ap_memory|        C_TILE_16|         array|
|C_TILE_16_ce10       |  out|    1|   ap_memory|        C_TILE_16|         array|
|C_TILE_16_d10        |  out|   32|   ap_memory|        C_TILE_16|         array|
|C_TILE_16_q10        |   in|   32|   ap_memory|        C_TILE_16|         array|
|C_TILE_16_we10       |  out|    1|   ap_memory|        C_TILE_16|         array|
|C_TILE_16_address11  |  out|    4|   ap_memory|        C_TILE_16|         array|
|C_TILE_16_ce11       |  out|    1|   ap_memory|        C_TILE_16|         array|
|C_TILE_16_d11        |  out|   32|   ap_memory|        C_TILE_16|         array|
|C_TILE_16_q11        |   in|   32|   ap_memory|        C_TILE_16|         array|
|C_TILE_16_we11       |  out|    1|   ap_memory|        C_TILE_16|         array|
|C_TILE_16_address12  |  out|    4|   ap_memory|        C_TILE_16|         array|
|C_TILE_16_ce12       |  out|    1|   ap_memory|        C_TILE_16|         array|
|C_TILE_16_d12        |  out|   32|   ap_memory|        C_TILE_16|         array|
|C_TILE_16_q12        |   in|   32|   ap_memory|        C_TILE_16|         array|
|C_TILE_16_we12       |  out|    1|   ap_memory|        C_TILE_16|         array|
|C_TILE_16_address13  |  out|    4|   ap_memory|        C_TILE_16|         array|
|C_TILE_16_ce13       |  out|    1|   ap_memory|        C_TILE_16|         array|
|C_TILE_16_d13        |  out|   32|   ap_memory|        C_TILE_16|         array|
|C_TILE_16_q13        |   in|   32|   ap_memory|        C_TILE_16|         array|
|C_TILE_16_we13       |  out|    1|   ap_memory|        C_TILE_16|         array|
|C_TILE_16_address14  |  out|    4|   ap_memory|        C_TILE_16|         array|
|C_TILE_16_ce14       |  out|    1|   ap_memory|        C_TILE_16|         array|
|C_TILE_16_d14        |  out|   32|   ap_memory|        C_TILE_16|         array|
|C_TILE_16_q14        |   in|   32|   ap_memory|        C_TILE_16|         array|
|C_TILE_16_we14       |  out|    1|   ap_memory|        C_TILE_16|         array|
|C_TILE_16_address15  |  out|    4|   ap_memory|        C_TILE_16|         array|
|C_TILE_16_ce15       |  out|    1|   ap_memory|        C_TILE_16|         array|
|C_TILE_16_d15        |  out|   32|   ap_memory|        C_TILE_16|         array|
|C_TILE_16_q15        |   in|   32|   ap_memory|        C_TILE_16|         array|
|C_TILE_16_we15       |  out|    1|   ap_memory|        C_TILE_16|         array|
|C_TILE_16_address16  |  out|    4|   ap_memory|        C_TILE_16|         array|
|C_TILE_16_ce16       |  out|    1|   ap_memory|        C_TILE_16|         array|
|C_TILE_16_d16        |  out|   32|   ap_memory|        C_TILE_16|         array|
|C_TILE_16_q16        |   in|   32|   ap_memory|        C_TILE_16|         array|
|C_TILE_16_we16       |  out|    1|   ap_memory|        C_TILE_16|         array|
|C_TILE_17_address0   |  out|    4|   ap_memory|        C_TILE_17|         array|
|C_TILE_17_ce0        |  out|    1|   ap_memory|        C_TILE_17|         array|
|C_TILE_17_d0         |  out|   32|   ap_memory|        C_TILE_17|         array|
|C_TILE_17_q0         |   in|   32|   ap_memory|        C_TILE_17|         array|
|C_TILE_17_we0        |  out|    1|   ap_memory|        C_TILE_17|         array|
|C_TILE_17_address1   |  out|    4|   ap_memory|        C_TILE_17|         array|
|C_TILE_17_ce1        |  out|    1|   ap_memory|        C_TILE_17|         array|
|C_TILE_17_d1         |  out|   32|   ap_memory|        C_TILE_17|         array|
|C_TILE_17_q1         |   in|   32|   ap_memory|        C_TILE_17|         array|
|C_TILE_17_we1        |  out|    1|   ap_memory|        C_TILE_17|         array|
|C_TILE_17_address2   |  out|    4|   ap_memory|        C_TILE_17|         array|
|C_TILE_17_ce2        |  out|    1|   ap_memory|        C_TILE_17|         array|
|C_TILE_17_d2         |  out|   32|   ap_memory|        C_TILE_17|         array|
|C_TILE_17_q2         |   in|   32|   ap_memory|        C_TILE_17|         array|
|C_TILE_17_we2        |  out|    1|   ap_memory|        C_TILE_17|         array|
|C_TILE_17_address3   |  out|    4|   ap_memory|        C_TILE_17|         array|
|C_TILE_17_ce3        |  out|    1|   ap_memory|        C_TILE_17|         array|
|C_TILE_17_d3         |  out|   32|   ap_memory|        C_TILE_17|         array|
|C_TILE_17_q3         |   in|   32|   ap_memory|        C_TILE_17|         array|
|C_TILE_17_we3        |  out|    1|   ap_memory|        C_TILE_17|         array|
|C_TILE_17_address4   |  out|    4|   ap_memory|        C_TILE_17|         array|
|C_TILE_17_ce4        |  out|    1|   ap_memory|        C_TILE_17|         array|
|C_TILE_17_d4         |  out|   32|   ap_memory|        C_TILE_17|         array|
|C_TILE_17_q4         |   in|   32|   ap_memory|        C_TILE_17|         array|
|C_TILE_17_we4        |  out|    1|   ap_memory|        C_TILE_17|         array|
|C_TILE_17_address5   |  out|    4|   ap_memory|        C_TILE_17|         array|
|C_TILE_17_ce5        |  out|    1|   ap_memory|        C_TILE_17|         array|
|C_TILE_17_d5         |  out|   32|   ap_memory|        C_TILE_17|         array|
|C_TILE_17_q5         |   in|   32|   ap_memory|        C_TILE_17|         array|
|C_TILE_17_we5        |  out|    1|   ap_memory|        C_TILE_17|         array|
|C_TILE_17_address6   |  out|    4|   ap_memory|        C_TILE_17|         array|
|C_TILE_17_ce6        |  out|    1|   ap_memory|        C_TILE_17|         array|
|C_TILE_17_d6         |  out|   32|   ap_memory|        C_TILE_17|         array|
|C_TILE_17_q6         |   in|   32|   ap_memory|        C_TILE_17|         array|
|C_TILE_17_we6        |  out|    1|   ap_memory|        C_TILE_17|         array|
|C_TILE_17_address7   |  out|    4|   ap_memory|        C_TILE_17|         array|
|C_TILE_17_ce7        |  out|    1|   ap_memory|        C_TILE_17|         array|
|C_TILE_17_d7         |  out|   32|   ap_memory|        C_TILE_17|         array|
|C_TILE_17_q7         |   in|   32|   ap_memory|        C_TILE_17|         array|
|C_TILE_17_we7        |  out|    1|   ap_memory|        C_TILE_17|         array|
|C_TILE_17_address8   |  out|    4|   ap_memory|        C_TILE_17|         array|
|C_TILE_17_ce8        |  out|    1|   ap_memory|        C_TILE_17|         array|
|C_TILE_17_d8         |  out|   32|   ap_memory|        C_TILE_17|         array|
|C_TILE_17_q8         |   in|   32|   ap_memory|        C_TILE_17|         array|
|C_TILE_17_we8        |  out|    1|   ap_memory|        C_TILE_17|         array|
|C_TILE_17_address9   |  out|    4|   ap_memory|        C_TILE_17|         array|
|C_TILE_17_ce9        |  out|    1|   ap_memory|        C_TILE_17|         array|
|C_TILE_17_d9         |  out|   32|   ap_memory|        C_TILE_17|         array|
|C_TILE_17_q9         |   in|   32|   ap_memory|        C_TILE_17|         array|
|C_TILE_17_we9        |  out|    1|   ap_memory|        C_TILE_17|         array|
|C_TILE_17_address10  |  out|    4|   ap_memory|        C_TILE_17|         array|
|C_TILE_17_ce10       |  out|    1|   ap_memory|        C_TILE_17|         array|
|C_TILE_17_d10        |  out|   32|   ap_memory|        C_TILE_17|         array|
|C_TILE_17_q10        |   in|   32|   ap_memory|        C_TILE_17|         array|
|C_TILE_17_we10       |  out|    1|   ap_memory|        C_TILE_17|         array|
|C_TILE_17_address11  |  out|    4|   ap_memory|        C_TILE_17|         array|
|C_TILE_17_ce11       |  out|    1|   ap_memory|        C_TILE_17|         array|
|C_TILE_17_d11        |  out|   32|   ap_memory|        C_TILE_17|         array|
|C_TILE_17_q11        |   in|   32|   ap_memory|        C_TILE_17|         array|
|C_TILE_17_we11       |  out|    1|   ap_memory|        C_TILE_17|         array|
|C_TILE_17_address12  |  out|    4|   ap_memory|        C_TILE_17|         array|
|C_TILE_17_ce12       |  out|    1|   ap_memory|        C_TILE_17|         array|
|C_TILE_17_d12        |  out|   32|   ap_memory|        C_TILE_17|         array|
|C_TILE_17_q12        |   in|   32|   ap_memory|        C_TILE_17|         array|
|C_TILE_17_we12       |  out|    1|   ap_memory|        C_TILE_17|         array|
|C_TILE_17_address13  |  out|    4|   ap_memory|        C_TILE_17|         array|
|C_TILE_17_ce13       |  out|    1|   ap_memory|        C_TILE_17|         array|
|C_TILE_17_d13        |  out|   32|   ap_memory|        C_TILE_17|         array|
|C_TILE_17_q13        |   in|   32|   ap_memory|        C_TILE_17|         array|
|C_TILE_17_we13       |  out|    1|   ap_memory|        C_TILE_17|         array|
|C_TILE_17_address14  |  out|    4|   ap_memory|        C_TILE_17|         array|
|C_TILE_17_ce14       |  out|    1|   ap_memory|        C_TILE_17|         array|
|C_TILE_17_d14        |  out|   32|   ap_memory|        C_TILE_17|         array|
|C_TILE_17_q14        |   in|   32|   ap_memory|        C_TILE_17|         array|
|C_TILE_17_we14       |  out|    1|   ap_memory|        C_TILE_17|         array|
|C_TILE_17_address15  |  out|    4|   ap_memory|        C_TILE_17|         array|
|C_TILE_17_ce15       |  out|    1|   ap_memory|        C_TILE_17|         array|
|C_TILE_17_d15        |  out|   32|   ap_memory|        C_TILE_17|         array|
|C_TILE_17_q15        |   in|   32|   ap_memory|        C_TILE_17|         array|
|C_TILE_17_we15       |  out|    1|   ap_memory|        C_TILE_17|         array|
|C_TILE_17_address16  |  out|    4|   ap_memory|        C_TILE_17|         array|
|C_TILE_17_ce16       |  out|    1|   ap_memory|        C_TILE_17|         array|
|C_TILE_17_d16        |  out|   32|   ap_memory|        C_TILE_17|         array|
|C_TILE_17_q16        |   in|   32|   ap_memory|        C_TILE_17|         array|
|C_TILE_17_we16       |  out|    1|   ap_memory|        C_TILE_17|         array|
|C_TILE_18_address0   |  out|    4|   ap_memory|        C_TILE_18|         array|
|C_TILE_18_ce0        |  out|    1|   ap_memory|        C_TILE_18|         array|
|C_TILE_18_d0         |  out|   32|   ap_memory|        C_TILE_18|         array|
|C_TILE_18_q0         |   in|   32|   ap_memory|        C_TILE_18|         array|
|C_TILE_18_we0        |  out|    1|   ap_memory|        C_TILE_18|         array|
|C_TILE_18_address1   |  out|    4|   ap_memory|        C_TILE_18|         array|
|C_TILE_18_ce1        |  out|    1|   ap_memory|        C_TILE_18|         array|
|C_TILE_18_d1         |  out|   32|   ap_memory|        C_TILE_18|         array|
|C_TILE_18_q1         |   in|   32|   ap_memory|        C_TILE_18|         array|
|C_TILE_18_we1        |  out|    1|   ap_memory|        C_TILE_18|         array|
|C_TILE_18_address2   |  out|    4|   ap_memory|        C_TILE_18|         array|
|C_TILE_18_ce2        |  out|    1|   ap_memory|        C_TILE_18|         array|
|C_TILE_18_d2         |  out|   32|   ap_memory|        C_TILE_18|         array|
|C_TILE_18_q2         |   in|   32|   ap_memory|        C_TILE_18|         array|
|C_TILE_18_we2        |  out|    1|   ap_memory|        C_TILE_18|         array|
|C_TILE_18_address3   |  out|    4|   ap_memory|        C_TILE_18|         array|
|C_TILE_18_ce3        |  out|    1|   ap_memory|        C_TILE_18|         array|
|C_TILE_18_d3         |  out|   32|   ap_memory|        C_TILE_18|         array|
|C_TILE_18_q3         |   in|   32|   ap_memory|        C_TILE_18|         array|
|C_TILE_18_we3        |  out|    1|   ap_memory|        C_TILE_18|         array|
|C_TILE_18_address4   |  out|    4|   ap_memory|        C_TILE_18|         array|
|C_TILE_18_ce4        |  out|    1|   ap_memory|        C_TILE_18|         array|
|C_TILE_18_d4         |  out|   32|   ap_memory|        C_TILE_18|         array|
|C_TILE_18_q4         |   in|   32|   ap_memory|        C_TILE_18|         array|
|C_TILE_18_we4        |  out|    1|   ap_memory|        C_TILE_18|         array|
|C_TILE_18_address5   |  out|    4|   ap_memory|        C_TILE_18|         array|
|C_TILE_18_ce5        |  out|    1|   ap_memory|        C_TILE_18|         array|
|C_TILE_18_d5         |  out|   32|   ap_memory|        C_TILE_18|         array|
|C_TILE_18_q5         |   in|   32|   ap_memory|        C_TILE_18|         array|
|C_TILE_18_we5        |  out|    1|   ap_memory|        C_TILE_18|         array|
|C_TILE_18_address6   |  out|    4|   ap_memory|        C_TILE_18|         array|
|C_TILE_18_ce6        |  out|    1|   ap_memory|        C_TILE_18|         array|
|C_TILE_18_d6         |  out|   32|   ap_memory|        C_TILE_18|         array|
|C_TILE_18_q6         |   in|   32|   ap_memory|        C_TILE_18|         array|
|C_TILE_18_we6        |  out|    1|   ap_memory|        C_TILE_18|         array|
|C_TILE_18_address7   |  out|    4|   ap_memory|        C_TILE_18|         array|
|C_TILE_18_ce7        |  out|    1|   ap_memory|        C_TILE_18|         array|
|C_TILE_18_d7         |  out|   32|   ap_memory|        C_TILE_18|         array|
|C_TILE_18_q7         |   in|   32|   ap_memory|        C_TILE_18|         array|
|C_TILE_18_we7        |  out|    1|   ap_memory|        C_TILE_18|         array|
|C_TILE_18_address8   |  out|    4|   ap_memory|        C_TILE_18|         array|
|C_TILE_18_ce8        |  out|    1|   ap_memory|        C_TILE_18|         array|
|C_TILE_18_d8         |  out|   32|   ap_memory|        C_TILE_18|         array|
|C_TILE_18_q8         |   in|   32|   ap_memory|        C_TILE_18|         array|
|C_TILE_18_we8        |  out|    1|   ap_memory|        C_TILE_18|         array|
|C_TILE_18_address9   |  out|    4|   ap_memory|        C_TILE_18|         array|
|C_TILE_18_ce9        |  out|    1|   ap_memory|        C_TILE_18|         array|
|C_TILE_18_d9         |  out|   32|   ap_memory|        C_TILE_18|         array|
|C_TILE_18_q9         |   in|   32|   ap_memory|        C_TILE_18|         array|
|C_TILE_18_we9        |  out|    1|   ap_memory|        C_TILE_18|         array|
|C_TILE_18_address10  |  out|    4|   ap_memory|        C_TILE_18|         array|
|C_TILE_18_ce10       |  out|    1|   ap_memory|        C_TILE_18|         array|
|C_TILE_18_d10        |  out|   32|   ap_memory|        C_TILE_18|         array|
|C_TILE_18_q10        |   in|   32|   ap_memory|        C_TILE_18|         array|
|C_TILE_18_we10       |  out|    1|   ap_memory|        C_TILE_18|         array|
|C_TILE_18_address11  |  out|    4|   ap_memory|        C_TILE_18|         array|
|C_TILE_18_ce11       |  out|    1|   ap_memory|        C_TILE_18|         array|
|C_TILE_18_d11        |  out|   32|   ap_memory|        C_TILE_18|         array|
|C_TILE_18_q11        |   in|   32|   ap_memory|        C_TILE_18|         array|
|C_TILE_18_we11       |  out|    1|   ap_memory|        C_TILE_18|         array|
|C_TILE_18_address12  |  out|    4|   ap_memory|        C_TILE_18|         array|
|C_TILE_18_ce12       |  out|    1|   ap_memory|        C_TILE_18|         array|
|C_TILE_18_d12        |  out|   32|   ap_memory|        C_TILE_18|         array|
|C_TILE_18_q12        |   in|   32|   ap_memory|        C_TILE_18|         array|
|C_TILE_18_we12       |  out|    1|   ap_memory|        C_TILE_18|         array|
|C_TILE_18_address13  |  out|    4|   ap_memory|        C_TILE_18|         array|
|C_TILE_18_ce13       |  out|    1|   ap_memory|        C_TILE_18|         array|
|C_TILE_18_d13        |  out|   32|   ap_memory|        C_TILE_18|         array|
|C_TILE_18_q13        |   in|   32|   ap_memory|        C_TILE_18|         array|
|C_TILE_18_we13       |  out|    1|   ap_memory|        C_TILE_18|         array|
|C_TILE_18_address14  |  out|    4|   ap_memory|        C_TILE_18|         array|
|C_TILE_18_ce14       |  out|    1|   ap_memory|        C_TILE_18|         array|
|C_TILE_18_d14        |  out|   32|   ap_memory|        C_TILE_18|         array|
|C_TILE_18_q14        |   in|   32|   ap_memory|        C_TILE_18|         array|
|C_TILE_18_we14       |  out|    1|   ap_memory|        C_TILE_18|         array|
|C_TILE_18_address15  |  out|    4|   ap_memory|        C_TILE_18|         array|
|C_TILE_18_ce15       |  out|    1|   ap_memory|        C_TILE_18|         array|
|C_TILE_18_d15        |  out|   32|   ap_memory|        C_TILE_18|         array|
|C_TILE_18_q15        |   in|   32|   ap_memory|        C_TILE_18|         array|
|C_TILE_18_we15       |  out|    1|   ap_memory|        C_TILE_18|         array|
|C_TILE_18_address16  |  out|    4|   ap_memory|        C_TILE_18|         array|
|C_TILE_18_ce16       |  out|    1|   ap_memory|        C_TILE_18|         array|
|C_TILE_18_d16        |  out|   32|   ap_memory|        C_TILE_18|         array|
|C_TILE_18_q16        |   in|   32|   ap_memory|        C_TILE_18|         array|
|C_TILE_18_we16       |  out|    1|   ap_memory|        C_TILE_18|         array|
|C_TILE_19_address0   |  out|    4|   ap_memory|        C_TILE_19|         array|
|C_TILE_19_ce0        |  out|    1|   ap_memory|        C_TILE_19|         array|
|C_TILE_19_d0         |  out|   32|   ap_memory|        C_TILE_19|         array|
|C_TILE_19_q0         |   in|   32|   ap_memory|        C_TILE_19|         array|
|C_TILE_19_we0        |  out|    1|   ap_memory|        C_TILE_19|         array|
|C_TILE_19_address1   |  out|    4|   ap_memory|        C_TILE_19|         array|
|C_TILE_19_ce1        |  out|    1|   ap_memory|        C_TILE_19|         array|
|C_TILE_19_d1         |  out|   32|   ap_memory|        C_TILE_19|         array|
|C_TILE_19_q1         |   in|   32|   ap_memory|        C_TILE_19|         array|
|C_TILE_19_we1        |  out|    1|   ap_memory|        C_TILE_19|         array|
|C_TILE_19_address2   |  out|    4|   ap_memory|        C_TILE_19|         array|
|C_TILE_19_ce2        |  out|    1|   ap_memory|        C_TILE_19|         array|
|C_TILE_19_d2         |  out|   32|   ap_memory|        C_TILE_19|         array|
|C_TILE_19_q2         |   in|   32|   ap_memory|        C_TILE_19|         array|
|C_TILE_19_we2        |  out|    1|   ap_memory|        C_TILE_19|         array|
|C_TILE_19_address3   |  out|    4|   ap_memory|        C_TILE_19|         array|
|C_TILE_19_ce3        |  out|    1|   ap_memory|        C_TILE_19|         array|
|C_TILE_19_d3         |  out|   32|   ap_memory|        C_TILE_19|         array|
|C_TILE_19_q3         |   in|   32|   ap_memory|        C_TILE_19|         array|
|C_TILE_19_we3        |  out|    1|   ap_memory|        C_TILE_19|         array|
|C_TILE_19_address4   |  out|    4|   ap_memory|        C_TILE_19|         array|
|C_TILE_19_ce4        |  out|    1|   ap_memory|        C_TILE_19|         array|
|C_TILE_19_d4         |  out|   32|   ap_memory|        C_TILE_19|         array|
|C_TILE_19_q4         |   in|   32|   ap_memory|        C_TILE_19|         array|
|C_TILE_19_we4        |  out|    1|   ap_memory|        C_TILE_19|         array|
|C_TILE_19_address5   |  out|    4|   ap_memory|        C_TILE_19|         array|
|C_TILE_19_ce5        |  out|    1|   ap_memory|        C_TILE_19|         array|
|C_TILE_19_d5         |  out|   32|   ap_memory|        C_TILE_19|         array|
|C_TILE_19_q5         |   in|   32|   ap_memory|        C_TILE_19|         array|
|C_TILE_19_we5        |  out|    1|   ap_memory|        C_TILE_19|         array|
|C_TILE_19_address6   |  out|    4|   ap_memory|        C_TILE_19|         array|
|C_TILE_19_ce6        |  out|    1|   ap_memory|        C_TILE_19|         array|
|C_TILE_19_d6         |  out|   32|   ap_memory|        C_TILE_19|         array|
|C_TILE_19_q6         |   in|   32|   ap_memory|        C_TILE_19|         array|
|C_TILE_19_we6        |  out|    1|   ap_memory|        C_TILE_19|         array|
|C_TILE_19_address7   |  out|    4|   ap_memory|        C_TILE_19|         array|
|C_TILE_19_ce7        |  out|    1|   ap_memory|        C_TILE_19|         array|
|C_TILE_19_d7         |  out|   32|   ap_memory|        C_TILE_19|         array|
|C_TILE_19_q7         |   in|   32|   ap_memory|        C_TILE_19|         array|
|C_TILE_19_we7        |  out|    1|   ap_memory|        C_TILE_19|         array|
|C_TILE_19_address8   |  out|    4|   ap_memory|        C_TILE_19|         array|
|C_TILE_19_ce8        |  out|    1|   ap_memory|        C_TILE_19|         array|
|C_TILE_19_d8         |  out|   32|   ap_memory|        C_TILE_19|         array|
|C_TILE_19_q8         |   in|   32|   ap_memory|        C_TILE_19|         array|
|C_TILE_19_we8        |  out|    1|   ap_memory|        C_TILE_19|         array|
|C_TILE_19_address9   |  out|    4|   ap_memory|        C_TILE_19|         array|
|C_TILE_19_ce9        |  out|    1|   ap_memory|        C_TILE_19|         array|
|C_TILE_19_d9         |  out|   32|   ap_memory|        C_TILE_19|         array|
|C_TILE_19_q9         |   in|   32|   ap_memory|        C_TILE_19|         array|
|C_TILE_19_we9        |  out|    1|   ap_memory|        C_TILE_19|         array|
|C_TILE_19_address10  |  out|    4|   ap_memory|        C_TILE_19|         array|
|C_TILE_19_ce10       |  out|    1|   ap_memory|        C_TILE_19|         array|
|C_TILE_19_d10        |  out|   32|   ap_memory|        C_TILE_19|         array|
|C_TILE_19_q10        |   in|   32|   ap_memory|        C_TILE_19|         array|
|C_TILE_19_we10       |  out|    1|   ap_memory|        C_TILE_19|         array|
|C_TILE_19_address11  |  out|    4|   ap_memory|        C_TILE_19|         array|
|C_TILE_19_ce11       |  out|    1|   ap_memory|        C_TILE_19|         array|
|C_TILE_19_d11        |  out|   32|   ap_memory|        C_TILE_19|         array|
|C_TILE_19_q11        |   in|   32|   ap_memory|        C_TILE_19|         array|
|C_TILE_19_we11       |  out|    1|   ap_memory|        C_TILE_19|         array|
|C_TILE_19_address12  |  out|    4|   ap_memory|        C_TILE_19|         array|
|C_TILE_19_ce12       |  out|    1|   ap_memory|        C_TILE_19|         array|
|C_TILE_19_d12        |  out|   32|   ap_memory|        C_TILE_19|         array|
|C_TILE_19_q12        |   in|   32|   ap_memory|        C_TILE_19|         array|
|C_TILE_19_we12       |  out|    1|   ap_memory|        C_TILE_19|         array|
|C_TILE_19_address13  |  out|    4|   ap_memory|        C_TILE_19|         array|
|C_TILE_19_ce13       |  out|    1|   ap_memory|        C_TILE_19|         array|
|C_TILE_19_d13        |  out|   32|   ap_memory|        C_TILE_19|         array|
|C_TILE_19_q13        |   in|   32|   ap_memory|        C_TILE_19|         array|
|C_TILE_19_we13       |  out|    1|   ap_memory|        C_TILE_19|         array|
|C_TILE_19_address14  |  out|    4|   ap_memory|        C_TILE_19|         array|
|C_TILE_19_ce14       |  out|    1|   ap_memory|        C_TILE_19|         array|
|C_TILE_19_d14        |  out|   32|   ap_memory|        C_TILE_19|         array|
|C_TILE_19_q14        |   in|   32|   ap_memory|        C_TILE_19|         array|
|C_TILE_19_we14       |  out|    1|   ap_memory|        C_TILE_19|         array|
|C_TILE_19_address15  |  out|    4|   ap_memory|        C_TILE_19|         array|
|C_TILE_19_ce15       |  out|    1|   ap_memory|        C_TILE_19|         array|
|C_TILE_19_d15        |  out|   32|   ap_memory|        C_TILE_19|         array|
|C_TILE_19_q15        |   in|   32|   ap_memory|        C_TILE_19|         array|
|C_TILE_19_we15       |  out|    1|   ap_memory|        C_TILE_19|         array|
|C_TILE_19_address16  |  out|    4|   ap_memory|        C_TILE_19|         array|
|C_TILE_19_ce16       |  out|    1|   ap_memory|        C_TILE_19|         array|
|C_TILE_19_d16        |  out|   32|   ap_memory|        C_TILE_19|         array|
|C_TILE_19_q16        |   in|   32|   ap_memory|        C_TILE_19|         array|
|C_TILE_19_we16       |  out|    1|   ap_memory|        C_TILE_19|         array|
|C_TILE_20_address0   |  out|    4|   ap_memory|        C_TILE_20|         array|
|C_TILE_20_ce0        |  out|    1|   ap_memory|        C_TILE_20|         array|
|C_TILE_20_d0         |  out|   32|   ap_memory|        C_TILE_20|         array|
|C_TILE_20_q0         |   in|   32|   ap_memory|        C_TILE_20|         array|
|C_TILE_20_we0        |  out|    1|   ap_memory|        C_TILE_20|         array|
|C_TILE_20_address1   |  out|    4|   ap_memory|        C_TILE_20|         array|
|C_TILE_20_ce1        |  out|    1|   ap_memory|        C_TILE_20|         array|
|C_TILE_20_d1         |  out|   32|   ap_memory|        C_TILE_20|         array|
|C_TILE_20_q1         |   in|   32|   ap_memory|        C_TILE_20|         array|
|C_TILE_20_we1        |  out|    1|   ap_memory|        C_TILE_20|         array|
|C_TILE_20_address2   |  out|    4|   ap_memory|        C_TILE_20|         array|
|C_TILE_20_ce2        |  out|    1|   ap_memory|        C_TILE_20|         array|
|C_TILE_20_d2         |  out|   32|   ap_memory|        C_TILE_20|         array|
|C_TILE_20_q2         |   in|   32|   ap_memory|        C_TILE_20|         array|
|C_TILE_20_we2        |  out|    1|   ap_memory|        C_TILE_20|         array|
|C_TILE_20_address3   |  out|    4|   ap_memory|        C_TILE_20|         array|
|C_TILE_20_ce3        |  out|    1|   ap_memory|        C_TILE_20|         array|
|C_TILE_20_d3         |  out|   32|   ap_memory|        C_TILE_20|         array|
|C_TILE_20_q3         |   in|   32|   ap_memory|        C_TILE_20|         array|
|C_TILE_20_we3        |  out|    1|   ap_memory|        C_TILE_20|         array|
|C_TILE_20_address4   |  out|    4|   ap_memory|        C_TILE_20|         array|
|C_TILE_20_ce4        |  out|    1|   ap_memory|        C_TILE_20|         array|
|C_TILE_20_d4         |  out|   32|   ap_memory|        C_TILE_20|         array|
|C_TILE_20_q4         |   in|   32|   ap_memory|        C_TILE_20|         array|
|C_TILE_20_we4        |  out|    1|   ap_memory|        C_TILE_20|         array|
|C_TILE_20_address5   |  out|    4|   ap_memory|        C_TILE_20|         array|
|C_TILE_20_ce5        |  out|    1|   ap_memory|        C_TILE_20|         array|
|C_TILE_20_d5         |  out|   32|   ap_memory|        C_TILE_20|         array|
|C_TILE_20_q5         |   in|   32|   ap_memory|        C_TILE_20|         array|
|C_TILE_20_we5        |  out|    1|   ap_memory|        C_TILE_20|         array|
|C_TILE_20_address6   |  out|    4|   ap_memory|        C_TILE_20|         array|
|C_TILE_20_ce6        |  out|    1|   ap_memory|        C_TILE_20|         array|
|C_TILE_20_d6         |  out|   32|   ap_memory|        C_TILE_20|         array|
|C_TILE_20_q6         |   in|   32|   ap_memory|        C_TILE_20|         array|
|C_TILE_20_we6        |  out|    1|   ap_memory|        C_TILE_20|         array|
|C_TILE_20_address7   |  out|    4|   ap_memory|        C_TILE_20|         array|
|C_TILE_20_ce7        |  out|    1|   ap_memory|        C_TILE_20|         array|
|C_TILE_20_d7         |  out|   32|   ap_memory|        C_TILE_20|         array|
|C_TILE_20_q7         |   in|   32|   ap_memory|        C_TILE_20|         array|
|C_TILE_20_we7        |  out|    1|   ap_memory|        C_TILE_20|         array|
|C_TILE_20_address8   |  out|    4|   ap_memory|        C_TILE_20|         array|
|C_TILE_20_ce8        |  out|    1|   ap_memory|        C_TILE_20|         array|
|C_TILE_20_d8         |  out|   32|   ap_memory|        C_TILE_20|         array|
|C_TILE_20_q8         |   in|   32|   ap_memory|        C_TILE_20|         array|
|C_TILE_20_we8        |  out|    1|   ap_memory|        C_TILE_20|         array|
|C_TILE_20_address9   |  out|    4|   ap_memory|        C_TILE_20|         array|
|C_TILE_20_ce9        |  out|    1|   ap_memory|        C_TILE_20|         array|
|C_TILE_20_d9         |  out|   32|   ap_memory|        C_TILE_20|         array|
|C_TILE_20_q9         |   in|   32|   ap_memory|        C_TILE_20|         array|
|C_TILE_20_we9        |  out|    1|   ap_memory|        C_TILE_20|         array|
|C_TILE_20_address10  |  out|    4|   ap_memory|        C_TILE_20|         array|
|C_TILE_20_ce10       |  out|    1|   ap_memory|        C_TILE_20|         array|
|C_TILE_20_d10        |  out|   32|   ap_memory|        C_TILE_20|         array|
|C_TILE_20_q10        |   in|   32|   ap_memory|        C_TILE_20|         array|
|C_TILE_20_we10       |  out|    1|   ap_memory|        C_TILE_20|         array|
|C_TILE_20_address11  |  out|    4|   ap_memory|        C_TILE_20|         array|
|C_TILE_20_ce11       |  out|    1|   ap_memory|        C_TILE_20|         array|
|C_TILE_20_d11        |  out|   32|   ap_memory|        C_TILE_20|         array|
|C_TILE_20_q11        |   in|   32|   ap_memory|        C_TILE_20|         array|
|C_TILE_20_we11       |  out|    1|   ap_memory|        C_TILE_20|         array|
|C_TILE_20_address12  |  out|    4|   ap_memory|        C_TILE_20|         array|
|C_TILE_20_ce12       |  out|    1|   ap_memory|        C_TILE_20|         array|
|C_TILE_20_d12        |  out|   32|   ap_memory|        C_TILE_20|         array|
|C_TILE_20_q12        |   in|   32|   ap_memory|        C_TILE_20|         array|
|C_TILE_20_we12       |  out|    1|   ap_memory|        C_TILE_20|         array|
|C_TILE_20_address13  |  out|    4|   ap_memory|        C_TILE_20|         array|
|C_TILE_20_ce13       |  out|    1|   ap_memory|        C_TILE_20|         array|
|C_TILE_20_d13        |  out|   32|   ap_memory|        C_TILE_20|         array|
|C_TILE_20_q13        |   in|   32|   ap_memory|        C_TILE_20|         array|
|C_TILE_20_we13       |  out|    1|   ap_memory|        C_TILE_20|         array|
|C_TILE_20_address14  |  out|    4|   ap_memory|        C_TILE_20|         array|
|C_TILE_20_ce14       |  out|    1|   ap_memory|        C_TILE_20|         array|
|C_TILE_20_d14        |  out|   32|   ap_memory|        C_TILE_20|         array|
|C_TILE_20_q14        |   in|   32|   ap_memory|        C_TILE_20|         array|
|C_TILE_20_we14       |  out|    1|   ap_memory|        C_TILE_20|         array|
|C_TILE_20_address15  |  out|    4|   ap_memory|        C_TILE_20|         array|
|C_TILE_20_ce15       |  out|    1|   ap_memory|        C_TILE_20|         array|
|C_TILE_20_d15        |  out|   32|   ap_memory|        C_TILE_20|         array|
|C_TILE_20_q15        |   in|   32|   ap_memory|        C_TILE_20|         array|
|C_TILE_20_we15       |  out|    1|   ap_memory|        C_TILE_20|         array|
|C_TILE_20_address16  |  out|    4|   ap_memory|        C_TILE_20|         array|
|C_TILE_20_ce16       |  out|    1|   ap_memory|        C_TILE_20|         array|
|C_TILE_20_d16        |  out|   32|   ap_memory|        C_TILE_20|         array|
|C_TILE_20_q16        |   in|   32|   ap_memory|        C_TILE_20|         array|
|C_TILE_20_we16       |  out|    1|   ap_memory|        C_TILE_20|         array|
|C_TILE_21_address0   |  out|    4|   ap_memory|        C_TILE_21|         array|
|C_TILE_21_ce0        |  out|    1|   ap_memory|        C_TILE_21|         array|
|C_TILE_21_d0         |  out|   32|   ap_memory|        C_TILE_21|         array|
|C_TILE_21_q0         |   in|   32|   ap_memory|        C_TILE_21|         array|
|C_TILE_21_we0        |  out|    1|   ap_memory|        C_TILE_21|         array|
|C_TILE_21_address1   |  out|    4|   ap_memory|        C_TILE_21|         array|
|C_TILE_21_ce1        |  out|    1|   ap_memory|        C_TILE_21|         array|
|C_TILE_21_d1         |  out|   32|   ap_memory|        C_TILE_21|         array|
|C_TILE_21_q1         |   in|   32|   ap_memory|        C_TILE_21|         array|
|C_TILE_21_we1        |  out|    1|   ap_memory|        C_TILE_21|         array|
|C_TILE_21_address2   |  out|    4|   ap_memory|        C_TILE_21|         array|
|C_TILE_21_ce2        |  out|    1|   ap_memory|        C_TILE_21|         array|
|C_TILE_21_d2         |  out|   32|   ap_memory|        C_TILE_21|         array|
|C_TILE_21_q2         |   in|   32|   ap_memory|        C_TILE_21|         array|
|C_TILE_21_we2        |  out|    1|   ap_memory|        C_TILE_21|         array|
|C_TILE_21_address3   |  out|    4|   ap_memory|        C_TILE_21|         array|
|C_TILE_21_ce3        |  out|    1|   ap_memory|        C_TILE_21|         array|
|C_TILE_21_d3         |  out|   32|   ap_memory|        C_TILE_21|         array|
|C_TILE_21_q3         |   in|   32|   ap_memory|        C_TILE_21|         array|
|C_TILE_21_we3        |  out|    1|   ap_memory|        C_TILE_21|         array|
|C_TILE_21_address4   |  out|    4|   ap_memory|        C_TILE_21|         array|
|C_TILE_21_ce4        |  out|    1|   ap_memory|        C_TILE_21|         array|
|C_TILE_21_d4         |  out|   32|   ap_memory|        C_TILE_21|         array|
|C_TILE_21_q4         |   in|   32|   ap_memory|        C_TILE_21|         array|
|C_TILE_21_we4        |  out|    1|   ap_memory|        C_TILE_21|         array|
|C_TILE_21_address5   |  out|    4|   ap_memory|        C_TILE_21|         array|
|C_TILE_21_ce5        |  out|    1|   ap_memory|        C_TILE_21|         array|
|C_TILE_21_d5         |  out|   32|   ap_memory|        C_TILE_21|         array|
|C_TILE_21_q5         |   in|   32|   ap_memory|        C_TILE_21|         array|
|C_TILE_21_we5        |  out|    1|   ap_memory|        C_TILE_21|         array|
|C_TILE_21_address6   |  out|    4|   ap_memory|        C_TILE_21|         array|
|C_TILE_21_ce6        |  out|    1|   ap_memory|        C_TILE_21|         array|
|C_TILE_21_d6         |  out|   32|   ap_memory|        C_TILE_21|         array|
|C_TILE_21_q6         |   in|   32|   ap_memory|        C_TILE_21|         array|
|C_TILE_21_we6        |  out|    1|   ap_memory|        C_TILE_21|         array|
|C_TILE_21_address7   |  out|    4|   ap_memory|        C_TILE_21|         array|
|C_TILE_21_ce7        |  out|    1|   ap_memory|        C_TILE_21|         array|
|C_TILE_21_d7         |  out|   32|   ap_memory|        C_TILE_21|         array|
|C_TILE_21_q7         |   in|   32|   ap_memory|        C_TILE_21|         array|
|C_TILE_21_we7        |  out|    1|   ap_memory|        C_TILE_21|         array|
|C_TILE_21_address8   |  out|    4|   ap_memory|        C_TILE_21|         array|
|C_TILE_21_ce8        |  out|    1|   ap_memory|        C_TILE_21|         array|
|C_TILE_21_d8         |  out|   32|   ap_memory|        C_TILE_21|         array|
|C_TILE_21_q8         |   in|   32|   ap_memory|        C_TILE_21|         array|
|C_TILE_21_we8        |  out|    1|   ap_memory|        C_TILE_21|         array|
|C_TILE_21_address9   |  out|    4|   ap_memory|        C_TILE_21|         array|
|C_TILE_21_ce9        |  out|    1|   ap_memory|        C_TILE_21|         array|
|C_TILE_21_d9         |  out|   32|   ap_memory|        C_TILE_21|         array|
|C_TILE_21_q9         |   in|   32|   ap_memory|        C_TILE_21|         array|
|C_TILE_21_we9        |  out|    1|   ap_memory|        C_TILE_21|         array|
|C_TILE_21_address10  |  out|    4|   ap_memory|        C_TILE_21|         array|
|C_TILE_21_ce10       |  out|    1|   ap_memory|        C_TILE_21|         array|
|C_TILE_21_d10        |  out|   32|   ap_memory|        C_TILE_21|         array|
|C_TILE_21_q10        |   in|   32|   ap_memory|        C_TILE_21|         array|
|C_TILE_21_we10       |  out|    1|   ap_memory|        C_TILE_21|         array|
|C_TILE_21_address11  |  out|    4|   ap_memory|        C_TILE_21|         array|
|C_TILE_21_ce11       |  out|    1|   ap_memory|        C_TILE_21|         array|
|C_TILE_21_d11        |  out|   32|   ap_memory|        C_TILE_21|         array|
|C_TILE_21_q11        |   in|   32|   ap_memory|        C_TILE_21|         array|
|C_TILE_21_we11       |  out|    1|   ap_memory|        C_TILE_21|         array|
|C_TILE_21_address12  |  out|    4|   ap_memory|        C_TILE_21|         array|
|C_TILE_21_ce12       |  out|    1|   ap_memory|        C_TILE_21|         array|
|C_TILE_21_d12        |  out|   32|   ap_memory|        C_TILE_21|         array|
|C_TILE_21_q12        |   in|   32|   ap_memory|        C_TILE_21|         array|
|C_TILE_21_we12       |  out|    1|   ap_memory|        C_TILE_21|         array|
|C_TILE_21_address13  |  out|    4|   ap_memory|        C_TILE_21|         array|
|C_TILE_21_ce13       |  out|    1|   ap_memory|        C_TILE_21|         array|
|C_TILE_21_d13        |  out|   32|   ap_memory|        C_TILE_21|         array|
|C_TILE_21_q13        |   in|   32|   ap_memory|        C_TILE_21|         array|
|C_TILE_21_we13       |  out|    1|   ap_memory|        C_TILE_21|         array|
|C_TILE_21_address14  |  out|    4|   ap_memory|        C_TILE_21|         array|
|C_TILE_21_ce14       |  out|    1|   ap_memory|        C_TILE_21|         array|
|C_TILE_21_d14        |  out|   32|   ap_memory|        C_TILE_21|         array|
|C_TILE_21_q14        |   in|   32|   ap_memory|        C_TILE_21|         array|
|C_TILE_21_we14       |  out|    1|   ap_memory|        C_TILE_21|         array|
|C_TILE_21_address15  |  out|    4|   ap_memory|        C_TILE_21|         array|
|C_TILE_21_ce15       |  out|    1|   ap_memory|        C_TILE_21|         array|
|C_TILE_21_d15        |  out|   32|   ap_memory|        C_TILE_21|         array|
|C_TILE_21_q15        |   in|   32|   ap_memory|        C_TILE_21|         array|
|C_TILE_21_we15       |  out|    1|   ap_memory|        C_TILE_21|         array|
|C_TILE_21_address16  |  out|    4|   ap_memory|        C_TILE_21|         array|
|C_TILE_21_ce16       |  out|    1|   ap_memory|        C_TILE_21|         array|
|C_TILE_21_d16        |  out|   32|   ap_memory|        C_TILE_21|         array|
|C_TILE_21_q16        |   in|   32|   ap_memory|        C_TILE_21|         array|
|C_TILE_21_we16       |  out|    1|   ap_memory|        C_TILE_21|         array|
|C_TILE_22_address0   |  out|    4|   ap_memory|        C_TILE_22|         array|
|C_TILE_22_ce0        |  out|    1|   ap_memory|        C_TILE_22|         array|
|C_TILE_22_d0         |  out|   32|   ap_memory|        C_TILE_22|         array|
|C_TILE_22_q0         |   in|   32|   ap_memory|        C_TILE_22|         array|
|C_TILE_22_we0        |  out|    1|   ap_memory|        C_TILE_22|         array|
|C_TILE_22_address1   |  out|    4|   ap_memory|        C_TILE_22|         array|
|C_TILE_22_ce1        |  out|    1|   ap_memory|        C_TILE_22|         array|
|C_TILE_22_d1         |  out|   32|   ap_memory|        C_TILE_22|         array|
|C_TILE_22_q1         |   in|   32|   ap_memory|        C_TILE_22|         array|
|C_TILE_22_we1        |  out|    1|   ap_memory|        C_TILE_22|         array|
|C_TILE_22_address2   |  out|    4|   ap_memory|        C_TILE_22|         array|
|C_TILE_22_ce2        |  out|    1|   ap_memory|        C_TILE_22|         array|
|C_TILE_22_d2         |  out|   32|   ap_memory|        C_TILE_22|         array|
|C_TILE_22_q2         |   in|   32|   ap_memory|        C_TILE_22|         array|
|C_TILE_22_we2        |  out|    1|   ap_memory|        C_TILE_22|         array|
|C_TILE_22_address3   |  out|    4|   ap_memory|        C_TILE_22|         array|
|C_TILE_22_ce3        |  out|    1|   ap_memory|        C_TILE_22|         array|
|C_TILE_22_d3         |  out|   32|   ap_memory|        C_TILE_22|         array|
|C_TILE_22_q3         |   in|   32|   ap_memory|        C_TILE_22|         array|
|C_TILE_22_we3        |  out|    1|   ap_memory|        C_TILE_22|         array|
|C_TILE_22_address4   |  out|    4|   ap_memory|        C_TILE_22|         array|
|C_TILE_22_ce4        |  out|    1|   ap_memory|        C_TILE_22|         array|
|C_TILE_22_d4         |  out|   32|   ap_memory|        C_TILE_22|         array|
|C_TILE_22_q4         |   in|   32|   ap_memory|        C_TILE_22|         array|
|C_TILE_22_we4        |  out|    1|   ap_memory|        C_TILE_22|         array|
|C_TILE_22_address5   |  out|    4|   ap_memory|        C_TILE_22|         array|
|C_TILE_22_ce5        |  out|    1|   ap_memory|        C_TILE_22|         array|
|C_TILE_22_d5         |  out|   32|   ap_memory|        C_TILE_22|         array|
|C_TILE_22_q5         |   in|   32|   ap_memory|        C_TILE_22|         array|
|C_TILE_22_we5        |  out|    1|   ap_memory|        C_TILE_22|         array|
|C_TILE_22_address6   |  out|    4|   ap_memory|        C_TILE_22|         array|
|C_TILE_22_ce6        |  out|    1|   ap_memory|        C_TILE_22|         array|
|C_TILE_22_d6         |  out|   32|   ap_memory|        C_TILE_22|         array|
|C_TILE_22_q6         |   in|   32|   ap_memory|        C_TILE_22|         array|
|C_TILE_22_we6        |  out|    1|   ap_memory|        C_TILE_22|         array|
|C_TILE_22_address7   |  out|    4|   ap_memory|        C_TILE_22|         array|
|C_TILE_22_ce7        |  out|    1|   ap_memory|        C_TILE_22|         array|
|C_TILE_22_d7         |  out|   32|   ap_memory|        C_TILE_22|         array|
|C_TILE_22_q7         |   in|   32|   ap_memory|        C_TILE_22|         array|
|C_TILE_22_we7        |  out|    1|   ap_memory|        C_TILE_22|         array|
|C_TILE_22_address8   |  out|    4|   ap_memory|        C_TILE_22|         array|
|C_TILE_22_ce8        |  out|    1|   ap_memory|        C_TILE_22|         array|
|C_TILE_22_d8         |  out|   32|   ap_memory|        C_TILE_22|         array|
|C_TILE_22_q8         |   in|   32|   ap_memory|        C_TILE_22|         array|
|C_TILE_22_we8        |  out|    1|   ap_memory|        C_TILE_22|         array|
|C_TILE_22_address9   |  out|    4|   ap_memory|        C_TILE_22|         array|
|C_TILE_22_ce9        |  out|    1|   ap_memory|        C_TILE_22|         array|
|C_TILE_22_d9         |  out|   32|   ap_memory|        C_TILE_22|         array|
|C_TILE_22_q9         |   in|   32|   ap_memory|        C_TILE_22|         array|
|C_TILE_22_we9        |  out|    1|   ap_memory|        C_TILE_22|         array|
|C_TILE_22_address10  |  out|    4|   ap_memory|        C_TILE_22|         array|
|C_TILE_22_ce10       |  out|    1|   ap_memory|        C_TILE_22|         array|
|C_TILE_22_d10        |  out|   32|   ap_memory|        C_TILE_22|         array|
|C_TILE_22_q10        |   in|   32|   ap_memory|        C_TILE_22|         array|
|C_TILE_22_we10       |  out|    1|   ap_memory|        C_TILE_22|         array|
|C_TILE_22_address11  |  out|    4|   ap_memory|        C_TILE_22|         array|
|C_TILE_22_ce11       |  out|    1|   ap_memory|        C_TILE_22|         array|
|C_TILE_22_d11        |  out|   32|   ap_memory|        C_TILE_22|         array|
|C_TILE_22_q11        |   in|   32|   ap_memory|        C_TILE_22|         array|
|C_TILE_22_we11       |  out|    1|   ap_memory|        C_TILE_22|         array|
|C_TILE_22_address12  |  out|    4|   ap_memory|        C_TILE_22|         array|
|C_TILE_22_ce12       |  out|    1|   ap_memory|        C_TILE_22|         array|
|C_TILE_22_d12        |  out|   32|   ap_memory|        C_TILE_22|         array|
|C_TILE_22_q12        |   in|   32|   ap_memory|        C_TILE_22|         array|
|C_TILE_22_we12       |  out|    1|   ap_memory|        C_TILE_22|         array|
|C_TILE_22_address13  |  out|    4|   ap_memory|        C_TILE_22|         array|
|C_TILE_22_ce13       |  out|    1|   ap_memory|        C_TILE_22|         array|
|C_TILE_22_d13        |  out|   32|   ap_memory|        C_TILE_22|         array|
|C_TILE_22_q13        |   in|   32|   ap_memory|        C_TILE_22|         array|
|C_TILE_22_we13       |  out|    1|   ap_memory|        C_TILE_22|         array|
|C_TILE_22_address14  |  out|    4|   ap_memory|        C_TILE_22|         array|
|C_TILE_22_ce14       |  out|    1|   ap_memory|        C_TILE_22|         array|
|C_TILE_22_d14        |  out|   32|   ap_memory|        C_TILE_22|         array|
|C_TILE_22_q14        |   in|   32|   ap_memory|        C_TILE_22|         array|
|C_TILE_22_we14       |  out|    1|   ap_memory|        C_TILE_22|         array|
|C_TILE_22_address15  |  out|    4|   ap_memory|        C_TILE_22|         array|
|C_TILE_22_ce15       |  out|    1|   ap_memory|        C_TILE_22|         array|
|C_TILE_22_d15        |  out|   32|   ap_memory|        C_TILE_22|         array|
|C_TILE_22_q15        |   in|   32|   ap_memory|        C_TILE_22|         array|
|C_TILE_22_we15       |  out|    1|   ap_memory|        C_TILE_22|         array|
|C_TILE_22_address16  |  out|    4|   ap_memory|        C_TILE_22|         array|
|C_TILE_22_ce16       |  out|    1|   ap_memory|        C_TILE_22|         array|
|C_TILE_22_d16        |  out|   32|   ap_memory|        C_TILE_22|         array|
|C_TILE_22_q16        |   in|   32|   ap_memory|        C_TILE_22|         array|
|C_TILE_22_we16       |  out|    1|   ap_memory|        C_TILE_22|         array|
|C_TILE_23_address0   |  out|    4|   ap_memory|        C_TILE_23|         array|
|C_TILE_23_ce0        |  out|    1|   ap_memory|        C_TILE_23|         array|
|C_TILE_23_d0         |  out|   32|   ap_memory|        C_TILE_23|         array|
|C_TILE_23_q0         |   in|   32|   ap_memory|        C_TILE_23|         array|
|C_TILE_23_we0        |  out|    1|   ap_memory|        C_TILE_23|         array|
|C_TILE_23_address1   |  out|    4|   ap_memory|        C_TILE_23|         array|
|C_TILE_23_ce1        |  out|    1|   ap_memory|        C_TILE_23|         array|
|C_TILE_23_d1         |  out|   32|   ap_memory|        C_TILE_23|         array|
|C_TILE_23_q1         |   in|   32|   ap_memory|        C_TILE_23|         array|
|C_TILE_23_we1        |  out|    1|   ap_memory|        C_TILE_23|         array|
|C_TILE_23_address2   |  out|    4|   ap_memory|        C_TILE_23|         array|
|C_TILE_23_ce2        |  out|    1|   ap_memory|        C_TILE_23|         array|
|C_TILE_23_d2         |  out|   32|   ap_memory|        C_TILE_23|         array|
|C_TILE_23_q2         |   in|   32|   ap_memory|        C_TILE_23|         array|
|C_TILE_23_we2        |  out|    1|   ap_memory|        C_TILE_23|         array|
|C_TILE_23_address3   |  out|    4|   ap_memory|        C_TILE_23|         array|
|C_TILE_23_ce3        |  out|    1|   ap_memory|        C_TILE_23|         array|
|C_TILE_23_d3         |  out|   32|   ap_memory|        C_TILE_23|         array|
|C_TILE_23_q3         |   in|   32|   ap_memory|        C_TILE_23|         array|
|C_TILE_23_we3        |  out|    1|   ap_memory|        C_TILE_23|         array|
|C_TILE_23_address4   |  out|    4|   ap_memory|        C_TILE_23|         array|
|C_TILE_23_ce4        |  out|    1|   ap_memory|        C_TILE_23|         array|
|C_TILE_23_d4         |  out|   32|   ap_memory|        C_TILE_23|         array|
|C_TILE_23_q4         |   in|   32|   ap_memory|        C_TILE_23|         array|
|C_TILE_23_we4        |  out|    1|   ap_memory|        C_TILE_23|         array|
|C_TILE_23_address5   |  out|    4|   ap_memory|        C_TILE_23|         array|
|C_TILE_23_ce5        |  out|    1|   ap_memory|        C_TILE_23|         array|
|C_TILE_23_d5         |  out|   32|   ap_memory|        C_TILE_23|         array|
|C_TILE_23_q5         |   in|   32|   ap_memory|        C_TILE_23|         array|
|C_TILE_23_we5        |  out|    1|   ap_memory|        C_TILE_23|         array|
|C_TILE_23_address6   |  out|    4|   ap_memory|        C_TILE_23|         array|
|C_TILE_23_ce6        |  out|    1|   ap_memory|        C_TILE_23|         array|
|C_TILE_23_d6         |  out|   32|   ap_memory|        C_TILE_23|         array|
|C_TILE_23_q6         |   in|   32|   ap_memory|        C_TILE_23|         array|
|C_TILE_23_we6        |  out|    1|   ap_memory|        C_TILE_23|         array|
|C_TILE_23_address7   |  out|    4|   ap_memory|        C_TILE_23|         array|
|C_TILE_23_ce7        |  out|    1|   ap_memory|        C_TILE_23|         array|
|C_TILE_23_d7         |  out|   32|   ap_memory|        C_TILE_23|         array|
|C_TILE_23_q7         |   in|   32|   ap_memory|        C_TILE_23|         array|
|C_TILE_23_we7        |  out|    1|   ap_memory|        C_TILE_23|         array|
|C_TILE_23_address8   |  out|    4|   ap_memory|        C_TILE_23|         array|
|C_TILE_23_ce8        |  out|    1|   ap_memory|        C_TILE_23|         array|
|C_TILE_23_d8         |  out|   32|   ap_memory|        C_TILE_23|         array|
|C_TILE_23_q8         |   in|   32|   ap_memory|        C_TILE_23|         array|
|C_TILE_23_we8        |  out|    1|   ap_memory|        C_TILE_23|         array|
|C_TILE_23_address9   |  out|    4|   ap_memory|        C_TILE_23|         array|
|C_TILE_23_ce9        |  out|    1|   ap_memory|        C_TILE_23|         array|
|C_TILE_23_d9         |  out|   32|   ap_memory|        C_TILE_23|         array|
|C_TILE_23_q9         |   in|   32|   ap_memory|        C_TILE_23|         array|
|C_TILE_23_we9        |  out|    1|   ap_memory|        C_TILE_23|         array|
|C_TILE_23_address10  |  out|    4|   ap_memory|        C_TILE_23|         array|
|C_TILE_23_ce10       |  out|    1|   ap_memory|        C_TILE_23|         array|
|C_TILE_23_d10        |  out|   32|   ap_memory|        C_TILE_23|         array|
|C_TILE_23_q10        |   in|   32|   ap_memory|        C_TILE_23|         array|
|C_TILE_23_we10       |  out|    1|   ap_memory|        C_TILE_23|         array|
|C_TILE_23_address11  |  out|    4|   ap_memory|        C_TILE_23|         array|
|C_TILE_23_ce11       |  out|    1|   ap_memory|        C_TILE_23|         array|
|C_TILE_23_d11        |  out|   32|   ap_memory|        C_TILE_23|         array|
|C_TILE_23_q11        |   in|   32|   ap_memory|        C_TILE_23|         array|
|C_TILE_23_we11       |  out|    1|   ap_memory|        C_TILE_23|         array|
|C_TILE_23_address12  |  out|    4|   ap_memory|        C_TILE_23|         array|
|C_TILE_23_ce12       |  out|    1|   ap_memory|        C_TILE_23|         array|
|C_TILE_23_d12        |  out|   32|   ap_memory|        C_TILE_23|         array|
|C_TILE_23_q12        |   in|   32|   ap_memory|        C_TILE_23|         array|
|C_TILE_23_we12       |  out|    1|   ap_memory|        C_TILE_23|         array|
|C_TILE_23_address13  |  out|    4|   ap_memory|        C_TILE_23|         array|
|C_TILE_23_ce13       |  out|    1|   ap_memory|        C_TILE_23|         array|
|C_TILE_23_d13        |  out|   32|   ap_memory|        C_TILE_23|         array|
|C_TILE_23_q13        |   in|   32|   ap_memory|        C_TILE_23|         array|
|C_TILE_23_we13       |  out|    1|   ap_memory|        C_TILE_23|         array|
|C_TILE_23_address14  |  out|    4|   ap_memory|        C_TILE_23|         array|
|C_TILE_23_ce14       |  out|    1|   ap_memory|        C_TILE_23|         array|
|C_TILE_23_d14        |  out|   32|   ap_memory|        C_TILE_23|         array|
|C_TILE_23_q14        |   in|   32|   ap_memory|        C_TILE_23|         array|
|C_TILE_23_we14       |  out|    1|   ap_memory|        C_TILE_23|         array|
|C_TILE_23_address15  |  out|    4|   ap_memory|        C_TILE_23|         array|
|C_TILE_23_ce15       |  out|    1|   ap_memory|        C_TILE_23|         array|
|C_TILE_23_d15        |  out|   32|   ap_memory|        C_TILE_23|         array|
|C_TILE_23_q15        |   in|   32|   ap_memory|        C_TILE_23|         array|
|C_TILE_23_we15       |  out|    1|   ap_memory|        C_TILE_23|         array|
|C_TILE_23_address16  |  out|    4|   ap_memory|        C_TILE_23|         array|
|C_TILE_23_ce16       |  out|    1|   ap_memory|        C_TILE_23|         array|
|C_TILE_23_d16        |  out|   32|   ap_memory|        C_TILE_23|         array|
|C_TILE_23_q16        |   in|   32|   ap_memory|        C_TILE_23|         array|
|C_TILE_23_we16       |  out|    1|   ap_memory|        C_TILE_23|         array|
|C_TILE_24_address0   |  out|    4|   ap_memory|        C_TILE_24|         array|
|C_TILE_24_ce0        |  out|    1|   ap_memory|        C_TILE_24|         array|
|C_TILE_24_d0         |  out|   32|   ap_memory|        C_TILE_24|         array|
|C_TILE_24_q0         |   in|   32|   ap_memory|        C_TILE_24|         array|
|C_TILE_24_we0        |  out|    1|   ap_memory|        C_TILE_24|         array|
|C_TILE_24_address1   |  out|    4|   ap_memory|        C_TILE_24|         array|
|C_TILE_24_ce1        |  out|    1|   ap_memory|        C_TILE_24|         array|
|C_TILE_24_d1         |  out|   32|   ap_memory|        C_TILE_24|         array|
|C_TILE_24_q1         |   in|   32|   ap_memory|        C_TILE_24|         array|
|C_TILE_24_we1        |  out|    1|   ap_memory|        C_TILE_24|         array|
|C_TILE_24_address2   |  out|    4|   ap_memory|        C_TILE_24|         array|
|C_TILE_24_ce2        |  out|    1|   ap_memory|        C_TILE_24|         array|
|C_TILE_24_d2         |  out|   32|   ap_memory|        C_TILE_24|         array|
|C_TILE_24_q2         |   in|   32|   ap_memory|        C_TILE_24|         array|
|C_TILE_24_we2        |  out|    1|   ap_memory|        C_TILE_24|         array|
|C_TILE_24_address3   |  out|    4|   ap_memory|        C_TILE_24|         array|
|C_TILE_24_ce3        |  out|    1|   ap_memory|        C_TILE_24|         array|
|C_TILE_24_d3         |  out|   32|   ap_memory|        C_TILE_24|         array|
|C_TILE_24_q3         |   in|   32|   ap_memory|        C_TILE_24|         array|
|C_TILE_24_we3        |  out|    1|   ap_memory|        C_TILE_24|         array|
|C_TILE_24_address4   |  out|    4|   ap_memory|        C_TILE_24|         array|
|C_TILE_24_ce4        |  out|    1|   ap_memory|        C_TILE_24|         array|
|C_TILE_24_d4         |  out|   32|   ap_memory|        C_TILE_24|         array|
|C_TILE_24_q4         |   in|   32|   ap_memory|        C_TILE_24|         array|
|C_TILE_24_we4        |  out|    1|   ap_memory|        C_TILE_24|         array|
|C_TILE_24_address5   |  out|    4|   ap_memory|        C_TILE_24|         array|
|C_TILE_24_ce5        |  out|    1|   ap_memory|        C_TILE_24|         array|
|C_TILE_24_d5         |  out|   32|   ap_memory|        C_TILE_24|         array|
|C_TILE_24_q5         |   in|   32|   ap_memory|        C_TILE_24|         array|
|C_TILE_24_we5        |  out|    1|   ap_memory|        C_TILE_24|         array|
|C_TILE_24_address6   |  out|    4|   ap_memory|        C_TILE_24|         array|
|C_TILE_24_ce6        |  out|    1|   ap_memory|        C_TILE_24|         array|
|C_TILE_24_d6         |  out|   32|   ap_memory|        C_TILE_24|         array|
|C_TILE_24_q6         |   in|   32|   ap_memory|        C_TILE_24|         array|
|C_TILE_24_we6        |  out|    1|   ap_memory|        C_TILE_24|         array|
|C_TILE_24_address7   |  out|    4|   ap_memory|        C_TILE_24|         array|
|C_TILE_24_ce7        |  out|    1|   ap_memory|        C_TILE_24|         array|
|C_TILE_24_d7         |  out|   32|   ap_memory|        C_TILE_24|         array|
|C_TILE_24_q7         |   in|   32|   ap_memory|        C_TILE_24|         array|
|C_TILE_24_we7        |  out|    1|   ap_memory|        C_TILE_24|         array|
|C_TILE_24_address8   |  out|    4|   ap_memory|        C_TILE_24|         array|
|C_TILE_24_ce8        |  out|    1|   ap_memory|        C_TILE_24|         array|
|C_TILE_24_d8         |  out|   32|   ap_memory|        C_TILE_24|         array|
|C_TILE_24_q8         |   in|   32|   ap_memory|        C_TILE_24|         array|
|C_TILE_24_we8        |  out|    1|   ap_memory|        C_TILE_24|         array|
|C_TILE_24_address9   |  out|    4|   ap_memory|        C_TILE_24|         array|
|C_TILE_24_ce9        |  out|    1|   ap_memory|        C_TILE_24|         array|
|C_TILE_24_d9         |  out|   32|   ap_memory|        C_TILE_24|         array|
|C_TILE_24_q9         |   in|   32|   ap_memory|        C_TILE_24|         array|
|C_TILE_24_we9        |  out|    1|   ap_memory|        C_TILE_24|         array|
|C_TILE_24_address10  |  out|    4|   ap_memory|        C_TILE_24|         array|
|C_TILE_24_ce10       |  out|    1|   ap_memory|        C_TILE_24|         array|
|C_TILE_24_d10        |  out|   32|   ap_memory|        C_TILE_24|         array|
|C_TILE_24_q10        |   in|   32|   ap_memory|        C_TILE_24|         array|
|C_TILE_24_we10       |  out|    1|   ap_memory|        C_TILE_24|         array|
|C_TILE_24_address11  |  out|    4|   ap_memory|        C_TILE_24|         array|
|C_TILE_24_ce11       |  out|    1|   ap_memory|        C_TILE_24|         array|
|C_TILE_24_d11        |  out|   32|   ap_memory|        C_TILE_24|         array|
|C_TILE_24_q11        |   in|   32|   ap_memory|        C_TILE_24|         array|
|C_TILE_24_we11       |  out|    1|   ap_memory|        C_TILE_24|         array|
|C_TILE_24_address12  |  out|    4|   ap_memory|        C_TILE_24|         array|
|C_TILE_24_ce12       |  out|    1|   ap_memory|        C_TILE_24|         array|
|C_TILE_24_d12        |  out|   32|   ap_memory|        C_TILE_24|         array|
|C_TILE_24_q12        |   in|   32|   ap_memory|        C_TILE_24|         array|
|C_TILE_24_we12       |  out|    1|   ap_memory|        C_TILE_24|         array|
|C_TILE_24_address13  |  out|    4|   ap_memory|        C_TILE_24|         array|
|C_TILE_24_ce13       |  out|    1|   ap_memory|        C_TILE_24|         array|
|C_TILE_24_d13        |  out|   32|   ap_memory|        C_TILE_24|         array|
|C_TILE_24_q13        |   in|   32|   ap_memory|        C_TILE_24|         array|
|C_TILE_24_we13       |  out|    1|   ap_memory|        C_TILE_24|         array|
|C_TILE_24_address14  |  out|    4|   ap_memory|        C_TILE_24|         array|
|C_TILE_24_ce14       |  out|    1|   ap_memory|        C_TILE_24|         array|
|C_TILE_24_d14        |  out|   32|   ap_memory|        C_TILE_24|         array|
|C_TILE_24_q14        |   in|   32|   ap_memory|        C_TILE_24|         array|
|C_TILE_24_we14       |  out|    1|   ap_memory|        C_TILE_24|         array|
|C_TILE_24_address15  |  out|    4|   ap_memory|        C_TILE_24|         array|
|C_TILE_24_ce15       |  out|    1|   ap_memory|        C_TILE_24|         array|
|C_TILE_24_d15        |  out|   32|   ap_memory|        C_TILE_24|         array|
|C_TILE_24_q15        |   in|   32|   ap_memory|        C_TILE_24|         array|
|C_TILE_24_we15       |  out|    1|   ap_memory|        C_TILE_24|         array|
|C_TILE_24_address16  |  out|    4|   ap_memory|        C_TILE_24|         array|
|C_TILE_24_ce16       |  out|    1|   ap_memory|        C_TILE_24|         array|
|C_TILE_24_d16        |  out|   32|   ap_memory|        C_TILE_24|         array|
|C_TILE_24_q16        |   in|   32|   ap_memory|        C_TILE_24|         array|
|C_TILE_24_we16       |  out|    1|   ap_memory|        C_TILE_24|         array|
|C_TILE_25_address0   |  out|    4|   ap_memory|        C_TILE_25|         array|
|C_TILE_25_ce0        |  out|    1|   ap_memory|        C_TILE_25|         array|
|C_TILE_25_d0         |  out|   32|   ap_memory|        C_TILE_25|         array|
|C_TILE_25_q0         |   in|   32|   ap_memory|        C_TILE_25|         array|
|C_TILE_25_we0        |  out|    1|   ap_memory|        C_TILE_25|         array|
|C_TILE_25_address1   |  out|    4|   ap_memory|        C_TILE_25|         array|
|C_TILE_25_ce1        |  out|    1|   ap_memory|        C_TILE_25|         array|
|C_TILE_25_d1         |  out|   32|   ap_memory|        C_TILE_25|         array|
|C_TILE_25_q1         |   in|   32|   ap_memory|        C_TILE_25|         array|
|C_TILE_25_we1        |  out|    1|   ap_memory|        C_TILE_25|         array|
|C_TILE_25_address2   |  out|    4|   ap_memory|        C_TILE_25|         array|
|C_TILE_25_ce2        |  out|    1|   ap_memory|        C_TILE_25|         array|
|C_TILE_25_d2         |  out|   32|   ap_memory|        C_TILE_25|         array|
|C_TILE_25_q2         |   in|   32|   ap_memory|        C_TILE_25|         array|
|C_TILE_25_we2        |  out|    1|   ap_memory|        C_TILE_25|         array|
|C_TILE_25_address3   |  out|    4|   ap_memory|        C_TILE_25|         array|
|C_TILE_25_ce3        |  out|    1|   ap_memory|        C_TILE_25|         array|
|C_TILE_25_d3         |  out|   32|   ap_memory|        C_TILE_25|         array|
|C_TILE_25_q3         |   in|   32|   ap_memory|        C_TILE_25|         array|
|C_TILE_25_we3        |  out|    1|   ap_memory|        C_TILE_25|         array|
|C_TILE_25_address4   |  out|    4|   ap_memory|        C_TILE_25|         array|
|C_TILE_25_ce4        |  out|    1|   ap_memory|        C_TILE_25|         array|
|C_TILE_25_d4         |  out|   32|   ap_memory|        C_TILE_25|         array|
|C_TILE_25_q4         |   in|   32|   ap_memory|        C_TILE_25|         array|
|C_TILE_25_we4        |  out|    1|   ap_memory|        C_TILE_25|         array|
|C_TILE_25_address5   |  out|    4|   ap_memory|        C_TILE_25|         array|
|C_TILE_25_ce5        |  out|    1|   ap_memory|        C_TILE_25|         array|
|C_TILE_25_d5         |  out|   32|   ap_memory|        C_TILE_25|         array|
|C_TILE_25_q5         |   in|   32|   ap_memory|        C_TILE_25|         array|
|C_TILE_25_we5        |  out|    1|   ap_memory|        C_TILE_25|         array|
|C_TILE_25_address6   |  out|    4|   ap_memory|        C_TILE_25|         array|
|C_TILE_25_ce6        |  out|    1|   ap_memory|        C_TILE_25|         array|
|C_TILE_25_d6         |  out|   32|   ap_memory|        C_TILE_25|         array|
|C_TILE_25_q6         |   in|   32|   ap_memory|        C_TILE_25|         array|
|C_TILE_25_we6        |  out|    1|   ap_memory|        C_TILE_25|         array|
|C_TILE_25_address7   |  out|    4|   ap_memory|        C_TILE_25|         array|
|C_TILE_25_ce7        |  out|    1|   ap_memory|        C_TILE_25|         array|
|C_TILE_25_d7         |  out|   32|   ap_memory|        C_TILE_25|         array|
|C_TILE_25_q7         |   in|   32|   ap_memory|        C_TILE_25|         array|
|C_TILE_25_we7        |  out|    1|   ap_memory|        C_TILE_25|         array|
|C_TILE_25_address8   |  out|    4|   ap_memory|        C_TILE_25|         array|
|C_TILE_25_ce8        |  out|    1|   ap_memory|        C_TILE_25|         array|
|C_TILE_25_d8         |  out|   32|   ap_memory|        C_TILE_25|         array|
|C_TILE_25_q8         |   in|   32|   ap_memory|        C_TILE_25|         array|
|C_TILE_25_we8        |  out|    1|   ap_memory|        C_TILE_25|         array|
|C_TILE_25_address9   |  out|    4|   ap_memory|        C_TILE_25|         array|
|C_TILE_25_ce9        |  out|    1|   ap_memory|        C_TILE_25|         array|
|C_TILE_25_d9         |  out|   32|   ap_memory|        C_TILE_25|         array|
|C_TILE_25_q9         |   in|   32|   ap_memory|        C_TILE_25|         array|
|C_TILE_25_we9        |  out|    1|   ap_memory|        C_TILE_25|         array|
|C_TILE_25_address10  |  out|    4|   ap_memory|        C_TILE_25|         array|
|C_TILE_25_ce10       |  out|    1|   ap_memory|        C_TILE_25|         array|
|C_TILE_25_d10        |  out|   32|   ap_memory|        C_TILE_25|         array|
|C_TILE_25_q10        |   in|   32|   ap_memory|        C_TILE_25|         array|
|C_TILE_25_we10       |  out|    1|   ap_memory|        C_TILE_25|         array|
|C_TILE_25_address11  |  out|    4|   ap_memory|        C_TILE_25|         array|
|C_TILE_25_ce11       |  out|    1|   ap_memory|        C_TILE_25|         array|
|C_TILE_25_d11        |  out|   32|   ap_memory|        C_TILE_25|         array|
|C_TILE_25_q11        |   in|   32|   ap_memory|        C_TILE_25|         array|
|C_TILE_25_we11       |  out|    1|   ap_memory|        C_TILE_25|         array|
|C_TILE_25_address12  |  out|    4|   ap_memory|        C_TILE_25|         array|
|C_TILE_25_ce12       |  out|    1|   ap_memory|        C_TILE_25|         array|
|C_TILE_25_d12        |  out|   32|   ap_memory|        C_TILE_25|         array|
|C_TILE_25_q12        |   in|   32|   ap_memory|        C_TILE_25|         array|
|C_TILE_25_we12       |  out|    1|   ap_memory|        C_TILE_25|         array|
|C_TILE_25_address13  |  out|    4|   ap_memory|        C_TILE_25|         array|
|C_TILE_25_ce13       |  out|    1|   ap_memory|        C_TILE_25|         array|
|C_TILE_25_d13        |  out|   32|   ap_memory|        C_TILE_25|         array|
|C_TILE_25_q13        |   in|   32|   ap_memory|        C_TILE_25|         array|
|C_TILE_25_we13       |  out|    1|   ap_memory|        C_TILE_25|         array|
|C_TILE_25_address14  |  out|    4|   ap_memory|        C_TILE_25|         array|
|C_TILE_25_ce14       |  out|    1|   ap_memory|        C_TILE_25|         array|
|C_TILE_25_d14        |  out|   32|   ap_memory|        C_TILE_25|         array|
|C_TILE_25_q14        |   in|   32|   ap_memory|        C_TILE_25|         array|
|C_TILE_25_we14       |  out|    1|   ap_memory|        C_TILE_25|         array|
|C_TILE_25_address15  |  out|    4|   ap_memory|        C_TILE_25|         array|
|C_TILE_25_ce15       |  out|    1|   ap_memory|        C_TILE_25|         array|
|C_TILE_25_d15        |  out|   32|   ap_memory|        C_TILE_25|         array|
|C_TILE_25_q15        |   in|   32|   ap_memory|        C_TILE_25|         array|
|C_TILE_25_we15       |  out|    1|   ap_memory|        C_TILE_25|         array|
|C_TILE_25_address16  |  out|    4|   ap_memory|        C_TILE_25|         array|
|C_TILE_25_ce16       |  out|    1|   ap_memory|        C_TILE_25|         array|
|C_TILE_25_d16        |  out|   32|   ap_memory|        C_TILE_25|         array|
|C_TILE_25_q16        |   in|   32|   ap_memory|        C_TILE_25|         array|
|C_TILE_25_we16       |  out|    1|   ap_memory|        C_TILE_25|         array|
|C_TILE_26_address0   |  out|    4|   ap_memory|        C_TILE_26|         array|
|C_TILE_26_ce0        |  out|    1|   ap_memory|        C_TILE_26|         array|
|C_TILE_26_d0         |  out|   32|   ap_memory|        C_TILE_26|         array|
|C_TILE_26_q0         |   in|   32|   ap_memory|        C_TILE_26|         array|
|C_TILE_26_we0        |  out|    1|   ap_memory|        C_TILE_26|         array|
|C_TILE_26_address1   |  out|    4|   ap_memory|        C_TILE_26|         array|
|C_TILE_26_ce1        |  out|    1|   ap_memory|        C_TILE_26|         array|
|C_TILE_26_d1         |  out|   32|   ap_memory|        C_TILE_26|         array|
|C_TILE_26_q1         |   in|   32|   ap_memory|        C_TILE_26|         array|
|C_TILE_26_we1        |  out|    1|   ap_memory|        C_TILE_26|         array|
|C_TILE_26_address2   |  out|    4|   ap_memory|        C_TILE_26|         array|
|C_TILE_26_ce2        |  out|    1|   ap_memory|        C_TILE_26|         array|
|C_TILE_26_d2         |  out|   32|   ap_memory|        C_TILE_26|         array|
|C_TILE_26_q2         |   in|   32|   ap_memory|        C_TILE_26|         array|
|C_TILE_26_we2        |  out|    1|   ap_memory|        C_TILE_26|         array|
|C_TILE_26_address3   |  out|    4|   ap_memory|        C_TILE_26|         array|
|C_TILE_26_ce3        |  out|    1|   ap_memory|        C_TILE_26|         array|
|C_TILE_26_d3         |  out|   32|   ap_memory|        C_TILE_26|         array|
|C_TILE_26_q3         |   in|   32|   ap_memory|        C_TILE_26|         array|
|C_TILE_26_we3        |  out|    1|   ap_memory|        C_TILE_26|         array|
|C_TILE_26_address4   |  out|    4|   ap_memory|        C_TILE_26|         array|
|C_TILE_26_ce4        |  out|    1|   ap_memory|        C_TILE_26|         array|
|C_TILE_26_d4         |  out|   32|   ap_memory|        C_TILE_26|         array|
|C_TILE_26_q4         |   in|   32|   ap_memory|        C_TILE_26|         array|
|C_TILE_26_we4        |  out|    1|   ap_memory|        C_TILE_26|         array|
|C_TILE_26_address5   |  out|    4|   ap_memory|        C_TILE_26|         array|
|C_TILE_26_ce5        |  out|    1|   ap_memory|        C_TILE_26|         array|
|C_TILE_26_d5         |  out|   32|   ap_memory|        C_TILE_26|         array|
|C_TILE_26_q5         |   in|   32|   ap_memory|        C_TILE_26|         array|
|C_TILE_26_we5        |  out|    1|   ap_memory|        C_TILE_26|         array|
|C_TILE_26_address6   |  out|    4|   ap_memory|        C_TILE_26|         array|
|C_TILE_26_ce6        |  out|    1|   ap_memory|        C_TILE_26|         array|
|C_TILE_26_d6         |  out|   32|   ap_memory|        C_TILE_26|         array|
|C_TILE_26_q6         |   in|   32|   ap_memory|        C_TILE_26|         array|
|C_TILE_26_we6        |  out|    1|   ap_memory|        C_TILE_26|         array|
|C_TILE_26_address7   |  out|    4|   ap_memory|        C_TILE_26|         array|
|C_TILE_26_ce7        |  out|    1|   ap_memory|        C_TILE_26|         array|
|C_TILE_26_d7         |  out|   32|   ap_memory|        C_TILE_26|         array|
|C_TILE_26_q7         |   in|   32|   ap_memory|        C_TILE_26|         array|
|C_TILE_26_we7        |  out|    1|   ap_memory|        C_TILE_26|         array|
|C_TILE_26_address8   |  out|    4|   ap_memory|        C_TILE_26|         array|
|C_TILE_26_ce8        |  out|    1|   ap_memory|        C_TILE_26|         array|
|C_TILE_26_d8         |  out|   32|   ap_memory|        C_TILE_26|         array|
|C_TILE_26_q8         |   in|   32|   ap_memory|        C_TILE_26|         array|
|C_TILE_26_we8        |  out|    1|   ap_memory|        C_TILE_26|         array|
|C_TILE_26_address9   |  out|    4|   ap_memory|        C_TILE_26|         array|
|C_TILE_26_ce9        |  out|    1|   ap_memory|        C_TILE_26|         array|
|C_TILE_26_d9         |  out|   32|   ap_memory|        C_TILE_26|         array|
|C_TILE_26_q9         |   in|   32|   ap_memory|        C_TILE_26|         array|
|C_TILE_26_we9        |  out|    1|   ap_memory|        C_TILE_26|         array|
|C_TILE_26_address10  |  out|    4|   ap_memory|        C_TILE_26|         array|
|C_TILE_26_ce10       |  out|    1|   ap_memory|        C_TILE_26|         array|
|C_TILE_26_d10        |  out|   32|   ap_memory|        C_TILE_26|         array|
|C_TILE_26_q10        |   in|   32|   ap_memory|        C_TILE_26|         array|
|C_TILE_26_we10       |  out|    1|   ap_memory|        C_TILE_26|         array|
|C_TILE_26_address11  |  out|    4|   ap_memory|        C_TILE_26|         array|
|C_TILE_26_ce11       |  out|    1|   ap_memory|        C_TILE_26|         array|
|C_TILE_26_d11        |  out|   32|   ap_memory|        C_TILE_26|         array|
|C_TILE_26_q11        |   in|   32|   ap_memory|        C_TILE_26|         array|
|C_TILE_26_we11       |  out|    1|   ap_memory|        C_TILE_26|         array|
|C_TILE_26_address12  |  out|    4|   ap_memory|        C_TILE_26|         array|
|C_TILE_26_ce12       |  out|    1|   ap_memory|        C_TILE_26|         array|
|C_TILE_26_d12        |  out|   32|   ap_memory|        C_TILE_26|         array|
|C_TILE_26_q12        |   in|   32|   ap_memory|        C_TILE_26|         array|
|C_TILE_26_we12       |  out|    1|   ap_memory|        C_TILE_26|         array|
|C_TILE_26_address13  |  out|    4|   ap_memory|        C_TILE_26|         array|
|C_TILE_26_ce13       |  out|    1|   ap_memory|        C_TILE_26|         array|
|C_TILE_26_d13        |  out|   32|   ap_memory|        C_TILE_26|         array|
|C_TILE_26_q13        |   in|   32|   ap_memory|        C_TILE_26|         array|
|C_TILE_26_we13       |  out|    1|   ap_memory|        C_TILE_26|         array|
|C_TILE_26_address14  |  out|    4|   ap_memory|        C_TILE_26|         array|
|C_TILE_26_ce14       |  out|    1|   ap_memory|        C_TILE_26|         array|
|C_TILE_26_d14        |  out|   32|   ap_memory|        C_TILE_26|         array|
|C_TILE_26_q14        |   in|   32|   ap_memory|        C_TILE_26|         array|
|C_TILE_26_we14       |  out|    1|   ap_memory|        C_TILE_26|         array|
|C_TILE_26_address15  |  out|    4|   ap_memory|        C_TILE_26|         array|
|C_TILE_26_ce15       |  out|    1|   ap_memory|        C_TILE_26|         array|
|C_TILE_26_d15        |  out|   32|   ap_memory|        C_TILE_26|         array|
|C_TILE_26_q15        |   in|   32|   ap_memory|        C_TILE_26|         array|
|C_TILE_26_we15       |  out|    1|   ap_memory|        C_TILE_26|         array|
|C_TILE_26_address16  |  out|    4|   ap_memory|        C_TILE_26|         array|
|C_TILE_26_ce16       |  out|    1|   ap_memory|        C_TILE_26|         array|
|C_TILE_26_d16        |  out|   32|   ap_memory|        C_TILE_26|         array|
|C_TILE_26_q16        |   in|   32|   ap_memory|        C_TILE_26|         array|
|C_TILE_26_we16       |  out|    1|   ap_memory|        C_TILE_26|         array|
|C_TILE_27_address0   |  out|    4|   ap_memory|        C_TILE_27|         array|
|C_TILE_27_ce0        |  out|    1|   ap_memory|        C_TILE_27|         array|
|C_TILE_27_d0         |  out|   32|   ap_memory|        C_TILE_27|         array|
|C_TILE_27_q0         |   in|   32|   ap_memory|        C_TILE_27|         array|
|C_TILE_27_we0        |  out|    1|   ap_memory|        C_TILE_27|         array|
|C_TILE_27_address1   |  out|    4|   ap_memory|        C_TILE_27|         array|
|C_TILE_27_ce1        |  out|    1|   ap_memory|        C_TILE_27|         array|
|C_TILE_27_d1         |  out|   32|   ap_memory|        C_TILE_27|         array|
|C_TILE_27_q1         |   in|   32|   ap_memory|        C_TILE_27|         array|
|C_TILE_27_we1        |  out|    1|   ap_memory|        C_TILE_27|         array|
|C_TILE_27_address2   |  out|    4|   ap_memory|        C_TILE_27|         array|
|C_TILE_27_ce2        |  out|    1|   ap_memory|        C_TILE_27|         array|
|C_TILE_27_d2         |  out|   32|   ap_memory|        C_TILE_27|         array|
|C_TILE_27_q2         |   in|   32|   ap_memory|        C_TILE_27|         array|
|C_TILE_27_we2        |  out|    1|   ap_memory|        C_TILE_27|         array|
|C_TILE_27_address3   |  out|    4|   ap_memory|        C_TILE_27|         array|
|C_TILE_27_ce3        |  out|    1|   ap_memory|        C_TILE_27|         array|
|C_TILE_27_d3         |  out|   32|   ap_memory|        C_TILE_27|         array|
|C_TILE_27_q3         |   in|   32|   ap_memory|        C_TILE_27|         array|
|C_TILE_27_we3        |  out|    1|   ap_memory|        C_TILE_27|         array|
|C_TILE_27_address4   |  out|    4|   ap_memory|        C_TILE_27|         array|
|C_TILE_27_ce4        |  out|    1|   ap_memory|        C_TILE_27|         array|
|C_TILE_27_d4         |  out|   32|   ap_memory|        C_TILE_27|         array|
|C_TILE_27_q4         |   in|   32|   ap_memory|        C_TILE_27|         array|
|C_TILE_27_we4        |  out|    1|   ap_memory|        C_TILE_27|         array|
|C_TILE_27_address5   |  out|    4|   ap_memory|        C_TILE_27|         array|
|C_TILE_27_ce5        |  out|    1|   ap_memory|        C_TILE_27|         array|
|C_TILE_27_d5         |  out|   32|   ap_memory|        C_TILE_27|         array|
|C_TILE_27_q5         |   in|   32|   ap_memory|        C_TILE_27|         array|
|C_TILE_27_we5        |  out|    1|   ap_memory|        C_TILE_27|         array|
|C_TILE_27_address6   |  out|    4|   ap_memory|        C_TILE_27|         array|
|C_TILE_27_ce6        |  out|    1|   ap_memory|        C_TILE_27|         array|
|C_TILE_27_d6         |  out|   32|   ap_memory|        C_TILE_27|         array|
|C_TILE_27_q6         |   in|   32|   ap_memory|        C_TILE_27|         array|
|C_TILE_27_we6        |  out|    1|   ap_memory|        C_TILE_27|         array|
|C_TILE_27_address7   |  out|    4|   ap_memory|        C_TILE_27|         array|
|C_TILE_27_ce7        |  out|    1|   ap_memory|        C_TILE_27|         array|
|C_TILE_27_d7         |  out|   32|   ap_memory|        C_TILE_27|         array|
|C_TILE_27_q7         |   in|   32|   ap_memory|        C_TILE_27|         array|
|C_TILE_27_we7        |  out|    1|   ap_memory|        C_TILE_27|         array|
|C_TILE_27_address8   |  out|    4|   ap_memory|        C_TILE_27|         array|
|C_TILE_27_ce8        |  out|    1|   ap_memory|        C_TILE_27|         array|
|C_TILE_27_d8         |  out|   32|   ap_memory|        C_TILE_27|         array|
|C_TILE_27_q8         |   in|   32|   ap_memory|        C_TILE_27|         array|
|C_TILE_27_we8        |  out|    1|   ap_memory|        C_TILE_27|         array|
|C_TILE_27_address9   |  out|    4|   ap_memory|        C_TILE_27|         array|
|C_TILE_27_ce9        |  out|    1|   ap_memory|        C_TILE_27|         array|
|C_TILE_27_d9         |  out|   32|   ap_memory|        C_TILE_27|         array|
|C_TILE_27_q9         |   in|   32|   ap_memory|        C_TILE_27|         array|
|C_TILE_27_we9        |  out|    1|   ap_memory|        C_TILE_27|         array|
|C_TILE_27_address10  |  out|    4|   ap_memory|        C_TILE_27|         array|
|C_TILE_27_ce10       |  out|    1|   ap_memory|        C_TILE_27|         array|
|C_TILE_27_d10        |  out|   32|   ap_memory|        C_TILE_27|         array|
|C_TILE_27_q10        |   in|   32|   ap_memory|        C_TILE_27|         array|
|C_TILE_27_we10       |  out|    1|   ap_memory|        C_TILE_27|         array|
|C_TILE_27_address11  |  out|    4|   ap_memory|        C_TILE_27|         array|
|C_TILE_27_ce11       |  out|    1|   ap_memory|        C_TILE_27|         array|
|C_TILE_27_d11        |  out|   32|   ap_memory|        C_TILE_27|         array|
|C_TILE_27_q11        |   in|   32|   ap_memory|        C_TILE_27|         array|
|C_TILE_27_we11       |  out|    1|   ap_memory|        C_TILE_27|         array|
|C_TILE_27_address12  |  out|    4|   ap_memory|        C_TILE_27|         array|
|C_TILE_27_ce12       |  out|    1|   ap_memory|        C_TILE_27|         array|
|C_TILE_27_d12        |  out|   32|   ap_memory|        C_TILE_27|         array|
|C_TILE_27_q12        |   in|   32|   ap_memory|        C_TILE_27|         array|
|C_TILE_27_we12       |  out|    1|   ap_memory|        C_TILE_27|         array|
|C_TILE_27_address13  |  out|    4|   ap_memory|        C_TILE_27|         array|
|C_TILE_27_ce13       |  out|    1|   ap_memory|        C_TILE_27|         array|
|C_TILE_27_d13        |  out|   32|   ap_memory|        C_TILE_27|         array|
|C_TILE_27_q13        |   in|   32|   ap_memory|        C_TILE_27|         array|
|C_TILE_27_we13       |  out|    1|   ap_memory|        C_TILE_27|         array|
|C_TILE_27_address14  |  out|    4|   ap_memory|        C_TILE_27|         array|
|C_TILE_27_ce14       |  out|    1|   ap_memory|        C_TILE_27|         array|
|C_TILE_27_d14        |  out|   32|   ap_memory|        C_TILE_27|         array|
|C_TILE_27_q14        |   in|   32|   ap_memory|        C_TILE_27|         array|
|C_TILE_27_we14       |  out|    1|   ap_memory|        C_TILE_27|         array|
|C_TILE_27_address15  |  out|    4|   ap_memory|        C_TILE_27|         array|
|C_TILE_27_ce15       |  out|    1|   ap_memory|        C_TILE_27|         array|
|C_TILE_27_d15        |  out|   32|   ap_memory|        C_TILE_27|         array|
|C_TILE_27_q15        |   in|   32|   ap_memory|        C_TILE_27|         array|
|C_TILE_27_we15       |  out|    1|   ap_memory|        C_TILE_27|         array|
|C_TILE_27_address16  |  out|    4|   ap_memory|        C_TILE_27|         array|
|C_TILE_27_ce16       |  out|    1|   ap_memory|        C_TILE_27|         array|
|C_TILE_27_d16        |  out|   32|   ap_memory|        C_TILE_27|         array|
|C_TILE_27_q16        |   in|   32|   ap_memory|        C_TILE_27|         array|
|C_TILE_27_we16       |  out|    1|   ap_memory|        C_TILE_27|         array|
|C_TILE_28_address0   |  out|    4|   ap_memory|        C_TILE_28|         array|
|C_TILE_28_ce0        |  out|    1|   ap_memory|        C_TILE_28|         array|
|C_TILE_28_d0         |  out|   32|   ap_memory|        C_TILE_28|         array|
|C_TILE_28_q0         |   in|   32|   ap_memory|        C_TILE_28|         array|
|C_TILE_28_we0        |  out|    1|   ap_memory|        C_TILE_28|         array|
|C_TILE_28_address1   |  out|    4|   ap_memory|        C_TILE_28|         array|
|C_TILE_28_ce1        |  out|    1|   ap_memory|        C_TILE_28|         array|
|C_TILE_28_d1         |  out|   32|   ap_memory|        C_TILE_28|         array|
|C_TILE_28_q1         |   in|   32|   ap_memory|        C_TILE_28|         array|
|C_TILE_28_we1        |  out|    1|   ap_memory|        C_TILE_28|         array|
|C_TILE_28_address2   |  out|    4|   ap_memory|        C_TILE_28|         array|
|C_TILE_28_ce2        |  out|    1|   ap_memory|        C_TILE_28|         array|
|C_TILE_28_d2         |  out|   32|   ap_memory|        C_TILE_28|         array|
|C_TILE_28_q2         |   in|   32|   ap_memory|        C_TILE_28|         array|
|C_TILE_28_we2        |  out|    1|   ap_memory|        C_TILE_28|         array|
|C_TILE_28_address3   |  out|    4|   ap_memory|        C_TILE_28|         array|
|C_TILE_28_ce3        |  out|    1|   ap_memory|        C_TILE_28|         array|
|C_TILE_28_d3         |  out|   32|   ap_memory|        C_TILE_28|         array|
|C_TILE_28_q3         |   in|   32|   ap_memory|        C_TILE_28|         array|
|C_TILE_28_we3        |  out|    1|   ap_memory|        C_TILE_28|         array|
|C_TILE_28_address4   |  out|    4|   ap_memory|        C_TILE_28|         array|
|C_TILE_28_ce4        |  out|    1|   ap_memory|        C_TILE_28|         array|
|C_TILE_28_d4         |  out|   32|   ap_memory|        C_TILE_28|         array|
|C_TILE_28_q4         |   in|   32|   ap_memory|        C_TILE_28|         array|
|C_TILE_28_we4        |  out|    1|   ap_memory|        C_TILE_28|         array|
|C_TILE_28_address5   |  out|    4|   ap_memory|        C_TILE_28|         array|
|C_TILE_28_ce5        |  out|    1|   ap_memory|        C_TILE_28|         array|
|C_TILE_28_d5         |  out|   32|   ap_memory|        C_TILE_28|         array|
|C_TILE_28_q5         |   in|   32|   ap_memory|        C_TILE_28|         array|
|C_TILE_28_we5        |  out|    1|   ap_memory|        C_TILE_28|         array|
|C_TILE_28_address6   |  out|    4|   ap_memory|        C_TILE_28|         array|
|C_TILE_28_ce6        |  out|    1|   ap_memory|        C_TILE_28|         array|
|C_TILE_28_d6         |  out|   32|   ap_memory|        C_TILE_28|         array|
|C_TILE_28_q6         |   in|   32|   ap_memory|        C_TILE_28|         array|
|C_TILE_28_we6        |  out|    1|   ap_memory|        C_TILE_28|         array|
|C_TILE_28_address7   |  out|    4|   ap_memory|        C_TILE_28|         array|
|C_TILE_28_ce7        |  out|    1|   ap_memory|        C_TILE_28|         array|
|C_TILE_28_d7         |  out|   32|   ap_memory|        C_TILE_28|         array|
|C_TILE_28_q7         |   in|   32|   ap_memory|        C_TILE_28|         array|
|C_TILE_28_we7        |  out|    1|   ap_memory|        C_TILE_28|         array|
|C_TILE_28_address8   |  out|    4|   ap_memory|        C_TILE_28|         array|
|C_TILE_28_ce8        |  out|    1|   ap_memory|        C_TILE_28|         array|
|C_TILE_28_d8         |  out|   32|   ap_memory|        C_TILE_28|         array|
|C_TILE_28_q8         |   in|   32|   ap_memory|        C_TILE_28|         array|
|C_TILE_28_we8        |  out|    1|   ap_memory|        C_TILE_28|         array|
|C_TILE_28_address9   |  out|    4|   ap_memory|        C_TILE_28|         array|
|C_TILE_28_ce9        |  out|    1|   ap_memory|        C_TILE_28|         array|
|C_TILE_28_d9         |  out|   32|   ap_memory|        C_TILE_28|         array|
|C_TILE_28_q9         |   in|   32|   ap_memory|        C_TILE_28|         array|
|C_TILE_28_we9        |  out|    1|   ap_memory|        C_TILE_28|         array|
|C_TILE_28_address10  |  out|    4|   ap_memory|        C_TILE_28|         array|
|C_TILE_28_ce10       |  out|    1|   ap_memory|        C_TILE_28|         array|
|C_TILE_28_d10        |  out|   32|   ap_memory|        C_TILE_28|         array|
|C_TILE_28_q10        |   in|   32|   ap_memory|        C_TILE_28|         array|
|C_TILE_28_we10       |  out|    1|   ap_memory|        C_TILE_28|         array|
|C_TILE_28_address11  |  out|    4|   ap_memory|        C_TILE_28|         array|
|C_TILE_28_ce11       |  out|    1|   ap_memory|        C_TILE_28|         array|
|C_TILE_28_d11        |  out|   32|   ap_memory|        C_TILE_28|         array|
|C_TILE_28_q11        |   in|   32|   ap_memory|        C_TILE_28|         array|
|C_TILE_28_we11       |  out|    1|   ap_memory|        C_TILE_28|         array|
|C_TILE_28_address12  |  out|    4|   ap_memory|        C_TILE_28|         array|
|C_TILE_28_ce12       |  out|    1|   ap_memory|        C_TILE_28|         array|
|C_TILE_28_d12        |  out|   32|   ap_memory|        C_TILE_28|         array|
|C_TILE_28_q12        |   in|   32|   ap_memory|        C_TILE_28|         array|
|C_TILE_28_we12       |  out|    1|   ap_memory|        C_TILE_28|         array|
|C_TILE_28_address13  |  out|    4|   ap_memory|        C_TILE_28|         array|
|C_TILE_28_ce13       |  out|    1|   ap_memory|        C_TILE_28|         array|
|C_TILE_28_d13        |  out|   32|   ap_memory|        C_TILE_28|         array|
|C_TILE_28_q13        |   in|   32|   ap_memory|        C_TILE_28|         array|
|C_TILE_28_we13       |  out|    1|   ap_memory|        C_TILE_28|         array|
|C_TILE_28_address14  |  out|    4|   ap_memory|        C_TILE_28|         array|
|C_TILE_28_ce14       |  out|    1|   ap_memory|        C_TILE_28|         array|
|C_TILE_28_d14        |  out|   32|   ap_memory|        C_TILE_28|         array|
|C_TILE_28_q14        |   in|   32|   ap_memory|        C_TILE_28|         array|
|C_TILE_28_we14       |  out|    1|   ap_memory|        C_TILE_28|         array|
|C_TILE_28_address15  |  out|    4|   ap_memory|        C_TILE_28|         array|
|C_TILE_28_ce15       |  out|    1|   ap_memory|        C_TILE_28|         array|
|C_TILE_28_d15        |  out|   32|   ap_memory|        C_TILE_28|         array|
|C_TILE_28_q15        |   in|   32|   ap_memory|        C_TILE_28|         array|
|C_TILE_28_we15       |  out|    1|   ap_memory|        C_TILE_28|         array|
|C_TILE_28_address16  |  out|    4|   ap_memory|        C_TILE_28|         array|
|C_TILE_28_ce16       |  out|    1|   ap_memory|        C_TILE_28|         array|
|C_TILE_28_d16        |  out|   32|   ap_memory|        C_TILE_28|         array|
|C_TILE_28_q16        |   in|   32|   ap_memory|        C_TILE_28|         array|
|C_TILE_28_we16       |  out|    1|   ap_memory|        C_TILE_28|         array|
|C_TILE_29_address0   |  out|    4|   ap_memory|        C_TILE_29|         array|
|C_TILE_29_ce0        |  out|    1|   ap_memory|        C_TILE_29|         array|
|C_TILE_29_d0         |  out|   32|   ap_memory|        C_TILE_29|         array|
|C_TILE_29_q0         |   in|   32|   ap_memory|        C_TILE_29|         array|
|C_TILE_29_we0        |  out|    1|   ap_memory|        C_TILE_29|         array|
|C_TILE_29_address1   |  out|    4|   ap_memory|        C_TILE_29|         array|
|C_TILE_29_ce1        |  out|    1|   ap_memory|        C_TILE_29|         array|
|C_TILE_29_d1         |  out|   32|   ap_memory|        C_TILE_29|         array|
|C_TILE_29_q1         |   in|   32|   ap_memory|        C_TILE_29|         array|
|C_TILE_29_we1        |  out|    1|   ap_memory|        C_TILE_29|         array|
|C_TILE_29_address2   |  out|    4|   ap_memory|        C_TILE_29|         array|
|C_TILE_29_ce2        |  out|    1|   ap_memory|        C_TILE_29|         array|
|C_TILE_29_d2         |  out|   32|   ap_memory|        C_TILE_29|         array|
|C_TILE_29_q2         |   in|   32|   ap_memory|        C_TILE_29|         array|
|C_TILE_29_we2        |  out|    1|   ap_memory|        C_TILE_29|         array|
|C_TILE_29_address3   |  out|    4|   ap_memory|        C_TILE_29|         array|
|C_TILE_29_ce3        |  out|    1|   ap_memory|        C_TILE_29|         array|
|C_TILE_29_d3         |  out|   32|   ap_memory|        C_TILE_29|         array|
|C_TILE_29_q3         |   in|   32|   ap_memory|        C_TILE_29|         array|
|C_TILE_29_we3        |  out|    1|   ap_memory|        C_TILE_29|         array|
|C_TILE_29_address4   |  out|    4|   ap_memory|        C_TILE_29|         array|
|C_TILE_29_ce4        |  out|    1|   ap_memory|        C_TILE_29|         array|
|C_TILE_29_d4         |  out|   32|   ap_memory|        C_TILE_29|         array|
|C_TILE_29_q4         |   in|   32|   ap_memory|        C_TILE_29|         array|
|C_TILE_29_we4        |  out|    1|   ap_memory|        C_TILE_29|         array|
|C_TILE_29_address5   |  out|    4|   ap_memory|        C_TILE_29|         array|
|C_TILE_29_ce5        |  out|    1|   ap_memory|        C_TILE_29|         array|
|C_TILE_29_d5         |  out|   32|   ap_memory|        C_TILE_29|         array|
|C_TILE_29_q5         |   in|   32|   ap_memory|        C_TILE_29|         array|
|C_TILE_29_we5        |  out|    1|   ap_memory|        C_TILE_29|         array|
|C_TILE_29_address6   |  out|    4|   ap_memory|        C_TILE_29|         array|
|C_TILE_29_ce6        |  out|    1|   ap_memory|        C_TILE_29|         array|
|C_TILE_29_d6         |  out|   32|   ap_memory|        C_TILE_29|         array|
|C_TILE_29_q6         |   in|   32|   ap_memory|        C_TILE_29|         array|
|C_TILE_29_we6        |  out|    1|   ap_memory|        C_TILE_29|         array|
|C_TILE_29_address7   |  out|    4|   ap_memory|        C_TILE_29|         array|
|C_TILE_29_ce7        |  out|    1|   ap_memory|        C_TILE_29|         array|
|C_TILE_29_d7         |  out|   32|   ap_memory|        C_TILE_29|         array|
|C_TILE_29_q7         |   in|   32|   ap_memory|        C_TILE_29|         array|
|C_TILE_29_we7        |  out|    1|   ap_memory|        C_TILE_29|         array|
|C_TILE_29_address8   |  out|    4|   ap_memory|        C_TILE_29|         array|
|C_TILE_29_ce8        |  out|    1|   ap_memory|        C_TILE_29|         array|
|C_TILE_29_d8         |  out|   32|   ap_memory|        C_TILE_29|         array|
|C_TILE_29_q8         |   in|   32|   ap_memory|        C_TILE_29|         array|
|C_TILE_29_we8        |  out|    1|   ap_memory|        C_TILE_29|         array|
|C_TILE_29_address9   |  out|    4|   ap_memory|        C_TILE_29|         array|
|C_TILE_29_ce9        |  out|    1|   ap_memory|        C_TILE_29|         array|
|C_TILE_29_d9         |  out|   32|   ap_memory|        C_TILE_29|         array|
|C_TILE_29_q9         |   in|   32|   ap_memory|        C_TILE_29|         array|
|C_TILE_29_we9        |  out|    1|   ap_memory|        C_TILE_29|         array|
|C_TILE_29_address10  |  out|    4|   ap_memory|        C_TILE_29|         array|
|C_TILE_29_ce10       |  out|    1|   ap_memory|        C_TILE_29|         array|
|C_TILE_29_d10        |  out|   32|   ap_memory|        C_TILE_29|         array|
|C_TILE_29_q10        |   in|   32|   ap_memory|        C_TILE_29|         array|
|C_TILE_29_we10       |  out|    1|   ap_memory|        C_TILE_29|         array|
|C_TILE_29_address11  |  out|    4|   ap_memory|        C_TILE_29|         array|
|C_TILE_29_ce11       |  out|    1|   ap_memory|        C_TILE_29|         array|
|C_TILE_29_d11        |  out|   32|   ap_memory|        C_TILE_29|         array|
|C_TILE_29_q11        |   in|   32|   ap_memory|        C_TILE_29|         array|
|C_TILE_29_we11       |  out|    1|   ap_memory|        C_TILE_29|         array|
|C_TILE_29_address12  |  out|    4|   ap_memory|        C_TILE_29|         array|
|C_TILE_29_ce12       |  out|    1|   ap_memory|        C_TILE_29|         array|
|C_TILE_29_d12        |  out|   32|   ap_memory|        C_TILE_29|         array|
|C_TILE_29_q12        |   in|   32|   ap_memory|        C_TILE_29|         array|
|C_TILE_29_we12       |  out|    1|   ap_memory|        C_TILE_29|         array|
|C_TILE_29_address13  |  out|    4|   ap_memory|        C_TILE_29|         array|
|C_TILE_29_ce13       |  out|    1|   ap_memory|        C_TILE_29|         array|
|C_TILE_29_d13        |  out|   32|   ap_memory|        C_TILE_29|         array|
|C_TILE_29_q13        |   in|   32|   ap_memory|        C_TILE_29|         array|
|C_TILE_29_we13       |  out|    1|   ap_memory|        C_TILE_29|         array|
|C_TILE_29_address14  |  out|    4|   ap_memory|        C_TILE_29|         array|
|C_TILE_29_ce14       |  out|    1|   ap_memory|        C_TILE_29|         array|
|C_TILE_29_d14        |  out|   32|   ap_memory|        C_TILE_29|         array|
|C_TILE_29_q14        |   in|   32|   ap_memory|        C_TILE_29|         array|
|C_TILE_29_we14       |  out|    1|   ap_memory|        C_TILE_29|         array|
|C_TILE_29_address15  |  out|    4|   ap_memory|        C_TILE_29|         array|
|C_TILE_29_ce15       |  out|    1|   ap_memory|        C_TILE_29|         array|
|C_TILE_29_d15        |  out|   32|   ap_memory|        C_TILE_29|         array|
|C_TILE_29_q15        |   in|   32|   ap_memory|        C_TILE_29|         array|
|C_TILE_29_we15       |  out|    1|   ap_memory|        C_TILE_29|         array|
|C_TILE_29_address16  |  out|    4|   ap_memory|        C_TILE_29|         array|
|C_TILE_29_ce16       |  out|    1|   ap_memory|        C_TILE_29|         array|
|C_TILE_29_d16        |  out|   32|   ap_memory|        C_TILE_29|         array|
|C_TILE_29_q16        |   in|   32|   ap_memory|        C_TILE_29|         array|
|C_TILE_29_we16       |  out|    1|   ap_memory|        C_TILE_29|         array|
|C_TILE_30_address0   |  out|    4|   ap_memory|        C_TILE_30|         array|
|C_TILE_30_ce0        |  out|    1|   ap_memory|        C_TILE_30|         array|
|C_TILE_30_d0         |  out|   32|   ap_memory|        C_TILE_30|         array|
|C_TILE_30_q0         |   in|   32|   ap_memory|        C_TILE_30|         array|
|C_TILE_30_we0        |  out|    1|   ap_memory|        C_TILE_30|         array|
|C_TILE_30_address1   |  out|    4|   ap_memory|        C_TILE_30|         array|
|C_TILE_30_ce1        |  out|    1|   ap_memory|        C_TILE_30|         array|
|C_TILE_30_d1         |  out|   32|   ap_memory|        C_TILE_30|         array|
|C_TILE_30_q1         |   in|   32|   ap_memory|        C_TILE_30|         array|
|C_TILE_30_we1        |  out|    1|   ap_memory|        C_TILE_30|         array|
|C_TILE_30_address2   |  out|    4|   ap_memory|        C_TILE_30|         array|
|C_TILE_30_ce2        |  out|    1|   ap_memory|        C_TILE_30|         array|
|C_TILE_30_d2         |  out|   32|   ap_memory|        C_TILE_30|         array|
|C_TILE_30_q2         |   in|   32|   ap_memory|        C_TILE_30|         array|
|C_TILE_30_we2        |  out|    1|   ap_memory|        C_TILE_30|         array|
|C_TILE_30_address3   |  out|    4|   ap_memory|        C_TILE_30|         array|
|C_TILE_30_ce3        |  out|    1|   ap_memory|        C_TILE_30|         array|
|C_TILE_30_d3         |  out|   32|   ap_memory|        C_TILE_30|         array|
|C_TILE_30_q3         |   in|   32|   ap_memory|        C_TILE_30|         array|
|C_TILE_30_we3        |  out|    1|   ap_memory|        C_TILE_30|         array|
|C_TILE_30_address4   |  out|    4|   ap_memory|        C_TILE_30|         array|
|C_TILE_30_ce4        |  out|    1|   ap_memory|        C_TILE_30|         array|
|C_TILE_30_d4         |  out|   32|   ap_memory|        C_TILE_30|         array|
|C_TILE_30_q4         |   in|   32|   ap_memory|        C_TILE_30|         array|
|C_TILE_30_we4        |  out|    1|   ap_memory|        C_TILE_30|         array|
|C_TILE_30_address5   |  out|    4|   ap_memory|        C_TILE_30|         array|
|C_TILE_30_ce5        |  out|    1|   ap_memory|        C_TILE_30|         array|
|C_TILE_30_d5         |  out|   32|   ap_memory|        C_TILE_30|         array|
|C_TILE_30_q5         |   in|   32|   ap_memory|        C_TILE_30|         array|
|C_TILE_30_we5        |  out|    1|   ap_memory|        C_TILE_30|         array|
|C_TILE_30_address6   |  out|    4|   ap_memory|        C_TILE_30|         array|
|C_TILE_30_ce6        |  out|    1|   ap_memory|        C_TILE_30|         array|
|C_TILE_30_d6         |  out|   32|   ap_memory|        C_TILE_30|         array|
|C_TILE_30_q6         |   in|   32|   ap_memory|        C_TILE_30|         array|
|C_TILE_30_we6        |  out|    1|   ap_memory|        C_TILE_30|         array|
|C_TILE_30_address7   |  out|    4|   ap_memory|        C_TILE_30|         array|
|C_TILE_30_ce7        |  out|    1|   ap_memory|        C_TILE_30|         array|
|C_TILE_30_d7         |  out|   32|   ap_memory|        C_TILE_30|         array|
|C_TILE_30_q7         |   in|   32|   ap_memory|        C_TILE_30|         array|
|C_TILE_30_we7        |  out|    1|   ap_memory|        C_TILE_30|         array|
|C_TILE_30_address8   |  out|    4|   ap_memory|        C_TILE_30|         array|
|C_TILE_30_ce8        |  out|    1|   ap_memory|        C_TILE_30|         array|
|C_TILE_30_d8         |  out|   32|   ap_memory|        C_TILE_30|         array|
|C_TILE_30_q8         |   in|   32|   ap_memory|        C_TILE_30|         array|
|C_TILE_30_we8        |  out|    1|   ap_memory|        C_TILE_30|         array|
|C_TILE_30_address9   |  out|    4|   ap_memory|        C_TILE_30|         array|
|C_TILE_30_ce9        |  out|    1|   ap_memory|        C_TILE_30|         array|
|C_TILE_30_d9         |  out|   32|   ap_memory|        C_TILE_30|         array|
|C_TILE_30_q9         |   in|   32|   ap_memory|        C_TILE_30|         array|
|C_TILE_30_we9        |  out|    1|   ap_memory|        C_TILE_30|         array|
|C_TILE_30_address10  |  out|    4|   ap_memory|        C_TILE_30|         array|
|C_TILE_30_ce10       |  out|    1|   ap_memory|        C_TILE_30|         array|
|C_TILE_30_d10        |  out|   32|   ap_memory|        C_TILE_30|         array|
|C_TILE_30_q10        |   in|   32|   ap_memory|        C_TILE_30|         array|
|C_TILE_30_we10       |  out|    1|   ap_memory|        C_TILE_30|         array|
|C_TILE_30_address11  |  out|    4|   ap_memory|        C_TILE_30|         array|
|C_TILE_30_ce11       |  out|    1|   ap_memory|        C_TILE_30|         array|
|C_TILE_30_d11        |  out|   32|   ap_memory|        C_TILE_30|         array|
|C_TILE_30_q11        |   in|   32|   ap_memory|        C_TILE_30|         array|
|C_TILE_30_we11       |  out|    1|   ap_memory|        C_TILE_30|         array|
|C_TILE_30_address12  |  out|    4|   ap_memory|        C_TILE_30|         array|
|C_TILE_30_ce12       |  out|    1|   ap_memory|        C_TILE_30|         array|
|C_TILE_30_d12        |  out|   32|   ap_memory|        C_TILE_30|         array|
|C_TILE_30_q12        |   in|   32|   ap_memory|        C_TILE_30|         array|
|C_TILE_30_we12       |  out|    1|   ap_memory|        C_TILE_30|         array|
|C_TILE_30_address13  |  out|    4|   ap_memory|        C_TILE_30|         array|
|C_TILE_30_ce13       |  out|    1|   ap_memory|        C_TILE_30|         array|
|C_TILE_30_d13        |  out|   32|   ap_memory|        C_TILE_30|         array|
|C_TILE_30_q13        |   in|   32|   ap_memory|        C_TILE_30|         array|
|C_TILE_30_we13       |  out|    1|   ap_memory|        C_TILE_30|         array|
|C_TILE_30_address14  |  out|    4|   ap_memory|        C_TILE_30|         array|
|C_TILE_30_ce14       |  out|    1|   ap_memory|        C_TILE_30|         array|
|C_TILE_30_d14        |  out|   32|   ap_memory|        C_TILE_30|         array|
|C_TILE_30_q14        |   in|   32|   ap_memory|        C_TILE_30|         array|
|C_TILE_30_we14       |  out|    1|   ap_memory|        C_TILE_30|         array|
|C_TILE_30_address15  |  out|    4|   ap_memory|        C_TILE_30|         array|
|C_TILE_30_ce15       |  out|    1|   ap_memory|        C_TILE_30|         array|
|C_TILE_30_d15        |  out|   32|   ap_memory|        C_TILE_30|         array|
|C_TILE_30_q15        |   in|   32|   ap_memory|        C_TILE_30|         array|
|C_TILE_30_we15       |  out|    1|   ap_memory|        C_TILE_30|         array|
|C_TILE_30_address16  |  out|    4|   ap_memory|        C_TILE_30|         array|
|C_TILE_30_ce16       |  out|    1|   ap_memory|        C_TILE_30|         array|
|C_TILE_30_d16        |  out|   32|   ap_memory|        C_TILE_30|         array|
|C_TILE_30_q16        |   in|   32|   ap_memory|        C_TILE_30|         array|
|C_TILE_30_we16       |  out|    1|   ap_memory|        C_TILE_30|         array|
|C_TILE_31_address0   |  out|    4|   ap_memory|        C_TILE_31|         array|
|C_TILE_31_ce0        |  out|    1|   ap_memory|        C_TILE_31|         array|
|C_TILE_31_d0         |  out|   32|   ap_memory|        C_TILE_31|         array|
|C_TILE_31_q0         |   in|   32|   ap_memory|        C_TILE_31|         array|
|C_TILE_31_we0        |  out|    1|   ap_memory|        C_TILE_31|         array|
|C_TILE_31_address1   |  out|    4|   ap_memory|        C_TILE_31|         array|
|C_TILE_31_ce1        |  out|    1|   ap_memory|        C_TILE_31|         array|
|C_TILE_31_d1         |  out|   32|   ap_memory|        C_TILE_31|         array|
|C_TILE_31_q1         |   in|   32|   ap_memory|        C_TILE_31|         array|
|C_TILE_31_we1        |  out|    1|   ap_memory|        C_TILE_31|         array|
|C_TILE_31_address2   |  out|    4|   ap_memory|        C_TILE_31|         array|
|C_TILE_31_ce2        |  out|    1|   ap_memory|        C_TILE_31|         array|
|C_TILE_31_d2         |  out|   32|   ap_memory|        C_TILE_31|         array|
|C_TILE_31_q2         |   in|   32|   ap_memory|        C_TILE_31|         array|
|C_TILE_31_we2        |  out|    1|   ap_memory|        C_TILE_31|         array|
|C_TILE_31_address3   |  out|    4|   ap_memory|        C_TILE_31|         array|
|C_TILE_31_ce3        |  out|    1|   ap_memory|        C_TILE_31|         array|
|C_TILE_31_d3         |  out|   32|   ap_memory|        C_TILE_31|         array|
|C_TILE_31_q3         |   in|   32|   ap_memory|        C_TILE_31|         array|
|C_TILE_31_we3        |  out|    1|   ap_memory|        C_TILE_31|         array|
|C_TILE_31_address4   |  out|    4|   ap_memory|        C_TILE_31|         array|
|C_TILE_31_ce4        |  out|    1|   ap_memory|        C_TILE_31|         array|
|C_TILE_31_d4         |  out|   32|   ap_memory|        C_TILE_31|         array|
|C_TILE_31_q4         |   in|   32|   ap_memory|        C_TILE_31|         array|
|C_TILE_31_we4        |  out|    1|   ap_memory|        C_TILE_31|         array|
|C_TILE_31_address5   |  out|    4|   ap_memory|        C_TILE_31|         array|
|C_TILE_31_ce5        |  out|    1|   ap_memory|        C_TILE_31|         array|
|C_TILE_31_d5         |  out|   32|   ap_memory|        C_TILE_31|         array|
|C_TILE_31_q5         |   in|   32|   ap_memory|        C_TILE_31|         array|
|C_TILE_31_we5        |  out|    1|   ap_memory|        C_TILE_31|         array|
|C_TILE_31_address6   |  out|    4|   ap_memory|        C_TILE_31|         array|
|C_TILE_31_ce6        |  out|    1|   ap_memory|        C_TILE_31|         array|
|C_TILE_31_d6         |  out|   32|   ap_memory|        C_TILE_31|         array|
|C_TILE_31_q6         |   in|   32|   ap_memory|        C_TILE_31|         array|
|C_TILE_31_we6        |  out|    1|   ap_memory|        C_TILE_31|         array|
|C_TILE_31_address7   |  out|    4|   ap_memory|        C_TILE_31|         array|
|C_TILE_31_ce7        |  out|    1|   ap_memory|        C_TILE_31|         array|
|C_TILE_31_d7         |  out|   32|   ap_memory|        C_TILE_31|         array|
|C_TILE_31_q7         |   in|   32|   ap_memory|        C_TILE_31|         array|
|C_TILE_31_we7        |  out|    1|   ap_memory|        C_TILE_31|         array|
|C_TILE_31_address8   |  out|    4|   ap_memory|        C_TILE_31|         array|
|C_TILE_31_ce8        |  out|    1|   ap_memory|        C_TILE_31|         array|
|C_TILE_31_d8         |  out|   32|   ap_memory|        C_TILE_31|         array|
|C_TILE_31_q8         |   in|   32|   ap_memory|        C_TILE_31|         array|
|C_TILE_31_we8        |  out|    1|   ap_memory|        C_TILE_31|         array|
|C_TILE_31_address9   |  out|    4|   ap_memory|        C_TILE_31|         array|
|C_TILE_31_ce9        |  out|    1|   ap_memory|        C_TILE_31|         array|
|C_TILE_31_d9         |  out|   32|   ap_memory|        C_TILE_31|         array|
|C_TILE_31_q9         |   in|   32|   ap_memory|        C_TILE_31|         array|
|C_TILE_31_we9        |  out|    1|   ap_memory|        C_TILE_31|         array|
|C_TILE_31_address10  |  out|    4|   ap_memory|        C_TILE_31|         array|
|C_TILE_31_ce10       |  out|    1|   ap_memory|        C_TILE_31|         array|
|C_TILE_31_d10        |  out|   32|   ap_memory|        C_TILE_31|         array|
|C_TILE_31_q10        |   in|   32|   ap_memory|        C_TILE_31|         array|
|C_TILE_31_we10       |  out|    1|   ap_memory|        C_TILE_31|         array|
|C_TILE_31_address11  |  out|    4|   ap_memory|        C_TILE_31|         array|
|C_TILE_31_ce11       |  out|    1|   ap_memory|        C_TILE_31|         array|
|C_TILE_31_d11        |  out|   32|   ap_memory|        C_TILE_31|         array|
|C_TILE_31_q11        |   in|   32|   ap_memory|        C_TILE_31|         array|
|C_TILE_31_we11       |  out|    1|   ap_memory|        C_TILE_31|         array|
|C_TILE_31_address12  |  out|    4|   ap_memory|        C_TILE_31|         array|
|C_TILE_31_ce12       |  out|    1|   ap_memory|        C_TILE_31|         array|
|C_TILE_31_d12        |  out|   32|   ap_memory|        C_TILE_31|         array|
|C_TILE_31_q12        |   in|   32|   ap_memory|        C_TILE_31|         array|
|C_TILE_31_we12       |  out|    1|   ap_memory|        C_TILE_31|         array|
|C_TILE_31_address13  |  out|    4|   ap_memory|        C_TILE_31|         array|
|C_TILE_31_ce13       |  out|    1|   ap_memory|        C_TILE_31|         array|
|C_TILE_31_d13        |  out|   32|   ap_memory|        C_TILE_31|         array|
|C_TILE_31_q13        |   in|   32|   ap_memory|        C_TILE_31|         array|
|C_TILE_31_we13       |  out|    1|   ap_memory|        C_TILE_31|         array|
|C_TILE_31_address14  |  out|    4|   ap_memory|        C_TILE_31|         array|
|C_TILE_31_ce14       |  out|    1|   ap_memory|        C_TILE_31|         array|
|C_TILE_31_d14        |  out|   32|   ap_memory|        C_TILE_31|         array|
|C_TILE_31_q14        |   in|   32|   ap_memory|        C_TILE_31|         array|
|C_TILE_31_we14       |  out|    1|   ap_memory|        C_TILE_31|         array|
|C_TILE_31_address15  |  out|    4|   ap_memory|        C_TILE_31|         array|
|C_TILE_31_ce15       |  out|    1|   ap_memory|        C_TILE_31|         array|
|C_TILE_31_d15        |  out|   32|   ap_memory|        C_TILE_31|         array|
|C_TILE_31_q15        |   in|   32|   ap_memory|        C_TILE_31|         array|
|C_TILE_31_we15       |  out|    1|   ap_memory|        C_TILE_31|         array|
|C_TILE_31_address16  |  out|    4|   ap_memory|        C_TILE_31|         array|
|C_TILE_31_ce16       |  out|    1|   ap_memory|        C_TILE_31|         array|
|C_TILE_31_d16        |  out|   32|   ap_memory|        C_TILE_31|         array|
|C_TILE_31_q16        |   in|   32|   ap_memory|        C_TILE_31|         array|
|C_TILE_31_we16       |  out|    1|   ap_memory|        C_TILE_31|         array|
|C_DRAM_0_address0    |  out|    4|   ap_memory|         C_DRAM_0|         array|
|C_DRAM_0_ce0         |  out|    1|   ap_memory|         C_DRAM_0|         array|
|C_DRAM_0_d0          |  out|   32|   ap_memory|         C_DRAM_0|         array|
|C_DRAM_0_q0          |   in|   32|   ap_memory|         C_DRAM_0|         array|
|C_DRAM_0_we0         |  out|    1|   ap_memory|         C_DRAM_0|         array|
|C_DRAM_0_address1    |  out|    4|   ap_memory|         C_DRAM_0|         array|
|C_DRAM_0_ce1         |  out|    1|   ap_memory|         C_DRAM_0|         array|
|C_DRAM_0_d1          |  out|   32|   ap_memory|         C_DRAM_0|         array|
|C_DRAM_0_q1          |   in|   32|   ap_memory|         C_DRAM_0|         array|
|C_DRAM_0_we1         |  out|    1|   ap_memory|         C_DRAM_0|         array|
|C_DRAM_0_address2    |  out|    4|   ap_memory|         C_DRAM_0|         array|
|C_DRAM_0_ce2         |  out|    1|   ap_memory|         C_DRAM_0|         array|
|C_DRAM_0_d2          |  out|   32|   ap_memory|         C_DRAM_0|         array|
|C_DRAM_0_q2          |   in|   32|   ap_memory|         C_DRAM_0|         array|
|C_DRAM_0_we2         |  out|    1|   ap_memory|         C_DRAM_0|         array|
|C_DRAM_0_address3    |  out|    4|   ap_memory|         C_DRAM_0|         array|
|C_DRAM_0_ce3         |  out|    1|   ap_memory|         C_DRAM_0|         array|
|C_DRAM_0_d3          |  out|   32|   ap_memory|         C_DRAM_0|         array|
|C_DRAM_0_q3          |   in|   32|   ap_memory|         C_DRAM_0|         array|
|C_DRAM_0_we3         |  out|    1|   ap_memory|         C_DRAM_0|         array|
|C_DRAM_0_address4    |  out|    4|   ap_memory|         C_DRAM_0|         array|
|C_DRAM_0_ce4         |  out|    1|   ap_memory|         C_DRAM_0|         array|
|C_DRAM_0_d4          |  out|   32|   ap_memory|         C_DRAM_0|         array|
|C_DRAM_0_q4          |   in|   32|   ap_memory|         C_DRAM_0|         array|
|C_DRAM_0_we4         |  out|    1|   ap_memory|         C_DRAM_0|         array|
|C_DRAM_0_address5    |  out|    4|   ap_memory|         C_DRAM_0|         array|
|C_DRAM_0_ce5         |  out|    1|   ap_memory|         C_DRAM_0|         array|
|C_DRAM_0_d5          |  out|   32|   ap_memory|         C_DRAM_0|         array|
|C_DRAM_0_q5          |   in|   32|   ap_memory|         C_DRAM_0|         array|
|C_DRAM_0_we5         |  out|    1|   ap_memory|         C_DRAM_0|         array|
|C_DRAM_0_address6    |  out|    4|   ap_memory|         C_DRAM_0|         array|
|C_DRAM_0_ce6         |  out|    1|   ap_memory|         C_DRAM_0|         array|
|C_DRAM_0_d6          |  out|   32|   ap_memory|         C_DRAM_0|         array|
|C_DRAM_0_q6          |   in|   32|   ap_memory|         C_DRAM_0|         array|
|C_DRAM_0_we6         |  out|    1|   ap_memory|         C_DRAM_0|         array|
|C_DRAM_0_address7    |  out|    4|   ap_memory|         C_DRAM_0|         array|
|C_DRAM_0_ce7         |  out|    1|   ap_memory|         C_DRAM_0|         array|
|C_DRAM_0_d7          |  out|   32|   ap_memory|         C_DRAM_0|         array|
|C_DRAM_0_q7          |   in|   32|   ap_memory|         C_DRAM_0|         array|
|C_DRAM_0_we7         |  out|    1|   ap_memory|         C_DRAM_0|         array|
|C_DRAM_0_address8    |  out|    4|   ap_memory|         C_DRAM_0|         array|
|C_DRAM_0_ce8         |  out|    1|   ap_memory|         C_DRAM_0|         array|
|C_DRAM_0_d8          |  out|   32|   ap_memory|         C_DRAM_0|         array|
|C_DRAM_0_q8          |   in|   32|   ap_memory|         C_DRAM_0|         array|
|C_DRAM_0_we8         |  out|    1|   ap_memory|         C_DRAM_0|         array|
|C_DRAM_0_address9    |  out|    4|   ap_memory|         C_DRAM_0|         array|
|C_DRAM_0_ce9         |  out|    1|   ap_memory|         C_DRAM_0|         array|
|C_DRAM_0_d9          |  out|   32|   ap_memory|         C_DRAM_0|         array|
|C_DRAM_0_q9          |   in|   32|   ap_memory|         C_DRAM_0|         array|
|C_DRAM_0_we9         |  out|    1|   ap_memory|         C_DRAM_0|         array|
|C_DRAM_0_address10   |  out|    4|   ap_memory|         C_DRAM_0|         array|
|C_DRAM_0_ce10        |  out|    1|   ap_memory|         C_DRAM_0|         array|
|C_DRAM_0_d10         |  out|   32|   ap_memory|         C_DRAM_0|         array|
|C_DRAM_0_q10         |   in|   32|   ap_memory|         C_DRAM_0|         array|
|C_DRAM_0_we10        |  out|    1|   ap_memory|         C_DRAM_0|         array|
|C_DRAM_0_address11   |  out|    4|   ap_memory|         C_DRAM_0|         array|
|C_DRAM_0_ce11        |  out|    1|   ap_memory|         C_DRAM_0|         array|
|C_DRAM_0_d11         |  out|   32|   ap_memory|         C_DRAM_0|         array|
|C_DRAM_0_q11         |   in|   32|   ap_memory|         C_DRAM_0|         array|
|C_DRAM_0_we11        |  out|    1|   ap_memory|         C_DRAM_0|         array|
|C_DRAM_0_address12   |  out|    4|   ap_memory|         C_DRAM_0|         array|
|C_DRAM_0_ce12        |  out|    1|   ap_memory|         C_DRAM_0|         array|
|C_DRAM_0_d12         |  out|   32|   ap_memory|         C_DRAM_0|         array|
|C_DRAM_0_q12         |   in|   32|   ap_memory|         C_DRAM_0|         array|
|C_DRAM_0_we12        |  out|    1|   ap_memory|         C_DRAM_0|         array|
|C_DRAM_0_address13   |  out|    4|   ap_memory|         C_DRAM_0|         array|
|C_DRAM_0_ce13        |  out|    1|   ap_memory|         C_DRAM_0|         array|
|C_DRAM_0_d13         |  out|   32|   ap_memory|         C_DRAM_0|         array|
|C_DRAM_0_q13         |   in|   32|   ap_memory|         C_DRAM_0|         array|
|C_DRAM_0_we13        |  out|    1|   ap_memory|         C_DRAM_0|         array|
|C_DRAM_0_address14   |  out|    4|   ap_memory|         C_DRAM_0|         array|
|C_DRAM_0_ce14        |  out|    1|   ap_memory|         C_DRAM_0|         array|
|C_DRAM_0_d14         |  out|   32|   ap_memory|         C_DRAM_0|         array|
|C_DRAM_0_q14         |   in|   32|   ap_memory|         C_DRAM_0|         array|
|C_DRAM_0_we14        |  out|    1|   ap_memory|         C_DRAM_0|         array|
|C_DRAM_0_address15   |  out|    4|   ap_memory|         C_DRAM_0|         array|
|C_DRAM_0_ce15        |  out|    1|   ap_memory|         C_DRAM_0|         array|
|C_DRAM_0_d15         |  out|   32|   ap_memory|         C_DRAM_0|         array|
|C_DRAM_0_q15         |   in|   32|   ap_memory|         C_DRAM_0|         array|
|C_DRAM_0_we15        |  out|    1|   ap_memory|         C_DRAM_0|         array|
|C_DRAM_0_address16   |  out|    4|   ap_memory|         C_DRAM_0|         array|
|C_DRAM_0_ce16        |  out|    1|   ap_memory|         C_DRAM_0|         array|
|C_DRAM_0_d16         |  out|   32|   ap_memory|         C_DRAM_0|         array|
|C_DRAM_0_q16         |   in|   32|   ap_memory|         C_DRAM_0|         array|
|C_DRAM_0_we16        |  out|    1|   ap_memory|         C_DRAM_0|         array|
|C_DRAM_1_address0    |  out|    4|   ap_memory|         C_DRAM_1|         array|
|C_DRAM_1_ce0         |  out|    1|   ap_memory|         C_DRAM_1|         array|
|C_DRAM_1_d0          |  out|   32|   ap_memory|         C_DRAM_1|         array|
|C_DRAM_1_q0          |   in|   32|   ap_memory|         C_DRAM_1|         array|
|C_DRAM_1_we0         |  out|    1|   ap_memory|         C_DRAM_1|         array|
|C_DRAM_1_address1    |  out|    4|   ap_memory|         C_DRAM_1|         array|
|C_DRAM_1_ce1         |  out|    1|   ap_memory|         C_DRAM_1|         array|
|C_DRAM_1_d1          |  out|   32|   ap_memory|         C_DRAM_1|         array|
|C_DRAM_1_q1          |   in|   32|   ap_memory|         C_DRAM_1|         array|
|C_DRAM_1_we1         |  out|    1|   ap_memory|         C_DRAM_1|         array|
|C_DRAM_1_address2    |  out|    4|   ap_memory|         C_DRAM_1|         array|
|C_DRAM_1_ce2         |  out|    1|   ap_memory|         C_DRAM_1|         array|
|C_DRAM_1_d2          |  out|   32|   ap_memory|         C_DRAM_1|         array|
|C_DRAM_1_q2          |   in|   32|   ap_memory|         C_DRAM_1|         array|
|C_DRAM_1_we2         |  out|    1|   ap_memory|         C_DRAM_1|         array|
|C_DRAM_1_address3    |  out|    4|   ap_memory|         C_DRAM_1|         array|
|C_DRAM_1_ce3         |  out|    1|   ap_memory|         C_DRAM_1|         array|
|C_DRAM_1_d3          |  out|   32|   ap_memory|         C_DRAM_1|         array|
|C_DRAM_1_q3          |   in|   32|   ap_memory|         C_DRAM_1|         array|
|C_DRAM_1_we3         |  out|    1|   ap_memory|         C_DRAM_1|         array|
|C_DRAM_1_address4    |  out|    4|   ap_memory|         C_DRAM_1|         array|
|C_DRAM_1_ce4         |  out|    1|   ap_memory|         C_DRAM_1|         array|
|C_DRAM_1_d4          |  out|   32|   ap_memory|         C_DRAM_1|         array|
|C_DRAM_1_q4          |   in|   32|   ap_memory|         C_DRAM_1|         array|
|C_DRAM_1_we4         |  out|    1|   ap_memory|         C_DRAM_1|         array|
|C_DRAM_1_address5    |  out|    4|   ap_memory|         C_DRAM_1|         array|
|C_DRAM_1_ce5         |  out|    1|   ap_memory|         C_DRAM_1|         array|
|C_DRAM_1_d5          |  out|   32|   ap_memory|         C_DRAM_1|         array|
|C_DRAM_1_q5          |   in|   32|   ap_memory|         C_DRAM_1|         array|
|C_DRAM_1_we5         |  out|    1|   ap_memory|         C_DRAM_1|         array|
|C_DRAM_1_address6    |  out|    4|   ap_memory|         C_DRAM_1|         array|
|C_DRAM_1_ce6         |  out|    1|   ap_memory|         C_DRAM_1|         array|
|C_DRAM_1_d6          |  out|   32|   ap_memory|         C_DRAM_1|         array|
|C_DRAM_1_q6          |   in|   32|   ap_memory|         C_DRAM_1|         array|
|C_DRAM_1_we6         |  out|    1|   ap_memory|         C_DRAM_1|         array|
|C_DRAM_1_address7    |  out|    4|   ap_memory|         C_DRAM_1|         array|
|C_DRAM_1_ce7         |  out|    1|   ap_memory|         C_DRAM_1|         array|
|C_DRAM_1_d7          |  out|   32|   ap_memory|         C_DRAM_1|         array|
|C_DRAM_1_q7          |   in|   32|   ap_memory|         C_DRAM_1|         array|
|C_DRAM_1_we7         |  out|    1|   ap_memory|         C_DRAM_1|         array|
|C_DRAM_1_address8    |  out|    4|   ap_memory|         C_DRAM_1|         array|
|C_DRAM_1_ce8         |  out|    1|   ap_memory|         C_DRAM_1|         array|
|C_DRAM_1_d8          |  out|   32|   ap_memory|         C_DRAM_1|         array|
|C_DRAM_1_q8          |   in|   32|   ap_memory|         C_DRAM_1|         array|
|C_DRAM_1_we8         |  out|    1|   ap_memory|         C_DRAM_1|         array|
|C_DRAM_1_address9    |  out|    4|   ap_memory|         C_DRAM_1|         array|
|C_DRAM_1_ce9         |  out|    1|   ap_memory|         C_DRAM_1|         array|
|C_DRAM_1_d9          |  out|   32|   ap_memory|         C_DRAM_1|         array|
|C_DRAM_1_q9          |   in|   32|   ap_memory|         C_DRAM_1|         array|
|C_DRAM_1_we9         |  out|    1|   ap_memory|         C_DRAM_1|         array|
|C_DRAM_1_address10   |  out|    4|   ap_memory|         C_DRAM_1|         array|
|C_DRAM_1_ce10        |  out|    1|   ap_memory|         C_DRAM_1|         array|
|C_DRAM_1_d10         |  out|   32|   ap_memory|         C_DRAM_1|         array|
|C_DRAM_1_q10         |   in|   32|   ap_memory|         C_DRAM_1|         array|
|C_DRAM_1_we10        |  out|    1|   ap_memory|         C_DRAM_1|         array|
|C_DRAM_1_address11   |  out|    4|   ap_memory|         C_DRAM_1|         array|
|C_DRAM_1_ce11        |  out|    1|   ap_memory|         C_DRAM_1|         array|
|C_DRAM_1_d11         |  out|   32|   ap_memory|         C_DRAM_1|         array|
|C_DRAM_1_q11         |   in|   32|   ap_memory|         C_DRAM_1|         array|
|C_DRAM_1_we11        |  out|    1|   ap_memory|         C_DRAM_1|         array|
|C_DRAM_1_address12   |  out|    4|   ap_memory|         C_DRAM_1|         array|
|C_DRAM_1_ce12        |  out|    1|   ap_memory|         C_DRAM_1|         array|
|C_DRAM_1_d12         |  out|   32|   ap_memory|         C_DRAM_1|         array|
|C_DRAM_1_q12         |   in|   32|   ap_memory|         C_DRAM_1|         array|
|C_DRAM_1_we12        |  out|    1|   ap_memory|         C_DRAM_1|         array|
|C_DRAM_1_address13   |  out|    4|   ap_memory|         C_DRAM_1|         array|
|C_DRAM_1_ce13        |  out|    1|   ap_memory|         C_DRAM_1|         array|
|C_DRAM_1_d13         |  out|   32|   ap_memory|         C_DRAM_1|         array|
|C_DRAM_1_q13         |   in|   32|   ap_memory|         C_DRAM_1|         array|
|C_DRAM_1_we13        |  out|    1|   ap_memory|         C_DRAM_1|         array|
|C_DRAM_1_address14   |  out|    4|   ap_memory|         C_DRAM_1|         array|
|C_DRAM_1_ce14        |  out|    1|   ap_memory|         C_DRAM_1|         array|
|C_DRAM_1_d14         |  out|   32|   ap_memory|         C_DRAM_1|         array|
|C_DRAM_1_q14         |   in|   32|   ap_memory|         C_DRAM_1|         array|
|C_DRAM_1_we14        |  out|    1|   ap_memory|         C_DRAM_1|         array|
|C_DRAM_1_address15   |  out|    4|   ap_memory|         C_DRAM_1|         array|
|C_DRAM_1_ce15        |  out|    1|   ap_memory|         C_DRAM_1|         array|
|C_DRAM_1_d15         |  out|   32|   ap_memory|         C_DRAM_1|         array|
|C_DRAM_1_q15         |   in|   32|   ap_memory|         C_DRAM_1|         array|
|C_DRAM_1_we15        |  out|    1|   ap_memory|         C_DRAM_1|         array|
|C_DRAM_1_address16   |  out|    4|   ap_memory|         C_DRAM_1|         array|
|C_DRAM_1_ce16        |  out|    1|   ap_memory|         C_DRAM_1|         array|
|C_DRAM_1_d16         |  out|   32|   ap_memory|         C_DRAM_1|         array|
|C_DRAM_1_q16         |   in|   32|   ap_memory|         C_DRAM_1|         array|
|C_DRAM_1_we16        |  out|    1|   ap_memory|         C_DRAM_1|         array|
|C_DRAM_2_address0    |  out|    4|   ap_memory|         C_DRAM_2|         array|
|C_DRAM_2_ce0         |  out|    1|   ap_memory|         C_DRAM_2|         array|
|C_DRAM_2_d0          |  out|   32|   ap_memory|         C_DRAM_2|         array|
|C_DRAM_2_q0          |   in|   32|   ap_memory|         C_DRAM_2|         array|
|C_DRAM_2_we0         |  out|    1|   ap_memory|         C_DRAM_2|         array|
|C_DRAM_2_address1    |  out|    4|   ap_memory|         C_DRAM_2|         array|
|C_DRAM_2_ce1         |  out|    1|   ap_memory|         C_DRAM_2|         array|
|C_DRAM_2_d1          |  out|   32|   ap_memory|         C_DRAM_2|         array|
|C_DRAM_2_q1          |   in|   32|   ap_memory|         C_DRAM_2|         array|
|C_DRAM_2_we1         |  out|    1|   ap_memory|         C_DRAM_2|         array|
|C_DRAM_2_address2    |  out|    4|   ap_memory|         C_DRAM_2|         array|
|C_DRAM_2_ce2         |  out|    1|   ap_memory|         C_DRAM_2|         array|
|C_DRAM_2_d2          |  out|   32|   ap_memory|         C_DRAM_2|         array|
|C_DRAM_2_q2          |   in|   32|   ap_memory|         C_DRAM_2|         array|
|C_DRAM_2_we2         |  out|    1|   ap_memory|         C_DRAM_2|         array|
|C_DRAM_2_address3    |  out|    4|   ap_memory|         C_DRAM_2|         array|
|C_DRAM_2_ce3         |  out|    1|   ap_memory|         C_DRAM_2|         array|
|C_DRAM_2_d3          |  out|   32|   ap_memory|         C_DRAM_2|         array|
|C_DRAM_2_q3          |   in|   32|   ap_memory|         C_DRAM_2|         array|
|C_DRAM_2_we3         |  out|    1|   ap_memory|         C_DRAM_2|         array|
|C_DRAM_2_address4    |  out|    4|   ap_memory|         C_DRAM_2|         array|
|C_DRAM_2_ce4         |  out|    1|   ap_memory|         C_DRAM_2|         array|
|C_DRAM_2_d4          |  out|   32|   ap_memory|         C_DRAM_2|         array|
|C_DRAM_2_q4          |   in|   32|   ap_memory|         C_DRAM_2|         array|
|C_DRAM_2_we4         |  out|    1|   ap_memory|         C_DRAM_2|         array|
|C_DRAM_2_address5    |  out|    4|   ap_memory|         C_DRAM_2|         array|
|C_DRAM_2_ce5         |  out|    1|   ap_memory|         C_DRAM_2|         array|
|C_DRAM_2_d5          |  out|   32|   ap_memory|         C_DRAM_2|         array|
|C_DRAM_2_q5          |   in|   32|   ap_memory|         C_DRAM_2|         array|
|C_DRAM_2_we5         |  out|    1|   ap_memory|         C_DRAM_2|         array|
|C_DRAM_2_address6    |  out|    4|   ap_memory|         C_DRAM_2|         array|
|C_DRAM_2_ce6         |  out|    1|   ap_memory|         C_DRAM_2|         array|
|C_DRAM_2_d6          |  out|   32|   ap_memory|         C_DRAM_2|         array|
|C_DRAM_2_q6          |   in|   32|   ap_memory|         C_DRAM_2|         array|
|C_DRAM_2_we6         |  out|    1|   ap_memory|         C_DRAM_2|         array|
|C_DRAM_2_address7    |  out|    4|   ap_memory|         C_DRAM_2|         array|
|C_DRAM_2_ce7         |  out|    1|   ap_memory|         C_DRAM_2|         array|
|C_DRAM_2_d7          |  out|   32|   ap_memory|         C_DRAM_2|         array|
|C_DRAM_2_q7          |   in|   32|   ap_memory|         C_DRAM_2|         array|
|C_DRAM_2_we7         |  out|    1|   ap_memory|         C_DRAM_2|         array|
|C_DRAM_2_address8    |  out|    4|   ap_memory|         C_DRAM_2|         array|
|C_DRAM_2_ce8         |  out|    1|   ap_memory|         C_DRAM_2|         array|
|C_DRAM_2_d8          |  out|   32|   ap_memory|         C_DRAM_2|         array|
|C_DRAM_2_q8          |   in|   32|   ap_memory|         C_DRAM_2|         array|
|C_DRAM_2_we8         |  out|    1|   ap_memory|         C_DRAM_2|         array|
|C_DRAM_2_address9    |  out|    4|   ap_memory|         C_DRAM_2|         array|
|C_DRAM_2_ce9         |  out|    1|   ap_memory|         C_DRAM_2|         array|
|C_DRAM_2_d9          |  out|   32|   ap_memory|         C_DRAM_2|         array|
|C_DRAM_2_q9          |   in|   32|   ap_memory|         C_DRAM_2|         array|
|C_DRAM_2_we9         |  out|    1|   ap_memory|         C_DRAM_2|         array|
|C_DRAM_2_address10   |  out|    4|   ap_memory|         C_DRAM_2|         array|
|C_DRAM_2_ce10        |  out|    1|   ap_memory|         C_DRAM_2|         array|
|C_DRAM_2_d10         |  out|   32|   ap_memory|         C_DRAM_2|         array|
|C_DRAM_2_q10         |   in|   32|   ap_memory|         C_DRAM_2|         array|
|C_DRAM_2_we10        |  out|    1|   ap_memory|         C_DRAM_2|         array|
|C_DRAM_2_address11   |  out|    4|   ap_memory|         C_DRAM_2|         array|
|C_DRAM_2_ce11        |  out|    1|   ap_memory|         C_DRAM_2|         array|
|C_DRAM_2_d11         |  out|   32|   ap_memory|         C_DRAM_2|         array|
|C_DRAM_2_q11         |   in|   32|   ap_memory|         C_DRAM_2|         array|
|C_DRAM_2_we11        |  out|    1|   ap_memory|         C_DRAM_2|         array|
|C_DRAM_2_address12   |  out|    4|   ap_memory|         C_DRAM_2|         array|
|C_DRAM_2_ce12        |  out|    1|   ap_memory|         C_DRAM_2|         array|
|C_DRAM_2_d12         |  out|   32|   ap_memory|         C_DRAM_2|         array|
|C_DRAM_2_q12         |   in|   32|   ap_memory|         C_DRAM_2|         array|
|C_DRAM_2_we12        |  out|    1|   ap_memory|         C_DRAM_2|         array|
|C_DRAM_2_address13   |  out|    4|   ap_memory|         C_DRAM_2|         array|
|C_DRAM_2_ce13        |  out|    1|   ap_memory|         C_DRAM_2|         array|
|C_DRAM_2_d13         |  out|   32|   ap_memory|         C_DRAM_2|         array|
|C_DRAM_2_q13         |   in|   32|   ap_memory|         C_DRAM_2|         array|
|C_DRAM_2_we13        |  out|    1|   ap_memory|         C_DRAM_2|         array|
|C_DRAM_2_address14   |  out|    4|   ap_memory|         C_DRAM_2|         array|
|C_DRAM_2_ce14        |  out|    1|   ap_memory|         C_DRAM_2|         array|
|C_DRAM_2_d14         |  out|   32|   ap_memory|         C_DRAM_2|         array|
|C_DRAM_2_q14         |   in|   32|   ap_memory|         C_DRAM_2|         array|
|C_DRAM_2_we14        |  out|    1|   ap_memory|         C_DRAM_2|         array|
|C_DRAM_2_address15   |  out|    4|   ap_memory|         C_DRAM_2|         array|
|C_DRAM_2_ce15        |  out|    1|   ap_memory|         C_DRAM_2|         array|
|C_DRAM_2_d15         |  out|   32|   ap_memory|         C_DRAM_2|         array|
|C_DRAM_2_q15         |   in|   32|   ap_memory|         C_DRAM_2|         array|
|C_DRAM_2_we15        |  out|    1|   ap_memory|         C_DRAM_2|         array|
|C_DRAM_2_address16   |  out|    4|   ap_memory|         C_DRAM_2|         array|
|C_DRAM_2_ce16        |  out|    1|   ap_memory|         C_DRAM_2|         array|
|C_DRAM_2_d16         |  out|   32|   ap_memory|         C_DRAM_2|         array|
|C_DRAM_2_q16         |   in|   32|   ap_memory|         C_DRAM_2|         array|
|C_DRAM_2_we16        |  out|    1|   ap_memory|         C_DRAM_2|         array|
|C_DRAM_3_address0    |  out|    4|   ap_memory|         C_DRAM_3|         array|
|C_DRAM_3_ce0         |  out|    1|   ap_memory|         C_DRAM_3|         array|
|C_DRAM_3_d0          |  out|   32|   ap_memory|         C_DRAM_3|         array|
|C_DRAM_3_q0          |   in|   32|   ap_memory|         C_DRAM_3|         array|
|C_DRAM_3_we0         |  out|    1|   ap_memory|         C_DRAM_3|         array|
|C_DRAM_3_address1    |  out|    4|   ap_memory|         C_DRAM_3|         array|
|C_DRAM_3_ce1         |  out|    1|   ap_memory|         C_DRAM_3|         array|
|C_DRAM_3_d1          |  out|   32|   ap_memory|         C_DRAM_3|         array|
|C_DRAM_3_q1          |   in|   32|   ap_memory|         C_DRAM_3|         array|
|C_DRAM_3_we1         |  out|    1|   ap_memory|         C_DRAM_3|         array|
|C_DRAM_3_address2    |  out|    4|   ap_memory|         C_DRAM_3|         array|
|C_DRAM_3_ce2         |  out|    1|   ap_memory|         C_DRAM_3|         array|
|C_DRAM_3_d2          |  out|   32|   ap_memory|         C_DRAM_3|         array|
|C_DRAM_3_q2          |   in|   32|   ap_memory|         C_DRAM_3|         array|
|C_DRAM_3_we2         |  out|    1|   ap_memory|         C_DRAM_3|         array|
|C_DRAM_3_address3    |  out|    4|   ap_memory|         C_DRAM_3|         array|
|C_DRAM_3_ce3         |  out|    1|   ap_memory|         C_DRAM_3|         array|
|C_DRAM_3_d3          |  out|   32|   ap_memory|         C_DRAM_3|         array|
|C_DRAM_3_q3          |   in|   32|   ap_memory|         C_DRAM_3|         array|
|C_DRAM_3_we3         |  out|    1|   ap_memory|         C_DRAM_3|         array|
|C_DRAM_3_address4    |  out|    4|   ap_memory|         C_DRAM_3|         array|
|C_DRAM_3_ce4         |  out|    1|   ap_memory|         C_DRAM_3|         array|
|C_DRAM_3_d4          |  out|   32|   ap_memory|         C_DRAM_3|         array|
|C_DRAM_3_q4          |   in|   32|   ap_memory|         C_DRAM_3|         array|
|C_DRAM_3_we4         |  out|    1|   ap_memory|         C_DRAM_3|         array|
|C_DRAM_3_address5    |  out|    4|   ap_memory|         C_DRAM_3|         array|
|C_DRAM_3_ce5         |  out|    1|   ap_memory|         C_DRAM_3|         array|
|C_DRAM_3_d5          |  out|   32|   ap_memory|         C_DRAM_3|         array|
|C_DRAM_3_q5          |   in|   32|   ap_memory|         C_DRAM_3|         array|
|C_DRAM_3_we5         |  out|    1|   ap_memory|         C_DRAM_3|         array|
|C_DRAM_3_address6    |  out|    4|   ap_memory|         C_DRAM_3|         array|
|C_DRAM_3_ce6         |  out|    1|   ap_memory|         C_DRAM_3|         array|
|C_DRAM_3_d6          |  out|   32|   ap_memory|         C_DRAM_3|         array|
|C_DRAM_3_q6          |   in|   32|   ap_memory|         C_DRAM_3|         array|
|C_DRAM_3_we6         |  out|    1|   ap_memory|         C_DRAM_3|         array|
|C_DRAM_3_address7    |  out|    4|   ap_memory|         C_DRAM_3|         array|
|C_DRAM_3_ce7         |  out|    1|   ap_memory|         C_DRAM_3|         array|
|C_DRAM_3_d7          |  out|   32|   ap_memory|         C_DRAM_3|         array|
|C_DRAM_3_q7          |   in|   32|   ap_memory|         C_DRAM_3|         array|
|C_DRAM_3_we7         |  out|    1|   ap_memory|         C_DRAM_3|         array|
|C_DRAM_3_address8    |  out|    4|   ap_memory|         C_DRAM_3|         array|
|C_DRAM_3_ce8         |  out|    1|   ap_memory|         C_DRAM_3|         array|
|C_DRAM_3_d8          |  out|   32|   ap_memory|         C_DRAM_3|         array|
|C_DRAM_3_q8          |   in|   32|   ap_memory|         C_DRAM_3|         array|
|C_DRAM_3_we8         |  out|    1|   ap_memory|         C_DRAM_3|         array|
|C_DRAM_3_address9    |  out|    4|   ap_memory|         C_DRAM_3|         array|
|C_DRAM_3_ce9         |  out|    1|   ap_memory|         C_DRAM_3|         array|
|C_DRAM_3_d9          |  out|   32|   ap_memory|         C_DRAM_3|         array|
|C_DRAM_3_q9          |   in|   32|   ap_memory|         C_DRAM_3|         array|
|C_DRAM_3_we9         |  out|    1|   ap_memory|         C_DRAM_3|         array|
|C_DRAM_3_address10   |  out|    4|   ap_memory|         C_DRAM_3|         array|
|C_DRAM_3_ce10        |  out|    1|   ap_memory|         C_DRAM_3|         array|
|C_DRAM_3_d10         |  out|   32|   ap_memory|         C_DRAM_3|         array|
|C_DRAM_3_q10         |   in|   32|   ap_memory|         C_DRAM_3|         array|
|C_DRAM_3_we10        |  out|    1|   ap_memory|         C_DRAM_3|         array|
|C_DRAM_3_address11   |  out|    4|   ap_memory|         C_DRAM_3|         array|
|C_DRAM_3_ce11        |  out|    1|   ap_memory|         C_DRAM_3|         array|
|C_DRAM_3_d11         |  out|   32|   ap_memory|         C_DRAM_3|         array|
|C_DRAM_3_q11         |   in|   32|   ap_memory|         C_DRAM_3|         array|
|C_DRAM_3_we11        |  out|    1|   ap_memory|         C_DRAM_3|         array|
|C_DRAM_3_address12   |  out|    4|   ap_memory|         C_DRAM_3|         array|
|C_DRAM_3_ce12        |  out|    1|   ap_memory|         C_DRAM_3|         array|
|C_DRAM_3_d12         |  out|   32|   ap_memory|         C_DRAM_3|         array|
|C_DRAM_3_q12         |   in|   32|   ap_memory|         C_DRAM_3|         array|
|C_DRAM_3_we12        |  out|    1|   ap_memory|         C_DRAM_3|         array|
|C_DRAM_3_address13   |  out|    4|   ap_memory|         C_DRAM_3|         array|
|C_DRAM_3_ce13        |  out|    1|   ap_memory|         C_DRAM_3|         array|
|C_DRAM_3_d13         |  out|   32|   ap_memory|         C_DRAM_3|         array|
|C_DRAM_3_q13         |   in|   32|   ap_memory|         C_DRAM_3|         array|
|C_DRAM_3_we13        |  out|    1|   ap_memory|         C_DRAM_3|         array|
|C_DRAM_3_address14   |  out|    4|   ap_memory|         C_DRAM_3|         array|
|C_DRAM_3_ce14        |  out|    1|   ap_memory|         C_DRAM_3|         array|
|C_DRAM_3_d14         |  out|   32|   ap_memory|         C_DRAM_3|         array|
|C_DRAM_3_q14         |   in|   32|   ap_memory|         C_DRAM_3|         array|
|C_DRAM_3_we14        |  out|    1|   ap_memory|         C_DRAM_3|         array|
|C_DRAM_3_address15   |  out|    4|   ap_memory|         C_DRAM_3|         array|
|C_DRAM_3_ce15        |  out|    1|   ap_memory|         C_DRAM_3|         array|
|C_DRAM_3_d15         |  out|   32|   ap_memory|         C_DRAM_3|         array|
|C_DRAM_3_q15         |   in|   32|   ap_memory|         C_DRAM_3|         array|
|C_DRAM_3_we15        |  out|    1|   ap_memory|         C_DRAM_3|         array|
|C_DRAM_3_address16   |  out|    4|   ap_memory|         C_DRAM_3|         array|
|C_DRAM_3_ce16        |  out|    1|   ap_memory|         C_DRAM_3|         array|
|C_DRAM_3_d16         |  out|   32|   ap_memory|         C_DRAM_3|         array|
|C_DRAM_3_q16         |   in|   32|   ap_memory|         C_DRAM_3|         array|
|C_DRAM_3_we16        |  out|    1|   ap_memory|         C_DRAM_3|         array|
|C_DRAM_4_address0    |  out|    4|   ap_memory|         C_DRAM_4|         array|
|C_DRAM_4_ce0         |  out|    1|   ap_memory|         C_DRAM_4|         array|
|C_DRAM_4_d0          |  out|   32|   ap_memory|         C_DRAM_4|         array|
|C_DRAM_4_q0          |   in|   32|   ap_memory|         C_DRAM_4|         array|
|C_DRAM_4_we0         |  out|    1|   ap_memory|         C_DRAM_4|         array|
|C_DRAM_4_address1    |  out|    4|   ap_memory|         C_DRAM_4|         array|
|C_DRAM_4_ce1         |  out|    1|   ap_memory|         C_DRAM_4|         array|
|C_DRAM_4_d1          |  out|   32|   ap_memory|         C_DRAM_4|         array|
|C_DRAM_4_q1          |   in|   32|   ap_memory|         C_DRAM_4|         array|
|C_DRAM_4_we1         |  out|    1|   ap_memory|         C_DRAM_4|         array|
|C_DRAM_4_address2    |  out|    4|   ap_memory|         C_DRAM_4|         array|
|C_DRAM_4_ce2         |  out|    1|   ap_memory|         C_DRAM_4|         array|
|C_DRAM_4_d2          |  out|   32|   ap_memory|         C_DRAM_4|         array|
|C_DRAM_4_q2          |   in|   32|   ap_memory|         C_DRAM_4|         array|
|C_DRAM_4_we2         |  out|    1|   ap_memory|         C_DRAM_4|         array|
|C_DRAM_4_address3    |  out|    4|   ap_memory|         C_DRAM_4|         array|
|C_DRAM_4_ce3         |  out|    1|   ap_memory|         C_DRAM_4|         array|
|C_DRAM_4_d3          |  out|   32|   ap_memory|         C_DRAM_4|         array|
|C_DRAM_4_q3          |   in|   32|   ap_memory|         C_DRAM_4|         array|
|C_DRAM_4_we3         |  out|    1|   ap_memory|         C_DRAM_4|         array|
|C_DRAM_4_address4    |  out|    4|   ap_memory|         C_DRAM_4|         array|
|C_DRAM_4_ce4         |  out|    1|   ap_memory|         C_DRAM_4|         array|
|C_DRAM_4_d4          |  out|   32|   ap_memory|         C_DRAM_4|         array|
|C_DRAM_4_q4          |   in|   32|   ap_memory|         C_DRAM_4|         array|
|C_DRAM_4_we4         |  out|    1|   ap_memory|         C_DRAM_4|         array|
|C_DRAM_4_address5    |  out|    4|   ap_memory|         C_DRAM_4|         array|
|C_DRAM_4_ce5         |  out|    1|   ap_memory|         C_DRAM_4|         array|
|C_DRAM_4_d5          |  out|   32|   ap_memory|         C_DRAM_4|         array|
|C_DRAM_4_q5          |   in|   32|   ap_memory|         C_DRAM_4|         array|
|C_DRAM_4_we5         |  out|    1|   ap_memory|         C_DRAM_4|         array|
|C_DRAM_4_address6    |  out|    4|   ap_memory|         C_DRAM_4|         array|
|C_DRAM_4_ce6         |  out|    1|   ap_memory|         C_DRAM_4|         array|
|C_DRAM_4_d6          |  out|   32|   ap_memory|         C_DRAM_4|         array|
|C_DRAM_4_q6          |   in|   32|   ap_memory|         C_DRAM_4|         array|
|C_DRAM_4_we6         |  out|    1|   ap_memory|         C_DRAM_4|         array|
|C_DRAM_4_address7    |  out|    4|   ap_memory|         C_DRAM_4|         array|
|C_DRAM_4_ce7         |  out|    1|   ap_memory|         C_DRAM_4|         array|
|C_DRAM_4_d7          |  out|   32|   ap_memory|         C_DRAM_4|         array|
|C_DRAM_4_q7          |   in|   32|   ap_memory|         C_DRAM_4|         array|
|C_DRAM_4_we7         |  out|    1|   ap_memory|         C_DRAM_4|         array|
|C_DRAM_4_address8    |  out|    4|   ap_memory|         C_DRAM_4|         array|
|C_DRAM_4_ce8         |  out|    1|   ap_memory|         C_DRAM_4|         array|
|C_DRAM_4_d8          |  out|   32|   ap_memory|         C_DRAM_4|         array|
|C_DRAM_4_q8          |   in|   32|   ap_memory|         C_DRAM_4|         array|
|C_DRAM_4_we8         |  out|    1|   ap_memory|         C_DRAM_4|         array|
|C_DRAM_4_address9    |  out|    4|   ap_memory|         C_DRAM_4|         array|
|C_DRAM_4_ce9         |  out|    1|   ap_memory|         C_DRAM_4|         array|
|C_DRAM_4_d9          |  out|   32|   ap_memory|         C_DRAM_4|         array|
|C_DRAM_4_q9          |   in|   32|   ap_memory|         C_DRAM_4|         array|
|C_DRAM_4_we9         |  out|    1|   ap_memory|         C_DRAM_4|         array|
|C_DRAM_4_address10   |  out|    4|   ap_memory|         C_DRAM_4|         array|
|C_DRAM_4_ce10        |  out|    1|   ap_memory|         C_DRAM_4|         array|
|C_DRAM_4_d10         |  out|   32|   ap_memory|         C_DRAM_4|         array|
|C_DRAM_4_q10         |   in|   32|   ap_memory|         C_DRAM_4|         array|
|C_DRAM_4_we10        |  out|    1|   ap_memory|         C_DRAM_4|         array|
|C_DRAM_4_address11   |  out|    4|   ap_memory|         C_DRAM_4|         array|
|C_DRAM_4_ce11        |  out|    1|   ap_memory|         C_DRAM_4|         array|
|C_DRAM_4_d11         |  out|   32|   ap_memory|         C_DRAM_4|         array|
|C_DRAM_4_q11         |   in|   32|   ap_memory|         C_DRAM_4|         array|
|C_DRAM_4_we11        |  out|    1|   ap_memory|         C_DRAM_4|         array|
|C_DRAM_4_address12   |  out|    4|   ap_memory|         C_DRAM_4|         array|
|C_DRAM_4_ce12        |  out|    1|   ap_memory|         C_DRAM_4|         array|
|C_DRAM_4_d12         |  out|   32|   ap_memory|         C_DRAM_4|         array|
|C_DRAM_4_q12         |   in|   32|   ap_memory|         C_DRAM_4|         array|
|C_DRAM_4_we12        |  out|    1|   ap_memory|         C_DRAM_4|         array|
|C_DRAM_4_address13   |  out|    4|   ap_memory|         C_DRAM_4|         array|
|C_DRAM_4_ce13        |  out|    1|   ap_memory|         C_DRAM_4|         array|
|C_DRAM_4_d13         |  out|   32|   ap_memory|         C_DRAM_4|         array|
|C_DRAM_4_q13         |   in|   32|   ap_memory|         C_DRAM_4|         array|
|C_DRAM_4_we13        |  out|    1|   ap_memory|         C_DRAM_4|         array|
|C_DRAM_4_address14   |  out|    4|   ap_memory|         C_DRAM_4|         array|
|C_DRAM_4_ce14        |  out|    1|   ap_memory|         C_DRAM_4|         array|
|C_DRAM_4_d14         |  out|   32|   ap_memory|         C_DRAM_4|         array|
|C_DRAM_4_q14         |   in|   32|   ap_memory|         C_DRAM_4|         array|
|C_DRAM_4_we14        |  out|    1|   ap_memory|         C_DRAM_4|         array|
|C_DRAM_4_address15   |  out|    4|   ap_memory|         C_DRAM_4|         array|
|C_DRAM_4_ce15        |  out|    1|   ap_memory|         C_DRAM_4|         array|
|C_DRAM_4_d15         |  out|   32|   ap_memory|         C_DRAM_4|         array|
|C_DRAM_4_q15         |   in|   32|   ap_memory|         C_DRAM_4|         array|
|C_DRAM_4_we15        |  out|    1|   ap_memory|         C_DRAM_4|         array|
|C_DRAM_4_address16   |  out|    4|   ap_memory|         C_DRAM_4|         array|
|C_DRAM_4_ce16        |  out|    1|   ap_memory|         C_DRAM_4|         array|
|C_DRAM_4_d16         |  out|   32|   ap_memory|         C_DRAM_4|         array|
|C_DRAM_4_q16         |   in|   32|   ap_memory|         C_DRAM_4|         array|
|C_DRAM_4_we16        |  out|    1|   ap_memory|         C_DRAM_4|         array|
|C_DRAM_5_address0    |  out|    4|   ap_memory|         C_DRAM_5|         array|
|C_DRAM_5_ce0         |  out|    1|   ap_memory|         C_DRAM_5|         array|
|C_DRAM_5_d0          |  out|   32|   ap_memory|         C_DRAM_5|         array|
|C_DRAM_5_q0          |   in|   32|   ap_memory|         C_DRAM_5|         array|
|C_DRAM_5_we0         |  out|    1|   ap_memory|         C_DRAM_5|         array|
|C_DRAM_5_address1    |  out|    4|   ap_memory|         C_DRAM_5|         array|
|C_DRAM_5_ce1         |  out|    1|   ap_memory|         C_DRAM_5|         array|
|C_DRAM_5_d1          |  out|   32|   ap_memory|         C_DRAM_5|         array|
|C_DRAM_5_q1          |   in|   32|   ap_memory|         C_DRAM_5|         array|
|C_DRAM_5_we1         |  out|    1|   ap_memory|         C_DRAM_5|         array|
|C_DRAM_5_address2    |  out|    4|   ap_memory|         C_DRAM_5|         array|
|C_DRAM_5_ce2         |  out|    1|   ap_memory|         C_DRAM_5|         array|
|C_DRAM_5_d2          |  out|   32|   ap_memory|         C_DRAM_5|         array|
|C_DRAM_5_q2          |   in|   32|   ap_memory|         C_DRAM_5|         array|
|C_DRAM_5_we2         |  out|    1|   ap_memory|         C_DRAM_5|         array|
|C_DRAM_5_address3    |  out|    4|   ap_memory|         C_DRAM_5|         array|
|C_DRAM_5_ce3         |  out|    1|   ap_memory|         C_DRAM_5|         array|
|C_DRAM_5_d3          |  out|   32|   ap_memory|         C_DRAM_5|         array|
|C_DRAM_5_q3          |   in|   32|   ap_memory|         C_DRAM_5|         array|
|C_DRAM_5_we3         |  out|    1|   ap_memory|         C_DRAM_5|         array|
|C_DRAM_5_address4    |  out|    4|   ap_memory|         C_DRAM_5|         array|
|C_DRAM_5_ce4         |  out|    1|   ap_memory|         C_DRAM_5|         array|
|C_DRAM_5_d4          |  out|   32|   ap_memory|         C_DRAM_5|         array|
|C_DRAM_5_q4          |   in|   32|   ap_memory|         C_DRAM_5|         array|
|C_DRAM_5_we4         |  out|    1|   ap_memory|         C_DRAM_5|         array|
|C_DRAM_5_address5    |  out|    4|   ap_memory|         C_DRAM_5|         array|
|C_DRAM_5_ce5         |  out|    1|   ap_memory|         C_DRAM_5|         array|
|C_DRAM_5_d5          |  out|   32|   ap_memory|         C_DRAM_5|         array|
|C_DRAM_5_q5          |   in|   32|   ap_memory|         C_DRAM_5|         array|
|C_DRAM_5_we5         |  out|    1|   ap_memory|         C_DRAM_5|         array|
|C_DRAM_5_address6    |  out|    4|   ap_memory|         C_DRAM_5|         array|
|C_DRAM_5_ce6         |  out|    1|   ap_memory|         C_DRAM_5|         array|
|C_DRAM_5_d6          |  out|   32|   ap_memory|         C_DRAM_5|         array|
|C_DRAM_5_q6          |   in|   32|   ap_memory|         C_DRAM_5|         array|
|C_DRAM_5_we6         |  out|    1|   ap_memory|         C_DRAM_5|         array|
|C_DRAM_5_address7    |  out|    4|   ap_memory|         C_DRAM_5|         array|
|C_DRAM_5_ce7         |  out|    1|   ap_memory|         C_DRAM_5|         array|
|C_DRAM_5_d7          |  out|   32|   ap_memory|         C_DRAM_5|         array|
|C_DRAM_5_q7          |   in|   32|   ap_memory|         C_DRAM_5|         array|
|C_DRAM_5_we7         |  out|    1|   ap_memory|         C_DRAM_5|         array|
|C_DRAM_5_address8    |  out|    4|   ap_memory|         C_DRAM_5|         array|
|C_DRAM_5_ce8         |  out|    1|   ap_memory|         C_DRAM_5|         array|
|C_DRAM_5_d8          |  out|   32|   ap_memory|         C_DRAM_5|         array|
|C_DRAM_5_q8          |   in|   32|   ap_memory|         C_DRAM_5|         array|
|C_DRAM_5_we8         |  out|    1|   ap_memory|         C_DRAM_5|         array|
|C_DRAM_5_address9    |  out|    4|   ap_memory|         C_DRAM_5|         array|
|C_DRAM_5_ce9         |  out|    1|   ap_memory|         C_DRAM_5|         array|
|C_DRAM_5_d9          |  out|   32|   ap_memory|         C_DRAM_5|         array|
|C_DRAM_5_q9          |   in|   32|   ap_memory|         C_DRAM_5|         array|
|C_DRAM_5_we9         |  out|    1|   ap_memory|         C_DRAM_5|         array|
|C_DRAM_5_address10   |  out|    4|   ap_memory|         C_DRAM_5|         array|
|C_DRAM_5_ce10        |  out|    1|   ap_memory|         C_DRAM_5|         array|
|C_DRAM_5_d10         |  out|   32|   ap_memory|         C_DRAM_5|         array|
|C_DRAM_5_q10         |   in|   32|   ap_memory|         C_DRAM_5|         array|
|C_DRAM_5_we10        |  out|    1|   ap_memory|         C_DRAM_5|         array|
|C_DRAM_5_address11   |  out|    4|   ap_memory|         C_DRAM_5|         array|
|C_DRAM_5_ce11        |  out|    1|   ap_memory|         C_DRAM_5|         array|
|C_DRAM_5_d11         |  out|   32|   ap_memory|         C_DRAM_5|         array|
|C_DRAM_5_q11         |   in|   32|   ap_memory|         C_DRAM_5|         array|
|C_DRAM_5_we11        |  out|    1|   ap_memory|         C_DRAM_5|         array|
|C_DRAM_5_address12   |  out|    4|   ap_memory|         C_DRAM_5|         array|
|C_DRAM_5_ce12        |  out|    1|   ap_memory|         C_DRAM_5|         array|
|C_DRAM_5_d12         |  out|   32|   ap_memory|         C_DRAM_5|         array|
|C_DRAM_5_q12         |   in|   32|   ap_memory|         C_DRAM_5|         array|
|C_DRAM_5_we12        |  out|    1|   ap_memory|         C_DRAM_5|         array|
|C_DRAM_5_address13   |  out|    4|   ap_memory|         C_DRAM_5|         array|
|C_DRAM_5_ce13        |  out|    1|   ap_memory|         C_DRAM_5|         array|
|C_DRAM_5_d13         |  out|   32|   ap_memory|         C_DRAM_5|         array|
|C_DRAM_5_q13         |   in|   32|   ap_memory|         C_DRAM_5|         array|
|C_DRAM_5_we13        |  out|    1|   ap_memory|         C_DRAM_5|         array|
|C_DRAM_5_address14   |  out|    4|   ap_memory|         C_DRAM_5|         array|
|C_DRAM_5_ce14        |  out|    1|   ap_memory|         C_DRAM_5|         array|
|C_DRAM_5_d14         |  out|   32|   ap_memory|         C_DRAM_5|         array|
|C_DRAM_5_q14         |   in|   32|   ap_memory|         C_DRAM_5|         array|
|C_DRAM_5_we14        |  out|    1|   ap_memory|         C_DRAM_5|         array|
|C_DRAM_5_address15   |  out|    4|   ap_memory|         C_DRAM_5|         array|
|C_DRAM_5_ce15        |  out|    1|   ap_memory|         C_DRAM_5|         array|
|C_DRAM_5_d15         |  out|   32|   ap_memory|         C_DRAM_5|         array|
|C_DRAM_5_q15         |   in|   32|   ap_memory|         C_DRAM_5|         array|
|C_DRAM_5_we15        |  out|    1|   ap_memory|         C_DRAM_5|         array|
|C_DRAM_5_address16   |  out|    4|   ap_memory|         C_DRAM_5|         array|
|C_DRAM_5_ce16        |  out|    1|   ap_memory|         C_DRAM_5|         array|
|C_DRAM_5_d16         |  out|   32|   ap_memory|         C_DRAM_5|         array|
|C_DRAM_5_q16         |   in|   32|   ap_memory|         C_DRAM_5|         array|
|C_DRAM_5_we16        |  out|    1|   ap_memory|         C_DRAM_5|         array|
|C_DRAM_6_address0    |  out|    4|   ap_memory|         C_DRAM_6|         array|
|C_DRAM_6_ce0         |  out|    1|   ap_memory|         C_DRAM_6|         array|
|C_DRAM_6_d0          |  out|   32|   ap_memory|         C_DRAM_6|         array|
|C_DRAM_6_q0          |   in|   32|   ap_memory|         C_DRAM_6|         array|
|C_DRAM_6_we0         |  out|    1|   ap_memory|         C_DRAM_6|         array|
|C_DRAM_6_address1    |  out|    4|   ap_memory|         C_DRAM_6|         array|
|C_DRAM_6_ce1         |  out|    1|   ap_memory|         C_DRAM_6|         array|
|C_DRAM_6_d1          |  out|   32|   ap_memory|         C_DRAM_6|         array|
|C_DRAM_6_q1          |   in|   32|   ap_memory|         C_DRAM_6|         array|
|C_DRAM_6_we1         |  out|    1|   ap_memory|         C_DRAM_6|         array|
|C_DRAM_6_address2    |  out|    4|   ap_memory|         C_DRAM_6|         array|
|C_DRAM_6_ce2         |  out|    1|   ap_memory|         C_DRAM_6|         array|
|C_DRAM_6_d2          |  out|   32|   ap_memory|         C_DRAM_6|         array|
|C_DRAM_6_q2          |   in|   32|   ap_memory|         C_DRAM_6|         array|
|C_DRAM_6_we2         |  out|    1|   ap_memory|         C_DRAM_6|         array|
|C_DRAM_6_address3    |  out|    4|   ap_memory|         C_DRAM_6|         array|
|C_DRAM_6_ce3         |  out|    1|   ap_memory|         C_DRAM_6|         array|
|C_DRAM_6_d3          |  out|   32|   ap_memory|         C_DRAM_6|         array|
|C_DRAM_6_q3          |   in|   32|   ap_memory|         C_DRAM_6|         array|
|C_DRAM_6_we3         |  out|    1|   ap_memory|         C_DRAM_6|         array|
|C_DRAM_6_address4    |  out|    4|   ap_memory|         C_DRAM_6|         array|
|C_DRAM_6_ce4         |  out|    1|   ap_memory|         C_DRAM_6|         array|
|C_DRAM_6_d4          |  out|   32|   ap_memory|         C_DRAM_6|         array|
|C_DRAM_6_q4          |   in|   32|   ap_memory|         C_DRAM_6|         array|
|C_DRAM_6_we4         |  out|    1|   ap_memory|         C_DRAM_6|         array|
|C_DRAM_6_address5    |  out|    4|   ap_memory|         C_DRAM_6|         array|
|C_DRAM_6_ce5         |  out|    1|   ap_memory|         C_DRAM_6|         array|
|C_DRAM_6_d5          |  out|   32|   ap_memory|         C_DRAM_6|         array|
|C_DRAM_6_q5          |   in|   32|   ap_memory|         C_DRAM_6|         array|
|C_DRAM_6_we5         |  out|    1|   ap_memory|         C_DRAM_6|         array|
|C_DRAM_6_address6    |  out|    4|   ap_memory|         C_DRAM_6|         array|
|C_DRAM_6_ce6         |  out|    1|   ap_memory|         C_DRAM_6|         array|
|C_DRAM_6_d6          |  out|   32|   ap_memory|         C_DRAM_6|         array|
|C_DRAM_6_q6          |   in|   32|   ap_memory|         C_DRAM_6|         array|
|C_DRAM_6_we6         |  out|    1|   ap_memory|         C_DRAM_6|         array|
|C_DRAM_6_address7    |  out|    4|   ap_memory|         C_DRAM_6|         array|
|C_DRAM_6_ce7         |  out|    1|   ap_memory|         C_DRAM_6|         array|
|C_DRAM_6_d7          |  out|   32|   ap_memory|         C_DRAM_6|         array|
|C_DRAM_6_q7          |   in|   32|   ap_memory|         C_DRAM_6|         array|
|C_DRAM_6_we7         |  out|    1|   ap_memory|         C_DRAM_6|         array|
|C_DRAM_6_address8    |  out|    4|   ap_memory|         C_DRAM_6|         array|
|C_DRAM_6_ce8         |  out|    1|   ap_memory|         C_DRAM_6|         array|
|C_DRAM_6_d8          |  out|   32|   ap_memory|         C_DRAM_6|         array|
|C_DRAM_6_q8          |   in|   32|   ap_memory|         C_DRAM_6|         array|
|C_DRAM_6_we8         |  out|    1|   ap_memory|         C_DRAM_6|         array|
|C_DRAM_6_address9    |  out|    4|   ap_memory|         C_DRAM_6|         array|
|C_DRAM_6_ce9         |  out|    1|   ap_memory|         C_DRAM_6|         array|
|C_DRAM_6_d9          |  out|   32|   ap_memory|         C_DRAM_6|         array|
|C_DRAM_6_q9          |   in|   32|   ap_memory|         C_DRAM_6|         array|
|C_DRAM_6_we9         |  out|    1|   ap_memory|         C_DRAM_6|         array|
|C_DRAM_6_address10   |  out|    4|   ap_memory|         C_DRAM_6|         array|
|C_DRAM_6_ce10        |  out|    1|   ap_memory|         C_DRAM_6|         array|
|C_DRAM_6_d10         |  out|   32|   ap_memory|         C_DRAM_6|         array|
|C_DRAM_6_q10         |   in|   32|   ap_memory|         C_DRAM_6|         array|
|C_DRAM_6_we10        |  out|    1|   ap_memory|         C_DRAM_6|         array|
|C_DRAM_6_address11   |  out|    4|   ap_memory|         C_DRAM_6|         array|
|C_DRAM_6_ce11        |  out|    1|   ap_memory|         C_DRAM_6|         array|
|C_DRAM_6_d11         |  out|   32|   ap_memory|         C_DRAM_6|         array|
|C_DRAM_6_q11         |   in|   32|   ap_memory|         C_DRAM_6|         array|
|C_DRAM_6_we11        |  out|    1|   ap_memory|         C_DRAM_6|         array|
|C_DRAM_6_address12   |  out|    4|   ap_memory|         C_DRAM_6|         array|
|C_DRAM_6_ce12        |  out|    1|   ap_memory|         C_DRAM_6|         array|
|C_DRAM_6_d12         |  out|   32|   ap_memory|         C_DRAM_6|         array|
|C_DRAM_6_q12         |   in|   32|   ap_memory|         C_DRAM_6|         array|
|C_DRAM_6_we12        |  out|    1|   ap_memory|         C_DRAM_6|         array|
|C_DRAM_6_address13   |  out|    4|   ap_memory|         C_DRAM_6|         array|
|C_DRAM_6_ce13        |  out|    1|   ap_memory|         C_DRAM_6|         array|
|C_DRAM_6_d13         |  out|   32|   ap_memory|         C_DRAM_6|         array|
|C_DRAM_6_q13         |   in|   32|   ap_memory|         C_DRAM_6|         array|
|C_DRAM_6_we13        |  out|    1|   ap_memory|         C_DRAM_6|         array|
|C_DRAM_6_address14   |  out|    4|   ap_memory|         C_DRAM_6|         array|
|C_DRAM_6_ce14        |  out|    1|   ap_memory|         C_DRAM_6|         array|
|C_DRAM_6_d14         |  out|   32|   ap_memory|         C_DRAM_6|         array|
|C_DRAM_6_q14         |   in|   32|   ap_memory|         C_DRAM_6|         array|
|C_DRAM_6_we14        |  out|    1|   ap_memory|         C_DRAM_6|         array|
|C_DRAM_6_address15   |  out|    4|   ap_memory|         C_DRAM_6|         array|
|C_DRAM_6_ce15        |  out|    1|   ap_memory|         C_DRAM_6|         array|
|C_DRAM_6_d15         |  out|   32|   ap_memory|         C_DRAM_6|         array|
|C_DRAM_6_q15         |   in|   32|   ap_memory|         C_DRAM_6|         array|
|C_DRAM_6_we15        |  out|    1|   ap_memory|         C_DRAM_6|         array|
|C_DRAM_6_address16   |  out|    4|   ap_memory|         C_DRAM_6|         array|
|C_DRAM_6_ce16        |  out|    1|   ap_memory|         C_DRAM_6|         array|
|C_DRAM_6_d16         |  out|   32|   ap_memory|         C_DRAM_6|         array|
|C_DRAM_6_q16         |   in|   32|   ap_memory|         C_DRAM_6|         array|
|C_DRAM_6_we16        |  out|    1|   ap_memory|         C_DRAM_6|         array|
|C_DRAM_7_address0    |  out|    4|   ap_memory|         C_DRAM_7|         array|
|C_DRAM_7_ce0         |  out|    1|   ap_memory|         C_DRAM_7|         array|
|C_DRAM_7_d0          |  out|   32|   ap_memory|         C_DRAM_7|         array|
|C_DRAM_7_q0          |   in|   32|   ap_memory|         C_DRAM_7|         array|
|C_DRAM_7_we0         |  out|    1|   ap_memory|         C_DRAM_7|         array|
|C_DRAM_7_address1    |  out|    4|   ap_memory|         C_DRAM_7|         array|
|C_DRAM_7_ce1         |  out|    1|   ap_memory|         C_DRAM_7|         array|
|C_DRAM_7_d1          |  out|   32|   ap_memory|         C_DRAM_7|         array|
|C_DRAM_7_q1          |   in|   32|   ap_memory|         C_DRAM_7|         array|
|C_DRAM_7_we1         |  out|    1|   ap_memory|         C_DRAM_7|         array|
|C_DRAM_7_address2    |  out|    4|   ap_memory|         C_DRAM_7|         array|
|C_DRAM_7_ce2         |  out|    1|   ap_memory|         C_DRAM_7|         array|
|C_DRAM_7_d2          |  out|   32|   ap_memory|         C_DRAM_7|         array|
|C_DRAM_7_q2          |   in|   32|   ap_memory|         C_DRAM_7|         array|
|C_DRAM_7_we2         |  out|    1|   ap_memory|         C_DRAM_7|         array|
|C_DRAM_7_address3    |  out|    4|   ap_memory|         C_DRAM_7|         array|
|C_DRAM_7_ce3         |  out|    1|   ap_memory|         C_DRAM_7|         array|
|C_DRAM_7_d3          |  out|   32|   ap_memory|         C_DRAM_7|         array|
|C_DRAM_7_q3          |   in|   32|   ap_memory|         C_DRAM_7|         array|
|C_DRAM_7_we3         |  out|    1|   ap_memory|         C_DRAM_7|         array|
|C_DRAM_7_address4    |  out|    4|   ap_memory|         C_DRAM_7|         array|
|C_DRAM_7_ce4         |  out|    1|   ap_memory|         C_DRAM_7|         array|
|C_DRAM_7_d4          |  out|   32|   ap_memory|         C_DRAM_7|         array|
|C_DRAM_7_q4          |   in|   32|   ap_memory|         C_DRAM_7|         array|
|C_DRAM_7_we4         |  out|    1|   ap_memory|         C_DRAM_7|         array|
|C_DRAM_7_address5    |  out|    4|   ap_memory|         C_DRAM_7|         array|
|C_DRAM_7_ce5         |  out|    1|   ap_memory|         C_DRAM_7|         array|
|C_DRAM_7_d5          |  out|   32|   ap_memory|         C_DRAM_7|         array|
|C_DRAM_7_q5          |   in|   32|   ap_memory|         C_DRAM_7|         array|
|C_DRAM_7_we5         |  out|    1|   ap_memory|         C_DRAM_7|         array|
|C_DRAM_7_address6    |  out|    4|   ap_memory|         C_DRAM_7|         array|
|C_DRAM_7_ce6         |  out|    1|   ap_memory|         C_DRAM_7|         array|
|C_DRAM_7_d6          |  out|   32|   ap_memory|         C_DRAM_7|         array|
|C_DRAM_7_q6          |   in|   32|   ap_memory|         C_DRAM_7|         array|
|C_DRAM_7_we6         |  out|    1|   ap_memory|         C_DRAM_7|         array|
|C_DRAM_7_address7    |  out|    4|   ap_memory|         C_DRAM_7|         array|
|C_DRAM_7_ce7         |  out|    1|   ap_memory|         C_DRAM_7|         array|
|C_DRAM_7_d7          |  out|   32|   ap_memory|         C_DRAM_7|         array|
|C_DRAM_7_q7          |   in|   32|   ap_memory|         C_DRAM_7|         array|
|C_DRAM_7_we7         |  out|    1|   ap_memory|         C_DRAM_7|         array|
|C_DRAM_7_address8    |  out|    4|   ap_memory|         C_DRAM_7|         array|
|C_DRAM_7_ce8         |  out|    1|   ap_memory|         C_DRAM_7|         array|
|C_DRAM_7_d8          |  out|   32|   ap_memory|         C_DRAM_7|         array|
|C_DRAM_7_q8          |   in|   32|   ap_memory|         C_DRAM_7|         array|
|C_DRAM_7_we8         |  out|    1|   ap_memory|         C_DRAM_7|         array|
|C_DRAM_7_address9    |  out|    4|   ap_memory|         C_DRAM_7|         array|
|C_DRAM_7_ce9         |  out|    1|   ap_memory|         C_DRAM_7|         array|
|C_DRAM_7_d9          |  out|   32|   ap_memory|         C_DRAM_7|         array|
|C_DRAM_7_q9          |   in|   32|   ap_memory|         C_DRAM_7|         array|
|C_DRAM_7_we9         |  out|    1|   ap_memory|         C_DRAM_7|         array|
|C_DRAM_7_address10   |  out|    4|   ap_memory|         C_DRAM_7|         array|
|C_DRAM_7_ce10        |  out|    1|   ap_memory|         C_DRAM_7|         array|
|C_DRAM_7_d10         |  out|   32|   ap_memory|         C_DRAM_7|         array|
|C_DRAM_7_q10         |   in|   32|   ap_memory|         C_DRAM_7|         array|
|C_DRAM_7_we10        |  out|    1|   ap_memory|         C_DRAM_7|         array|
|C_DRAM_7_address11   |  out|    4|   ap_memory|         C_DRAM_7|         array|
|C_DRAM_7_ce11        |  out|    1|   ap_memory|         C_DRAM_7|         array|
|C_DRAM_7_d11         |  out|   32|   ap_memory|         C_DRAM_7|         array|
|C_DRAM_7_q11         |   in|   32|   ap_memory|         C_DRAM_7|         array|
|C_DRAM_7_we11        |  out|    1|   ap_memory|         C_DRAM_7|         array|
|C_DRAM_7_address12   |  out|    4|   ap_memory|         C_DRAM_7|         array|
|C_DRAM_7_ce12        |  out|    1|   ap_memory|         C_DRAM_7|         array|
|C_DRAM_7_d12         |  out|   32|   ap_memory|         C_DRAM_7|         array|
|C_DRAM_7_q12         |   in|   32|   ap_memory|         C_DRAM_7|         array|
|C_DRAM_7_we12        |  out|    1|   ap_memory|         C_DRAM_7|         array|
|C_DRAM_7_address13   |  out|    4|   ap_memory|         C_DRAM_7|         array|
|C_DRAM_7_ce13        |  out|    1|   ap_memory|         C_DRAM_7|         array|
|C_DRAM_7_d13         |  out|   32|   ap_memory|         C_DRAM_7|         array|
|C_DRAM_7_q13         |   in|   32|   ap_memory|         C_DRAM_7|         array|
|C_DRAM_7_we13        |  out|    1|   ap_memory|         C_DRAM_7|         array|
|C_DRAM_7_address14   |  out|    4|   ap_memory|         C_DRAM_7|         array|
|C_DRAM_7_ce14        |  out|    1|   ap_memory|         C_DRAM_7|         array|
|C_DRAM_7_d14         |  out|   32|   ap_memory|         C_DRAM_7|         array|
|C_DRAM_7_q14         |   in|   32|   ap_memory|         C_DRAM_7|         array|
|C_DRAM_7_we14        |  out|    1|   ap_memory|         C_DRAM_7|         array|
|C_DRAM_7_address15   |  out|    4|   ap_memory|         C_DRAM_7|         array|
|C_DRAM_7_ce15        |  out|    1|   ap_memory|         C_DRAM_7|         array|
|C_DRAM_7_d15         |  out|   32|   ap_memory|         C_DRAM_7|         array|
|C_DRAM_7_q15         |   in|   32|   ap_memory|         C_DRAM_7|         array|
|C_DRAM_7_we15        |  out|    1|   ap_memory|         C_DRAM_7|         array|
|C_DRAM_7_address16   |  out|    4|   ap_memory|         C_DRAM_7|         array|
|C_DRAM_7_ce16        |  out|    1|   ap_memory|         C_DRAM_7|         array|
|C_DRAM_7_d16         |  out|   32|   ap_memory|         C_DRAM_7|         array|
|C_DRAM_7_q16         |   in|   32|   ap_memory|         C_DRAM_7|         array|
|C_DRAM_7_we16        |  out|    1|   ap_memory|         C_DRAM_7|         array|
|C_DRAM_8_address0    |  out|    4|   ap_memory|         C_DRAM_8|         array|
|C_DRAM_8_ce0         |  out|    1|   ap_memory|         C_DRAM_8|         array|
|C_DRAM_8_d0          |  out|   32|   ap_memory|         C_DRAM_8|         array|
|C_DRAM_8_q0          |   in|   32|   ap_memory|         C_DRAM_8|         array|
|C_DRAM_8_we0         |  out|    1|   ap_memory|         C_DRAM_8|         array|
|C_DRAM_8_address1    |  out|    4|   ap_memory|         C_DRAM_8|         array|
|C_DRAM_8_ce1         |  out|    1|   ap_memory|         C_DRAM_8|         array|
|C_DRAM_8_d1          |  out|   32|   ap_memory|         C_DRAM_8|         array|
|C_DRAM_8_q1          |   in|   32|   ap_memory|         C_DRAM_8|         array|
|C_DRAM_8_we1         |  out|    1|   ap_memory|         C_DRAM_8|         array|
|C_DRAM_8_address2    |  out|    4|   ap_memory|         C_DRAM_8|         array|
|C_DRAM_8_ce2         |  out|    1|   ap_memory|         C_DRAM_8|         array|
|C_DRAM_8_d2          |  out|   32|   ap_memory|         C_DRAM_8|         array|
|C_DRAM_8_q2          |   in|   32|   ap_memory|         C_DRAM_8|         array|
|C_DRAM_8_we2         |  out|    1|   ap_memory|         C_DRAM_8|         array|
|C_DRAM_8_address3    |  out|    4|   ap_memory|         C_DRAM_8|         array|
|C_DRAM_8_ce3         |  out|    1|   ap_memory|         C_DRAM_8|         array|
|C_DRAM_8_d3          |  out|   32|   ap_memory|         C_DRAM_8|         array|
|C_DRAM_8_q3          |   in|   32|   ap_memory|         C_DRAM_8|         array|
|C_DRAM_8_we3         |  out|    1|   ap_memory|         C_DRAM_8|         array|
|C_DRAM_8_address4    |  out|    4|   ap_memory|         C_DRAM_8|         array|
|C_DRAM_8_ce4         |  out|    1|   ap_memory|         C_DRAM_8|         array|
|C_DRAM_8_d4          |  out|   32|   ap_memory|         C_DRAM_8|         array|
|C_DRAM_8_q4          |   in|   32|   ap_memory|         C_DRAM_8|         array|
|C_DRAM_8_we4         |  out|    1|   ap_memory|         C_DRAM_8|         array|
|C_DRAM_8_address5    |  out|    4|   ap_memory|         C_DRAM_8|         array|
|C_DRAM_8_ce5         |  out|    1|   ap_memory|         C_DRAM_8|         array|
|C_DRAM_8_d5          |  out|   32|   ap_memory|         C_DRAM_8|         array|
|C_DRAM_8_q5          |   in|   32|   ap_memory|         C_DRAM_8|         array|
|C_DRAM_8_we5         |  out|    1|   ap_memory|         C_DRAM_8|         array|
|C_DRAM_8_address6    |  out|    4|   ap_memory|         C_DRAM_8|         array|
|C_DRAM_8_ce6         |  out|    1|   ap_memory|         C_DRAM_8|         array|
|C_DRAM_8_d6          |  out|   32|   ap_memory|         C_DRAM_8|         array|
|C_DRAM_8_q6          |   in|   32|   ap_memory|         C_DRAM_8|         array|
|C_DRAM_8_we6         |  out|    1|   ap_memory|         C_DRAM_8|         array|
|C_DRAM_8_address7    |  out|    4|   ap_memory|         C_DRAM_8|         array|
|C_DRAM_8_ce7         |  out|    1|   ap_memory|         C_DRAM_8|         array|
|C_DRAM_8_d7          |  out|   32|   ap_memory|         C_DRAM_8|         array|
|C_DRAM_8_q7          |   in|   32|   ap_memory|         C_DRAM_8|         array|
|C_DRAM_8_we7         |  out|    1|   ap_memory|         C_DRAM_8|         array|
|C_DRAM_8_address8    |  out|    4|   ap_memory|         C_DRAM_8|         array|
|C_DRAM_8_ce8         |  out|    1|   ap_memory|         C_DRAM_8|         array|
|C_DRAM_8_d8          |  out|   32|   ap_memory|         C_DRAM_8|         array|
|C_DRAM_8_q8          |   in|   32|   ap_memory|         C_DRAM_8|         array|
|C_DRAM_8_we8         |  out|    1|   ap_memory|         C_DRAM_8|         array|
|C_DRAM_8_address9    |  out|    4|   ap_memory|         C_DRAM_8|         array|
|C_DRAM_8_ce9         |  out|    1|   ap_memory|         C_DRAM_8|         array|
|C_DRAM_8_d9          |  out|   32|   ap_memory|         C_DRAM_8|         array|
|C_DRAM_8_q9          |   in|   32|   ap_memory|         C_DRAM_8|         array|
|C_DRAM_8_we9         |  out|    1|   ap_memory|         C_DRAM_8|         array|
|C_DRAM_8_address10   |  out|    4|   ap_memory|         C_DRAM_8|         array|
|C_DRAM_8_ce10        |  out|    1|   ap_memory|         C_DRAM_8|         array|
|C_DRAM_8_d10         |  out|   32|   ap_memory|         C_DRAM_8|         array|
|C_DRAM_8_q10         |   in|   32|   ap_memory|         C_DRAM_8|         array|
|C_DRAM_8_we10        |  out|    1|   ap_memory|         C_DRAM_8|         array|
|C_DRAM_8_address11   |  out|    4|   ap_memory|         C_DRAM_8|         array|
|C_DRAM_8_ce11        |  out|    1|   ap_memory|         C_DRAM_8|         array|
|C_DRAM_8_d11         |  out|   32|   ap_memory|         C_DRAM_8|         array|
|C_DRAM_8_q11         |   in|   32|   ap_memory|         C_DRAM_8|         array|
|C_DRAM_8_we11        |  out|    1|   ap_memory|         C_DRAM_8|         array|
|C_DRAM_8_address12   |  out|    4|   ap_memory|         C_DRAM_8|         array|
|C_DRAM_8_ce12        |  out|    1|   ap_memory|         C_DRAM_8|         array|
|C_DRAM_8_d12         |  out|   32|   ap_memory|         C_DRAM_8|         array|
|C_DRAM_8_q12         |   in|   32|   ap_memory|         C_DRAM_8|         array|
|C_DRAM_8_we12        |  out|    1|   ap_memory|         C_DRAM_8|         array|
|C_DRAM_8_address13   |  out|    4|   ap_memory|         C_DRAM_8|         array|
|C_DRAM_8_ce13        |  out|    1|   ap_memory|         C_DRAM_8|         array|
|C_DRAM_8_d13         |  out|   32|   ap_memory|         C_DRAM_8|         array|
|C_DRAM_8_q13         |   in|   32|   ap_memory|         C_DRAM_8|         array|
|C_DRAM_8_we13        |  out|    1|   ap_memory|         C_DRAM_8|         array|
|C_DRAM_8_address14   |  out|    4|   ap_memory|         C_DRAM_8|         array|
|C_DRAM_8_ce14        |  out|    1|   ap_memory|         C_DRAM_8|         array|
|C_DRAM_8_d14         |  out|   32|   ap_memory|         C_DRAM_8|         array|
|C_DRAM_8_q14         |   in|   32|   ap_memory|         C_DRAM_8|         array|
|C_DRAM_8_we14        |  out|    1|   ap_memory|         C_DRAM_8|         array|
|C_DRAM_8_address15   |  out|    4|   ap_memory|         C_DRAM_8|         array|
|C_DRAM_8_ce15        |  out|    1|   ap_memory|         C_DRAM_8|         array|
|C_DRAM_8_d15         |  out|   32|   ap_memory|         C_DRAM_8|         array|
|C_DRAM_8_q15         |   in|   32|   ap_memory|         C_DRAM_8|         array|
|C_DRAM_8_we15        |  out|    1|   ap_memory|         C_DRAM_8|         array|
|C_DRAM_8_address16   |  out|    4|   ap_memory|         C_DRAM_8|         array|
|C_DRAM_8_ce16        |  out|    1|   ap_memory|         C_DRAM_8|         array|
|C_DRAM_8_d16         |  out|   32|   ap_memory|         C_DRAM_8|         array|
|C_DRAM_8_q16         |   in|   32|   ap_memory|         C_DRAM_8|         array|
|C_DRAM_8_we16        |  out|    1|   ap_memory|         C_DRAM_8|         array|
|C_DRAM_9_address0    |  out|    4|   ap_memory|         C_DRAM_9|         array|
|C_DRAM_9_ce0         |  out|    1|   ap_memory|         C_DRAM_9|         array|
|C_DRAM_9_d0          |  out|   32|   ap_memory|         C_DRAM_9|         array|
|C_DRAM_9_q0          |   in|   32|   ap_memory|         C_DRAM_9|         array|
|C_DRAM_9_we0         |  out|    1|   ap_memory|         C_DRAM_9|         array|
|C_DRAM_9_address1    |  out|    4|   ap_memory|         C_DRAM_9|         array|
|C_DRAM_9_ce1         |  out|    1|   ap_memory|         C_DRAM_9|         array|
|C_DRAM_9_d1          |  out|   32|   ap_memory|         C_DRAM_9|         array|
|C_DRAM_9_q1          |   in|   32|   ap_memory|         C_DRAM_9|         array|
|C_DRAM_9_we1         |  out|    1|   ap_memory|         C_DRAM_9|         array|
|C_DRAM_9_address2    |  out|    4|   ap_memory|         C_DRAM_9|         array|
|C_DRAM_9_ce2         |  out|    1|   ap_memory|         C_DRAM_9|         array|
|C_DRAM_9_d2          |  out|   32|   ap_memory|         C_DRAM_9|         array|
|C_DRAM_9_q2          |   in|   32|   ap_memory|         C_DRAM_9|         array|
|C_DRAM_9_we2         |  out|    1|   ap_memory|         C_DRAM_9|         array|
|C_DRAM_9_address3    |  out|    4|   ap_memory|         C_DRAM_9|         array|
|C_DRAM_9_ce3         |  out|    1|   ap_memory|         C_DRAM_9|         array|
|C_DRAM_9_d3          |  out|   32|   ap_memory|         C_DRAM_9|         array|
|C_DRAM_9_q3          |   in|   32|   ap_memory|         C_DRAM_9|         array|
|C_DRAM_9_we3         |  out|    1|   ap_memory|         C_DRAM_9|         array|
|C_DRAM_9_address4    |  out|    4|   ap_memory|         C_DRAM_9|         array|
|C_DRAM_9_ce4         |  out|    1|   ap_memory|         C_DRAM_9|         array|
|C_DRAM_9_d4          |  out|   32|   ap_memory|         C_DRAM_9|         array|
|C_DRAM_9_q4          |   in|   32|   ap_memory|         C_DRAM_9|         array|
|C_DRAM_9_we4         |  out|    1|   ap_memory|         C_DRAM_9|         array|
|C_DRAM_9_address5    |  out|    4|   ap_memory|         C_DRAM_9|         array|
|C_DRAM_9_ce5         |  out|    1|   ap_memory|         C_DRAM_9|         array|
|C_DRAM_9_d5          |  out|   32|   ap_memory|         C_DRAM_9|         array|
|C_DRAM_9_q5          |   in|   32|   ap_memory|         C_DRAM_9|         array|
|C_DRAM_9_we5         |  out|    1|   ap_memory|         C_DRAM_9|         array|
|C_DRAM_9_address6    |  out|    4|   ap_memory|         C_DRAM_9|         array|
|C_DRAM_9_ce6         |  out|    1|   ap_memory|         C_DRAM_9|         array|
|C_DRAM_9_d6          |  out|   32|   ap_memory|         C_DRAM_9|         array|
|C_DRAM_9_q6          |   in|   32|   ap_memory|         C_DRAM_9|         array|
|C_DRAM_9_we6         |  out|    1|   ap_memory|         C_DRAM_9|         array|
|C_DRAM_9_address7    |  out|    4|   ap_memory|         C_DRAM_9|         array|
|C_DRAM_9_ce7         |  out|    1|   ap_memory|         C_DRAM_9|         array|
|C_DRAM_9_d7          |  out|   32|   ap_memory|         C_DRAM_9|         array|
|C_DRAM_9_q7          |   in|   32|   ap_memory|         C_DRAM_9|         array|
|C_DRAM_9_we7         |  out|    1|   ap_memory|         C_DRAM_9|         array|
|C_DRAM_9_address8    |  out|    4|   ap_memory|         C_DRAM_9|         array|
|C_DRAM_9_ce8         |  out|    1|   ap_memory|         C_DRAM_9|         array|
|C_DRAM_9_d8          |  out|   32|   ap_memory|         C_DRAM_9|         array|
|C_DRAM_9_q8          |   in|   32|   ap_memory|         C_DRAM_9|         array|
|C_DRAM_9_we8         |  out|    1|   ap_memory|         C_DRAM_9|         array|
|C_DRAM_9_address9    |  out|    4|   ap_memory|         C_DRAM_9|         array|
|C_DRAM_9_ce9         |  out|    1|   ap_memory|         C_DRAM_9|         array|
|C_DRAM_9_d9          |  out|   32|   ap_memory|         C_DRAM_9|         array|
|C_DRAM_9_q9          |   in|   32|   ap_memory|         C_DRAM_9|         array|
|C_DRAM_9_we9         |  out|    1|   ap_memory|         C_DRAM_9|         array|
|C_DRAM_9_address10   |  out|    4|   ap_memory|         C_DRAM_9|         array|
|C_DRAM_9_ce10        |  out|    1|   ap_memory|         C_DRAM_9|         array|
|C_DRAM_9_d10         |  out|   32|   ap_memory|         C_DRAM_9|         array|
|C_DRAM_9_q10         |   in|   32|   ap_memory|         C_DRAM_9|         array|
|C_DRAM_9_we10        |  out|    1|   ap_memory|         C_DRAM_9|         array|
|C_DRAM_9_address11   |  out|    4|   ap_memory|         C_DRAM_9|         array|
|C_DRAM_9_ce11        |  out|    1|   ap_memory|         C_DRAM_9|         array|
|C_DRAM_9_d11         |  out|   32|   ap_memory|         C_DRAM_9|         array|
|C_DRAM_9_q11         |   in|   32|   ap_memory|         C_DRAM_9|         array|
|C_DRAM_9_we11        |  out|    1|   ap_memory|         C_DRAM_9|         array|
|C_DRAM_9_address12   |  out|    4|   ap_memory|         C_DRAM_9|         array|
|C_DRAM_9_ce12        |  out|    1|   ap_memory|         C_DRAM_9|         array|
|C_DRAM_9_d12         |  out|   32|   ap_memory|         C_DRAM_9|         array|
|C_DRAM_9_q12         |   in|   32|   ap_memory|         C_DRAM_9|         array|
|C_DRAM_9_we12        |  out|    1|   ap_memory|         C_DRAM_9|         array|
|C_DRAM_9_address13   |  out|    4|   ap_memory|         C_DRAM_9|         array|
|C_DRAM_9_ce13        |  out|    1|   ap_memory|         C_DRAM_9|         array|
|C_DRAM_9_d13         |  out|   32|   ap_memory|         C_DRAM_9|         array|
|C_DRAM_9_q13         |   in|   32|   ap_memory|         C_DRAM_9|         array|
|C_DRAM_9_we13        |  out|    1|   ap_memory|         C_DRAM_9|         array|
|C_DRAM_9_address14   |  out|    4|   ap_memory|         C_DRAM_9|         array|
|C_DRAM_9_ce14        |  out|    1|   ap_memory|         C_DRAM_9|         array|
|C_DRAM_9_d14         |  out|   32|   ap_memory|         C_DRAM_9|         array|
|C_DRAM_9_q14         |   in|   32|   ap_memory|         C_DRAM_9|         array|
|C_DRAM_9_we14        |  out|    1|   ap_memory|         C_DRAM_9|         array|
|C_DRAM_9_address15   |  out|    4|   ap_memory|         C_DRAM_9|         array|
|C_DRAM_9_ce15        |  out|    1|   ap_memory|         C_DRAM_9|         array|
|C_DRAM_9_d15         |  out|   32|   ap_memory|         C_DRAM_9|         array|
|C_DRAM_9_q15         |   in|   32|   ap_memory|         C_DRAM_9|         array|
|C_DRAM_9_we15        |  out|    1|   ap_memory|         C_DRAM_9|         array|
|C_DRAM_9_address16   |  out|    4|   ap_memory|         C_DRAM_9|         array|
|C_DRAM_9_ce16        |  out|    1|   ap_memory|         C_DRAM_9|         array|
|C_DRAM_9_d16         |  out|   32|   ap_memory|         C_DRAM_9|         array|
|C_DRAM_9_q16         |   in|   32|   ap_memory|         C_DRAM_9|         array|
|C_DRAM_9_we16        |  out|    1|   ap_memory|         C_DRAM_9|         array|
|C_DRAM_10_address0   |  out|    4|   ap_memory|        C_DRAM_10|         array|
|C_DRAM_10_ce0        |  out|    1|   ap_memory|        C_DRAM_10|         array|
|C_DRAM_10_d0         |  out|   32|   ap_memory|        C_DRAM_10|         array|
|C_DRAM_10_q0         |   in|   32|   ap_memory|        C_DRAM_10|         array|
|C_DRAM_10_we0        |  out|    1|   ap_memory|        C_DRAM_10|         array|
|C_DRAM_10_address1   |  out|    4|   ap_memory|        C_DRAM_10|         array|
|C_DRAM_10_ce1        |  out|    1|   ap_memory|        C_DRAM_10|         array|
|C_DRAM_10_d1         |  out|   32|   ap_memory|        C_DRAM_10|         array|
|C_DRAM_10_q1         |   in|   32|   ap_memory|        C_DRAM_10|         array|
|C_DRAM_10_we1        |  out|    1|   ap_memory|        C_DRAM_10|         array|
|C_DRAM_10_address2   |  out|    4|   ap_memory|        C_DRAM_10|         array|
|C_DRAM_10_ce2        |  out|    1|   ap_memory|        C_DRAM_10|         array|
|C_DRAM_10_d2         |  out|   32|   ap_memory|        C_DRAM_10|         array|
|C_DRAM_10_q2         |   in|   32|   ap_memory|        C_DRAM_10|         array|
|C_DRAM_10_we2        |  out|    1|   ap_memory|        C_DRAM_10|         array|
|C_DRAM_10_address3   |  out|    4|   ap_memory|        C_DRAM_10|         array|
|C_DRAM_10_ce3        |  out|    1|   ap_memory|        C_DRAM_10|         array|
|C_DRAM_10_d3         |  out|   32|   ap_memory|        C_DRAM_10|         array|
|C_DRAM_10_q3         |   in|   32|   ap_memory|        C_DRAM_10|         array|
|C_DRAM_10_we3        |  out|    1|   ap_memory|        C_DRAM_10|         array|
|C_DRAM_10_address4   |  out|    4|   ap_memory|        C_DRAM_10|         array|
|C_DRAM_10_ce4        |  out|    1|   ap_memory|        C_DRAM_10|         array|
|C_DRAM_10_d4         |  out|   32|   ap_memory|        C_DRAM_10|         array|
|C_DRAM_10_q4         |   in|   32|   ap_memory|        C_DRAM_10|         array|
|C_DRAM_10_we4        |  out|    1|   ap_memory|        C_DRAM_10|         array|
|C_DRAM_10_address5   |  out|    4|   ap_memory|        C_DRAM_10|         array|
|C_DRAM_10_ce5        |  out|    1|   ap_memory|        C_DRAM_10|         array|
|C_DRAM_10_d5         |  out|   32|   ap_memory|        C_DRAM_10|         array|
|C_DRAM_10_q5         |   in|   32|   ap_memory|        C_DRAM_10|         array|
|C_DRAM_10_we5        |  out|    1|   ap_memory|        C_DRAM_10|         array|
|C_DRAM_10_address6   |  out|    4|   ap_memory|        C_DRAM_10|         array|
|C_DRAM_10_ce6        |  out|    1|   ap_memory|        C_DRAM_10|         array|
|C_DRAM_10_d6         |  out|   32|   ap_memory|        C_DRAM_10|         array|
|C_DRAM_10_q6         |   in|   32|   ap_memory|        C_DRAM_10|         array|
|C_DRAM_10_we6        |  out|    1|   ap_memory|        C_DRAM_10|         array|
|C_DRAM_10_address7   |  out|    4|   ap_memory|        C_DRAM_10|         array|
|C_DRAM_10_ce7        |  out|    1|   ap_memory|        C_DRAM_10|         array|
|C_DRAM_10_d7         |  out|   32|   ap_memory|        C_DRAM_10|         array|
|C_DRAM_10_q7         |   in|   32|   ap_memory|        C_DRAM_10|         array|
|C_DRAM_10_we7        |  out|    1|   ap_memory|        C_DRAM_10|         array|
|C_DRAM_10_address8   |  out|    4|   ap_memory|        C_DRAM_10|         array|
|C_DRAM_10_ce8        |  out|    1|   ap_memory|        C_DRAM_10|         array|
|C_DRAM_10_d8         |  out|   32|   ap_memory|        C_DRAM_10|         array|
|C_DRAM_10_q8         |   in|   32|   ap_memory|        C_DRAM_10|         array|
|C_DRAM_10_we8        |  out|    1|   ap_memory|        C_DRAM_10|         array|
|C_DRAM_10_address9   |  out|    4|   ap_memory|        C_DRAM_10|         array|
|C_DRAM_10_ce9        |  out|    1|   ap_memory|        C_DRAM_10|         array|
|C_DRAM_10_d9         |  out|   32|   ap_memory|        C_DRAM_10|         array|
|C_DRAM_10_q9         |   in|   32|   ap_memory|        C_DRAM_10|         array|
|C_DRAM_10_we9        |  out|    1|   ap_memory|        C_DRAM_10|         array|
|C_DRAM_10_address10  |  out|    4|   ap_memory|        C_DRAM_10|         array|
|C_DRAM_10_ce10       |  out|    1|   ap_memory|        C_DRAM_10|         array|
|C_DRAM_10_d10        |  out|   32|   ap_memory|        C_DRAM_10|         array|
|C_DRAM_10_q10        |   in|   32|   ap_memory|        C_DRAM_10|         array|
|C_DRAM_10_we10       |  out|    1|   ap_memory|        C_DRAM_10|         array|
|C_DRAM_10_address11  |  out|    4|   ap_memory|        C_DRAM_10|         array|
|C_DRAM_10_ce11       |  out|    1|   ap_memory|        C_DRAM_10|         array|
|C_DRAM_10_d11        |  out|   32|   ap_memory|        C_DRAM_10|         array|
|C_DRAM_10_q11        |   in|   32|   ap_memory|        C_DRAM_10|         array|
|C_DRAM_10_we11       |  out|    1|   ap_memory|        C_DRAM_10|         array|
|C_DRAM_10_address12  |  out|    4|   ap_memory|        C_DRAM_10|         array|
|C_DRAM_10_ce12       |  out|    1|   ap_memory|        C_DRAM_10|         array|
|C_DRAM_10_d12        |  out|   32|   ap_memory|        C_DRAM_10|         array|
|C_DRAM_10_q12        |   in|   32|   ap_memory|        C_DRAM_10|         array|
|C_DRAM_10_we12       |  out|    1|   ap_memory|        C_DRAM_10|         array|
|C_DRAM_10_address13  |  out|    4|   ap_memory|        C_DRAM_10|         array|
|C_DRAM_10_ce13       |  out|    1|   ap_memory|        C_DRAM_10|         array|
|C_DRAM_10_d13        |  out|   32|   ap_memory|        C_DRAM_10|         array|
|C_DRAM_10_q13        |   in|   32|   ap_memory|        C_DRAM_10|         array|
|C_DRAM_10_we13       |  out|    1|   ap_memory|        C_DRAM_10|         array|
|C_DRAM_10_address14  |  out|    4|   ap_memory|        C_DRAM_10|         array|
|C_DRAM_10_ce14       |  out|    1|   ap_memory|        C_DRAM_10|         array|
|C_DRAM_10_d14        |  out|   32|   ap_memory|        C_DRAM_10|         array|
|C_DRAM_10_q14        |   in|   32|   ap_memory|        C_DRAM_10|         array|
|C_DRAM_10_we14       |  out|    1|   ap_memory|        C_DRAM_10|         array|
|C_DRAM_10_address15  |  out|    4|   ap_memory|        C_DRAM_10|         array|
|C_DRAM_10_ce15       |  out|    1|   ap_memory|        C_DRAM_10|         array|
|C_DRAM_10_d15        |  out|   32|   ap_memory|        C_DRAM_10|         array|
|C_DRAM_10_q15        |   in|   32|   ap_memory|        C_DRAM_10|         array|
|C_DRAM_10_we15       |  out|    1|   ap_memory|        C_DRAM_10|         array|
|C_DRAM_10_address16  |  out|    4|   ap_memory|        C_DRAM_10|         array|
|C_DRAM_10_ce16       |  out|    1|   ap_memory|        C_DRAM_10|         array|
|C_DRAM_10_d16        |  out|   32|   ap_memory|        C_DRAM_10|         array|
|C_DRAM_10_q16        |   in|   32|   ap_memory|        C_DRAM_10|         array|
|C_DRAM_10_we16       |  out|    1|   ap_memory|        C_DRAM_10|         array|
|C_DRAM_11_address0   |  out|    4|   ap_memory|        C_DRAM_11|         array|
|C_DRAM_11_ce0        |  out|    1|   ap_memory|        C_DRAM_11|         array|
|C_DRAM_11_d0         |  out|   32|   ap_memory|        C_DRAM_11|         array|
|C_DRAM_11_q0         |   in|   32|   ap_memory|        C_DRAM_11|         array|
|C_DRAM_11_we0        |  out|    1|   ap_memory|        C_DRAM_11|         array|
|C_DRAM_11_address1   |  out|    4|   ap_memory|        C_DRAM_11|         array|
|C_DRAM_11_ce1        |  out|    1|   ap_memory|        C_DRAM_11|         array|
|C_DRAM_11_d1         |  out|   32|   ap_memory|        C_DRAM_11|         array|
|C_DRAM_11_q1         |   in|   32|   ap_memory|        C_DRAM_11|         array|
|C_DRAM_11_we1        |  out|    1|   ap_memory|        C_DRAM_11|         array|
|C_DRAM_11_address2   |  out|    4|   ap_memory|        C_DRAM_11|         array|
|C_DRAM_11_ce2        |  out|    1|   ap_memory|        C_DRAM_11|         array|
|C_DRAM_11_d2         |  out|   32|   ap_memory|        C_DRAM_11|         array|
|C_DRAM_11_q2         |   in|   32|   ap_memory|        C_DRAM_11|         array|
|C_DRAM_11_we2        |  out|    1|   ap_memory|        C_DRAM_11|         array|
|C_DRAM_11_address3   |  out|    4|   ap_memory|        C_DRAM_11|         array|
|C_DRAM_11_ce3        |  out|    1|   ap_memory|        C_DRAM_11|         array|
|C_DRAM_11_d3         |  out|   32|   ap_memory|        C_DRAM_11|         array|
|C_DRAM_11_q3         |   in|   32|   ap_memory|        C_DRAM_11|         array|
|C_DRAM_11_we3        |  out|    1|   ap_memory|        C_DRAM_11|         array|
|C_DRAM_11_address4   |  out|    4|   ap_memory|        C_DRAM_11|         array|
|C_DRAM_11_ce4        |  out|    1|   ap_memory|        C_DRAM_11|         array|
|C_DRAM_11_d4         |  out|   32|   ap_memory|        C_DRAM_11|         array|
|C_DRAM_11_q4         |   in|   32|   ap_memory|        C_DRAM_11|         array|
|C_DRAM_11_we4        |  out|    1|   ap_memory|        C_DRAM_11|         array|
|C_DRAM_11_address5   |  out|    4|   ap_memory|        C_DRAM_11|         array|
|C_DRAM_11_ce5        |  out|    1|   ap_memory|        C_DRAM_11|         array|
|C_DRAM_11_d5         |  out|   32|   ap_memory|        C_DRAM_11|         array|
|C_DRAM_11_q5         |   in|   32|   ap_memory|        C_DRAM_11|         array|
|C_DRAM_11_we5        |  out|    1|   ap_memory|        C_DRAM_11|         array|
|C_DRAM_11_address6   |  out|    4|   ap_memory|        C_DRAM_11|         array|
|C_DRAM_11_ce6        |  out|    1|   ap_memory|        C_DRAM_11|         array|
|C_DRAM_11_d6         |  out|   32|   ap_memory|        C_DRAM_11|         array|
|C_DRAM_11_q6         |   in|   32|   ap_memory|        C_DRAM_11|         array|
|C_DRAM_11_we6        |  out|    1|   ap_memory|        C_DRAM_11|         array|
|C_DRAM_11_address7   |  out|    4|   ap_memory|        C_DRAM_11|         array|
|C_DRAM_11_ce7        |  out|    1|   ap_memory|        C_DRAM_11|         array|
|C_DRAM_11_d7         |  out|   32|   ap_memory|        C_DRAM_11|         array|
|C_DRAM_11_q7         |   in|   32|   ap_memory|        C_DRAM_11|         array|
|C_DRAM_11_we7        |  out|    1|   ap_memory|        C_DRAM_11|         array|
|C_DRAM_11_address8   |  out|    4|   ap_memory|        C_DRAM_11|         array|
|C_DRAM_11_ce8        |  out|    1|   ap_memory|        C_DRAM_11|         array|
|C_DRAM_11_d8         |  out|   32|   ap_memory|        C_DRAM_11|         array|
|C_DRAM_11_q8         |   in|   32|   ap_memory|        C_DRAM_11|         array|
|C_DRAM_11_we8        |  out|    1|   ap_memory|        C_DRAM_11|         array|
|C_DRAM_11_address9   |  out|    4|   ap_memory|        C_DRAM_11|         array|
|C_DRAM_11_ce9        |  out|    1|   ap_memory|        C_DRAM_11|         array|
|C_DRAM_11_d9         |  out|   32|   ap_memory|        C_DRAM_11|         array|
|C_DRAM_11_q9         |   in|   32|   ap_memory|        C_DRAM_11|         array|
|C_DRAM_11_we9        |  out|    1|   ap_memory|        C_DRAM_11|         array|
|C_DRAM_11_address10  |  out|    4|   ap_memory|        C_DRAM_11|         array|
|C_DRAM_11_ce10       |  out|    1|   ap_memory|        C_DRAM_11|         array|
|C_DRAM_11_d10        |  out|   32|   ap_memory|        C_DRAM_11|         array|
|C_DRAM_11_q10        |   in|   32|   ap_memory|        C_DRAM_11|         array|
|C_DRAM_11_we10       |  out|    1|   ap_memory|        C_DRAM_11|         array|
|C_DRAM_11_address11  |  out|    4|   ap_memory|        C_DRAM_11|         array|
|C_DRAM_11_ce11       |  out|    1|   ap_memory|        C_DRAM_11|         array|
|C_DRAM_11_d11        |  out|   32|   ap_memory|        C_DRAM_11|         array|
|C_DRAM_11_q11        |   in|   32|   ap_memory|        C_DRAM_11|         array|
|C_DRAM_11_we11       |  out|    1|   ap_memory|        C_DRAM_11|         array|
|C_DRAM_11_address12  |  out|    4|   ap_memory|        C_DRAM_11|         array|
|C_DRAM_11_ce12       |  out|    1|   ap_memory|        C_DRAM_11|         array|
|C_DRAM_11_d12        |  out|   32|   ap_memory|        C_DRAM_11|         array|
|C_DRAM_11_q12        |   in|   32|   ap_memory|        C_DRAM_11|         array|
|C_DRAM_11_we12       |  out|    1|   ap_memory|        C_DRAM_11|         array|
|C_DRAM_11_address13  |  out|    4|   ap_memory|        C_DRAM_11|         array|
|C_DRAM_11_ce13       |  out|    1|   ap_memory|        C_DRAM_11|         array|
|C_DRAM_11_d13        |  out|   32|   ap_memory|        C_DRAM_11|         array|
|C_DRAM_11_q13        |   in|   32|   ap_memory|        C_DRAM_11|         array|
|C_DRAM_11_we13       |  out|    1|   ap_memory|        C_DRAM_11|         array|
|C_DRAM_11_address14  |  out|    4|   ap_memory|        C_DRAM_11|         array|
|C_DRAM_11_ce14       |  out|    1|   ap_memory|        C_DRAM_11|         array|
|C_DRAM_11_d14        |  out|   32|   ap_memory|        C_DRAM_11|         array|
|C_DRAM_11_q14        |   in|   32|   ap_memory|        C_DRAM_11|         array|
|C_DRAM_11_we14       |  out|    1|   ap_memory|        C_DRAM_11|         array|
|C_DRAM_11_address15  |  out|    4|   ap_memory|        C_DRAM_11|         array|
|C_DRAM_11_ce15       |  out|    1|   ap_memory|        C_DRAM_11|         array|
|C_DRAM_11_d15        |  out|   32|   ap_memory|        C_DRAM_11|         array|
|C_DRAM_11_q15        |   in|   32|   ap_memory|        C_DRAM_11|         array|
|C_DRAM_11_we15       |  out|    1|   ap_memory|        C_DRAM_11|         array|
|C_DRAM_11_address16  |  out|    4|   ap_memory|        C_DRAM_11|         array|
|C_DRAM_11_ce16       |  out|    1|   ap_memory|        C_DRAM_11|         array|
|C_DRAM_11_d16        |  out|   32|   ap_memory|        C_DRAM_11|         array|
|C_DRAM_11_q16        |   in|   32|   ap_memory|        C_DRAM_11|         array|
|C_DRAM_11_we16       |  out|    1|   ap_memory|        C_DRAM_11|         array|
|C_DRAM_12_address0   |  out|    4|   ap_memory|        C_DRAM_12|         array|
|C_DRAM_12_ce0        |  out|    1|   ap_memory|        C_DRAM_12|         array|
|C_DRAM_12_d0         |  out|   32|   ap_memory|        C_DRAM_12|         array|
|C_DRAM_12_q0         |   in|   32|   ap_memory|        C_DRAM_12|         array|
|C_DRAM_12_we0        |  out|    1|   ap_memory|        C_DRAM_12|         array|
|C_DRAM_12_address1   |  out|    4|   ap_memory|        C_DRAM_12|         array|
|C_DRAM_12_ce1        |  out|    1|   ap_memory|        C_DRAM_12|         array|
|C_DRAM_12_d1         |  out|   32|   ap_memory|        C_DRAM_12|         array|
|C_DRAM_12_q1         |   in|   32|   ap_memory|        C_DRAM_12|         array|
|C_DRAM_12_we1        |  out|    1|   ap_memory|        C_DRAM_12|         array|
|C_DRAM_12_address2   |  out|    4|   ap_memory|        C_DRAM_12|         array|
|C_DRAM_12_ce2        |  out|    1|   ap_memory|        C_DRAM_12|         array|
|C_DRAM_12_d2         |  out|   32|   ap_memory|        C_DRAM_12|         array|
|C_DRAM_12_q2         |   in|   32|   ap_memory|        C_DRAM_12|         array|
|C_DRAM_12_we2        |  out|    1|   ap_memory|        C_DRAM_12|         array|
|C_DRAM_12_address3   |  out|    4|   ap_memory|        C_DRAM_12|         array|
|C_DRAM_12_ce3        |  out|    1|   ap_memory|        C_DRAM_12|         array|
|C_DRAM_12_d3         |  out|   32|   ap_memory|        C_DRAM_12|         array|
|C_DRAM_12_q3         |   in|   32|   ap_memory|        C_DRAM_12|         array|
|C_DRAM_12_we3        |  out|    1|   ap_memory|        C_DRAM_12|         array|
|C_DRAM_12_address4   |  out|    4|   ap_memory|        C_DRAM_12|         array|
|C_DRAM_12_ce4        |  out|    1|   ap_memory|        C_DRAM_12|         array|
|C_DRAM_12_d4         |  out|   32|   ap_memory|        C_DRAM_12|         array|
|C_DRAM_12_q4         |   in|   32|   ap_memory|        C_DRAM_12|         array|
|C_DRAM_12_we4        |  out|    1|   ap_memory|        C_DRAM_12|         array|
|C_DRAM_12_address5   |  out|    4|   ap_memory|        C_DRAM_12|         array|
|C_DRAM_12_ce5        |  out|    1|   ap_memory|        C_DRAM_12|         array|
|C_DRAM_12_d5         |  out|   32|   ap_memory|        C_DRAM_12|         array|
|C_DRAM_12_q5         |   in|   32|   ap_memory|        C_DRAM_12|         array|
|C_DRAM_12_we5        |  out|    1|   ap_memory|        C_DRAM_12|         array|
|C_DRAM_12_address6   |  out|    4|   ap_memory|        C_DRAM_12|         array|
|C_DRAM_12_ce6        |  out|    1|   ap_memory|        C_DRAM_12|         array|
|C_DRAM_12_d6         |  out|   32|   ap_memory|        C_DRAM_12|         array|
|C_DRAM_12_q6         |   in|   32|   ap_memory|        C_DRAM_12|         array|
|C_DRAM_12_we6        |  out|    1|   ap_memory|        C_DRAM_12|         array|
|C_DRAM_12_address7   |  out|    4|   ap_memory|        C_DRAM_12|         array|
|C_DRAM_12_ce7        |  out|    1|   ap_memory|        C_DRAM_12|         array|
|C_DRAM_12_d7         |  out|   32|   ap_memory|        C_DRAM_12|         array|
|C_DRAM_12_q7         |   in|   32|   ap_memory|        C_DRAM_12|         array|
|C_DRAM_12_we7        |  out|    1|   ap_memory|        C_DRAM_12|         array|
|C_DRAM_12_address8   |  out|    4|   ap_memory|        C_DRAM_12|         array|
|C_DRAM_12_ce8        |  out|    1|   ap_memory|        C_DRAM_12|         array|
|C_DRAM_12_d8         |  out|   32|   ap_memory|        C_DRAM_12|         array|
|C_DRAM_12_q8         |   in|   32|   ap_memory|        C_DRAM_12|         array|
|C_DRAM_12_we8        |  out|    1|   ap_memory|        C_DRAM_12|         array|
|C_DRAM_12_address9   |  out|    4|   ap_memory|        C_DRAM_12|         array|
|C_DRAM_12_ce9        |  out|    1|   ap_memory|        C_DRAM_12|         array|
|C_DRAM_12_d9         |  out|   32|   ap_memory|        C_DRAM_12|         array|
|C_DRAM_12_q9         |   in|   32|   ap_memory|        C_DRAM_12|         array|
|C_DRAM_12_we9        |  out|    1|   ap_memory|        C_DRAM_12|         array|
|C_DRAM_12_address10  |  out|    4|   ap_memory|        C_DRAM_12|         array|
|C_DRAM_12_ce10       |  out|    1|   ap_memory|        C_DRAM_12|         array|
|C_DRAM_12_d10        |  out|   32|   ap_memory|        C_DRAM_12|         array|
|C_DRAM_12_q10        |   in|   32|   ap_memory|        C_DRAM_12|         array|
|C_DRAM_12_we10       |  out|    1|   ap_memory|        C_DRAM_12|         array|
|C_DRAM_12_address11  |  out|    4|   ap_memory|        C_DRAM_12|         array|
|C_DRAM_12_ce11       |  out|    1|   ap_memory|        C_DRAM_12|         array|
|C_DRAM_12_d11        |  out|   32|   ap_memory|        C_DRAM_12|         array|
|C_DRAM_12_q11        |   in|   32|   ap_memory|        C_DRAM_12|         array|
|C_DRAM_12_we11       |  out|    1|   ap_memory|        C_DRAM_12|         array|
|C_DRAM_12_address12  |  out|    4|   ap_memory|        C_DRAM_12|         array|
|C_DRAM_12_ce12       |  out|    1|   ap_memory|        C_DRAM_12|         array|
|C_DRAM_12_d12        |  out|   32|   ap_memory|        C_DRAM_12|         array|
|C_DRAM_12_q12        |   in|   32|   ap_memory|        C_DRAM_12|         array|
|C_DRAM_12_we12       |  out|    1|   ap_memory|        C_DRAM_12|         array|
|C_DRAM_12_address13  |  out|    4|   ap_memory|        C_DRAM_12|         array|
|C_DRAM_12_ce13       |  out|    1|   ap_memory|        C_DRAM_12|         array|
|C_DRAM_12_d13        |  out|   32|   ap_memory|        C_DRAM_12|         array|
|C_DRAM_12_q13        |   in|   32|   ap_memory|        C_DRAM_12|         array|
|C_DRAM_12_we13       |  out|    1|   ap_memory|        C_DRAM_12|         array|
|C_DRAM_12_address14  |  out|    4|   ap_memory|        C_DRAM_12|         array|
|C_DRAM_12_ce14       |  out|    1|   ap_memory|        C_DRAM_12|         array|
|C_DRAM_12_d14        |  out|   32|   ap_memory|        C_DRAM_12|         array|
|C_DRAM_12_q14        |   in|   32|   ap_memory|        C_DRAM_12|         array|
|C_DRAM_12_we14       |  out|    1|   ap_memory|        C_DRAM_12|         array|
|C_DRAM_12_address15  |  out|    4|   ap_memory|        C_DRAM_12|         array|
|C_DRAM_12_ce15       |  out|    1|   ap_memory|        C_DRAM_12|         array|
|C_DRAM_12_d15        |  out|   32|   ap_memory|        C_DRAM_12|         array|
|C_DRAM_12_q15        |   in|   32|   ap_memory|        C_DRAM_12|         array|
|C_DRAM_12_we15       |  out|    1|   ap_memory|        C_DRAM_12|         array|
|C_DRAM_12_address16  |  out|    4|   ap_memory|        C_DRAM_12|         array|
|C_DRAM_12_ce16       |  out|    1|   ap_memory|        C_DRAM_12|         array|
|C_DRAM_12_d16        |  out|   32|   ap_memory|        C_DRAM_12|         array|
|C_DRAM_12_q16        |   in|   32|   ap_memory|        C_DRAM_12|         array|
|C_DRAM_12_we16       |  out|    1|   ap_memory|        C_DRAM_12|         array|
|C_DRAM_13_address0   |  out|    4|   ap_memory|        C_DRAM_13|         array|
|C_DRAM_13_ce0        |  out|    1|   ap_memory|        C_DRAM_13|         array|
|C_DRAM_13_d0         |  out|   32|   ap_memory|        C_DRAM_13|         array|
|C_DRAM_13_q0         |   in|   32|   ap_memory|        C_DRAM_13|         array|
|C_DRAM_13_we0        |  out|    1|   ap_memory|        C_DRAM_13|         array|
|C_DRAM_13_address1   |  out|    4|   ap_memory|        C_DRAM_13|         array|
|C_DRAM_13_ce1        |  out|    1|   ap_memory|        C_DRAM_13|         array|
|C_DRAM_13_d1         |  out|   32|   ap_memory|        C_DRAM_13|         array|
|C_DRAM_13_q1         |   in|   32|   ap_memory|        C_DRAM_13|         array|
|C_DRAM_13_we1        |  out|    1|   ap_memory|        C_DRAM_13|         array|
|C_DRAM_13_address2   |  out|    4|   ap_memory|        C_DRAM_13|         array|
|C_DRAM_13_ce2        |  out|    1|   ap_memory|        C_DRAM_13|         array|
|C_DRAM_13_d2         |  out|   32|   ap_memory|        C_DRAM_13|         array|
|C_DRAM_13_q2         |   in|   32|   ap_memory|        C_DRAM_13|         array|
|C_DRAM_13_we2        |  out|    1|   ap_memory|        C_DRAM_13|         array|
|C_DRAM_13_address3   |  out|    4|   ap_memory|        C_DRAM_13|         array|
|C_DRAM_13_ce3        |  out|    1|   ap_memory|        C_DRAM_13|         array|
|C_DRAM_13_d3         |  out|   32|   ap_memory|        C_DRAM_13|         array|
|C_DRAM_13_q3         |   in|   32|   ap_memory|        C_DRAM_13|         array|
|C_DRAM_13_we3        |  out|    1|   ap_memory|        C_DRAM_13|         array|
|C_DRAM_13_address4   |  out|    4|   ap_memory|        C_DRAM_13|         array|
|C_DRAM_13_ce4        |  out|    1|   ap_memory|        C_DRAM_13|         array|
|C_DRAM_13_d4         |  out|   32|   ap_memory|        C_DRAM_13|         array|
|C_DRAM_13_q4         |   in|   32|   ap_memory|        C_DRAM_13|         array|
|C_DRAM_13_we4        |  out|    1|   ap_memory|        C_DRAM_13|         array|
|C_DRAM_13_address5   |  out|    4|   ap_memory|        C_DRAM_13|         array|
|C_DRAM_13_ce5        |  out|    1|   ap_memory|        C_DRAM_13|         array|
|C_DRAM_13_d5         |  out|   32|   ap_memory|        C_DRAM_13|         array|
|C_DRAM_13_q5         |   in|   32|   ap_memory|        C_DRAM_13|         array|
|C_DRAM_13_we5        |  out|    1|   ap_memory|        C_DRAM_13|         array|
|C_DRAM_13_address6   |  out|    4|   ap_memory|        C_DRAM_13|         array|
|C_DRAM_13_ce6        |  out|    1|   ap_memory|        C_DRAM_13|         array|
|C_DRAM_13_d6         |  out|   32|   ap_memory|        C_DRAM_13|         array|
|C_DRAM_13_q6         |   in|   32|   ap_memory|        C_DRAM_13|         array|
|C_DRAM_13_we6        |  out|    1|   ap_memory|        C_DRAM_13|         array|
|C_DRAM_13_address7   |  out|    4|   ap_memory|        C_DRAM_13|         array|
|C_DRAM_13_ce7        |  out|    1|   ap_memory|        C_DRAM_13|         array|
|C_DRAM_13_d7         |  out|   32|   ap_memory|        C_DRAM_13|         array|
|C_DRAM_13_q7         |   in|   32|   ap_memory|        C_DRAM_13|         array|
|C_DRAM_13_we7        |  out|    1|   ap_memory|        C_DRAM_13|         array|
|C_DRAM_13_address8   |  out|    4|   ap_memory|        C_DRAM_13|         array|
|C_DRAM_13_ce8        |  out|    1|   ap_memory|        C_DRAM_13|         array|
|C_DRAM_13_d8         |  out|   32|   ap_memory|        C_DRAM_13|         array|
|C_DRAM_13_q8         |   in|   32|   ap_memory|        C_DRAM_13|         array|
|C_DRAM_13_we8        |  out|    1|   ap_memory|        C_DRAM_13|         array|
|C_DRAM_13_address9   |  out|    4|   ap_memory|        C_DRAM_13|         array|
|C_DRAM_13_ce9        |  out|    1|   ap_memory|        C_DRAM_13|         array|
|C_DRAM_13_d9         |  out|   32|   ap_memory|        C_DRAM_13|         array|
|C_DRAM_13_q9         |   in|   32|   ap_memory|        C_DRAM_13|         array|
|C_DRAM_13_we9        |  out|    1|   ap_memory|        C_DRAM_13|         array|
|C_DRAM_13_address10  |  out|    4|   ap_memory|        C_DRAM_13|         array|
|C_DRAM_13_ce10       |  out|    1|   ap_memory|        C_DRAM_13|         array|
|C_DRAM_13_d10        |  out|   32|   ap_memory|        C_DRAM_13|         array|
|C_DRAM_13_q10        |   in|   32|   ap_memory|        C_DRAM_13|         array|
|C_DRAM_13_we10       |  out|    1|   ap_memory|        C_DRAM_13|         array|
|C_DRAM_13_address11  |  out|    4|   ap_memory|        C_DRAM_13|         array|
|C_DRAM_13_ce11       |  out|    1|   ap_memory|        C_DRAM_13|         array|
|C_DRAM_13_d11        |  out|   32|   ap_memory|        C_DRAM_13|         array|
|C_DRAM_13_q11        |   in|   32|   ap_memory|        C_DRAM_13|         array|
|C_DRAM_13_we11       |  out|    1|   ap_memory|        C_DRAM_13|         array|
|C_DRAM_13_address12  |  out|    4|   ap_memory|        C_DRAM_13|         array|
|C_DRAM_13_ce12       |  out|    1|   ap_memory|        C_DRAM_13|         array|
|C_DRAM_13_d12        |  out|   32|   ap_memory|        C_DRAM_13|         array|
|C_DRAM_13_q12        |   in|   32|   ap_memory|        C_DRAM_13|         array|
|C_DRAM_13_we12       |  out|    1|   ap_memory|        C_DRAM_13|         array|
|C_DRAM_13_address13  |  out|    4|   ap_memory|        C_DRAM_13|         array|
|C_DRAM_13_ce13       |  out|    1|   ap_memory|        C_DRAM_13|         array|
|C_DRAM_13_d13        |  out|   32|   ap_memory|        C_DRAM_13|         array|
|C_DRAM_13_q13        |   in|   32|   ap_memory|        C_DRAM_13|         array|
|C_DRAM_13_we13       |  out|    1|   ap_memory|        C_DRAM_13|         array|
|C_DRAM_13_address14  |  out|    4|   ap_memory|        C_DRAM_13|         array|
|C_DRAM_13_ce14       |  out|    1|   ap_memory|        C_DRAM_13|         array|
|C_DRAM_13_d14        |  out|   32|   ap_memory|        C_DRAM_13|         array|
|C_DRAM_13_q14        |   in|   32|   ap_memory|        C_DRAM_13|         array|
|C_DRAM_13_we14       |  out|    1|   ap_memory|        C_DRAM_13|         array|
|C_DRAM_13_address15  |  out|    4|   ap_memory|        C_DRAM_13|         array|
|C_DRAM_13_ce15       |  out|    1|   ap_memory|        C_DRAM_13|         array|
|C_DRAM_13_d15        |  out|   32|   ap_memory|        C_DRAM_13|         array|
|C_DRAM_13_q15        |   in|   32|   ap_memory|        C_DRAM_13|         array|
|C_DRAM_13_we15       |  out|    1|   ap_memory|        C_DRAM_13|         array|
|C_DRAM_13_address16  |  out|    4|   ap_memory|        C_DRAM_13|         array|
|C_DRAM_13_ce16       |  out|    1|   ap_memory|        C_DRAM_13|         array|
|C_DRAM_13_d16        |  out|   32|   ap_memory|        C_DRAM_13|         array|
|C_DRAM_13_q16        |   in|   32|   ap_memory|        C_DRAM_13|         array|
|C_DRAM_13_we16       |  out|    1|   ap_memory|        C_DRAM_13|         array|
|C_DRAM_14_address0   |  out|    4|   ap_memory|        C_DRAM_14|         array|
|C_DRAM_14_ce0        |  out|    1|   ap_memory|        C_DRAM_14|         array|
|C_DRAM_14_d0         |  out|   32|   ap_memory|        C_DRAM_14|         array|
|C_DRAM_14_q0         |   in|   32|   ap_memory|        C_DRAM_14|         array|
|C_DRAM_14_we0        |  out|    1|   ap_memory|        C_DRAM_14|         array|
|C_DRAM_14_address1   |  out|    4|   ap_memory|        C_DRAM_14|         array|
|C_DRAM_14_ce1        |  out|    1|   ap_memory|        C_DRAM_14|         array|
|C_DRAM_14_d1         |  out|   32|   ap_memory|        C_DRAM_14|         array|
|C_DRAM_14_q1         |   in|   32|   ap_memory|        C_DRAM_14|         array|
|C_DRAM_14_we1        |  out|    1|   ap_memory|        C_DRAM_14|         array|
|C_DRAM_14_address2   |  out|    4|   ap_memory|        C_DRAM_14|         array|
|C_DRAM_14_ce2        |  out|    1|   ap_memory|        C_DRAM_14|         array|
|C_DRAM_14_d2         |  out|   32|   ap_memory|        C_DRAM_14|         array|
|C_DRAM_14_q2         |   in|   32|   ap_memory|        C_DRAM_14|         array|
|C_DRAM_14_we2        |  out|    1|   ap_memory|        C_DRAM_14|         array|
|C_DRAM_14_address3   |  out|    4|   ap_memory|        C_DRAM_14|         array|
|C_DRAM_14_ce3        |  out|    1|   ap_memory|        C_DRAM_14|         array|
|C_DRAM_14_d3         |  out|   32|   ap_memory|        C_DRAM_14|         array|
|C_DRAM_14_q3         |   in|   32|   ap_memory|        C_DRAM_14|         array|
|C_DRAM_14_we3        |  out|    1|   ap_memory|        C_DRAM_14|         array|
|C_DRAM_14_address4   |  out|    4|   ap_memory|        C_DRAM_14|         array|
|C_DRAM_14_ce4        |  out|    1|   ap_memory|        C_DRAM_14|         array|
|C_DRAM_14_d4         |  out|   32|   ap_memory|        C_DRAM_14|         array|
|C_DRAM_14_q4         |   in|   32|   ap_memory|        C_DRAM_14|         array|
|C_DRAM_14_we4        |  out|    1|   ap_memory|        C_DRAM_14|         array|
|C_DRAM_14_address5   |  out|    4|   ap_memory|        C_DRAM_14|         array|
|C_DRAM_14_ce5        |  out|    1|   ap_memory|        C_DRAM_14|         array|
|C_DRAM_14_d5         |  out|   32|   ap_memory|        C_DRAM_14|         array|
|C_DRAM_14_q5         |   in|   32|   ap_memory|        C_DRAM_14|         array|
|C_DRAM_14_we5        |  out|    1|   ap_memory|        C_DRAM_14|         array|
|C_DRAM_14_address6   |  out|    4|   ap_memory|        C_DRAM_14|         array|
|C_DRAM_14_ce6        |  out|    1|   ap_memory|        C_DRAM_14|         array|
|C_DRAM_14_d6         |  out|   32|   ap_memory|        C_DRAM_14|         array|
|C_DRAM_14_q6         |   in|   32|   ap_memory|        C_DRAM_14|         array|
|C_DRAM_14_we6        |  out|    1|   ap_memory|        C_DRAM_14|         array|
|C_DRAM_14_address7   |  out|    4|   ap_memory|        C_DRAM_14|         array|
|C_DRAM_14_ce7        |  out|    1|   ap_memory|        C_DRAM_14|         array|
|C_DRAM_14_d7         |  out|   32|   ap_memory|        C_DRAM_14|         array|
|C_DRAM_14_q7         |   in|   32|   ap_memory|        C_DRAM_14|         array|
|C_DRAM_14_we7        |  out|    1|   ap_memory|        C_DRAM_14|         array|
|C_DRAM_14_address8   |  out|    4|   ap_memory|        C_DRAM_14|         array|
|C_DRAM_14_ce8        |  out|    1|   ap_memory|        C_DRAM_14|         array|
|C_DRAM_14_d8         |  out|   32|   ap_memory|        C_DRAM_14|         array|
|C_DRAM_14_q8         |   in|   32|   ap_memory|        C_DRAM_14|         array|
|C_DRAM_14_we8        |  out|    1|   ap_memory|        C_DRAM_14|         array|
|C_DRAM_14_address9   |  out|    4|   ap_memory|        C_DRAM_14|         array|
|C_DRAM_14_ce9        |  out|    1|   ap_memory|        C_DRAM_14|         array|
|C_DRAM_14_d9         |  out|   32|   ap_memory|        C_DRAM_14|         array|
|C_DRAM_14_q9         |   in|   32|   ap_memory|        C_DRAM_14|         array|
|C_DRAM_14_we9        |  out|    1|   ap_memory|        C_DRAM_14|         array|
|C_DRAM_14_address10  |  out|    4|   ap_memory|        C_DRAM_14|         array|
|C_DRAM_14_ce10       |  out|    1|   ap_memory|        C_DRAM_14|         array|
|C_DRAM_14_d10        |  out|   32|   ap_memory|        C_DRAM_14|         array|
|C_DRAM_14_q10        |   in|   32|   ap_memory|        C_DRAM_14|         array|
|C_DRAM_14_we10       |  out|    1|   ap_memory|        C_DRAM_14|         array|
|C_DRAM_14_address11  |  out|    4|   ap_memory|        C_DRAM_14|         array|
|C_DRAM_14_ce11       |  out|    1|   ap_memory|        C_DRAM_14|         array|
|C_DRAM_14_d11        |  out|   32|   ap_memory|        C_DRAM_14|         array|
|C_DRAM_14_q11        |   in|   32|   ap_memory|        C_DRAM_14|         array|
|C_DRAM_14_we11       |  out|    1|   ap_memory|        C_DRAM_14|         array|
|C_DRAM_14_address12  |  out|    4|   ap_memory|        C_DRAM_14|         array|
|C_DRAM_14_ce12       |  out|    1|   ap_memory|        C_DRAM_14|         array|
|C_DRAM_14_d12        |  out|   32|   ap_memory|        C_DRAM_14|         array|
|C_DRAM_14_q12        |   in|   32|   ap_memory|        C_DRAM_14|         array|
|C_DRAM_14_we12       |  out|    1|   ap_memory|        C_DRAM_14|         array|
|C_DRAM_14_address13  |  out|    4|   ap_memory|        C_DRAM_14|         array|
|C_DRAM_14_ce13       |  out|    1|   ap_memory|        C_DRAM_14|         array|
|C_DRAM_14_d13        |  out|   32|   ap_memory|        C_DRAM_14|         array|
|C_DRAM_14_q13        |   in|   32|   ap_memory|        C_DRAM_14|         array|
|C_DRAM_14_we13       |  out|    1|   ap_memory|        C_DRAM_14|         array|
|C_DRAM_14_address14  |  out|    4|   ap_memory|        C_DRAM_14|         array|
|C_DRAM_14_ce14       |  out|    1|   ap_memory|        C_DRAM_14|         array|
|C_DRAM_14_d14        |  out|   32|   ap_memory|        C_DRAM_14|         array|
|C_DRAM_14_q14        |   in|   32|   ap_memory|        C_DRAM_14|         array|
|C_DRAM_14_we14       |  out|    1|   ap_memory|        C_DRAM_14|         array|
|C_DRAM_14_address15  |  out|    4|   ap_memory|        C_DRAM_14|         array|
|C_DRAM_14_ce15       |  out|    1|   ap_memory|        C_DRAM_14|         array|
|C_DRAM_14_d15        |  out|   32|   ap_memory|        C_DRAM_14|         array|
|C_DRAM_14_q15        |   in|   32|   ap_memory|        C_DRAM_14|         array|
|C_DRAM_14_we15       |  out|    1|   ap_memory|        C_DRAM_14|         array|
|C_DRAM_14_address16  |  out|    4|   ap_memory|        C_DRAM_14|         array|
|C_DRAM_14_ce16       |  out|    1|   ap_memory|        C_DRAM_14|         array|
|C_DRAM_14_d16        |  out|   32|   ap_memory|        C_DRAM_14|         array|
|C_DRAM_14_q16        |   in|   32|   ap_memory|        C_DRAM_14|         array|
|C_DRAM_14_we16       |  out|    1|   ap_memory|        C_DRAM_14|         array|
|C_DRAM_15_address0   |  out|    4|   ap_memory|        C_DRAM_15|         array|
|C_DRAM_15_ce0        |  out|    1|   ap_memory|        C_DRAM_15|         array|
|C_DRAM_15_d0         |  out|   32|   ap_memory|        C_DRAM_15|         array|
|C_DRAM_15_q0         |   in|   32|   ap_memory|        C_DRAM_15|         array|
|C_DRAM_15_we0        |  out|    1|   ap_memory|        C_DRAM_15|         array|
|C_DRAM_15_address1   |  out|    4|   ap_memory|        C_DRAM_15|         array|
|C_DRAM_15_ce1        |  out|    1|   ap_memory|        C_DRAM_15|         array|
|C_DRAM_15_d1         |  out|   32|   ap_memory|        C_DRAM_15|         array|
|C_DRAM_15_q1         |   in|   32|   ap_memory|        C_DRAM_15|         array|
|C_DRAM_15_we1        |  out|    1|   ap_memory|        C_DRAM_15|         array|
|C_DRAM_15_address2   |  out|    4|   ap_memory|        C_DRAM_15|         array|
|C_DRAM_15_ce2        |  out|    1|   ap_memory|        C_DRAM_15|         array|
|C_DRAM_15_d2         |  out|   32|   ap_memory|        C_DRAM_15|         array|
|C_DRAM_15_q2         |   in|   32|   ap_memory|        C_DRAM_15|         array|
|C_DRAM_15_we2        |  out|    1|   ap_memory|        C_DRAM_15|         array|
|C_DRAM_15_address3   |  out|    4|   ap_memory|        C_DRAM_15|         array|
|C_DRAM_15_ce3        |  out|    1|   ap_memory|        C_DRAM_15|         array|
|C_DRAM_15_d3         |  out|   32|   ap_memory|        C_DRAM_15|         array|
|C_DRAM_15_q3         |   in|   32|   ap_memory|        C_DRAM_15|         array|
|C_DRAM_15_we3        |  out|    1|   ap_memory|        C_DRAM_15|         array|
|C_DRAM_15_address4   |  out|    4|   ap_memory|        C_DRAM_15|         array|
|C_DRAM_15_ce4        |  out|    1|   ap_memory|        C_DRAM_15|         array|
|C_DRAM_15_d4         |  out|   32|   ap_memory|        C_DRAM_15|         array|
|C_DRAM_15_q4         |   in|   32|   ap_memory|        C_DRAM_15|         array|
|C_DRAM_15_we4        |  out|    1|   ap_memory|        C_DRAM_15|         array|
|C_DRAM_15_address5   |  out|    4|   ap_memory|        C_DRAM_15|         array|
|C_DRAM_15_ce5        |  out|    1|   ap_memory|        C_DRAM_15|         array|
|C_DRAM_15_d5         |  out|   32|   ap_memory|        C_DRAM_15|         array|
|C_DRAM_15_q5         |   in|   32|   ap_memory|        C_DRAM_15|         array|
|C_DRAM_15_we5        |  out|    1|   ap_memory|        C_DRAM_15|         array|
|C_DRAM_15_address6   |  out|    4|   ap_memory|        C_DRAM_15|         array|
|C_DRAM_15_ce6        |  out|    1|   ap_memory|        C_DRAM_15|         array|
|C_DRAM_15_d6         |  out|   32|   ap_memory|        C_DRAM_15|         array|
|C_DRAM_15_q6         |   in|   32|   ap_memory|        C_DRAM_15|         array|
|C_DRAM_15_we6        |  out|    1|   ap_memory|        C_DRAM_15|         array|
|C_DRAM_15_address7   |  out|    4|   ap_memory|        C_DRAM_15|         array|
|C_DRAM_15_ce7        |  out|    1|   ap_memory|        C_DRAM_15|         array|
|C_DRAM_15_d7         |  out|   32|   ap_memory|        C_DRAM_15|         array|
|C_DRAM_15_q7         |   in|   32|   ap_memory|        C_DRAM_15|         array|
|C_DRAM_15_we7        |  out|    1|   ap_memory|        C_DRAM_15|         array|
|C_DRAM_15_address8   |  out|    4|   ap_memory|        C_DRAM_15|         array|
|C_DRAM_15_ce8        |  out|    1|   ap_memory|        C_DRAM_15|         array|
|C_DRAM_15_d8         |  out|   32|   ap_memory|        C_DRAM_15|         array|
|C_DRAM_15_q8         |   in|   32|   ap_memory|        C_DRAM_15|         array|
|C_DRAM_15_we8        |  out|    1|   ap_memory|        C_DRAM_15|         array|
|C_DRAM_15_address9   |  out|    4|   ap_memory|        C_DRAM_15|         array|
|C_DRAM_15_ce9        |  out|    1|   ap_memory|        C_DRAM_15|         array|
|C_DRAM_15_d9         |  out|   32|   ap_memory|        C_DRAM_15|         array|
|C_DRAM_15_q9         |   in|   32|   ap_memory|        C_DRAM_15|         array|
|C_DRAM_15_we9        |  out|    1|   ap_memory|        C_DRAM_15|         array|
|C_DRAM_15_address10  |  out|    4|   ap_memory|        C_DRAM_15|         array|
|C_DRAM_15_ce10       |  out|    1|   ap_memory|        C_DRAM_15|         array|
|C_DRAM_15_d10        |  out|   32|   ap_memory|        C_DRAM_15|         array|
|C_DRAM_15_q10        |   in|   32|   ap_memory|        C_DRAM_15|         array|
|C_DRAM_15_we10       |  out|    1|   ap_memory|        C_DRAM_15|         array|
|C_DRAM_15_address11  |  out|    4|   ap_memory|        C_DRAM_15|         array|
|C_DRAM_15_ce11       |  out|    1|   ap_memory|        C_DRAM_15|         array|
|C_DRAM_15_d11        |  out|   32|   ap_memory|        C_DRAM_15|         array|
|C_DRAM_15_q11        |   in|   32|   ap_memory|        C_DRAM_15|         array|
|C_DRAM_15_we11       |  out|    1|   ap_memory|        C_DRAM_15|         array|
|C_DRAM_15_address12  |  out|    4|   ap_memory|        C_DRAM_15|         array|
|C_DRAM_15_ce12       |  out|    1|   ap_memory|        C_DRAM_15|         array|
|C_DRAM_15_d12        |  out|   32|   ap_memory|        C_DRAM_15|         array|
|C_DRAM_15_q12        |   in|   32|   ap_memory|        C_DRAM_15|         array|
|C_DRAM_15_we12       |  out|    1|   ap_memory|        C_DRAM_15|         array|
|C_DRAM_15_address13  |  out|    4|   ap_memory|        C_DRAM_15|         array|
|C_DRAM_15_ce13       |  out|    1|   ap_memory|        C_DRAM_15|         array|
|C_DRAM_15_d13        |  out|   32|   ap_memory|        C_DRAM_15|         array|
|C_DRAM_15_q13        |   in|   32|   ap_memory|        C_DRAM_15|         array|
|C_DRAM_15_we13       |  out|    1|   ap_memory|        C_DRAM_15|         array|
|C_DRAM_15_address14  |  out|    4|   ap_memory|        C_DRAM_15|         array|
|C_DRAM_15_ce14       |  out|    1|   ap_memory|        C_DRAM_15|         array|
|C_DRAM_15_d14        |  out|   32|   ap_memory|        C_DRAM_15|         array|
|C_DRAM_15_q14        |   in|   32|   ap_memory|        C_DRAM_15|         array|
|C_DRAM_15_we14       |  out|    1|   ap_memory|        C_DRAM_15|         array|
|C_DRAM_15_address15  |  out|    4|   ap_memory|        C_DRAM_15|         array|
|C_DRAM_15_ce15       |  out|    1|   ap_memory|        C_DRAM_15|         array|
|C_DRAM_15_d15        |  out|   32|   ap_memory|        C_DRAM_15|         array|
|C_DRAM_15_q15        |   in|   32|   ap_memory|        C_DRAM_15|         array|
|C_DRAM_15_we15       |  out|    1|   ap_memory|        C_DRAM_15|         array|
|C_DRAM_15_address16  |  out|    4|   ap_memory|        C_DRAM_15|         array|
|C_DRAM_15_ce16       |  out|    1|   ap_memory|        C_DRAM_15|         array|
|C_DRAM_15_d16        |  out|   32|   ap_memory|        C_DRAM_15|         array|
|C_DRAM_15_q16        |   in|   32|   ap_memory|        C_DRAM_15|         array|
|C_DRAM_15_we16       |  out|    1|   ap_memory|        C_DRAM_15|         array|
|C_DRAM_16_address0   |  out|    4|   ap_memory|        C_DRAM_16|         array|
|C_DRAM_16_ce0        |  out|    1|   ap_memory|        C_DRAM_16|         array|
|C_DRAM_16_d0         |  out|   32|   ap_memory|        C_DRAM_16|         array|
|C_DRAM_16_q0         |   in|   32|   ap_memory|        C_DRAM_16|         array|
|C_DRAM_16_we0        |  out|    1|   ap_memory|        C_DRAM_16|         array|
|C_DRAM_16_address1   |  out|    4|   ap_memory|        C_DRAM_16|         array|
|C_DRAM_16_ce1        |  out|    1|   ap_memory|        C_DRAM_16|         array|
|C_DRAM_16_d1         |  out|   32|   ap_memory|        C_DRAM_16|         array|
|C_DRAM_16_q1         |   in|   32|   ap_memory|        C_DRAM_16|         array|
|C_DRAM_16_we1        |  out|    1|   ap_memory|        C_DRAM_16|         array|
|C_DRAM_16_address2   |  out|    4|   ap_memory|        C_DRAM_16|         array|
|C_DRAM_16_ce2        |  out|    1|   ap_memory|        C_DRAM_16|         array|
|C_DRAM_16_d2         |  out|   32|   ap_memory|        C_DRAM_16|         array|
|C_DRAM_16_q2         |   in|   32|   ap_memory|        C_DRAM_16|         array|
|C_DRAM_16_we2        |  out|    1|   ap_memory|        C_DRAM_16|         array|
|C_DRAM_16_address3   |  out|    4|   ap_memory|        C_DRAM_16|         array|
|C_DRAM_16_ce3        |  out|    1|   ap_memory|        C_DRAM_16|         array|
|C_DRAM_16_d3         |  out|   32|   ap_memory|        C_DRAM_16|         array|
|C_DRAM_16_q3         |   in|   32|   ap_memory|        C_DRAM_16|         array|
|C_DRAM_16_we3        |  out|    1|   ap_memory|        C_DRAM_16|         array|
|C_DRAM_16_address4   |  out|    4|   ap_memory|        C_DRAM_16|         array|
|C_DRAM_16_ce4        |  out|    1|   ap_memory|        C_DRAM_16|         array|
|C_DRAM_16_d4         |  out|   32|   ap_memory|        C_DRAM_16|         array|
|C_DRAM_16_q4         |   in|   32|   ap_memory|        C_DRAM_16|         array|
|C_DRAM_16_we4        |  out|    1|   ap_memory|        C_DRAM_16|         array|
|C_DRAM_16_address5   |  out|    4|   ap_memory|        C_DRAM_16|         array|
|C_DRAM_16_ce5        |  out|    1|   ap_memory|        C_DRAM_16|         array|
|C_DRAM_16_d5         |  out|   32|   ap_memory|        C_DRAM_16|         array|
|C_DRAM_16_q5         |   in|   32|   ap_memory|        C_DRAM_16|         array|
|C_DRAM_16_we5        |  out|    1|   ap_memory|        C_DRAM_16|         array|
|C_DRAM_16_address6   |  out|    4|   ap_memory|        C_DRAM_16|         array|
|C_DRAM_16_ce6        |  out|    1|   ap_memory|        C_DRAM_16|         array|
|C_DRAM_16_d6         |  out|   32|   ap_memory|        C_DRAM_16|         array|
|C_DRAM_16_q6         |   in|   32|   ap_memory|        C_DRAM_16|         array|
|C_DRAM_16_we6        |  out|    1|   ap_memory|        C_DRAM_16|         array|
|C_DRAM_16_address7   |  out|    4|   ap_memory|        C_DRAM_16|         array|
|C_DRAM_16_ce7        |  out|    1|   ap_memory|        C_DRAM_16|         array|
|C_DRAM_16_d7         |  out|   32|   ap_memory|        C_DRAM_16|         array|
|C_DRAM_16_q7         |   in|   32|   ap_memory|        C_DRAM_16|         array|
|C_DRAM_16_we7        |  out|    1|   ap_memory|        C_DRAM_16|         array|
|C_DRAM_16_address8   |  out|    4|   ap_memory|        C_DRAM_16|         array|
|C_DRAM_16_ce8        |  out|    1|   ap_memory|        C_DRAM_16|         array|
|C_DRAM_16_d8         |  out|   32|   ap_memory|        C_DRAM_16|         array|
|C_DRAM_16_q8         |   in|   32|   ap_memory|        C_DRAM_16|         array|
|C_DRAM_16_we8        |  out|    1|   ap_memory|        C_DRAM_16|         array|
|C_DRAM_16_address9   |  out|    4|   ap_memory|        C_DRAM_16|         array|
|C_DRAM_16_ce9        |  out|    1|   ap_memory|        C_DRAM_16|         array|
|C_DRAM_16_d9         |  out|   32|   ap_memory|        C_DRAM_16|         array|
|C_DRAM_16_q9         |   in|   32|   ap_memory|        C_DRAM_16|         array|
|C_DRAM_16_we9        |  out|    1|   ap_memory|        C_DRAM_16|         array|
|C_DRAM_16_address10  |  out|    4|   ap_memory|        C_DRAM_16|         array|
|C_DRAM_16_ce10       |  out|    1|   ap_memory|        C_DRAM_16|         array|
|C_DRAM_16_d10        |  out|   32|   ap_memory|        C_DRAM_16|         array|
|C_DRAM_16_q10        |   in|   32|   ap_memory|        C_DRAM_16|         array|
|C_DRAM_16_we10       |  out|    1|   ap_memory|        C_DRAM_16|         array|
|C_DRAM_16_address11  |  out|    4|   ap_memory|        C_DRAM_16|         array|
|C_DRAM_16_ce11       |  out|    1|   ap_memory|        C_DRAM_16|         array|
|C_DRAM_16_d11        |  out|   32|   ap_memory|        C_DRAM_16|         array|
|C_DRAM_16_q11        |   in|   32|   ap_memory|        C_DRAM_16|         array|
|C_DRAM_16_we11       |  out|    1|   ap_memory|        C_DRAM_16|         array|
|C_DRAM_16_address12  |  out|    4|   ap_memory|        C_DRAM_16|         array|
|C_DRAM_16_ce12       |  out|    1|   ap_memory|        C_DRAM_16|         array|
|C_DRAM_16_d12        |  out|   32|   ap_memory|        C_DRAM_16|         array|
|C_DRAM_16_q12        |   in|   32|   ap_memory|        C_DRAM_16|         array|
|C_DRAM_16_we12       |  out|    1|   ap_memory|        C_DRAM_16|         array|
|C_DRAM_16_address13  |  out|    4|   ap_memory|        C_DRAM_16|         array|
|C_DRAM_16_ce13       |  out|    1|   ap_memory|        C_DRAM_16|         array|
|C_DRAM_16_d13        |  out|   32|   ap_memory|        C_DRAM_16|         array|
|C_DRAM_16_q13        |   in|   32|   ap_memory|        C_DRAM_16|         array|
|C_DRAM_16_we13       |  out|    1|   ap_memory|        C_DRAM_16|         array|
|C_DRAM_16_address14  |  out|    4|   ap_memory|        C_DRAM_16|         array|
|C_DRAM_16_ce14       |  out|    1|   ap_memory|        C_DRAM_16|         array|
|C_DRAM_16_d14        |  out|   32|   ap_memory|        C_DRAM_16|         array|
|C_DRAM_16_q14        |   in|   32|   ap_memory|        C_DRAM_16|         array|
|C_DRAM_16_we14       |  out|    1|   ap_memory|        C_DRAM_16|         array|
|C_DRAM_16_address15  |  out|    4|   ap_memory|        C_DRAM_16|         array|
|C_DRAM_16_ce15       |  out|    1|   ap_memory|        C_DRAM_16|         array|
|C_DRAM_16_d15        |  out|   32|   ap_memory|        C_DRAM_16|         array|
|C_DRAM_16_q15        |   in|   32|   ap_memory|        C_DRAM_16|         array|
|C_DRAM_16_we15       |  out|    1|   ap_memory|        C_DRAM_16|         array|
|C_DRAM_16_address16  |  out|    4|   ap_memory|        C_DRAM_16|         array|
|C_DRAM_16_ce16       |  out|    1|   ap_memory|        C_DRAM_16|         array|
|C_DRAM_16_d16        |  out|   32|   ap_memory|        C_DRAM_16|         array|
|C_DRAM_16_q16        |   in|   32|   ap_memory|        C_DRAM_16|         array|
|C_DRAM_16_we16       |  out|    1|   ap_memory|        C_DRAM_16|         array|
|C_DRAM_17_address0   |  out|    4|   ap_memory|        C_DRAM_17|         array|
|C_DRAM_17_ce0        |  out|    1|   ap_memory|        C_DRAM_17|         array|
|C_DRAM_17_d0         |  out|   32|   ap_memory|        C_DRAM_17|         array|
|C_DRAM_17_q0         |   in|   32|   ap_memory|        C_DRAM_17|         array|
|C_DRAM_17_we0        |  out|    1|   ap_memory|        C_DRAM_17|         array|
|C_DRAM_17_address1   |  out|    4|   ap_memory|        C_DRAM_17|         array|
|C_DRAM_17_ce1        |  out|    1|   ap_memory|        C_DRAM_17|         array|
|C_DRAM_17_d1         |  out|   32|   ap_memory|        C_DRAM_17|         array|
|C_DRAM_17_q1         |   in|   32|   ap_memory|        C_DRAM_17|         array|
|C_DRAM_17_we1        |  out|    1|   ap_memory|        C_DRAM_17|         array|
|C_DRAM_17_address2   |  out|    4|   ap_memory|        C_DRAM_17|         array|
|C_DRAM_17_ce2        |  out|    1|   ap_memory|        C_DRAM_17|         array|
|C_DRAM_17_d2         |  out|   32|   ap_memory|        C_DRAM_17|         array|
|C_DRAM_17_q2         |   in|   32|   ap_memory|        C_DRAM_17|         array|
|C_DRAM_17_we2        |  out|    1|   ap_memory|        C_DRAM_17|         array|
|C_DRAM_17_address3   |  out|    4|   ap_memory|        C_DRAM_17|         array|
|C_DRAM_17_ce3        |  out|    1|   ap_memory|        C_DRAM_17|         array|
|C_DRAM_17_d3         |  out|   32|   ap_memory|        C_DRAM_17|         array|
|C_DRAM_17_q3         |   in|   32|   ap_memory|        C_DRAM_17|         array|
|C_DRAM_17_we3        |  out|    1|   ap_memory|        C_DRAM_17|         array|
|C_DRAM_17_address4   |  out|    4|   ap_memory|        C_DRAM_17|         array|
|C_DRAM_17_ce4        |  out|    1|   ap_memory|        C_DRAM_17|         array|
|C_DRAM_17_d4         |  out|   32|   ap_memory|        C_DRAM_17|         array|
|C_DRAM_17_q4         |   in|   32|   ap_memory|        C_DRAM_17|         array|
|C_DRAM_17_we4        |  out|    1|   ap_memory|        C_DRAM_17|         array|
|C_DRAM_17_address5   |  out|    4|   ap_memory|        C_DRAM_17|         array|
|C_DRAM_17_ce5        |  out|    1|   ap_memory|        C_DRAM_17|         array|
|C_DRAM_17_d5         |  out|   32|   ap_memory|        C_DRAM_17|         array|
|C_DRAM_17_q5         |   in|   32|   ap_memory|        C_DRAM_17|         array|
|C_DRAM_17_we5        |  out|    1|   ap_memory|        C_DRAM_17|         array|
|C_DRAM_17_address6   |  out|    4|   ap_memory|        C_DRAM_17|         array|
|C_DRAM_17_ce6        |  out|    1|   ap_memory|        C_DRAM_17|         array|
|C_DRAM_17_d6         |  out|   32|   ap_memory|        C_DRAM_17|         array|
|C_DRAM_17_q6         |   in|   32|   ap_memory|        C_DRAM_17|         array|
|C_DRAM_17_we6        |  out|    1|   ap_memory|        C_DRAM_17|         array|
|C_DRAM_17_address7   |  out|    4|   ap_memory|        C_DRAM_17|         array|
|C_DRAM_17_ce7        |  out|    1|   ap_memory|        C_DRAM_17|         array|
|C_DRAM_17_d7         |  out|   32|   ap_memory|        C_DRAM_17|         array|
|C_DRAM_17_q7         |   in|   32|   ap_memory|        C_DRAM_17|         array|
|C_DRAM_17_we7        |  out|    1|   ap_memory|        C_DRAM_17|         array|
|C_DRAM_17_address8   |  out|    4|   ap_memory|        C_DRAM_17|         array|
|C_DRAM_17_ce8        |  out|    1|   ap_memory|        C_DRAM_17|         array|
|C_DRAM_17_d8         |  out|   32|   ap_memory|        C_DRAM_17|         array|
|C_DRAM_17_q8         |   in|   32|   ap_memory|        C_DRAM_17|         array|
|C_DRAM_17_we8        |  out|    1|   ap_memory|        C_DRAM_17|         array|
|C_DRAM_17_address9   |  out|    4|   ap_memory|        C_DRAM_17|         array|
|C_DRAM_17_ce9        |  out|    1|   ap_memory|        C_DRAM_17|         array|
|C_DRAM_17_d9         |  out|   32|   ap_memory|        C_DRAM_17|         array|
|C_DRAM_17_q9         |   in|   32|   ap_memory|        C_DRAM_17|         array|
|C_DRAM_17_we9        |  out|    1|   ap_memory|        C_DRAM_17|         array|
|C_DRAM_17_address10  |  out|    4|   ap_memory|        C_DRAM_17|         array|
|C_DRAM_17_ce10       |  out|    1|   ap_memory|        C_DRAM_17|         array|
|C_DRAM_17_d10        |  out|   32|   ap_memory|        C_DRAM_17|         array|
|C_DRAM_17_q10        |   in|   32|   ap_memory|        C_DRAM_17|         array|
|C_DRAM_17_we10       |  out|    1|   ap_memory|        C_DRAM_17|         array|
|C_DRAM_17_address11  |  out|    4|   ap_memory|        C_DRAM_17|         array|
|C_DRAM_17_ce11       |  out|    1|   ap_memory|        C_DRAM_17|         array|
|C_DRAM_17_d11        |  out|   32|   ap_memory|        C_DRAM_17|         array|
|C_DRAM_17_q11        |   in|   32|   ap_memory|        C_DRAM_17|         array|
|C_DRAM_17_we11       |  out|    1|   ap_memory|        C_DRAM_17|         array|
|C_DRAM_17_address12  |  out|    4|   ap_memory|        C_DRAM_17|         array|
|C_DRAM_17_ce12       |  out|    1|   ap_memory|        C_DRAM_17|         array|
|C_DRAM_17_d12        |  out|   32|   ap_memory|        C_DRAM_17|         array|
|C_DRAM_17_q12        |   in|   32|   ap_memory|        C_DRAM_17|         array|
|C_DRAM_17_we12       |  out|    1|   ap_memory|        C_DRAM_17|         array|
|C_DRAM_17_address13  |  out|    4|   ap_memory|        C_DRAM_17|         array|
|C_DRAM_17_ce13       |  out|    1|   ap_memory|        C_DRAM_17|         array|
|C_DRAM_17_d13        |  out|   32|   ap_memory|        C_DRAM_17|         array|
|C_DRAM_17_q13        |   in|   32|   ap_memory|        C_DRAM_17|         array|
|C_DRAM_17_we13       |  out|    1|   ap_memory|        C_DRAM_17|         array|
|C_DRAM_17_address14  |  out|    4|   ap_memory|        C_DRAM_17|         array|
|C_DRAM_17_ce14       |  out|    1|   ap_memory|        C_DRAM_17|         array|
|C_DRAM_17_d14        |  out|   32|   ap_memory|        C_DRAM_17|         array|
|C_DRAM_17_q14        |   in|   32|   ap_memory|        C_DRAM_17|         array|
|C_DRAM_17_we14       |  out|    1|   ap_memory|        C_DRAM_17|         array|
|C_DRAM_17_address15  |  out|    4|   ap_memory|        C_DRAM_17|         array|
|C_DRAM_17_ce15       |  out|    1|   ap_memory|        C_DRAM_17|         array|
|C_DRAM_17_d15        |  out|   32|   ap_memory|        C_DRAM_17|         array|
|C_DRAM_17_q15        |   in|   32|   ap_memory|        C_DRAM_17|         array|
|C_DRAM_17_we15       |  out|    1|   ap_memory|        C_DRAM_17|         array|
|C_DRAM_17_address16  |  out|    4|   ap_memory|        C_DRAM_17|         array|
|C_DRAM_17_ce16       |  out|    1|   ap_memory|        C_DRAM_17|         array|
|C_DRAM_17_d16        |  out|   32|   ap_memory|        C_DRAM_17|         array|
|C_DRAM_17_q16        |   in|   32|   ap_memory|        C_DRAM_17|         array|
|C_DRAM_17_we16       |  out|    1|   ap_memory|        C_DRAM_17|         array|
|C_DRAM_18_address0   |  out|    4|   ap_memory|        C_DRAM_18|         array|
|C_DRAM_18_ce0        |  out|    1|   ap_memory|        C_DRAM_18|         array|
|C_DRAM_18_d0         |  out|   32|   ap_memory|        C_DRAM_18|         array|
|C_DRAM_18_q0         |   in|   32|   ap_memory|        C_DRAM_18|         array|
|C_DRAM_18_we0        |  out|    1|   ap_memory|        C_DRAM_18|         array|
|C_DRAM_18_address1   |  out|    4|   ap_memory|        C_DRAM_18|         array|
|C_DRAM_18_ce1        |  out|    1|   ap_memory|        C_DRAM_18|         array|
|C_DRAM_18_d1         |  out|   32|   ap_memory|        C_DRAM_18|         array|
|C_DRAM_18_q1         |   in|   32|   ap_memory|        C_DRAM_18|         array|
|C_DRAM_18_we1        |  out|    1|   ap_memory|        C_DRAM_18|         array|
|C_DRAM_18_address2   |  out|    4|   ap_memory|        C_DRAM_18|         array|
|C_DRAM_18_ce2        |  out|    1|   ap_memory|        C_DRAM_18|         array|
|C_DRAM_18_d2         |  out|   32|   ap_memory|        C_DRAM_18|         array|
|C_DRAM_18_q2         |   in|   32|   ap_memory|        C_DRAM_18|         array|
|C_DRAM_18_we2        |  out|    1|   ap_memory|        C_DRAM_18|         array|
|C_DRAM_18_address3   |  out|    4|   ap_memory|        C_DRAM_18|         array|
|C_DRAM_18_ce3        |  out|    1|   ap_memory|        C_DRAM_18|         array|
|C_DRAM_18_d3         |  out|   32|   ap_memory|        C_DRAM_18|         array|
|C_DRAM_18_q3         |   in|   32|   ap_memory|        C_DRAM_18|         array|
|C_DRAM_18_we3        |  out|    1|   ap_memory|        C_DRAM_18|         array|
|C_DRAM_18_address4   |  out|    4|   ap_memory|        C_DRAM_18|         array|
|C_DRAM_18_ce4        |  out|    1|   ap_memory|        C_DRAM_18|         array|
|C_DRAM_18_d4         |  out|   32|   ap_memory|        C_DRAM_18|         array|
|C_DRAM_18_q4         |   in|   32|   ap_memory|        C_DRAM_18|         array|
|C_DRAM_18_we4        |  out|    1|   ap_memory|        C_DRAM_18|         array|
|C_DRAM_18_address5   |  out|    4|   ap_memory|        C_DRAM_18|         array|
|C_DRAM_18_ce5        |  out|    1|   ap_memory|        C_DRAM_18|         array|
|C_DRAM_18_d5         |  out|   32|   ap_memory|        C_DRAM_18|         array|
|C_DRAM_18_q5         |   in|   32|   ap_memory|        C_DRAM_18|         array|
|C_DRAM_18_we5        |  out|    1|   ap_memory|        C_DRAM_18|         array|
|C_DRAM_18_address6   |  out|    4|   ap_memory|        C_DRAM_18|         array|
|C_DRAM_18_ce6        |  out|    1|   ap_memory|        C_DRAM_18|         array|
|C_DRAM_18_d6         |  out|   32|   ap_memory|        C_DRAM_18|         array|
|C_DRAM_18_q6         |   in|   32|   ap_memory|        C_DRAM_18|         array|
|C_DRAM_18_we6        |  out|    1|   ap_memory|        C_DRAM_18|         array|
|C_DRAM_18_address7   |  out|    4|   ap_memory|        C_DRAM_18|         array|
|C_DRAM_18_ce7        |  out|    1|   ap_memory|        C_DRAM_18|         array|
|C_DRAM_18_d7         |  out|   32|   ap_memory|        C_DRAM_18|         array|
|C_DRAM_18_q7         |   in|   32|   ap_memory|        C_DRAM_18|         array|
|C_DRAM_18_we7        |  out|    1|   ap_memory|        C_DRAM_18|         array|
|C_DRAM_18_address8   |  out|    4|   ap_memory|        C_DRAM_18|         array|
|C_DRAM_18_ce8        |  out|    1|   ap_memory|        C_DRAM_18|         array|
|C_DRAM_18_d8         |  out|   32|   ap_memory|        C_DRAM_18|         array|
|C_DRAM_18_q8         |   in|   32|   ap_memory|        C_DRAM_18|         array|
|C_DRAM_18_we8        |  out|    1|   ap_memory|        C_DRAM_18|         array|
|C_DRAM_18_address9   |  out|    4|   ap_memory|        C_DRAM_18|         array|
|C_DRAM_18_ce9        |  out|    1|   ap_memory|        C_DRAM_18|         array|
|C_DRAM_18_d9         |  out|   32|   ap_memory|        C_DRAM_18|         array|
|C_DRAM_18_q9         |   in|   32|   ap_memory|        C_DRAM_18|         array|
|C_DRAM_18_we9        |  out|    1|   ap_memory|        C_DRAM_18|         array|
|C_DRAM_18_address10  |  out|    4|   ap_memory|        C_DRAM_18|         array|
|C_DRAM_18_ce10       |  out|    1|   ap_memory|        C_DRAM_18|         array|
|C_DRAM_18_d10        |  out|   32|   ap_memory|        C_DRAM_18|         array|
|C_DRAM_18_q10        |   in|   32|   ap_memory|        C_DRAM_18|         array|
|C_DRAM_18_we10       |  out|    1|   ap_memory|        C_DRAM_18|         array|
|C_DRAM_18_address11  |  out|    4|   ap_memory|        C_DRAM_18|         array|
|C_DRAM_18_ce11       |  out|    1|   ap_memory|        C_DRAM_18|         array|
|C_DRAM_18_d11        |  out|   32|   ap_memory|        C_DRAM_18|         array|
|C_DRAM_18_q11        |   in|   32|   ap_memory|        C_DRAM_18|         array|
|C_DRAM_18_we11       |  out|    1|   ap_memory|        C_DRAM_18|         array|
|C_DRAM_18_address12  |  out|    4|   ap_memory|        C_DRAM_18|         array|
|C_DRAM_18_ce12       |  out|    1|   ap_memory|        C_DRAM_18|         array|
|C_DRAM_18_d12        |  out|   32|   ap_memory|        C_DRAM_18|         array|
|C_DRAM_18_q12        |   in|   32|   ap_memory|        C_DRAM_18|         array|
|C_DRAM_18_we12       |  out|    1|   ap_memory|        C_DRAM_18|         array|
|C_DRAM_18_address13  |  out|    4|   ap_memory|        C_DRAM_18|         array|
|C_DRAM_18_ce13       |  out|    1|   ap_memory|        C_DRAM_18|         array|
|C_DRAM_18_d13        |  out|   32|   ap_memory|        C_DRAM_18|         array|
|C_DRAM_18_q13        |   in|   32|   ap_memory|        C_DRAM_18|         array|
|C_DRAM_18_we13       |  out|    1|   ap_memory|        C_DRAM_18|         array|
|C_DRAM_18_address14  |  out|    4|   ap_memory|        C_DRAM_18|         array|
|C_DRAM_18_ce14       |  out|    1|   ap_memory|        C_DRAM_18|         array|
|C_DRAM_18_d14        |  out|   32|   ap_memory|        C_DRAM_18|         array|
|C_DRAM_18_q14        |   in|   32|   ap_memory|        C_DRAM_18|         array|
|C_DRAM_18_we14       |  out|    1|   ap_memory|        C_DRAM_18|         array|
|C_DRAM_18_address15  |  out|    4|   ap_memory|        C_DRAM_18|         array|
|C_DRAM_18_ce15       |  out|    1|   ap_memory|        C_DRAM_18|         array|
|C_DRAM_18_d15        |  out|   32|   ap_memory|        C_DRAM_18|         array|
|C_DRAM_18_q15        |   in|   32|   ap_memory|        C_DRAM_18|         array|
|C_DRAM_18_we15       |  out|    1|   ap_memory|        C_DRAM_18|         array|
|C_DRAM_18_address16  |  out|    4|   ap_memory|        C_DRAM_18|         array|
|C_DRAM_18_ce16       |  out|    1|   ap_memory|        C_DRAM_18|         array|
|C_DRAM_18_d16        |  out|   32|   ap_memory|        C_DRAM_18|         array|
|C_DRAM_18_q16        |   in|   32|   ap_memory|        C_DRAM_18|         array|
|C_DRAM_18_we16       |  out|    1|   ap_memory|        C_DRAM_18|         array|
|C_DRAM_19_address0   |  out|    4|   ap_memory|        C_DRAM_19|         array|
|C_DRAM_19_ce0        |  out|    1|   ap_memory|        C_DRAM_19|         array|
|C_DRAM_19_d0         |  out|   32|   ap_memory|        C_DRAM_19|         array|
|C_DRAM_19_q0         |   in|   32|   ap_memory|        C_DRAM_19|         array|
|C_DRAM_19_we0        |  out|    1|   ap_memory|        C_DRAM_19|         array|
|C_DRAM_19_address1   |  out|    4|   ap_memory|        C_DRAM_19|         array|
|C_DRAM_19_ce1        |  out|    1|   ap_memory|        C_DRAM_19|         array|
|C_DRAM_19_d1         |  out|   32|   ap_memory|        C_DRAM_19|         array|
|C_DRAM_19_q1         |   in|   32|   ap_memory|        C_DRAM_19|         array|
|C_DRAM_19_we1        |  out|    1|   ap_memory|        C_DRAM_19|         array|
|C_DRAM_19_address2   |  out|    4|   ap_memory|        C_DRAM_19|         array|
|C_DRAM_19_ce2        |  out|    1|   ap_memory|        C_DRAM_19|         array|
|C_DRAM_19_d2         |  out|   32|   ap_memory|        C_DRAM_19|         array|
|C_DRAM_19_q2         |   in|   32|   ap_memory|        C_DRAM_19|         array|
|C_DRAM_19_we2        |  out|    1|   ap_memory|        C_DRAM_19|         array|
|C_DRAM_19_address3   |  out|    4|   ap_memory|        C_DRAM_19|         array|
|C_DRAM_19_ce3        |  out|    1|   ap_memory|        C_DRAM_19|         array|
|C_DRAM_19_d3         |  out|   32|   ap_memory|        C_DRAM_19|         array|
|C_DRAM_19_q3         |   in|   32|   ap_memory|        C_DRAM_19|         array|
|C_DRAM_19_we3        |  out|    1|   ap_memory|        C_DRAM_19|         array|
|C_DRAM_19_address4   |  out|    4|   ap_memory|        C_DRAM_19|         array|
|C_DRAM_19_ce4        |  out|    1|   ap_memory|        C_DRAM_19|         array|
|C_DRAM_19_d4         |  out|   32|   ap_memory|        C_DRAM_19|         array|
|C_DRAM_19_q4         |   in|   32|   ap_memory|        C_DRAM_19|         array|
|C_DRAM_19_we4        |  out|    1|   ap_memory|        C_DRAM_19|         array|
|C_DRAM_19_address5   |  out|    4|   ap_memory|        C_DRAM_19|         array|
|C_DRAM_19_ce5        |  out|    1|   ap_memory|        C_DRAM_19|         array|
|C_DRAM_19_d5         |  out|   32|   ap_memory|        C_DRAM_19|         array|
|C_DRAM_19_q5         |   in|   32|   ap_memory|        C_DRAM_19|         array|
|C_DRAM_19_we5        |  out|    1|   ap_memory|        C_DRAM_19|         array|
|C_DRAM_19_address6   |  out|    4|   ap_memory|        C_DRAM_19|         array|
|C_DRAM_19_ce6        |  out|    1|   ap_memory|        C_DRAM_19|         array|
|C_DRAM_19_d6         |  out|   32|   ap_memory|        C_DRAM_19|         array|
|C_DRAM_19_q6         |   in|   32|   ap_memory|        C_DRAM_19|         array|
|C_DRAM_19_we6        |  out|    1|   ap_memory|        C_DRAM_19|         array|
|C_DRAM_19_address7   |  out|    4|   ap_memory|        C_DRAM_19|         array|
|C_DRAM_19_ce7        |  out|    1|   ap_memory|        C_DRAM_19|         array|
|C_DRAM_19_d7         |  out|   32|   ap_memory|        C_DRAM_19|         array|
|C_DRAM_19_q7         |   in|   32|   ap_memory|        C_DRAM_19|         array|
|C_DRAM_19_we7        |  out|    1|   ap_memory|        C_DRAM_19|         array|
|C_DRAM_19_address8   |  out|    4|   ap_memory|        C_DRAM_19|         array|
|C_DRAM_19_ce8        |  out|    1|   ap_memory|        C_DRAM_19|         array|
|C_DRAM_19_d8         |  out|   32|   ap_memory|        C_DRAM_19|         array|
|C_DRAM_19_q8         |   in|   32|   ap_memory|        C_DRAM_19|         array|
|C_DRAM_19_we8        |  out|    1|   ap_memory|        C_DRAM_19|         array|
|C_DRAM_19_address9   |  out|    4|   ap_memory|        C_DRAM_19|         array|
|C_DRAM_19_ce9        |  out|    1|   ap_memory|        C_DRAM_19|         array|
|C_DRAM_19_d9         |  out|   32|   ap_memory|        C_DRAM_19|         array|
|C_DRAM_19_q9         |   in|   32|   ap_memory|        C_DRAM_19|         array|
|C_DRAM_19_we9        |  out|    1|   ap_memory|        C_DRAM_19|         array|
|C_DRAM_19_address10  |  out|    4|   ap_memory|        C_DRAM_19|         array|
|C_DRAM_19_ce10       |  out|    1|   ap_memory|        C_DRAM_19|         array|
|C_DRAM_19_d10        |  out|   32|   ap_memory|        C_DRAM_19|         array|
|C_DRAM_19_q10        |   in|   32|   ap_memory|        C_DRAM_19|         array|
|C_DRAM_19_we10       |  out|    1|   ap_memory|        C_DRAM_19|         array|
|C_DRAM_19_address11  |  out|    4|   ap_memory|        C_DRAM_19|         array|
|C_DRAM_19_ce11       |  out|    1|   ap_memory|        C_DRAM_19|         array|
|C_DRAM_19_d11        |  out|   32|   ap_memory|        C_DRAM_19|         array|
|C_DRAM_19_q11        |   in|   32|   ap_memory|        C_DRAM_19|         array|
|C_DRAM_19_we11       |  out|    1|   ap_memory|        C_DRAM_19|         array|
|C_DRAM_19_address12  |  out|    4|   ap_memory|        C_DRAM_19|         array|
|C_DRAM_19_ce12       |  out|    1|   ap_memory|        C_DRAM_19|         array|
|C_DRAM_19_d12        |  out|   32|   ap_memory|        C_DRAM_19|         array|
|C_DRAM_19_q12        |   in|   32|   ap_memory|        C_DRAM_19|         array|
|C_DRAM_19_we12       |  out|    1|   ap_memory|        C_DRAM_19|         array|
|C_DRAM_19_address13  |  out|    4|   ap_memory|        C_DRAM_19|         array|
|C_DRAM_19_ce13       |  out|    1|   ap_memory|        C_DRAM_19|         array|
|C_DRAM_19_d13        |  out|   32|   ap_memory|        C_DRAM_19|         array|
|C_DRAM_19_q13        |   in|   32|   ap_memory|        C_DRAM_19|         array|
|C_DRAM_19_we13       |  out|    1|   ap_memory|        C_DRAM_19|         array|
|C_DRAM_19_address14  |  out|    4|   ap_memory|        C_DRAM_19|         array|
|C_DRAM_19_ce14       |  out|    1|   ap_memory|        C_DRAM_19|         array|
|C_DRAM_19_d14        |  out|   32|   ap_memory|        C_DRAM_19|         array|
|C_DRAM_19_q14        |   in|   32|   ap_memory|        C_DRAM_19|         array|
|C_DRAM_19_we14       |  out|    1|   ap_memory|        C_DRAM_19|         array|
|C_DRAM_19_address15  |  out|    4|   ap_memory|        C_DRAM_19|         array|
|C_DRAM_19_ce15       |  out|    1|   ap_memory|        C_DRAM_19|         array|
|C_DRAM_19_d15        |  out|   32|   ap_memory|        C_DRAM_19|         array|
|C_DRAM_19_q15        |   in|   32|   ap_memory|        C_DRAM_19|         array|
|C_DRAM_19_we15       |  out|    1|   ap_memory|        C_DRAM_19|         array|
|C_DRAM_19_address16  |  out|    4|   ap_memory|        C_DRAM_19|         array|
|C_DRAM_19_ce16       |  out|    1|   ap_memory|        C_DRAM_19|         array|
|C_DRAM_19_d16        |  out|   32|   ap_memory|        C_DRAM_19|         array|
|C_DRAM_19_q16        |   in|   32|   ap_memory|        C_DRAM_19|         array|
|C_DRAM_19_we16       |  out|    1|   ap_memory|        C_DRAM_19|         array|
|C_DRAM_20_address0   |  out|    4|   ap_memory|        C_DRAM_20|         array|
|C_DRAM_20_ce0        |  out|    1|   ap_memory|        C_DRAM_20|         array|
|C_DRAM_20_d0         |  out|   32|   ap_memory|        C_DRAM_20|         array|
|C_DRAM_20_q0         |   in|   32|   ap_memory|        C_DRAM_20|         array|
|C_DRAM_20_we0        |  out|    1|   ap_memory|        C_DRAM_20|         array|
|C_DRAM_20_address1   |  out|    4|   ap_memory|        C_DRAM_20|         array|
|C_DRAM_20_ce1        |  out|    1|   ap_memory|        C_DRAM_20|         array|
|C_DRAM_20_d1         |  out|   32|   ap_memory|        C_DRAM_20|         array|
|C_DRAM_20_q1         |   in|   32|   ap_memory|        C_DRAM_20|         array|
|C_DRAM_20_we1        |  out|    1|   ap_memory|        C_DRAM_20|         array|
|C_DRAM_20_address2   |  out|    4|   ap_memory|        C_DRAM_20|         array|
|C_DRAM_20_ce2        |  out|    1|   ap_memory|        C_DRAM_20|         array|
|C_DRAM_20_d2         |  out|   32|   ap_memory|        C_DRAM_20|         array|
|C_DRAM_20_q2         |   in|   32|   ap_memory|        C_DRAM_20|         array|
|C_DRAM_20_we2        |  out|    1|   ap_memory|        C_DRAM_20|         array|
|C_DRAM_20_address3   |  out|    4|   ap_memory|        C_DRAM_20|         array|
|C_DRAM_20_ce3        |  out|    1|   ap_memory|        C_DRAM_20|         array|
|C_DRAM_20_d3         |  out|   32|   ap_memory|        C_DRAM_20|         array|
|C_DRAM_20_q3         |   in|   32|   ap_memory|        C_DRAM_20|         array|
|C_DRAM_20_we3        |  out|    1|   ap_memory|        C_DRAM_20|         array|
|C_DRAM_20_address4   |  out|    4|   ap_memory|        C_DRAM_20|         array|
|C_DRAM_20_ce4        |  out|    1|   ap_memory|        C_DRAM_20|         array|
|C_DRAM_20_d4         |  out|   32|   ap_memory|        C_DRAM_20|         array|
|C_DRAM_20_q4         |   in|   32|   ap_memory|        C_DRAM_20|         array|
|C_DRAM_20_we4        |  out|    1|   ap_memory|        C_DRAM_20|         array|
|C_DRAM_20_address5   |  out|    4|   ap_memory|        C_DRAM_20|         array|
|C_DRAM_20_ce5        |  out|    1|   ap_memory|        C_DRAM_20|         array|
|C_DRAM_20_d5         |  out|   32|   ap_memory|        C_DRAM_20|         array|
|C_DRAM_20_q5         |   in|   32|   ap_memory|        C_DRAM_20|         array|
|C_DRAM_20_we5        |  out|    1|   ap_memory|        C_DRAM_20|         array|
|C_DRAM_20_address6   |  out|    4|   ap_memory|        C_DRAM_20|         array|
|C_DRAM_20_ce6        |  out|    1|   ap_memory|        C_DRAM_20|         array|
|C_DRAM_20_d6         |  out|   32|   ap_memory|        C_DRAM_20|         array|
|C_DRAM_20_q6         |   in|   32|   ap_memory|        C_DRAM_20|         array|
|C_DRAM_20_we6        |  out|    1|   ap_memory|        C_DRAM_20|         array|
|C_DRAM_20_address7   |  out|    4|   ap_memory|        C_DRAM_20|         array|
|C_DRAM_20_ce7        |  out|    1|   ap_memory|        C_DRAM_20|         array|
|C_DRAM_20_d7         |  out|   32|   ap_memory|        C_DRAM_20|         array|
|C_DRAM_20_q7         |   in|   32|   ap_memory|        C_DRAM_20|         array|
|C_DRAM_20_we7        |  out|    1|   ap_memory|        C_DRAM_20|         array|
|C_DRAM_20_address8   |  out|    4|   ap_memory|        C_DRAM_20|         array|
|C_DRAM_20_ce8        |  out|    1|   ap_memory|        C_DRAM_20|         array|
|C_DRAM_20_d8         |  out|   32|   ap_memory|        C_DRAM_20|         array|
|C_DRAM_20_q8         |   in|   32|   ap_memory|        C_DRAM_20|         array|
|C_DRAM_20_we8        |  out|    1|   ap_memory|        C_DRAM_20|         array|
|C_DRAM_20_address9   |  out|    4|   ap_memory|        C_DRAM_20|         array|
|C_DRAM_20_ce9        |  out|    1|   ap_memory|        C_DRAM_20|         array|
|C_DRAM_20_d9         |  out|   32|   ap_memory|        C_DRAM_20|         array|
|C_DRAM_20_q9         |   in|   32|   ap_memory|        C_DRAM_20|         array|
|C_DRAM_20_we9        |  out|    1|   ap_memory|        C_DRAM_20|         array|
|C_DRAM_20_address10  |  out|    4|   ap_memory|        C_DRAM_20|         array|
|C_DRAM_20_ce10       |  out|    1|   ap_memory|        C_DRAM_20|         array|
|C_DRAM_20_d10        |  out|   32|   ap_memory|        C_DRAM_20|         array|
|C_DRAM_20_q10        |   in|   32|   ap_memory|        C_DRAM_20|         array|
|C_DRAM_20_we10       |  out|    1|   ap_memory|        C_DRAM_20|         array|
|C_DRAM_20_address11  |  out|    4|   ap_memory|        C_DRAM_20|         array|
|C_DRAM_20_ce11       |  out|    1|   ap_memory|        C_DRAM_20|         array|
|C_DRAM_20_d11        |  out|   32|   ap_memory|        C_DRAM_20|         array|
|C_DRAM_20_q11        |   in|   32|   ap_memory|        C_DRAM_20|         array|
|C_DRAM_20_we11       |  out|    1|   ap_memory|        C_DRAM_20|         array|
|C_DRAM_20_address12  |  out|    4|   ap_memory|        C_DRAM_20|         array|
|C_DRAM_20_ce12       |  out|    1|   ap_memory|        C_DRAM_20|         array|
|C_DRAM_20_d12        |  out|   32|   ap_memory|        C_DRAM_20|         array|
|C_DRAM_20_q12        |   in|   32|   ap_memory|        C_DRAM_20|         array|
|C_DRAM_20_we12       |  out|    1|   ap_memory|        C_DRAM_20|         array|
|C_DRAM_20_address13  |  out|    4|   ap_memory|        C_DRAM_20|         array|
|C_DRAM_20_ce13       |  out|    1|   ap_memory|        C_DRAM_20|         array|
|C_DRAM_20_d13        |  out|   32|   ap_memory|        C_DRAM_20|         array|
|C_DRAM_20_q13        |   in|   32|   ap_memory|        C_DRAM_20|         array|
|C_DRAM_20_we13       |  out|    1|   ap_memory|        C_DRAM_20|         array|
|C_DRAM_20_address14  |  out|    4|   ap_memory|        C_DRAM_20|         array|
|C_DRAM_20_ce14       |  out|    1|   ap_memory|        C_DRAM_20|         array|
|C_DRAM_20_d14        |  out|   32|   ap_memory|        C_DRAM_20|         array|
|C_DRAM_20_q14        |   in|   32|   ap_memory|        C_DRAM_20|         array|
|C_DRAM_20_we14       |  out|    1|   ap_memory|        C_DRAM_20|         array|
|C_DRAM_20_address15  |  out|    4|   ap_memory|        C_DRAM_20|         array|
|C_DRAM_20_ce15       |  out|    1|   ap_memory|        C_DRAM_20|         array|
|C_DRAM_20_d15        |  out|   32|   ap_memory|        C_DRAM_20|         array|
|C_DRAM_20_q15        |   in|   32|   ap_memory|        C_DRAM_20|         array|
|C_DRAM_20_we15       |  out|    1|   ap_memory|        C_DRAM_20|         array|
|C_DRAM_20_address16  |  out|    4|   ap_memory|        C_DRAM_20|         array|
|C_DRAM_20_ce16       |  out|    1|   ap_memory|        C_DRAM_20|         array|
|C_DRAM_20_d16        |  out|   32|   ap_memory|        C_DRAM_20|         array|
|C_DRAM_20_q16        |   in|   32|   ap_memory|        C_DRAM_20|         array|
|C_DRAM_20_we16       |  out|    1|   ap_memory|        C_DRAM_20|         array|
|C_DRAM_21_address0   |  out|    4|   ap_memory|        C_DRAM_21|         array|
|C_DRAM_21_ce0        |  out|    1|   ap_memory|        C_DRAM_21|         array|
|C_DRAM_21_d0         |  out|   32|   ap_memory|        C_DRAM_21|         array|
|C_DRAM_21_q0         |   in|   32|   ap_memory|        C_DRAM_21|         array|
|C_DRAM_21_we0        |  out|    1|   ap_memory|        C_DRAM_21|         array|
|C_DRAM_21_address1   |  out|    4|   ap_memory|        C_DRAM_21|         array|
|C_DRAM_21_ce1        |  out|    1|   ap_memory|        C_DRAM_21|         array|
|C_DRAM_21_d1         |  out|   32|   ap_memory|        C_DRAM_21|         array|
|C_DRAM_21_q1         |   in|   32|   ap_memory|        C_DRAM_21|         array|
|C_DRAM_21_we1        |  out|    1|   ap_memory|        C_DRAM_21|         array|
|C_DRAM_21_address2   |  out|    4|   ap_memory|        C_DRAM_21|         array|
|C_DRAM_21_ce2        |  out|    1|   ap_memory|        C_DRAM_21|         array|
|C_DRAM_21_d2         |  out|   32|   ap_memory|        C_DRAM_21|         array|
|C_DRAM_21_q2         |   in|   32|   ap_memory|        C_DRAM_21|         array|
|C_DRAM_21_we2        |  out|    1|   ap_memory|        C_DRAM_21|         array|
|C_DRAM_21_address3   |  out|    4|   ap_memory|        C_DRAM_21|         array|
|C_DRAM_21_ce3        |  out|    1|   ap_memory|        C_DRAM_21|         array|
|C_DRAM_21_d3         |  out|   32|   ap_memory|        C_DRAM_21|         array|
|C_DRAM_21_q3         |   in|   32|   ap_memory|        C_DRAM_21|         array|
|C_DRAM_21_we3        |  out|    1|   ap_memory|        C_DRAM_21|         array|
|C_DRAM_21_address4   |  out|    4|   ap_memory|        C_DRAM_21|         array|
|C_DRAM_21_ce4        |  out|    1|   ap_memory|        C_DRAM_21|         array|
|C_DRAM_21_d4         |  out|   32|   ap_memory|        C_DRAM_21|         array|
|C_DRAM_21_q4         |   in|   32|   ap_memory|        C_DRAM_21|         array|
|C_DRAM_21_we4        |  out|    1|   ap_memory|        C_DRAM_21|         array|
|C_DRAM_21_address5   |  out|    4|   ap_memory|        C_DRAM_21|         array|
|C_DRAM_21_ce5        |  out|    1|   ap_memory|        C_DRAM_21|         array|
|C_DRAM_21_d5         |  out|   32|   ap_memory|        C_DRAM_21|         array|
|C_DRAM_21_q5         |   in|   32|   ap_memory|        C_DRAM_21|         array|
|C_DRAM_21_we5        |  out|    1|   ap_memory|        C_DRAM_21|         array|
|C_DRAM_21_address6   |  out|    4|   ap_memory|        C_DRAM_21|         array|
|C_DRAM_21_ce6        |  out|    1|   ap_memory|        C_DRAM_21|         array|
|C_DRAM_21_d6         |  out|   32|   ap_memory|        C_DRAM_21|         array|
|C_DRAM_21_q6         |   in|   32|   ap_memory|        C_DRAM_21|         array|
|C_DRAM_21_we6        |  out|    1|   ap_memory|        C_DRAM_21|         array|
|C_DRAM_21_address7   |  out|    4|   ap_memory|        C_DRAM_21|         array|
|C_DRAM_21_ce7        |  out|    1|   ap_memory|        C_DRAM_21|         array|
|C_DRAM_21_d7         |  out|   32|   ap_memory|        C_DRAM_21|         array|
|C_DRAM_21_q7         |   in|   32|   ap_memory|        C_DRAM_21|         array|
|C_DRAM_21_we7        |  out|    1|   ap_memory|        C_DRAM_21|         array|
|C_DRAM_21_address8   |  out|    4|   ap_memory|        C_DRAM_21|         array|
|C_DRAM_21_ce8        |  out|    1|   ap_memory|        C_DRAM_21|         array|
|C_DRAM_21_d8         |  out|   32|   ap_memory|        C_DRAM_21|         array|
|C_DRAM_21_q8         |   in|   32|   ap_memory|        C_DRAM_21|         array|
|C_DRAM_21_we8        |  out|    1|   ap_memory|        C_DRAM_21|         array|
|C_DRAM_21_address9   |  out|    4|   ap_memory|        C_DRAM_21|         array|
|C_DRAM_21_ce9        |  out|    1|   ap_memory|        C_DRAM_21|         array|
|C_DRAM_21_d9         |  out|   32|   ap_memory|        C_DRAM_21|         array|
|C_DRAM_21_q9         |   in|   32|   ap_memory|        C_DRAM_21|         array|
|C_DRAM_21_we9        |  out|    1|   ap_memory|        C_DRAM_21|         array|
|C_DRAM_21_address10  |  out|    4|   ap_memory|        C_DRAM_21|         array|
|C_DRAM_21_ce10       |  out|    1|   ap_memory|        C_DRAM_21|         array|
|C_DRAM_21_d10        |  out|   32|   ap_memory|        C_DRAM_21|         array|
|C_DRAM_21_q10        |   in|   32|   ap_memory|        C_DRAM_21|         array|
|C_DRAM_21_we10       |  out|    1|   ap_memory|        C_DRAM_21|         array|
|C_DRAM_21_address11  |  out|    4|   ap_memory|        C_DRAM_21|         array|
|C_DRAM_21_ce11       |  out|    1|   ap_memory|        C_DRAM_21|         array|
|C_DRAM_21_d11        |  out|   32|   ap_memory|        C_DRAM_21|         array|
|C_DRAM_21_q11        |   in|   32|   ap_memory|        C_DRAM_21|         array|
|C_DRAM_21_we11       |  out|    1|   ap_memory|        C_DRAM_21|         array|
|C_DRAM_21_address12  |  out|    4|   ap_memory|        C_DRAM_21|         array|
|C_DRAM_21_ce12       |  out|    1|   ap_memory|        C_DRAM_21|         array|
|C_DRAM_21_d12        |  out|   32|   ap_memory|        C_DRAM_21|         array|
|C_DRAM_21_q12        |   in|   32|   ap_memory|        C_DRAM_21|         array|
|C_DRAM_21_we12       |  out|    1|   ap_memory|        C_DRAM_21|         array|
|C_DRAM_21_address13  |  out|    4|   ap_memory|        C_DRAM_21|         array|
|C_DRAM_21_ce13       |  out|    1|   ap_memory|        C_DRAM_21|         array|
|C_DRAM_21_d13        |  out|   32|   ap_memory|        C_DRAM_21|         array|
|C_DRAM_21_q13        |   in|   32|   ap_memory|        C_DRAM_21|         array|
|C_DRAM_21_we13       |  out|    1|   ap_memory|        C_DRAM_21|         array|
|C_DRAM_21_address14  |  out|    4|   ap_memory|        C_DRAM_21|         array|
|C_DRAM_21_ce14       |  out|    1|   ap_memory|        C_DRAM_21|         array|
|C_DRAM_21_d14        |  out|   32|   ap_memory|        C_DRAM_21|         array|
|C_DRAM_21_q14        |   in|   32|   ap_memory|        C_DRAM_21|         array|
|C_DRAM_21_we14       |  out|    1|   ap_memory|        C_DRAM_21|         array|
|C_DRAM_21_address15  |  out|    4|   ap_memory|        C_DRAM_21|         array|
|C_DRAM_21_ce15       |  out|    1|   ap_memory|        C_DRAM_21|         array|
|C_DRAM_21_d15        |  out|   32|   ap_memory|        C_DRAM_21|         array|
|C_DRAM_21_q15        |   in|   32|   ap_memory|        C_DRAM_21|         array|
|C_DRAM_21_we15       |  out|    1|   ap_memory|        C_DRAM_21|         array|
|C_DRAM_21_address16  |  out|    4|   ap_memory|        C_DRAM_21|         array|
|C_DRAM_21_ce16       |  out|    1|   ap_memory|        C_DRAM_21|         array|
|C_DRAM_21_d16        |  out|   32|   ap_memory|        C_DRAM_21|         array|
|C_DRAM_21_q16        |   in|   32|   ap_memory|        C_DRAM_21|         array|
|C_DRAM_21_we16       |  out|    1|   ap_memory|        C_DRAM_21|         array|
|C_DRAM_22_address0   |  out|    4|   ap_memory|        C_DRAM_22|         array|
|C_DRAM_22_ce0        |  out|    1|   ap_memory|        C_DRAM_22|         array|
|C_DRAM_22_d0         |  out|   32|   ap_memory|        C_DRAM_22|         array|
|C_DRAM_22_q0         |   in|   32|   ap_memory|        C_DRAM_22|         array|
|C_DRAM_22_we0        |  out|    1|   ap_memory|        C_DRAM_22|         array|
|C_DRAM_22_address1   |  out|    4|   ap_memory|        C_DRAM_22|         array|
|C_DRAM_22_ce1        |  out|    1|   ap_memory|        C_DRAM_22|         array|
|C_DRAM_22_d1         |  out|   32|   ap_memory|        C_DRAM_22|         array|
|C_DRAM_22_q1         |   in|   32|   ap_memory|        C_DRAM_22|         array|
|C_DRAM_22_we1        |  out|    1|   ap_memory|        C_DRAM_22|         array|
|C_DRAM_22_address2   |  out|    4|   ap_memory|        C_DRAM_22|         array|
|C_DRAM_22_ce2        |  out|    1|   ap_memory|        C_DRAM_22|         array|
|C_DRAM_22_d2         |  out|   32|   ap_memory|        C_DRAM_22|         array|
|C_DRAM_22_q2         |   in|   32|   ap_memory|        C_DRAM_22|         array|
|C_DRAM_22_we2        |  out|    1|   ap_memory|        C_DRAM_22|         array|
|C_DRAM_22_address3   |  out|    4|   ap_memory|        C_DRAM_22|         array|
|C_DRAM_22_ce3        |  out|    1|   ap_memory|        C_DRAM_22|         array|
|C_DRAM_22_d3         |  out|   32|   ap_memory|        C_DRAM_22|         array|
|C_DRAM_22_q3         |   in|   32|   ap_memory|        C_DRAM_22|         array|
|C_DRAM_22_we3        |  out|    1|   ap_memory|        C_DRAM_22|         array|
|C_DRAM_22_address4   |  out|    4|   ap_memory|        C_DRAM_22|         array|
|C_DRAM_22_ce4        |  out|    1|   ap_memory|        C_DRAM_22|         array|
|C_DRAM_22_d4         |  out|   32|   ap_memory|        C_DRAM_22|         array|
|C_DRAM_22_q4         |   in|   32|   ap_memory|        C_DRAM_22|         array|
|C_DRAM_22_we4        |  out|    1|   ap_memory|        C_DRAM_22|         array|
|C_DRAM_22_address5   |  out|    4|   ap_memory|        C_DRAM_22|         array|
|C_DRAM_22_ce5        |  out|    1|   ap_memory|        C_DRAM_22|         array|
|C_DRAM_22_d5         |  out|   32|   ap_memory|        C_DRAM_22|         array|
|C_DRAM_22_q5         |   in|   32|   ap_memory|        C_DRAM_22|         array|
|C_DRAM_22_we5        |  out|    1|   ap_memory|        C_DRAM_22|         array|
|C_DRAM_22_address6   |  out|    4|   ap_memory|        C_DRAM_22|         array|
|C_DRAM_22_ce6        |  out|    1|   ap_memory|        C_DRAM_22|         array|
|C_DRAM_22_d6         |  out|   32|   ap_memory|        C_DRAM_22|         array|
|C_DRAM_22_q6         |   in|   32|   ap_memory|        C_DRAM_22|         array|
|C_DRAM_22_we6        |  out|    1|   ap_memory|        C_DRAM_22|         array|
|C_DRAM_22_address7   |  out|    4|   ap_memory|        C_DRAM_22|         array|
|C_DRAM_22_ce7        |  out|    1|   ap_memory|        C_DRAM_22|         array|
|C_DRAM_22_d7         |  out|   32|   ap_memory|        C_DRAM_22|         array|
|C_DRAM_22_q7         |   in|   32|   ap_memory|        C_DRAM_22|         array|
|C_DRAM_22_we7        |  out|    1|   ap_memory|        C_DRAM_22|         array|
|C_DRAM_22_address8   |  out|    4|   ap_memory|        C_DRAM_22|         array|
|C_DRAM_22_ce8        |  out|    1|   ap_memory|        C_DRAM_22|         array|
|C_DRAM_22_d8         |  out|   32|   ap_memory|        C_DRAM_22|         array|
|C_DRAM_22_q8         |   in|   32|   ap_memory|        C_DRAM_22|         array|
|C_DRAM_22_we8        |  out|    1|   ap_memory|        C_DRAM_22|         array|
|C_DRAM_22_address9   |  out|    4|   ap_memory|        C_DRAM_22|         array|
|C_DRAM_22_ce9        |  out|    1|   ap_memory|        C_DRAM_22|         array|
|C_DRAM_22_d9         |  out|   32|   ap_memory|        C_DRAM_22|         array|
|C_DRAM_22_q9         |   in|   32|   ap_memory|        C_DRAM_22|         array|
|C_DRAM_22_we9        |  out|    1|   ap_memory|        C_DRAM_22|         array|
|C_DRAM_22_address10  |  out|    4|   ap_memory|        C_DRAM_22|         array|
|C_DRAM_22_ce10       |  out|    1|   ap_memory|        C_DRAM_22|         array|
|C_DRAM_22_d10        |  out|   32|   ap_memory|        C_DRAM_22|         array|
|C_DRAM_22_q10        |   in|   32|   ap_memory|        C_DRAM_22|         array|
|C_DRAM_22_we10       |  out|    1|   ap_memory|        C_DRAM_22|         array|
|C_DRAM_22_address11  |  out|    4|   ap_memory|        C_DRAM_22|         array|
|C_DRAM_22_ce11       |  out|    1|   ap_memory|        C_DRAM_22|         array|
|C_DRAM_22_d11        |  out|   32|   ap_memory|        C_DRAM_22|         array|
|C_DRAM_22_q11        |   in|   32|   ap_memory|        C_DRAM_22|         array|
|C_DRAM_22_we11       |  out|    1|   ap_memory|        C_DRAM_22|         array|
|C_DRAM_22_address12  |  out|    4|   ap_memory|        C_DRAM_22|         array|
|C_DRAM_22_ce12       |  out|    1|   ap_memory|        C_DRAM_22|         array|
|C_DRAM_22_d12        |  out|   32|   ap_memory|        C_DRAM_22|         array|
|C_DRAM_22_q12        |   in|   32|   ap_memory|        C_DRAM_22|         array|
|C_DRAM_22_we12       |  out|    1|   ap_memory|        C_DRAM_22|         array|
|C_DRAM_22_address13  |  out|    4|   ap_memory|        C_DRAM_22|         array|
|C_DRAM_22_ce13       |  out|    1|   ap_memory|        C_DRAM_22|         array|
|C_DRAM_22_d13        |  out|   32|   ap_memory|        C_DRAM_22|         array|
|C_DRAM_22_q13        |   in|   32|   ap_memory|        C_DRAM_22|         array|
|C_DRAM_22_we13       |  out|    1|   ap_memory|        C_DRAM_22|         array|
|C_DRAM_22_address14  |  out|    4|   ap_memory|        C_DRAM_22|         array|
|C_DRAM_22_ce14       |  out|    1|   ap_memory|        C_DRAM_22|         array|
|C_DRAM_22_d14        |  out|   32|   ap_memory|        C_DRAM_22|         array|
|C_DRAM_22_q14        |   in|   32|   ap_memory|        C_DRAM_22|         array|
|C_DRAM_22_we14       |  out|    1|   ap_memory|        C_DRAM_22|         array|
|C_DRAM_22_address15  |  out|    4|   ap_memory|        C_DRAM_22|         array|
|C_DRAM_22_ce15       |  out|    1|   ap_memory|        C_DRAM_22|         array|
|C_DRAM_22_d15        |  out|   32|   ap_memory|        C_DRAM_22|         array|
|C_DRAM_22_q15        |   in|   32|   ap_memory|        C_DRAM_22|         array|
|C_DRAM_22_we15       |  out|    1|   ap_memory|        C_DRAM_22|         array|
|C_DRAM_22_address16  |  out|    4|   ap_memory|        C_DRAM_22|         array|
|C_DRAM_22_ce16       |  out|    1|   ap_memory|        C_DRAM_22|         array|
|C_DRAM_22_d16        |  out|   32|   ap_memory|        C_DRAM_22|         array|
|C_DRAM_22_q16        |   in|   32|   ap_memory|        C_DRAM_22|         array|
|C_DRAM_22_we16       |  out|    1|   ap_memory|        C_DRAM_22|         array|
|C_DRAM_23_address0   |  out|    4|   ap_memory|        C_DRAM_23|         array|
|C_DRAM_23_ce0        |  out|    1|   ap_memory|        C_DRAM_23|         array|
|C_DRAM_23_d0         |  out|   32|   ap_memory|        C_DRAM_23|         array|
|C_DRAM_23_q0         |   in|   32|   ap_memory|        C_DRAM_23|         array|
|C_DRAM_23_we0        |  out|    1|   ap_memory|        C_DRAM_23|         array|
|C_DRAM_23_address1   |  out|    4|   ap_memory|        C_DRAM_23|         array|
|C_DRAM_23_ce1        |  out|    1|   ap_memory|        C_DRAM_23|         array|
|C_DRAM_23_d1         |  out|   32|   ap_memory|        C_DRAM_23|         array|
|C_DRAM_23_q1         |   in|   32|   ap_memory|        C_DRAM_23|         array|
|C_DRAM_23_we1        |  out|    1|   ap_memory|        C_DRAM_23|         array|
|C_DRAM_23_address2   |  out|    4|   ap_memory|        C_DRAM_23|         array|
|C_DRAM_23_ce2        |  out|    1|   ap_memory|        C_DRAM_23|         array|
|C_DRAM_23_d2         |  out|   32|   ap_memory|        C_DRAM_23|         array|
|C_DRAM_23_q2         |   in|   32|   ap_memory|        C_DRAM_23|         array|
|C_DRAM_23_we2        |  out|    1|   ap_memory|        C_DRAM_23|         array|
|C_DRAM_23_address3   |  out|    4|   ap_memory|        C_DRAM_23|         array|
|C_DRAM_23_ce3        |  out|    1|   ap_memory|        C_DRAM_23|         array|
|C_DRAM_23_d3         |  out|   32|   ap_memory|        C_DRAM_23|         array|
|C_DRAM_23_q3         |   in|   32|   ap_memory|        C_DRAM_23|         array|
|C_DRAM_23_we3        |  out|    1|   ap_memory|        C_DRAM_23|         array|
|C_DRAM_23_address4   |  out|    4|   ap_memory|        C_DRAM_23|         array|
|C_DRAM_23_ce4        |  out|    1|   ap_memory|        C_DRAM_23|         array|
|C_DRAM_23_d4         |  out|   32|   ap_memory|        C_DRAM_23|         array|
|C_DRAM_23_q4         |   in|   32|   ap_memory|        C_DRAM_23|         array|
|C_DRAM_23_we4        |  out|    1|   ap_memory|        C_DRAM_23|         array|
|C_DRAM_23_address5   |  out|    4|   ap_memory|        C_DRAM_23|         array|
|C_DRAM_23_ce5        |  out|    1|   ap_memory|        C_DRAM_23|         array|
|C_DRAM_23_d5         |  out|   32|   ap_memory|        C_DRAM_23|         array|
|C_DRAM_23_q5         |   in|   32|   ap_memory|        C_DRAM_23|         array|
|C_DRAM_23_we5        |  out|    1|   ap_memory|        C_DRAM_23|         array|
|C_DRAM_23_address6   |  out|    4|   ap_memory|        C_DRAM_23|         array|
|C_DRAM_23_ce6        |  out|    1|   ap_memory|        C_DRAM_23|         array|
|C_DRAM_23_d6         |  out|   32|   ap_memory|        C_DRAM_23|         array|
|C_DRAM_23_q6         |   in|   32|   ap_memory|        C_DRAM_23|         array|
|C_DRAM_23_we6        |  out|    1|   ap_memory|        C_DRAM_23|         array|
|C_DRAM_23_address7   |  out|    4|   ap_memory|        C_DRAM_23|         array|
|C_DRAM_23_ce7        |  out|    1|   ap_memory|        C_DRAM_23|         array|
|C_DRAM_23_d7         |  out|   32|   ap_memory|        C_DRAM_23|         array|
|C_DRAM_23_q7         |   in|   32|   ap_memory|        C_DRAM_23|         array|
|C_DRAM_23_we7        |  out|    1|   ap_memory|        C_DRAM_23|         array|
|C_DRAM_23_address8   |  out|    4|   ap_memory|        C_DRAM_23|         array|
|C_DRAM_23_ce8        |  out|    1|   ap_memory|        C_DRAM_23|         array|
|C_DRAM_23_d8         |  out|   32|   ap_memory|        C_DRAM_23|         array|
|C_DRAM_23_q8         |   in|   32|   ap_memory|        C_DRAM_23|         array|
|C_DRAM_23_we8        |  out|    1|   ap_memory|        C_DRAM_23|         array|
|C_DRAM_23_address9   |  out|    4|   ap_memory|        C_DRAM_23|         array|
|C_DRAM_23_ce9        |  out|    1|   ap_memory|        C_DRAM_23|         array|
|C_DRAM_23_d9         |  out|   32|   ap_memory|        C_DRAM_23|         array|
|C_DRAM_23_q9         |   in|   32|   ap_memory|        C_DRAM_23|         array|
|C_DRAM_23_we9        |  out|    1|   ap_memory|        C_DRAM_23|         array|
|C_DRAM_23_address10  |  out|    4|   ap_memory|        C_DRAM_23|         array|
|C_DRAM_23_ce10       |  out|    1|   ap_memory|        C_DRAM_23|         array|
|C_DRAM_23_d10        |  out|   32|   ap_memory|        C_DRAM_23|         array|
|C_DRAM_23_q10        |   in|   32|   ap_memory|        C_DRAM_23|         array|
|C_DRAM_23_we10       |  out|    1|   ap_memory|        C_DRAM_23|         array|
|C_DRAM_23_address11  |  out|    4|   ap_memory|        C_DRAM_23|         array|
|C_DRAM_23_ce11       |  out|    1|   ap_memory|        C_DRAM_23|         array|
|C_DRAM_23_d11        |  out|   32|   ap_memory|        C_DRAM_23|         array|
|C_DRAM_23_q11        |   in|   32|   ap_memory|        C_DRAM_23|         array|
|C_DRAM_23_we11       |  out|    1|   ap_memory|        C_DRAM_23|         array|
|C_DRAM_23_address12  |  out|    4|   ap_memory|        C_DRAM_23|         array|
|C_DRAM_23_ce12       |  out|    1|   ap_memory|        C_DRAM_23|         array|
|C_DRAM_23_d12        |  out|   32|   ap_memory|        C_DRAM_23|         array|
|C_DRAM_23_q12        |   in|   32|   ap_memory|        C_DRAM_23|         array|
|C_DRAM_23_we12       |  out|    1|   ap_memory|        C_DRAM_23|         array|
|C_DRAM_23_address13  |  out|    4|   ap_memory|        C_DRAM_23|         array|
|C_DRAM_23_ce13       |  out|    1|   ap_memory|        C_DRAM_23|         array|
|C_DRAM_23_d13        |  out|   32|   ap_memory|        C_DRAM_23|         array|
|C_DRAM_23_q13        |   in|   32|   ap_memory|        C_DRAM_23|         array|
|C_DRAM_23_we13       |  out|    1|   ap_memory|        C_DRAM_23|         array|
|C_DRAM_23_address14  |  out|    4|   ap_memory|        C_DRAM_23|         array|
|C_DRAM_23_ce14       |  out|    1|   ap_memory|        C_DRAM_23|         array|
|C_DRAM_23_d14        |  out|   32|   ap_memory|        C_DRAM_23|         array|
|C_DRAM_23_q14        |   in|   32|   ap_memory|        C_DRAM_23|         array|
|C_DRAM_23_we14       |  out|    1|   ap_memory|        C_DRAM_23|         array|
|C_DRAM_23_address15  |  out|    4|   ap_memory|        C_DRAM_23|         array|
|C_DRAM_23_ce15       |  out|    1|   ap_memory|        C_DRAM_23|         array|
|C_DRAM_23_d15        |  out|   32|   ap_memory|        C_DRAM_23|         array|
|C_DRAM_23_q15        |   in|   32|   ap_memory|        C_DRAM_23|         array|
|C_DRAM_23_we15       |  out|    1|   ap_memory|        C_DRAM_23|         array|
|C_DRAM_23_address16  |  out|    4|   ap_memory|        C_DRAM_23|         array|
|C_DRAM_23_ce16       |  out|    1|   ap_memory|        C_DRAM_23|         array|
|C_DRAM_23_d16        |  out|   32|   ap_memory|        C_DRAM_23|         array|
|C_DRAM_23_q16        |   in|   32|   ap_memory|        C_DRAM_23|         array|
|C_DRAM_23_we16       |  out|    1|   ap_memory|        C_DRAM_23|         array|
|C_DRAM_24_address0   |  out|    4|   ap_memory|        C_DRAM_24|         array|
|C_DRAM_24_ce0        |  out|    1|   ap_memory|        C_DRAM_24|         array|
|C_DRAM_24_d0         |  out|   32|   ap_memory|        C_DRAM_24|         array|
|C_DRAM_24_q0         |   in|   32|   ap_memory|        C_DRAM_24|         array|
|C_DRAM_24_we0        |  out|    1|   ap_memory|        C_DRAM_24|         array|
|C_DRAM_24_address1   |  out|    4|   ap_memory|        C_DRAM_24|         array|
|C_DRAM_24_ce1        |  out|    1|   ap_memory|        C_DRAM_24|         array|
|C_DRAM_24_d1         |  out|   32|   ap_memory|        C_DRAM_24|         array|
|C_DRAM_24_q1         |   in|   32|   ap_memory|        C_DRAM_24|         array|
|C_DRAM_24_we1        |  out|    1|   ap_memory|        C_DRAM_24|         array|
|C_DRAM_24_address2   |  out|    4|   ap_memory|        C_DRAM_24|         array|
|C_DRAM_24_ce2        |  out|    1|   ap_memory|        C_DRAM_24|         array|
|C_DRAM_24_d2         |  out|   32|   ap_memory|        C_DRAM_24|         array|
|C_DRAM_24_q2         |   in|   32|   ap_memory|        C_DRAM_24|         array|
|C_DRAM_24_we2        |  out|    1|   ap_memory|        C_DRAM_24|         array|
|C_DRAM_24_address3   |  out|    4|   ap_memory|        C_DRAM_24|         array|
|C_DRAM_24_ce3        |  out|    1|   ap_memory|        C_DRAM_24|         array|
|C_DRAM_24_d3         |  out|   32|   ap_memory|        C_DRAM_24|         array|
|C_DRAM_24_q3         |   in|   32|   ap_memory|        C_DRAM_24|         array|
|C_DRAM_24_we3        |  out|    1|   ap_memory|        C_DRAM_24|         array|
|C_DRAM_24_address4   |  out|    4|   ap_memory|        C_DRAM_24|         array|
|C_DRAM_24_ce4        |  out|    1|   ap_memory|        C_DRAM_24|         array|
|C_DRAM_24_d4         |  out|   32|   ap_memory|        C_DRAM_24|         array|
|C_DRAM_24_q4         |   in|   32|   ap_memory|        C_DRAM_24|         array|
|C_DRAM_24_we4        |  out|    1|   ap_memory|        C_DRAM_24|         array|
|C_DRAM_24_address5   |  out|    4|   ap_memory|        C_DRAM_24|         array|
|C_DRAM_24_ce5        |  out|    1|   ap_memory|        C_DRAM_24|         array|
|C_DRAM_24_d5         |  out|   32|   ap_memory|        C_DRAM_24|         array|
|C_DRAM_24_q5         |   in|   32|   ap_memory|        C_DRAM_24|         array|
|C_DRAM_24_we5        |  out|    1|   ap_memory|        C_DRAM_24|         array|
|C_DRAM_24_address6   |  out|    4|   ap_memory|        C_DRAM_24|         array|
|C_DRAM_24_ce6        |  out|    1|   ap_memory|        C_DRAM_24|         array|
|C_DRAM_24_d6         |  out|   32|   ap_memory|        C_DRAM_24|         array|
|C_DRAM_24_q6         |   in|   32|   ap_memory|        C_DRAM_24|         array|
|C_DRAM_24_we6        |  out|    1|   ap_memory|        C_DRAM_24|         array|
|C_DRAM_24_address7   |  out|    4|   ap_memory|        C_DRAM_24|         array|
|C_DRAM_24_ce7        |  out|    1|   ap_memory|        C_DRAM_24|         array|
|C_DRAM_24_d7         |  out|   32|   ap_memory|        C_DRAM_24|         array|
|C_DRAM_24_q7         |   in|   32|   ap_memory|        C_DRAM_24|         array|
|C_DRAM_24_we7        |  out|    1|   ap_memory|        C_DRAM_24|         array|
|C_DRAM_24_address8   |  out|    4|   ap_memory|        C_DRAM_24|         array|
|C_DRAM_24_ce8        |  out|    1|   ap_memory|        C_DRAM_24|         array|
|C_DRAM_24_d8         |  out|   32|   ap_memory|        C_DRAM_24|         array|
|C_DRAM_24_q8         |   in|   32|   ap_memory|        C_DRAM_24|         array|
|C_DRAM_24_we8        |  out|    1|   ap_memory|        C_DRAM_24|         array|
|C_DRAM_24_address9   |  out|    4|   ap_memory|        C_DRAM_24|         array|
|C_DRAM_24_ce9        |  out|    1|   ap_memory|        C_DRAM_24|         array|
|C_DRAM_24_d9         |  out|   32|   ap_memory|        C_DRAM_24|         array|
|C_DRAM_24_q9         |   in|   32|   ap_memory|        C_DRAM_24|         array|
|C_DRAM_24_we9        |  out|    1|   ap_memory|        C_DRAM_24|         array|
|C_DRAM_24_address10  |  out|    4|   ap_memory|        C_DRAM_24|         array|
|C_DRAM_24_ce10       |  out|    1|   ap_memory|        C_DRAM_24|         array|
|C_DRAM_24_d10        |  out|   32|   ap_memory|        C_DRAM_24|         array|
|C_DRAM_24_q10        |   in|   32|   ap_memory|        C_DRAM_24|         array|
|C_DRAM_24_we10       |  out|    1|   ap_memory|        C_DRAM_24|         array|
|C_DRAM_24_address11  |  out|    4|   ap_memory|        C_DRAM_24|         array|
|C_DRAM_24_ce11       |  out|    1|   ap_memory|        C_DRAM_24|         array|
|C_DRAM_24_d11        |  out|   32|   ap_memory|        C_DRAM_24|         array|
|C_DRAM_24_q11        |   in|   32|   ap_memory|        C_DRAM_24|         array|
|C_DRAM_24_we11       |  out|    1|   ap_memory|        C_DRAM_24|         array|
|C_DRAM_24_address12  |  out|    4|   ap_memory|        C_DRAM_24|         array|
|C_DRAM_24_ce12       |  out|    1|   ap_memory|        C_DRAM_24|         array|
|C_DRAM_24_d12        |  out|   32|   ap_memory|        C_DRAM_24|         array|
|C_DRAM_24_q12        |   in|   32|   ap_memory|        C_DRAM_24|         array|
|C_DRAM_24_we12       |  out|    1|   ap_memory|        C_DRAM_24|         array|
|C_DRAM_24_address13  |  out|    4|   ap_memory|        C_DRAM_24|         array|
|C_DRAM_24_ce13       |  out|    1|   ap_memory|        C_DRAM_24|         array|
|C_DRAM_24_d13        |  out|   32|   ap_memory|        C_DRAM_24|         array|
|C_DRAM_24_q13        |   in|   32|   ap_memory|        C_DRAM_24|         array|
|C_DRAM_24_we13       |  out|    1|   ap_memory|        C_DRAM_24|         array|
|C_DRAM_24_address14  |  out|    4|   ap_memory|        C_DRAM_24|         array|
|C_DRAM_24_ce14       |  out|    1|   ap_memory|        C_DRAM_24|         array|
|C_DRAM_24_d14        |  out|   32|   ap_memory|        C_DRAM_24|         array|
|C_DRAM_24_q14        |   in|   32|   ap_memory|        C_DRAM_24|         array|
|C_DRAM_24_we14       |  out|    1|   ap_memory|        C_DRAM_24|         array|
|C_DRAM_24_address15  |  out|    4|   ap_memory|        C_DRAM_24|         array|
|C_DRAM_24_ce15       |  out|    1|   ap_memory|        C_DRAM_24|         array|
|C_DRAM_24_d15        |  out|   32|   ap_memory|        C_DRAM_24|         array|
|C_DRAM_24_q15        |   in|   32|   ap_memory|        C_DRAM_24|         array|
|C_DRAM_24_we15       |  out|    1|   ap_memory|        C_DRAM_24|         array|
|C_DRAM_24_address16  |  out|    4|   ap_memory|        C_DRAM_24|         array|
|C_DRAM_24_ce16       |  out|    1|   ap_memory|        C_DRAM_24|         array|
|C_DRAM_24_d16        |  out|   32|   ap_memory|        C_DRAM_24|         array|
|C_DRAM_24_q16        |   in|   32|   ap_memory|        C_DRAM_24|         array|
|C_DRAM_24_we16       |  out|    1|   ap_memory|        C_DRAM_24|         array|
|C_DRAM_25_address0   |  out|    4|   ap_memory|        C_DRAM_25|         array|
|C_DRAM_25_ce0        |  out|    1|   ap_memory|        C_DRAM_25|         array|
|C_DRAM_25_d0         |  out|   32|   ap_memory|        C_DRAM_25|         array|
|C_DRAM_25_q0         |   in|   32|   ap_memory|        C_DRAM_25|         array|
|C_DRAM_25_we0        |  out|    1|   ap_memory|        C_DRAM_25|         array|
|C_DRAM_25_address1   |  out|    4|   ap_memory|        C_DRAM_25|         array|
|C_DRAM_25_ce1        |  out|    1|   ap_memory|        C_DRAM_25|         array|
|C_DRAM_25_d1         |  out|   32|   ap_memory|        C_DRAM_25|         array|
|C_DRAM_25_q1         |   in|   32|   ap_memory|        C_DRAM_25|         array|
|C_DRAM_25_we1        |  out|    1|   ap_memory|        C_DRAM_25|         array|
|C_DRAM_25_address2   |  out|    4|   ap_memory|        C_DRAM_25|         array|
|C_DRAM_25_ce2        |  out|    1|   ap_memory|        C_DRAM_25|         array|
|C_DRAM_25_d2         |  out|   32|   ap_memory|        C_DRAM_25|         array|
|C_DRAM_25_q2         |   in|   32|   ap_memory|        C_DRAM_25|         array|
|C_DRAM_25_we2        |  out|    1|   ap_memory|        C_DRAM_25|         array|
|C_DRAM_25_address3   |  out|    4|   ap_memory|        C_DRAM_25|         array|
|C_DRAM_25_ce3        |  out|    1|   ap_memory|        C_DRAM_25|         array|
|C_DRAM_25_d3         |  out|   32|   ap_memory|        C_DRAM_25|         array|
|C_DRAM_25_q3         |   in|   32|   ap_memory|        C_DRAM_25|         array|
|C_DRAM_25_we3        |  out|    1|   ap_memory|        C_DRAM_25|         array|
|C_DRAM_25_address4   |  out|    4|   ap_memory|        C_DRAM_25|         array|
|C_DRAM_25_ce4        |  out|    1|   ap_memory|        C_DRAM_25|         array|
|C_DRAM_25_d4         |  out|   32|   ap_memory|        C_DRAM_25|         array|
|C_DRAM_25_q4         |   in|   32|   ap_memory|        C_DRAM_25|         array|
|C_DRAM_25_we4        |  out|    1|   ap_memory|        C_DRAM_25|         array|
|C_DRAM_25_address5   |  out|    4|   ap_memory|        C_DRAM_25|         array|
|C_DRAM_25_ce5        |  out|    1|   ap_memory|        C_DRAM_25|         array|
|C_DRAM_25_d5         |  out|   32|   ap_memory|        C_DRAM_25|         array|
|C_DRAM_25_q5         |   in|   32|   ap_memory|        C_DRAM_25|         array|
|C_DRAM_25_we5        |  out|    1|   ap_memory|        C_DRAM_25|         array|
|C_DRAM_25_address6   |  out|    4|   ap_memory|        C_DRAM_25|         array|
|C_DRAM_25_ce6        |  out|    1|   ap_memory|        C_DRAM_25|         array|
|C_DRAM_25_d6         |  out|   32|   ap_memory|        C_DRAM_25|         array|
|C_DRAM_25_q6         |   in|   32|   ap_memory|        C_DRAM_25|         array|
|C_DRAM_25_we6        |  out|    1|   ap_memory|        C_DRAM_25|         array|
|C_DRAM_25_address7   |  out|    4|   ap_memory|        C_DRAM_25|         array|
|C_DRAM_25_ce7        |  out|    1|   ap_memory|        C_DRAM_25|         array|
|C_DRAM_25_d7         |  out|   32|   ap_memory|        C_DRAM_25|         array|
|C_DRAM_25_q7         |   in|   32|   ap_memory|        C_DRAM_25|         array|
|C_DRAM_25_we7        |  out|    1|   ap_memory|        C_DRAM_25|         array|
|C_DRAM_25_address8   |  out|    4|   ap_memory|        C_DRAM_25|         array|
|C_DRAM_25_ce8        |  out|    1|   ap_memory|        C_DRAM_25|         array|
|C_DRAM_25_d8         |  out|   32|   ap_memory|        C_DRAM_25|         array|
|C_DRAM_25_q8         |   in|   32|   ap_memory|        C_DRAM_25|         array|
|C_DRAM_25_we8        |  out|    1|   ap_memory|        C_DRAM_25|         array|
|C_DRAM_25_address9   |  out|    4|   ap_memory|        C_DRAM_25|         array|
|C_DRAM_25_ce9        |  out|    1|   ap_memory|        C_DRAM_25|         array|
|C_DRAM_25_d9         |  out|   32|   ap_memory|        C_DRAM_25|         array|
|C_DRAM_25_q9         |   in|   32|   ap_memory|        C_DRAM_25|         array|
|C_DRAM_25_we9        |  out|    1|   ap_memory|        C_DRAM_25|         array|
|C_DRAM_25_address10  |  out|    4|   ap_memory|        C_DRAM_25|         array|
|C_DRAM_25_ce10       |  out|    1|   ap_memory|        C_DRAM_25|         array|
|C_DRAM_25_d10        |  out|   32|   ap_memory|        C_DRAM_25|         array|
|C_DRAM_25_q10        |   in|   32|   ap_memory|        C_DRAM_25|         array|
|C_DRAM_25_we10       |  out|    1|   ap_memory|        C_DRAM_25|         array|
|C_DRAM_25_address11  |  out|    4|   ap_memory|        C_DRAM_25|         array|
|C_DRAM_25_ce11       |  out|    1|   ap_memory|        C_DRAM_25|         array|
|C_DRAM_25_d11        |  out|   32|   ap_memory|        C_DRAM_25|         array|
|C_DRAM_25_q11        |   in|   32|   ap_memory|        C_DRAM_25|         array|
|C_DRAM_25_we11       |  out|    1|   ap_memory|        C_DRAM_25|         array|
|C_DRAM_25_address12  |  out|    4|   ap_memory|        C_DRAM_25|         array|
|C_DRAM_25_ce12       |  out|    1|   ap_memory|        C_DRAM_25|         array|
|C_DRAM_25_d12        |  out|   32|   ap_memory|        C_DRAM_25|         array|
|C_DRAM_25_q12        |   in|   32|   ap_memory|        C_DRAM_25|         array|
|C_DRAM_25_we12       |  out|    1|   ap_memory|        C_DRAM_25|         array|
|C_DRAM_25_address13  |  out|    4|   ap_memory|        C_DRAM_25|         array|
|C_DRAM_25_ce13       |  out|    1|   ap_memory|        C_DRAM_25|         array|
|C_DRAM_25_d13        |  out|   32|   ap_memory|        C_DRAM_25|         array|
|C_DRAM_25_q13        |   in|   32|   ap_memory|        C_DRAM_25|         array|
|C_DRAM_25_we13       |  out|    1|   ap_memory|        C_DRAM_25|         array|
|C_DRAM_25_address14  |  out|    4|   ap_memory|        C_DRAM_25|         array|
|C_DRAM_25_ce14       |  out|    1|   ap_memory|        C_DRAM_25|         array|
|C_DRAM_25_d14        |  out|   32|   ap_memory|        C_DRAM_25|         array|
|C_DRAM_25_q14        |   in|   32|   ap_memory|        C_DRAM_25|         array|
|C_DRAM_25_we14       |  out|    1|   ap_memory|        C_DRAM_25|         array|
|C_DRAM_25_address15  |  out|    4|   ap_memory|        C_DRAM_25|         array|
|C_DRAM_25_ce15       |  out|    1|   ap_memory|        C_DRAM_25|         array|
|C_DRAM_25_d15        |  out|   32|   ap_memory|        C_DRAM_25|         array|
|C_DRAM_25_q15        |   in|   32|   ap_memory|        C_DRAM_25|         array|
|C_DRAM_25_we15       |  out|    1|   ap_memory|        C_DRAM_25|         array|
|C_DRAM_25_address16  |  out|    4|   ap_memory|        C_DRAM_25|         array|
|C_DRAM_25_ce16       |  out|    1|   ap_memory|        C_DRAM_25|         array|
|C_DRAM_25_d16        |  out|   32|   ap_memory|        C_DRAM_25|         array|
|C_DRAM_25_q16        |   in|   32|   ap_memory|        C_DRAM_25|         array|
|C_DRAM_25_we16       |  out|    1|   ap_memory|        C_DRAM_25|         array|
|C_DRAM_26_address0   |  out|    4|   ap_memory|        C_DRAM_26|         array|
|C_DRAM_26_ce0        |  out|    1|   ap_memory|        C_DRAM_26|         array|
|C_DRAM_26_d0         |  out|   32|   ap_memory|        C_DRAM_26|         array|
|C_DRAM_26_q0         |   in|   32|   ap_memory|        C_DRAM_26|         array|
|C_DRAM_26_we0        |  out|    1|   ap_memory|        C_DRAM_26|         array|
|C_DRAM_26_address1   |  out|    4|   ap_memory|        C_DRAM_26|         array|
|C_DRAM_26_ce1        |  out|    1|   ap_memory|        C_DRAM_26|         array|
|C_DRAM_26_d1         |  out|   32|   ap_memory|        C_DRAM_26|         array|
|C_DRAM_26_q1         |   in|   32|   ap_memory|        C_DRAM_26|         array|
|C_DRAM_26_we1        |  out|    1|   ap_memory|        C_DRAM_26|         array|
|C_DRAM_26_address2   |  out|    4|   ap_memory|        C_DRAM_26|         array|
|C_DRAM_26_ce2        |  out|    1|   ap_memory|        C_DRAM_26|         array|
|C_DRAM_26_d2         |  out|   32|   ap_memory|        C_DRAM_26|         array|
|C_DRAM_26_q2         |   in|   32|   ap_memory|        C_DRAM_26|         array|
|C_DRAM_26_we2        |  out|    1|   ap_memory|        C_DRAM_26|         array|
|C_DRAM_26_address3   |  out|    4|   ap_memory|        C_DRAM_26|         array|
|C_DRAM_26_ce3        |  out|    1|   ap_memory|        C_DRAM_26|         array|
|C_DRAM_26_d3         |  out|   32|   ap_memory|        C_DRAM_26|         array|
|C_DRAM_26_q3         |   in|   32|   ap_memory|        C_DRAM_26|         array|
|C_DRAM_26_we3        |  out|    1|   ap_memory|        C_DRAM_26|         array|
|C_DRAM_26_address4   |  out|    4|   ap_memory|        C_DRAM_26|         array|
|C_DRAM_26_ce4        |  out|    1|   ap_memory|        C_DRAM_26|         array|
|C_DRAM_26_d4         |  out|   32|   ap_memory|        C_DRAM_26|         array|
|C_DRAM_26_q4         |   in|   32|   ap_memory|        C_DRAM_26|         array|
|C_DRAM_26_we4        |  out|    1|   ap_memory|        C_DRAM_26|         array|
|C_DRAM_26_address5   |  out|    4|   ap_memory|        C_DRAM_26|         array|
|C_DRAM_26_ce5        |  out|    1|   ap_memory|        C_DRAM_26|         array|
|C_DRAM_26_d5         |  out|   32|   ap_memory|        C_DRAM_26|         array|
|C_DRAM_26_q5         |   in|   32|   ap_memory|        C_DRAM_26|         array|
|C_DRAM_26_we5        |  out|    1|   ap_memory|        C_DRAM_26|         array|
|C_DRAM_26_address6   |  out|    4|   ap_memory|        C_DRAM_26|         array|
|C_DRAM_26_ce6        |  out|    1|   ap_memory|        C_DRAM_26|         array|
|C_DRAM_26_d6         |  out|   32|   ap_memory|        C_DRAM_26|         array|
|C_DRAM_26_q6         |   in|   32|   ap_memory|        C_DRAM_26|         array|
|C_DRAM_26_we6        |  out|    1|   ap_memory|        C_DRAM_26|         array|
|C_DRAM_26_address7   |  out|    4|   ap_memory|        C_DRAM_26|         array|
|C_DRAM_26_ce7        |  out|    1|   ap_memory|        C_DRAM_26|         array|
|C_DRAM_26_d7         |  out|   32|   ap_memory|        C_DRAM_26|         array|
|C_DRAM_26_q7         |   in|   32|   ap_memory|        C_DRAM_26|         array|
|C_DRAM_26_we7        |  out|    1|   ap_memory|        C_DRAM_26|         array|
|C_DRAM_26_address8   |  out|    4|   ap_memory|        C_DRAM_26|         array|
|C_DRAM_26_ce8        |  out|    1|   ap_memory|        C_DRAM_26|         array|
|C_DRAM_26_d8         |  out|   32|   ap_memory|        C_DRAM_26|         array|
|C_DRAM_26_q8         |   in|   32|   ap_memory|        C_DRAM_26|         array|
|C_DRAM_26_we8        |  out|    1|   ap_memory|        C_DRAM_26|         array|
|C_DRAM_26_address9   |  out|    4|   ap_memory|        C_DRAM_26|         array|
|C_DRAM_26_ce9        |  out|    1|   ap_memory|        C_DRAM_26|         array|
|C_DRAM_26_d9         |  out|   32|   ap_memory|        C_DRAM_26|         array|
|C_DRAM_26_q9         |   in|   32|   ap_memory|        C_DRAM_26|         array|
|C_DRAM_26_we9        |  out|    1|   ap_memory|        C_DRAM_26|         array|
|C_DRAM_26_address10  |  out|    4|   ap_memory|        C_DRAM_26|         array|
|C_DRAM_26_ce10       |  out|    1|   ap_memory|        C_DRAM_26|         array|
|C_DRAM_26_d10        |  out|   32|   ap_memory|        C_DRAM_26|         array|
|C_DRAM_26_q10        |   in|   32|   ap_memory|        C_DRAM_26|         array|
|C_DRAM_26_we10       |  out|    1|   ap_memory|        C_DRAM_26|         array|
|C_DRAM_26_address11  |  out|    4|   ap_memory|        C_DRAM_26|         array|
|C_DRAM_26_ce11       |  out|    1|   ap_memory|        C_DRAM_26|         array|
|C_DRAM_26_d11        |  out|   32|   ap_memory|        C_DRAM_26|         array|
|C_DRAM_26_q11        |   in|   32|   ap_memory|        C_DRAM_26|         array|
|C_DRAM_26_we11       |  out|    1|   ap_memory|        C_DRAM_26|         array|
|C_DRAM_26_address12  |  out|    4|   ap_memory|        C_DRAM_26|         array|
|C_DRAM_26_ce12       |  out|    1|   ap_memory|        C_DRAM_26|         array|
|C_DRAM_26_d12        |  out|   32|   ap_memory|        C_DRAM_26|         array|
|C_DRAM_26_q12        |   in|   32|   ap_memory|        C_DRAM_26|         array|
|C_DRAM_26_we12       |  out|    1|   ap_memory|        C_DRAM_26|         array|
|C_DRAM_26_address13  |  out|    4|   ap_memory|        C_DRAM_26|         array|
|C_DRAM_26_ce13       |  out|    1|   ap_memory|        C_DRAM_26|         array|
|C_DRAM_26_d13        |  out|   32|   ap_memory|        C_DRAM_26|         array|
|C_DRAM_26_q13        |   in|   32|   ap_memory|        C_DRAM_26|         array|
|C_DRAM_26_we13       |  out|    1|   ap_memory|        C_DRAM_26|         array|
|C_DRAM_26_address14  |  out|    4|   ap_memory|        C_DRAM_26|         array|
|C_DRAM_26_ce14       |  out|    1|   ap_memory|        C_DRAM_26|         array|
|C_DRAM_26_d14        |  out|   32|   ap_memory|        C_DRAM_26|         array|
|C_DRAM_26_q14        |   in|   32|   ap_memory|        C_DRAM_26|         array|
|C_DRAM_26_we14       |  out|    1|   ap_memory|        C_DRAM_26|         array|
|C_DRAM_26_address15  |  out|    4|   ap_memory|        C_DRAM_26|         array|
|C_DRAM_26_ce15       |  out|    1|   ap_memory|        C_DRAM_26|         array|
|C_DRAM_26_d15        |  out|   32|   ap_memory|        C_DRAM_26|         array|
|C_DRAM_26_q15        |   in|   32|   ap_memory|        C_DRAM_26|         array|
|C_DRAM_26_we15       |  out|    1|   ap_memory|        C_DRAM_26|         array|
|C_DRAM_26_address16  |  out|    4|   ap_memory|        C_DRAM_26|         array|
|C_DRAM_26_ce16       |  out|    1|   ap_memory|        C_DRAM_26|         array|
|C_DRAM_26_d16        |  out|   32|   ap_memory|        C_DRAM_26|         array|
|C_DRAM_26_q16        |   in|   32|   ap_memory|        C_DRAM_26|         array|
|C_DRAM_26_we16       |  out|    1|   ap_memory|        C_DRAM_26|         array|
|C_DRAM_27_address0   |  out|    4|   ap_memory|        C_DRAM_27|         array|
|C_DRAM_27_ce0        |  out|    1|   ap_memory|        C_DRAM_27|         array|
|C_DRAM_27_d0         |  out|   32|   ap_memory|        C_DRAM_27|         array|
|C_DRAM_27_q0         |   in|   32|   ap_memory|        C_DRAM_27|         array|
|C_DRAM_27_we0        |  out|    1|   ap_memory|        C_DRAM_27|         array|
|C_DRAM_27_address1   |  out|    4|   ap_memory|        C_DRAM_27|         array|
|C_DRAM_27_ce1        |  out|    1|   ap_memory|        C_DRAM_27|         array|
|C_DRAM_27_d1         |  out|   32|   ap_memory|        C_DRAM_27|         array|
|C_DRAM_27_q1         |   in|   32|   ap_memory|        C_DRAM_27|         array|
|C_DRAM_27_we1        |  out|    1|   ap_memory|        C_DRAM_27|         array|
|C_DRAM_27_address2   |  out|    4|   ap_memory|        C_DRAM_27|         array|
|C_DRAM_27_ce2        |  out|    1|   ap_memory|        C_DRAM_27|         array|
|C_DRAM_27_d2         |  out|   32|   ap_memory|        C_DRAM_27|         array|
|C_DRAM_27_q2         |   in|   32|   ap_memory|        C_DRAM_27|         array|
|C_DRAM_27_we2        |  out|    1|   ap_memory|        C_DRAM_27|         array|
|C_DRAM_27_address3   |  out|    4|   ap_memory|        C_DRAM_27|         array|
|C_DRAM_27_ce3        |  out|    1|   ap_memory|        C_DRAM_27|         array|
|C_DRAM_27_d3         |  out|   32|   ap_memory|        C_DRAM_27|         array|
|C_DRAM_27_q3         |   in|   32|   ap_memory|        C_DRAM_27|         array|
|C_DRAM_27_we3        |  out|    1|   ap_memory|        C_DRAM_27|         array|
|C_DRAM_27_address4   |  out|    4|   ap_memory|        C_DRAM_27|         array|
|C_DRAM_27_ce4        |  out|    1|   ap_memory|        C_DRAM_27|         array|
|C_DRAM_27_d4         |  out|   32|   ap_memory|        C_DRAM_27|         array|
|C_DRAM_27_q4         |   in|   32|   ap_memory|        C_DRAM_27|         array|
|C_DRAM_27_we4        |  out|    1|   ap_memory|        C_DRAM_27|         array|
|C_DRAM_27_address5   |  out|    4|   ap_memory|        C_DRAM_27|         array|
|C_DRAM_27_ce5        |  out|    1|   ap_memory|        C_DRAM_27|         array|
|C_DRAM_27_d5         |  out|   32|   ap_memory|        C_DRAM_27|         array|
|C_DRAM_27_q5         |   in|   32|   ap_memory|        C_DRAM_27|         array|
|C_DRAM_27_we5        |  out|    1|   ap_memory|        C_DRAM_27|         array|
|C_DRAM_27_address6   |  out|    4|   ap_memory|        C_DRAM_27|         array|
|C_DRAM_27_ce6        |  out|    1|   ap_memory|        C_DRAM_27|         array|
|C_DRAM_27_d6         |  out|   32|   ap_memory|        C_DRAM_27|         array|
|C_DRAM_27_q6         |   in|   32|   ap_memory|        C_DRAM_27|         array|
|C_DRAM_27_we6        |  out|    1|   ap_memory|        C_DRAM_27|         array|
|C_DRAM_27_address7   |  out|    4|   ap_memory|        C_DRAM_27|         array|
|C_DRAM_27_ce7        |  out|    1|   ap_memory|        C_DRAM_27|         array|
|C_DRAM_27_d7         |  out|   32|   ap_memory|        C_DRAM_27|         array|
|C_DRAM_27_q7         |   in|   32|   ap_memory|        C_DRAM_27|         array|
|C_DRAM_27_we7        |  out|    1|   ap_memory|        C_DRAM_27|         array|
|C_DRAM_27_address8   |  out|    4|   ap_memory|        C_DRAM_27|         array|
|C_DRAM_27_ce8        |  out|    1|   ap_memory|        C_DRAM_27|         array|
|C_DRAM_27_d8         |  out|   32|   ap_memory|        C_DRAM_27|         array|
|C_DRAM_27_q8         |   in|   32|   ap_memory|        C_DRAM_27|         array|
|C_DRAM_27_we8        |  out|    1|   ap_memory|        C_DRAM_27|         array|
|C_DRAM_27_address9   |  out|    4|   ap_memory|        C_DRAM_27|         array|
|C_DRAM_27_ce9        |  out|    1|   ap_memory|        C_DRAM_27|         array|
|C_DRAM_27_d9         |  out|   32|   ap_memory|        C_DRAM_27|         array|
|C_DRAM_27_q9         |   in|   32|   ap_memory|        C_DRAM_27|         array|
|C_DRAM_27_we9        |  out|    1|   ap_memory|        C_DRAM_27|         array|
|C_DRAM_27_address10  |  out|    4|   ap_memory|        C_DRAM_27|         array|
|C_DRAM_27_ce10       |  out|    1|   ap_memory|        C_DRAM_27|         array|
|C_DRAM_27_d10        |  out|   32|   ap_memory|        C_DRAM_27|         array|
|C_DRAM_27_q10        |   in|   32|   ap_memory|        C_DRAM_27|         array|
|C_DRAM_27_we10       |  out|    1|   ap_memory|        C_DRAM_27|         array|
|C_DRAM_27_address11  |  out|    4|   ap_memory|        C_DRAM_27|         array|
|C_DRAM_27_ce11       |  out|    1|   ap_memory|        C_DRAM_27|         array|
|C_DRAM_27_d11        |  out|   32|   ap_memory|        C_DRAM_27|         array|
|C_DRAM_27_q11        |   in|   32|   ap_memory|        C_DRAM_27|         array|
|C_DRAM_27_we11       |  out|    1|   ap_memory|        C_DRAM_27|         array|
|C_DRAM_27_address12  |  out|    4|   ap_memory|        C_DRAM_27|         array|
|C_DRAM_27_ce12       |  out|    1|   ap_memory|        C_DRAM_27|         array|
|C_DRAM_27_d12        |  out|   32|   ap_memory|        C_DRAM_27|         array|
|C_DRAM_27_q12        |   in|   32|   ap_memory|        C_DRAM_27|         array|
|C_DRAM_27_we12       |  out|    1|   ap_memory|        C_DRAM_27|         array|
|C_DRAM_27_address13  |  out|    4|   ap_memory|        C_DRAM_27|         array|
|C_DRAM_27_ce13       |  out|    1|   ap_memory|        C_DRAM_27|         array|
|C_DRAM_27_d13        |  out|   32|   ap_memory|        C_DRAM_27|         array|
|C_DRAM_27_q13        |   in|   32|   ap_memory|        C_DRAM_27|         array|
|C_DRAM_27_we13       |  out|    1|   ap_memory|        C_DRAM_27|         array|
|C_DRAM_27_address14  |  out|    4|   ap_memory|        C_DRAM_27|         array|
|C_DRAM_27_ce14       |  out|    1|   ap_memory|        C_DRAM_27|         array|
|C_DRAM_27_d14        |  out|   32|   ap_memory|        C_DRAM_27|         array|
|C_DRAM_27_q14        |   in|   32|   ap_memory|        C_DRAM_27|         array|
|C_DRAM_27_we14       |  out|    1|   ap_memory|        C_DRAM_27|         array|
|C_DRAM_27_address15  |  out|    4|   ap_memory|        C_DRAM_27|         array|
|C_DRAM_27_ce15       |  out|    1|   ap_memory|        C_DRAM_27|         array|
|C_DRAM_27_d15        |  out|   32|   ap_memory|        C_DRAM_27|         array|
|C_DRAM_27_q15        |   in|   32|   ap_memory|        C_DRAM_27|         array|
|C_DRAM_27_we15       |  out|    1|   ap_memory|        C_DRAM_27|         array|
|C_DRAM_27_address16  |  out|    4|   ap_memory|        C_DRAM_27|         array|
|C_DRAM_27_ce16       |  out|    1|   ap_memory|        C_DRAM_27|         array|
|C_DRAM_27_d16        |  out|   32|   ap_memory|        C_DRAM_27|         array|
|C_DRAM_27_q16        |   in|   32|   ap_memory|        C_DRAM_27|         array|
|C_DRAM_27_we16       |  out|    1|   ap_memory|        C_DRAM_27|         array|
|C_DRAM_28_address0   |  out|    4|   ap_memory|        C_DRAM_28|         array|
|C_DRAM_28_ce0        |  out|    1|   ap_memory|        C_DRAM_28|         array|
|C_DRAM_28_d0         |  out|   32|   ap_memory|        C_DRAM_28|         array|
|C_DRAM_28_q0         |   in|   32|   ap_memory|        C_DRAM_28|         array|
|C_DRAM_28_we0        |  out|    1|   ap_memory|        C_DRAM_28|         array|
|C_DRAM_28_address1   |  out|    4|   ap_memory|        C_DRAM_28|         array|
|C_DRAM_28_ce1        |  out|    1|   ap_memory|        C_DRAM_28|         array|
|C_DRAM_28_d1         |  out|   32|   ap_memory|        C_DRAM_28|         array|
|C_DRAM_28_q1         |   in|   32|   ap_memory|        C_DRAM_28|         array|
|C_DRAM_28_we1        |  out|    1|   ap_memory|        C_DRAM_28|         array|
|C_DRAM_28_address2   |  out|    4|   ap_memory|        C_DRAM_28|         array|
|C_DRAM_28_ce2        |  out|    1|   ap_memory|        C_DRAM_28|         array|
|C_DRAM_28_d2         |  out|   32|   ap_memory|        C_DRAM_28|         array|
|C_DRAM_28_q2         |   in|   32|   ap_memory|        C_DRAM_28|         array|
|C_DRAM_28_we2        |  out|    1|   ap_memory|        C_DRAM_28|         array|
|C_DRAM_28_address3   |  out|    4|   ap_memory|        C_DRAM_28|         array|
|C_DRAM_28_ce3        |  out|    1|   ap_memory|        C_DRAM_28|         array|
|C_DRAM_28_d3         |  out|   32|   ap_memory|        C_DRAM_28|         array|
|C_DRAM_28_q3         |   in|   32|   ap_memory|        C_DRAM_28|         array|
|C_DRAM_28_we3        |  out|    1|   ap_memory|        C_DRAM_28|         array|
|C_DRAM_28_address4   |  out|    4|   ap_memory|        C_DRAM_28|         array|
|C_DRAM_28_ce4        |  out|    1|   ap_memory|        C_DRAM_28|         array|
|C_DRAM_28_d4         |  out|   32|   ap_memory|        C_DRAM_28|         array|
|C_DRAM_28_q4         |   in|   32|   ap_memory|        C_DRAM_28|         array|
|C_DRAM_28_we4        |  out|    1|   ap_memory|        C_DRAM_28|         array|
|C_DRAM_28_address5   |  out|    4|   ap_memory|        C_DRAM_28|         array|
|C_DRAM_28_ce5        |  out|    1|   ap_memory|        C_DRAM_28|         array|
|C_DRAM_28_d5         |  out|   32|   ap_memory|        C_DRAM_28|         array|
|C_DRAM_28_q5         |   in|   32|   ap_memory|        C_DRAM_28|         array|
|C_DRAM_28_we5        |  out|    1|   ap_memory|        C_DRAM_28|         array|
|C_DRAM_28_address6   |  out|    4|   ap_memory|        C_DRAM_28|         array|
|C_DRAM_28_ce6        |  out|    1|   ap_memory|        C_DRAM_28|         array|
|C_DRAM_28_d6         |  out|   32|   ap_memory|        C_DRAM_28|         array|
|C_DRAM_28_q6         |   in|   32|   ap_memory|        C_DRAM_28|         array|
|C_DRAM_28_we6        |  out|    1|   ap_memory|        C_DRAM_28|         array|
|C_DRAM_28_address7   |  out|    4|   ap_memory|        C_DRAM_28|         array|
|C_DRAM_28_ce7        |  out|    1|   ap_memory|        C_DRAM_28|         array|
|C_DRAM_28_d7         |  out|   32|   ap_memory|        C_DRAM_28|         array|
|C_DRAM_28_q7         |   in|   32|   ap_memory|        C_DRAM_28|         array|
|C_DRAM_28_we7        |  out|    1|   ap_memory|        C_DRAM_28|         array|
|C_DRAM_28_address8   |  out|    4|   ap_memory|        C_DRAM_28|         array|
|C_DRAM_28_ce8        |  out|    1|   ap_memory|        C_DRAM_28|         array|
|C_DRAM_28_d8         |  out|   32|   ap_memory|        C_DRAM_28|         array|
|C_DRAM_28_q8         |   in|   32|   ap_memory|        C_DRAM_28|         array|
|C_DRAM_28_we8        |  out|    1|   ap_memory|        C_DRAM_28|         array|
|C_DRAM_28_address9   |  out|    4|   ap_memory|        C_DRAM_28|         array|
|C_DRAM_28_ce9        |  out|    1|   ap_memory|        C_DRAM_28|         array|
|C_DRAM_28_d9         |  out|   32|   ap_memory|        C_DRAM_28|         array|
|C_DRAM_28_q9         |   in|   32|   ap_memory|        C_DRAM_28|         array|
|C_DRAM_28_we9        |  out|    1|   ap_memory|        C_DRAM_28|         array|
|C_DRAM_28_address10  |  out|    4|   ap_memory|        C_DRAM_28|         array|
|C_DRAM_28_ce10       |  out|    1|   ap_memory|        C_DRAM_28|         array|
|C_DRAM_28_d10        |  out|   32|   ap_memory|        C_DRAM_28|         array|
|C_DRAM_28_q10        |   in|   32|   ap_memory|        C_DRAM_28|         array|
|C_DRAM_28_we10       |  out|    1|   ap_memory|        C_DRAM_28|         array|
|C_DRAM_28_address11  |  out|    4|   ap_memory|        C_DRAM_28|         array|
|C_DRAM_28_ce11       |  out|    1|   ap_memory|        C_DRAM_28|         array|
|C_DRAM_28_d11        |  out|   32|   ap_memory|        C_DRAM_28|         array|
|C_DRAM_28_q11        |   in|   32|   ap_memory|        C_DRAM_28|         array|
|C_DRAM_28_we11       |  out|    1|   ap_memory|        C_DRAM_28|         array|
|C_DRAM_28_address12  |  out|    4|   ap_memory|        C_DRAM_28|         array|
|C_DRAM_28_ce12       |  out|    1|   ap_memory|        C_DRAM_28|         array|
|C_DRAM_28_d12        |  out|   32|   ap_memory|        C_DRAM_28|         array|
|C_DRAM_28_q12        |   in|   32|   ap_memory|        C_DRAM_28|         array|
|C_DRAM_28_we12       |  out|    1|   ap_memory|        C_DRAM_28|         array|
|C_DRAM_28_address13  |  out|    4|   ap_memory|        C_DRAM_28|         array|
|C_DRAM_28_ce13       |  out|    1|   ap_memory|        C_DRAM_28|         array|
|C_DRAM_28_d13        |  out|   32|   ap_memory|        C_DRAM_28|         array|
|C_DRAM_28_q13        |   in|   32|   ap_memory|        C_DRAM_28|         array|
|C_DRAM_28_we13       |  out|    1|   ap_memory|        C_DRAM_28|         array|
|C_DRAM_28_address14  |  out|    4|   ap_memory|        C_DRAM_28|         array|
|C_DRAM_28_ce14       |  out|    1|   ap_memory|        C_DRAM_28|         array|
|C_DRAM_28_d14        |  out|   32|   ap_memory|        C_DRAM_28|         array|
|C_DRAM_28_q14        |   in|   32|   ap_memory|        C_DRAM_28|         array|
|C_DRAM_28_we14       |  out|    1|   ap_memory|        C_DRAM_28|         array|
|C_DRAM_28_address15  |  out|    4|   ap_memory|        C_DRAM_28|         array|
|C_DRAM_28_ce15       |  out|    1|   ap_memory|        C_DRAM_28|         array|
|C_DRAM_28_d15        |  out|   32|   ap_memory|        C_DRAM_28|         array|
|C_DRAM_28_q15        |   in|   32|   ap_memory|        C_DRAM_28|         array|
|C_DRAM_28_we15       |  out|    1|   ap_memory|        C_DRAM_28|         array|
|C_DRAM_28_address16  |  out|    4|   ap_memory|        C_DRAM_28|         array|
|C_DRAM_28_ce16       |  out|    1|   ap_memory|        C_DRAM_28|         array|
|C_DRAM_28_d16        |  out|   32|   ap_memory|        C_DRAM_28|         array|
|C_DRAM_28_q16        |   in|   32|   ap_memory|        C_DRAM_28|         array|
|C_DRAM_28_we16       |  out|    1|   ap_memory|        C_DRAM_28|         array|
|C_DRAM_29_address0   |  out|    4|   ap_memory|        C_DRAM_29|         array|
|C_DRAM_29_ce0        |  out|    1|   ap_memory|        C_DRAM_29|         array|
|C_DRAM_29_d0         |  out|   32|   ap_memory|        C_DRAM_29|         array|
|C_DRAM_29_q0         |   in|   32|   ap_memory|        C_DRAM_29|         array|
|C_DRAM_29_we0        |  out|    1|   ap_memory|        C_DRAM_29|         array|
|C_DRAM_29_address1   |  out|    4|   ap_memory|        C_DRAM_29|         array|
|C_DRAM_29_ce1        |  out|    1|   ap_memory|        C_DRAM_29|         array|
|C_DRAM_29_d1         |  out|   32|   ap_memory|        C_DRAM_29|         array|
|C_DRAM_29_q1         |   in|   32|   ap_memory|        C_DRAM_29|         array|
|C_DRAM_29_we1        |  out|    1|   ap_memory|        C_DRAM_29|         array|
|C_DRAM_29_address2   |  out|    4|   ap_memory|        C_DRAM_29|         array|
|C_DRAM_29_ce2        |  out|    1|   ap_memory|        C_DRAM_29|         array|
|C_DRAM_29_d2         |  out|   32|   ap_memory|        C_DRAM_29|         array|
|C_DRAM_29_q2         |   in|   32|   ap_memory|        C_DRAM_29|         array|
|C_DRAM_29_we2        |  out|    1|   ap_memory|        C_DRAM_29|         array|
|C_DRAM_29_address3   |  out|    4|   ap_memory|        C_DRAM_29|         array|
|C_DRAM_29_ce3        |  out|    1|   ap_memory|        C_DRAM_29|         array|
|C_DRAM_29_d3         |  out|   32|   ap_memory|        C_DRAM_29|         array|
|C_DRAM_29_q3         |   in|   32|   ap_memory|        C_DRAM_29|         array|
|C_DRAM_29_we3        |  out|    1|   ap_memory|        C_DRAM_29|         array|
|C_DRAM_29_address4   |  out|    4|   ap_memory|        C_DRAM_29|         array|
|C_DRAM_29_ce4        |  out|    1|   ap_memory|        C_DRAM_29|         array|
|C_DRAM_29_d4         |  out|   32|   ap_memory|        C_DRAM_29|         array|
|C_DRAM_29_q4         |   in|   32|   ap_memory|        C_DRAM_29|         array|
|C_DRAM_29_we4        |  out|    1|   ap_memory|        C_DRAM_29|         array|
|C_DRAM_29_address5   |  out|    4|   ap_memory|        C_DRAM_29|         array|
|C_DRAM_29_ce5        |  out|    1|   ap_memory|        C_DRAM_29|         array|
|C_DRAM_29_d5         |  out|   32|   ap_memory|        C_DRAM_29|         array|
|C_DRAM_29_q5         |   in|   32|   ap_memory|        C_DRAM_29|         array|
|C_DRAM_29_we5        |  out|    1|   ap_memory|        C_DRAM_29|         array|
|C_DRAM_29_address6   |  out|    4|   ap_memory|        C_DRAM_29|         array|
|C_DRAM_29_ce6        |  out|    1|   ap_memory|        C_DRAM_29|         array|
|C_DRAM_29_d6         |  out|   32|   ap_memory|        C_DRAM_29|         array|
|C_DRAM_29_q6         |   in|   32|   ap_memory|        C_DRAM_29|         array|
|C_DRAM_29_we6        |  out|    1|   ap_memory|        C_DRAM_29|         array|
|C_DRAM_29_address7   |  out|    4|   ap_memory|        C_DRAM_29|         array|
|C_DRAM_29_ce7        |  out|    1|   ap_memory|        C_DRAM_29|         array|
|C_DRAM_29_d7         |  out|   32|   ap_memory|        C_DRAM_29|         array|
|C_DRAM_29_q7         |   in|   32|   ap_memory|        C_DRAM_29|         array|
|C_DRAM_29_we7        |  out|    1|   ap_memory|        C_DRAM_29|         array|
|C_DRAM_29_address8   |  out|    4|   ap_memory|        C_DRAM_29|         array|
|C_DRAM_29_ce8        |  out|    1|   ap_memory|        C_DRAM_29|         array|
|C_DRAM_29_d8         |  out|   32|   ap_memory|        C_DRAM_29|         array|
|C_DRAM_29_q8         |   in|   32|   ap_memory|        C_DRAM_29|         array|
|C_DRAM_29_we8        |  out|    1|   ap_memory|        C_DRAM_29|         array|
|C_DRAM_29_address9   |  out|    4|   ap_memory|        C_DRAM_29|         array|
|C_DRAM_29_ce9        |  out|    1|   ap_memory|        C_DRAM_29|         array|
|C_DRAM_29_d9         |  out|   32|   ap_memory|        C_DRAM_29|         array|
|C_DRAM_29_q9         |   in|   32|   ap_memory|        C_DRAM_29|         array|
|C_DRAM_29_we9        |  out|    1|   ap_memory|        C_DRAM_29|         array|
|C_DRAM_29_address10  |  out|    4|   ap_memory|        C_DRAM_29|         array|
|C_DRAM_29_ce10       |  out|    1|   ap_memory|        C_DRAM_29|         array|
|C_DRAM_29_d10        |  out|   32|   ap_memory|        C_DRAM_29|         array|
|C_DRAM_29_q10        |   in|   32|   ap_memory|        C_DRAM_29|         array|
|C_DRAM_29_we10       |  out|    1|   ap_memory|        C_DRAM_29|         array|
|C_DRAM_29_address11  |  out|    4|   ap_memory|        C_DRAM_29|         array|
|C_DRAM_29_ce11       |  out|    1|   ap_memory|        C_DRAM_29|         array|
|C_DRAM_29_d11        |  out|   32|   ap_memory|        C_DRAM_29|         array|
|C_DRAM_29_q11        |   in|   32|   ap_memory|        C_DRAM_29|         array|
|C_DRAM_29_we11       |  out|    1|   ap_memory|        C_DRAM_29|         array|
|C_DRAM_29_address12  |  out|    4|   ap_memory|        C_DRAM_29|         array|
|C_DRAM_29_ce12       |  out|    1|   ap_memory|        C_DRAM_29|         array|
|C_DRAM_29_d12        |  out|   32|   ap_memory|        C_DRAM_29|         array|
|C_DRAM_29_q12        |   in|   32|   ap_memory|        C_DRAM_29|         array|
|C_DRAM_29_we12       |  out|    1|   ap_memory|        C_DRAM_29|         array|
|C_DRAM_29_address13  |  out|    4|   ap_memory|        C_DRAM_29|         array|
|C_DRAM_29_ce13       |  out|    1|   ap_memory|        C_DRAM_29|         array|
|C_DRAM_29_d13        |  out|   32|   ap_memory|        C_DRAM_29|         array|
|C_DRAM_29_q13        |   in|   32|   ap_memory|        C_DRAM_29|         array|
|C_DRAM_29_we13       |  out|    1|   ap_memory|        C_DRAM_29|         array|
|C_DRAM_29_address14  |  out|    4|   ap_memory|        C_DRAM_29|         array|
|C_DRAM_29_ce14       |  out|    1|   ap_memory|        C_DRAM_29|         array|
|C_DRAM_29_d14        |  out|   32|   ap_memory|        C_DRAM_29|         array|
|C_DRAM_29_q14        |   in|   32|   ap_memory|        C_DRAM_29|         array|
|C_DRAM_29_we14       |  out|    1|   ap_memory|        C_DRAM_29|         array|
|C_DRAM_29_address15  |  out|    4|   ap_memory|        C_DRAM_29|         array|
|C_DRAM_29_ce15       |  out|    1|   ap_memory|        C_DRAM_29|         array|
|C_DRAM_29_d15        |  out|   32|   ap_memory|        C_DRAM_29|         array|
|C_DRAM_29_q15        |   in|   32|   ap_memory|        C_DRAM_29|         array|
|C_DRAM_29_we15       |  out|    1|   ap_memory|        C_DRAM_29|         array|
|C_DRAM_29_address16  |  out|    4|   ap_memory|        C_DRAM_29|         array|
|C_DRAM_29_ce16       |  out|    1|   ap_memory|        C_DRAM_29|         array|
|C_DRAM_29_d16        |  out|   32|   ap_memory|        C_DRAM_29|         array|
|C_DRAM_29_q16        |   in|   32|   ap_memory|        C_DRAM_29|         array|
|C_DRAM_29_we16       |  out|    1|   ap_memory|        C_DRAM_29|         array|
|C_DRAM_30_address0   |  out|    4|   ap_memory|        C_DRAM_30|         array|
|C_DRAM_30_ce0        |  out|    1|   ap_memory|        C_DRAM_30|         array|
|C_DRAM_30_d0         |  out|   32|   ap_memory|        C_DRAM_30|         array|
|C_DRAM_30_q0         |   in|   32|   ap_memory|        C_DRAM_30|         array|
|C_DRAM_30_we0        |  out|    1|   ap_memory|        C_DRAM_30|         array|
|C_DRAM_30_address1   |  out|    4|   ap_memory|        C_DRAM_30|         array|
|C_DRAM_30_ce1        |  out|    1|   ap_memory|        C_DRAM_30|         array|
|C_DRAM_30_d1         |  out|   32|   ap_memory|        C_DRAM_30|         array|
|C_DRAM_30_q1         |   in|   32|   ap_memory|        C_DRAM_30|         array|
|C_DRAM_30_we1        |  out|    1|   ap_memory|        C_DRAM_30|         array|
|C_DRAM_30_address2   |  out|    4|   ap_memory|        C_DRAM_30|         array|
|C_DRAM_30_ce2        |  out|    1|   ap_memory|        C_DRAM_30|         array|
|C_DRAM_30_d2         |  out|   32|   ap_memory|        C_DRAM_30|         array|
|C_DRAM_30_q2         |   in|   32|   ap_memory|        C_DRAM_30|         array|
|C_DRAM_30_we2        |  out|    1|   ap_memory|        C_DRAM_30|         array|
|C_DRAM_30_address3   |  out|    4|   ap_memory|        C_DRAM_30|         array|
|C_DRAM_30_ce3        |  out|    1|   ap_memory|        C_DRAM_30|         array|
|C_DRAM_30_d3         |  out|   32|   ap_memory|        C_DRAM_30|         array|
|C_DRAM_30_q3         |   in|   32|   ap_memory|        C_DRAM_30|         array|
|C_DRAM_30_we3        |  out|    1|   ap_memory|        C_DRAM_30|         array|
|C_DRAM_30_address4   |  out|    4|   ap_memory|        C_DRAM_30|         array|
|C_DRAM_30_ce4        |  out|    1|   ap_memory|        C_DRAM_30|         array|
|C_DRAM_30_d4         |  out|   32|   ap_memory|        C_DRAM_30|         array|
|C_DRAM_30_q4         |   in|   32|   ap_memory|        C_DRAM_30|         array|
|C_DRAM_30_we4        |  out|    1|   ap_memory|        C_DRAM_30|         array|
|C_DRAM_30_address5   |  out|    4|   ap_memory|        C_DRAM_30|         array|
|C_DRAM_30_ce5        |  out|    1|   ap_memory|        C_DRAM_30|         array|
|C_DRAM_30_d5         |  out|   32|   ap_memory|        C_DRAM_30|         array|
|C_DRAM_30_q5         |   in|   32|   ap_memory|        C_DRAM_30|         array|
|C_DRAM_30_we5        |  out|    1|   ap_memory|        C_DRAM_30|         array|
|C_DRAM_30_address6   |  out|    4|   ap_memory|        C_DRAM_30|         array|
|C_DRAM_30_ce6        |  out|    1|   ap_memory|        C_DRAM_30|         array|
|C_DRAM_30_d6         |  out|   32|   ap_memory|        C_DRAM_30|         array|
|C_DRAM_30_q6         |   in|   32|   ap_memory|        C_DRAM_30|         array|
|C_DRAM_30_we6        |  out|    1|   ap_memory|        C_DRAM_30|         array|
|C_DRAM_30_address7   |  out|    4|   ap_memory|        C_DRAM_30|         array|
|C_DRAM_30_ce7        |  out|    1|   ap_memory|        C_DRAM_30|         array|
|C_DRAM_30_d7         |  out|   32|   ap_memory|        C_DRAM_30|         array|
|C_DRAM_30_q7         |   in|   32|   ap_memory|        C_DRAM_30|         array|
|C_DRAM_30_we7        |  out|    1|   ap_memory|        C_DRAM_30|         array|
|C_DRAM_30_address8   |  out|    4|   ap_memory|        C_DRAM_30|         array|
|C_DRAM_30_ce8        |  out|    1|   ap_memory|        C_DRAM_30|         array|
|C_DRAM_30_d8         |  out|   32|   ap_memory|        C_DRAM_30|         array|
|C_DRAM_30_q8         |   in|   32|   ap_memory|        C_DRAM_30|         array|
|C_DRAM_30_we8        |  out|    1|   ap_memory|        C_DRAM_30|         array|
|C_DRAM_30_address9   |  out|    4|   ap_memory|        C_DRAM_30|         array|
|C_DRAM_30_ce9        |  out|    1|   ap_memory|        C_DRAM_30|         array|
|C_DRAM_30_d9         |  out|   32|   ap_memory|        C_DRAM_30|         array|
|C_DRAM_30_q9         |   in|   32|   ap_memory|        C_DRAM_30|         array|
|C_DRAM_30_we9        |  out|    1|   ap_memory|        C_DRAM_30|         array|
|C_DRAM_30_address10  |  out|    4|   ap_memory|        C_DRAM_30|         array|
|C_DRAM_30_ce10       |  out|    1|   ap_memory|        C_DRAM_30|         array|
|C_DRAM_30_d10        |  out|   32|   ap_memory|        C_DRAM_30|         array|
|C_DRAM_30_q10        |   in|   32|   ap_memory|        C_DRAM_30|         array|
|C_DRAM_30_we10       |  out|    1|   ap_memory|        C_DRAM_30|         array|
|C_DRAM_30_address11  |  out|    4|   ap_memory|        C_DRAM_30|         array|
|C_DRAM_30_ce11       |  out|    1|   ap_memory|        C_DRAM_30|         array|
|C_DRAM_30_d11        |  out|   32|   ap_memory|        C_DRAM_30|         array|
|C_DRAM_30_q11        |   in|   32|   ap_memory|        C_DRAM_30|         array|
|C_DRAM_30_we11       |  out|    1|   ap_memory|        C_DRAM_30|         array|
|C_DRAM_30_address12  |  out|    4|   ap_memory|        C_DRAM_30|         array|
|C_DRAM_30_ce12       |  out|    1|   ap_memory|        C_DRAM_30|         array|
|C_DRAM_30_d12        |  out|   32|   ap_memory|        C_DRAM_30|         array|
|C_DRAM_30_q12        |   in|   32|   ap_memory|        C_DRAM_30|         array|
|C_DRAM_30_we12       |  out|    1|   ap_memory|        C_DRAM_30|         array|
|C_DRAM_30_address13  |  out|    4|   ap_memory|        C_DRAM_30|         array|
|C_DRAM_30_ce13       |  out|    1|   ap_memory|        C_DRAM_30|         array|
|C_DRAM_30_d13        |  out|   32|   ap_memory|        C_DRAM_30|         array|
|C_DRAM_30_q13        |   in|   32|   ap_memory|        C_DRAM_30|         array|
|C_DRAM_30_we13       |  out|    1|   ap_memory|        C_DRAM_30|         array|
|C_DRAM_30_address14  |  out|    4|   ap_memory|        C_DRAM_30|         array|
|C_DRAM_30_ce14       |  out|    1|   ap_memory|        C_DRAM_30|         array|
|C_DRAM_30_d14        |  out|   32|   ap_memory|        C_DRAM_30|         array|
|C_DRAM_30_q14        |   in|   32|   ap_memory|        C_DRAM_30|         array|
|C_DRAM_30_we14       |  out|    1|   ap_memory|        C_DRAM_30|         array|
|C_DRAM_30_address15  |  out|    4|   ap_memory|        C_DRAM_30|         array|
|C_DRAM_30_ce15       |  out|    1|   ap_memory|        C_DRAM_30|         array|
|C_DRAM_30_d15        |  out|   32|   ap_memory|        C_DRAM_30|         array|
|C_DRAM_30_q15        |   in|   32|   ap_memory|        C_DRAM_30|         array|
|C_DRAM_30_we15       |  out|    1|   ap_memory|        C_DRAM_30|         array|
|C_DRAM_30_address16  |  out|    4|   ap_memory|        C_DRAM_30|         array|
|C_DRAM_30_ce16       |  out|    1|   ap_memory|        C_DRAM_30|         array|
|C_DRAM_30_d16        |  out|   32|   ap_memory|        C_DRAM_30|         array|
|C_DRAM_30_q16        |   in|   32|   ap_memory|        C_DRAM_30|         array|
|C_DRAM_30_we16       |  out|    1|   ap_memory|        C_DRAM_30|         array|
|C_DRAM_31_address0   |  out|    4|   ap_memory|        C_DRAM_31|         array|
|C_DRAM_31_ce0        |  out|    1|   ap_memory|        C_DRAM_31|         array|
|C_DRAM_31_d0         |  out|   32|   ap_memory|        C_DRAM_31|         array|
|C_DRAM_31_q0         |   in|   32|   ap_memory|        C_DRAM_31|         array|
|C_DRAM_31_we0        |  out|    1|   ap_memory|        C_DRAM_31|         array|
|C_DRAM_31_address1   |  out|    4|   ap_memory|        C_DRAM_31|         array|
|C_DRAM_31_ce1        |  out|    1|   ap_memory|        C_DRAM_31|         array|
|C_DRAM_31_d1         |  out|   32|   ap_memory|        C_DRAM_31|         array|
|C_DRAM_31_q1         |   in|   32|   ap_memory|        C_DRAM_31|         array|
|C_DRAM_31_we1        |  out|    1|   ap_memory|        C_DRAM_31|         array|
|C_DRAM_31_address2   |  out|    4|   ap_memory|        C_DRAM_31|         array|
|C_DRAM_31_ce2        |  out|    1|   ap_memory|        C_DRAM_31|         array|
|C_DRAM_31_d2         |  out|   32|   ap_memory|        C_DRAM_31|         array|
|C_DRAM_31_q2         |   in|   32|   ap_memory|        C_DRAM_31|         array|
|C_DRAM_31_we2        |  out|    1|   ap_memory|        C_DRAM_31|         array|
|C_DRAM_31_address3   |  out|    4|   ap_memory|        C_DRAM_31|         array|
|C_DRAM_31_ce3        |  out|    1|   ap_memory|        C_DRAM_31|         array|
|C_DRAM_31_d3         |  out|   32|   ap_memory|        C_DRAM_31|         array|
|C_DRAM_31_q3         |   in|   32|   ap_memory|        C_DRAM_31|         array|
|C_DRAM_31_we3        |  out|    1|   ap_memory|        C_DRAM_31|         array|
|C_DRAM_31_address4   |  out|    4|   ap_memory|        C_DRAM_31|         array|
|C_DRAM_31_ce4        |  out|    1|   ap_memory|        C_DRAM_31|         array|
|C_DRAM_31_d4         |  out|   32|   ap_memory|        C_DRAM_31|         array|
|C_DRAM_31_q4         |   in|   32|   ap_memory|        C_DRAM_31|         array|
|C_DRAM_31_we4        |  out|    1|   ap_memory|        C_DRAM_31|         array|
|C_DRAM_31_address5   |  out|    4|   ap_memory|        C_DRAM_31|         array|
|C_DRAM_31_ce5        |  out|    1|   ap_memory|        C_DRAM_31|         array|
|C_DRAM_31_d5         |  out|   32|   ap_memory|        C_DRAM_31|         array|
|C_DRAM_31_q5         |   in|   32|   ap_memory|        C_DRAM_31|         array|
|C_DRAM_31_we5        |  out|    1|   ap_memory|        C_DRAM_31|         array|
|C_DRAM_31_address6   |  out|    4|   ap_memory|        C_DRAM_31|         array|
|C_DRAM_31_ce6        |  out|    1|   ap_memory|        C_DRAM_31|         array|
|C_DRAM_31_d6         |  out|   32|   ap_memory|        C_DRAM_31|         array|
|C_DRAM_31_q6         |   in|   32|   ap_memory|        C_DRAM_31|         array|
|C_DRAM_31_we6        |  out|    1|   ap_memory|        C_DRAM_31|         array|
|C_DRAM_31_address7   |  out|    4|   ap_memory|        C_DRAM_31|         array|
|C_DRAM_31_ce7        |  out|    1|   ap_memory|        C_DRAM_31|         array|
|C_DRAM_31_d7         |  out|   32|   ap_memory|        C_DRAM_31|         array|
|C_DRAM_31_q7         |   in|   32|   ap_memory|        C_DRAM_31|         array|
|C_DRAM_31_we7        |  out|    1|   ap_memory|        C_DRAM_31|         array|
|C_DRAM_31_address8   |  out|    4|   ap_memory|        C_DRAM_31|         array|
|C_DRAM_31_ce8        |  out|    1|   ap_memory|        C_DRAM_31|         array|
|C_DRAM_31_d8         |  out|   32|   ap_memory|        C_DRAM_31|         array|
|C_DRAM_31_q8         |   in|   32|   ap_memory|        C_DRAM_31|         array|
|C_DRAM_31_we8        |  out|    1|   ap_memory|        C_DRAM_31|         array|
|C_DRAM_31_address9   |  out|    4|   ap_memory|        C_DRAM_31|         array|
|C_DRAM_31_ce9        |  out|    1|   ap_memory|        C_DRAM_31|         array|
|C_DRAM_31_d9         |  out|   32|   ap_memory|        C_DRAM_31|         array|
|C_DRAM_31_q9         |   in|   32|   ap_memory|        C_DRAM_31|         array|
|C_DRAM_31_we9        |  out|    1|   ap_memory|        C_DRAM_31|         array|
|C_DRAM_31_address10  |  out|    4|   ap_memory|        C_DRAM_31|         array|
|C_DRAM_31_ce10       |  out|    1|   ap_memory|        C_DRAM_31|         array|
|C_DRAM_31_d10        |  out|   32|   ap_memory|        C_DRAM_31|         array|
|C_DRAM_31_q10        |   in|   32|   ap_memory|        C_DRAM_31|         array|
|C_DRAM_31_we10       |  out|    1|   ap_memory|        C_DRAM_31|         array|
|C_DRAM_31_address11  |  out|    4|   ap_memory|        C_DRAM_31|         array|
|C_DRAM_31_ce11       |  out|    1|   ap_memory|        C_DRAM_31|         array|
|C_DRAM_31_d11        |  out|   32|   ap_memory|        C_DRAM_31|         array|
|C_DRAM_31_q11        |   in|   32|   ap_memory|        C_DRAM_31|         array|
|C_DRAM_31_we11       |  out|    1|   ap_memory|        C_DRAM_31|         array|
|C_DRAM_31_address12  |  out|    4|   ap_memory|        C_DRAM_31|         array|
|C_DRAM_31_ce12       |  out|    1|   ap_memory|        C_DRAM_31|         array|
|C_DRAM_31_d12        |  out|   32|   ap_memory|        C_DRAM_31|         array|
|C_DRAM_31_q12        |   in|   32|   ap_memory|        C_DRAM_31|         array|
|C_DRAM_31_we12       |  out|    1|   ap_memory|        C_DRAM_31|         array|
|C_DRAM_31_address13  |  out|    4|   ap_memory|        C_DRAM_31|         array|
|C_DRAM_31_ce13       |  out|    1|   ap_memory|        C_DRAM_31|         array|
|C_DRAM_31_d13        |  out|   32|   ap_memory|        C_DRAM_31|         array|
|C_DRAM_31_q13        |   in|   32|   ap_memory|        C_DRAM_31|         array|
|C_DRAM_31_we13       |  out|    1|   ap_memory|        C_DRAM_31|         array|
|C_DRAM_31_address14  |  out|    4|   ap_memory|        C_DRAM_31|         array|
|C_DRAM_31_ce14       |  out|    1|   ap_memory|        C_DRAM_31|         array|
|C_DRAM_31_d14        |  out|   32|   ap_memory|        C_DRAM_31|         array|
|C_DRAM_31_q14        |   in|   32|   ap_memory|        C_DRAM_31|         array|
|C_DRAM_31_we14       |  out|    1|   ap_memory|        C_DRAM_31|         array|
|C_DRAM_31_address15  |  out|    4|   ap_memory|        C_DRAM_31|         array|
|C_DRAM_31_ce15       |  out|    1|   ap_memory|        C_DRAM_31|         array|
|C_DRAM_31_d15        |  out|   32|   ap_memory|        C_DRAM_31|         array|
|C_DRAM_31_q15        |   in|   32|   ap_memory|        C_DRAM_31|         array|
|C_DRAM_31_we15       |  out|    1|   ap_memory|        C_DRAM_31|         array|
|C_DRAM_31_address16  |  out|    4|   ap_memory|        C_DRAM_31|         array|
|C_DRAM_31_ce16       |  out|    1|   ap_memory|        C_DRAM_31|         array|
|C_DRAM_31_d16        |  out|   32|   ap_memory|        C_DRAM_31|         array|
|C_DRAM_31_q16        |   in|   32|   ap_memory|        C_DRAM_31|         array|
|C_DRAM_31_we16       |  out|    1|   ap_memory|        C_DRAM_31|         array|
|ap_clk               |   in|    1|  ap_ctrl_hs|  storeTileToDRAM|  return value|
|ap_rst               |   in|    1|  ap_ctrl_hs|  storeTileToDRAM|  return value|
|C_TILE_0_empty_n     |   in|    1|  ap_ctrl_hs|  storeTileToDRAM|  return value|
|C_TILE_0_read        |  out|    1|  ap_ctrl_hs|  storeTileToDRAM|  return value|
|C_TILE_1_empty_n     |   in|    1|  ap_ctrl_hs|  storeTileToDRAM|  return value|
|C_TILE_1_read        |  out|    1|  ap_ctrl_hs|  storeTileToDRAM|  return value|
|C_TILE_2_empty_n     |   in|    1|  ap_ctrl_hs|  storeTileToDRAM|  return value|
|C_TILE_2_read        |  out|    1|  ap_ctrl_hs|  storeTileToDRAM|  return value|
|C_TILE_3_empty_n     |   in|    1|  ap_ctrl_hs|  storeTileToDRAM|  return value|
|C_TILE_3_read        |  out|    1|  ap_ctrl_hs|  storeTileToDRAM|  return value|
|C_TILE_4_empty_n     |   in|    1|  ap_ctrl_hs|  storeTileToDRAM|  return value|
|C_TILE_4_read        |  out|    1|  ap_ctrl_hs|  storeTileToDRAM|  return value|
|C_TILE_5_empty_n     |   in|    1|  ap_ctrl_hs|  storeTileToDRAM|  return value|
|C_TILE_5_read        |  out|    1|  ap_ctrl_hs|  storeTileToDRAM|  return value|
|C_TILE_6_empty_n     |   in|    1|  ap_ctrl_hs|  storeTileToDRAM|  return value|
|C_TILE_6_read        |  out|    1|  ap_ctrl_hs|  storeTileToDRAM|  return value|
|C_TILE_7_empty_n     |   in|    1|  ap_ctrl_hs|  storeTileToDRAM|  return value|
|C_TILE_7_read        |  out|    1|  ap_ctrl_hs|  storeTileToDRAM|  return value|
|C_TILE_8_empty_n     |   in|    1|  ap_ctrl_hs|  storeTileToDRAM|  return value|
|C_TILE_8_read        |  out|    1|  ap_ctrl_hs|  storeTileToDRAM|  return value|
|C_TILE_9_empty_n     |   in|    1|  ap_ctrl_hs|  storeTileToDRAM|  return value|
|C_TILE_9_read        |  out|    1|  ap_ctrl_hs|  storeTileToDRAM|  return value|
|C_TILE_10_empty_n    |   in|    1|  ap_ctrl_hs|  storeTileToDRAM|  return value|
|C_TILE_10_read       |  out|    1|  ap_ctrl_hs|  storeTileToDRAM|  return value|
|C_TILE_11_empty_n    |   in|    1|  ap_ctrl_hs|  storeTileToDRAM|  return value|
|C_TILE_11_read       |  out|    1|  ap_ctrl_hs|  storeTileToDRAM|  return value|
|C_TILE_12_empty_n    |   in|    1|  ap_ctrl_hs|  storeTileToDRAM|  return value|
|C_TILE_12_read       |  out|    1|  ap_ctrl_hs|  storeTileToDRAM|  return value|
|C_TILE_13_empty_n    |   in|    1|  ap_ctrl_hs|  storeTileToDRAM|  return value|
|C_TILE_13_read       |  out|    1|  ap_ctrl_hs|  storeTileToDRAM|  return value|
|C_TILE_14_empty_n    |   in|    1|  ap_ctrl_hs|  storeTileToDRAM|  return value|
|C_TILE_14_read       |  out|    1|  ap_ctrl_hs|  storeTileToDRAM|  return value|
|C_TILE_15_empty_n    |   in|    1|  ap_ctrl_hs|  storeTileToDRAM|  return value|
|C_TILE_15_read       |  out|    1|  ap_ctrl_hs|  storeTileToDRAM|  return value|
|C_TILE_16_empty_n    |   in|    1|  ap_ctrl_hs|  storeTileToDRAM|  return value|
|C_TILE_16_read       |  out|    1|  ap_ctrl_hs|  storeTileToDRAM|  return value|
|C_TILE_17_empty_n    |   in|    1|  ap_ctrl_hs|  storeTileToDRAM|  return value|
|C_TILE_17_read       |  out|    1|  ap_ctrl_hs|  storeTileToDRAM|  return value|
|C_TILE_18_empty_n    |   in|    1|  ap_ctrl_hs|  storeTileToDRAM|  return value|
|C_TILE_18_read       |  out|    1|  ap_ctrl_hs|  storeTileToDRAM|  return value|
|C_TILE_19_empty_n    |   in|    1|  ap_ctrl_hs|  storeTileToDRAM|  return value|
|C_TILE_19_read       |  out|    1|  ap_ctrl_hs|  storeTileToDRAM|  return value|
|C_TILE_20_empty_n    |   in|    1|  ap_ctrl_hs|  storeTileToDRAM|  return value|
|C_TILE_20_read       |  out|    1|  ap_ctrl_hs|  storeTileToDRAM|  return value|
|C_TILE_21_empty_n    |   in|    1|  ap_ctrl_hs|  storeTileToDRAM|  return value|
|C_TILE_21_read       |  out|    1|  ap_ctrl_hs|  storeTileToDRAM|  return value|
|C_TILE_22_empty_n    |   in|    1|  ap_ctrl_hs|  storeTileToDRAM|  return value|
|C_TILE_22_read       |  out|    1|  ap_ctrl_hs|  storeTileToDRAM|  return value|
|C_TILE_23_empty_n    |   in|    1|  ap_ctrl_hs|  storeTileToDRAM|  return value|
|C_TILE_23_read       |  out|    1|  ap_ctrl_hs|  storeTileToDRAM|  return value|
|C_TILE_24_empty_n    |   in|    1|  ap_ctrl_hs|  storeTileToDRAM|  return value|
|C_TILE_24_read       |  out|    1|  ap_ctrl_hs|  storeTileToDRAM|  return value|
|C_TILE_25_empty_n    |   in|    1|  ap_ctrl_hs|  storeTileToDRAM|  return value|
|C_TILE_25_read       |  out|    1|  ap_ctrl_hs|  storeTileToDRAM|  return value|
|C_TILE_26_empty_n    |   in|    1|  ap_ctrl_hs|  storeTileToDRAM|  return value|
|C_TILE_26_read       |  out|    1|  ap_ctrl_hs|  storeTileToDRAM|  return value|
|C_TILE_27_empty_n    |   in|    1|  ap_ctrl_hs|  storeTileToDRAM|  return value|
|C_TILE_27_read       |  out|    1|  ap_ctrl_hs|  storeTileToDRAM|  return value|
|C_TILE_28_empty_n    |   in|    1|  ap_ctrl_hs|  storeTileToDRAM|  return value|
|C_TILE_28_read       |  out|    1|  ap_ctrl_hs|  storeTileToDRAM|  return value|
|C_TILE_29_empty_n    |   in|    1|  ap_ctrl_hs|  storeTileToDRAM|  return value|
|C_TILE_29_read       |  out|    1|  ap_ctrl_hs|  storeTileToDRAM|  return value|
|C_TILE_30_empty_n    |   in|    1|  ap_ctrl_hs|  storeTileToDRAM|  return value|
|C_TILE_30_read       |  out|    1|  ap_ctrl_hs|  storeTileToDRAM|  return value|
|C_TILE_31_empty_n    |   in|    1|  ap_ctrl_hs|  storeTileToDRAM|  return value|
|C_TILE_31_read       |  out|    1|  ap_ctrl_hs|  storeTileToDRAM|  return value|
|ap_start             |   in|    1|  ap_ctrl_hs|  storeTileToDRAM|  return value|
|ap_done              |  out|    1|  ap_ctrl_hs|  storeTileToDRAM|  return value|
|ap_ready             |  out|    1|  ap_ctrl_hs|  storeTileToDRAM|  return value|
|ap_idle              |  out|    1|  ap_ctrl_hs|  storeTileToDRAM|  return value|
|ap_continue          |   in|    1|  ap_ctrl_hs|  storeTileToDRAM|  return value|
+---------------------+-----+-----+------------+-----------------+--------------+

